2026-05-16 21:09:27,412 [INFO] Activator:176 - 


2026-05-16 21:09:27,413 [INFO] Activator:177 - !SESSION log4j initialized
2026-05-16 21:09:29,739 [INFO] LogOutputStream:77 - [STDOUT_REDIRECT] 
2026-05-16 21:09:31,445 [INFO] ApplicationProperties:184 - Using Application install path: B:\ST\STM32CubeIDE_1.18.1\STM32CubeIDE\plugins\com.st.stm32cube.common.mx_6.14.1.202504091515
2026-05-16 21:09:31,457 [INFO] DbMcusXml:78 - Set database path to: B:\ST\STM32CubeIDE_1.18.1\STM32CubeIDE\plugins\com.st.stm32cube.common.mx_6.14.1.202504091515\\db\/mcu/
2026-05-16 21:09:31,458 [INFO] ApiDb:274 - Set plugin database path to: B:\ST\STM32CubeIDE_1.18.1\STM32CubeIDE\plugins\com.st.stm32cube.common.mx_6.14.1.202504091515\\db\/plugins/boardmanager/
2026-05-16 21:09:31,458 [WARN] ApiDb:259 - Overriding images path with different value:  => B:\ST\STM32CubeIDE_1.18.1\STM32CubeIDE\plugins\com.st.stm32cube.common.mx_6.14.1.202504091515\\db\/plugins/mcufinder/images/
2026-05-16 21:09:33,512 [WARN] ApiFinderProperties:113 - C:\Users\moonc\.stmcufinder\plugins\mcufinder\mcu\mcuFinder.mfd doesn't exist
2026-05-16 21:09:33,513 [INFO] ApiDb:250 - Set database path to: C:\Users\moonc\.stmcufinder\plugins\mcufinder//mcu/
2026-05-16 21:09:33,514 [INFO] DbMcusAds:125 - Set database path to: C:\Users\moonc\.stmcufinder\plugins\mcufinder//mcu/
2026-05-16 21:09:33,516 [INFO] CrossReferenceDbSqlite:203 - Set database path to: C:\Users\moonc\.stmcufinder\plugins\mcufinder//mcu/cs/
2026-05-16 21:09:33,587 [INFO] RulesReader:64 - Compatibility file has been processed (302 Rules)
2026-05-16 21:09:33,660 [INFO] DbMcusXml:78 - Set database path to: B:\ST\STM32CubeIDE_1.18.1\STM32CubeIDE\plugins\com.st.stm32cube.common.mx_6.14.1.202504091515\\db\/mcu/
2026-05-16 21:09:33,660 [INFO] ApiDb:274 - Set plugin database path to: B:\ST\STM32CubeIDE_1.18.1\STM32CubeIDE\plugins\com.st.stm32cube.common.mx_6.14.1.202504091515\\db\/plugins/boardmanager/
2026-05-16 21:09:33,660 [INFO] ApiDb:261 - Set plugin images path to: B:\ST\STM32CubeIDE_1.18.1\STM32CubeIDE\plugins\com.st.stm32cube.common.mx_6.14.1.202504091515\\db\/plugins/mcufinder/images/
2026-05-16 21:09:33,661 [WARN] DbFile:41 - Overriding database path with different value: C:\Users\moonc\.stmcufinder\plugins\mcufinder/ => C:\Users\moonc\.stmcufinder\plugins\mcufinder
2026-05-16 21:09:33,661 [INFO] ApiDb:250 - Set database path to: C:\Users\moonc\.stmcufinder\plugins\mcufinder//mcu/
2026-05-16 21:09:33,661 [WARN] DbFile:41 - Overriding database path with different value: C:\Users\moonc\.stmcufinder\plugins\mcufinder/ => C:\Users\moonc\.stmcufinder\plugins\mcufinder
2026-05-16 21:09:33,661 [INFO] DbMcusAds:125 - Set database path to: C:\Users\moonc\.stmcufinder\plugins\mcufinder//mcu/
2026-05-16 21:09:33,661 [WARN] DbFile:41 - Overriding database path with different value: C:\Users\moonc\.stmcufinder\plugins\mcufinder/ => C:\Users\moonc\.stmcufinder\plugins\mcufinder
2026-05-16 21:09:33,661 [WARN] DbFile:41 - Overriding database path with different value: C:\Users\moonc\.stmcufinder\plugins\mcufinder/ => C:\Users\moonc\.stmcufinder\plugins\mcufinder
2026-05-16 21:09:33,661 [INFO] CrossReferenceDbSqlite:203 - Set database path to: C:\Users\moonc\.stmcufinder\plugins\mcufinder//mcu/cs/
2026-05-16 21:09:33,720 [INFO] MainPanel:272 - HeapMemory: 268435456
2026-05-16 21:09:33,778 [INFO] DbMcusXml:78 - Set database path to: B:\ST\STM32CubeIDE_1.18.1\STM32CubeIDE\plugins\com.st.stm32cube.common.mx_6.14.1.202504091515\\db\/mcu/
2026-05-16 21:09:33,778 [INFO] ApiDb:274 - Set plugin database path to: B:\ST\STM32CubeIDE_1.18.1\STM32CubeIDE\plugins\com.st.stm32cube.common.mx_6.14.1.202504091515\\db\/plugins/boardmanager/
2026-05-16 21:09:33,778 [INFO] ApiDb:261 - Set plugin images path to: B:\ST\STM32CubeIDE_1.18.1\STM32CubeIDE\plugins\com.st.stm32cube.common.mx_6.14.1.202504091515\\db\/plugins/mcufinder/images/
2026-05-16 21:09:33,778 [WARN] DbFile:41 - Overriding database path with different value: C:\Users\moonc\.stmcufinder\plugins\mcufinder/ => C:\Users\moonc\.stmcufinder\plugins\mcufinder
2026-05-16 21:09:33,778 [INFO] ApiDb:250 - Set database path to: C:\Users\moonc\.stmcufinder\plugins\mcufinder//mcu/
2026-05-16 21:09:33,779 [WARN] DbFile:41 - Overriding database path with different value: C:\Users\moonc\.stmcufinder\plugins\mcufinder/ => C:\Users\moonc\.stmcufinder\plugins\mcufinder
2026-05-16 21:09:33,779 [INFO] DbMcusAds:125 - Set database path to: C:\Users\moonc\.stmcufinder\plugins\mcufinder//mcu/
2026-05-16 21:09:33,779 [WARN] DbFile:41 - Overriding database path with different value: C:\Users\moonc\.stmcufinder\plugins\mcufinder/ => C:\Users\moonc\.stmcufinder\plugins\mcufinder
2026-05-16 21:09:33,779 [WARN] DbFile:41 - Overriding database path with different value: C:\Users\moonc\.stmcufinder\plugins\mcufinder/ => C:\Users\moonc\.stmcufinder\plugins\mcufinder
2026-05-16 21:09:33,779 [INFO] CrossReferenceDbSqlite:203 - Set database path to: C:\Users\moonc\.stmcufinder\plugins\mcufinder//mcu/cs/
2026-05-16 21:09:33,793 [INFO] ApplicationProperties:184 - Using Application install path: B:\ST\STM32CubeIDE_1.18.1\STM32CubeIDE\plugins\com.st.stm32cube.common.mx_6.14.1.202504091515
2026-05-16 21:09:33,794 [INFO] PluginManage:196 - Search for loadable plugins [exclusion list=, ]
2026-05-16 21:09:33,795 [INFO] PluginManage:310 - Check plugin analytics
2026-05-16 21:09:33,953 [INFO] AnalyticsPlugin:253 - Accepted Software Licenses: 
2026-05-16 21:09:33,953 [INFO] AnalyticsPlugin:255 - Accepted CMSIS Pack Licenses: 
2026-05-16 21:09:33,954 [INFO] AnalyticsPlugin:257 - Accepted Firmware Licenses: FW.F7.1.17.0,FW.F4.1.28.0
2026-05-16 21:09:33,956 [INFO] PluginManage:359 - Loaded plugin analytics (category:tool,tabindex:-1)
2026-05-16 21:09:33,957 [INFO] PluginManage:310 - Check plugin cadmodel
2026-05-16 21:09:33,960 [INFO] CADModel:105 - Init CAD model plugin
2026-05-16 21:09:33,960 [INFO] PluginManage:359 - Loaded plugin cadmodel (category:power,tabindex:5)
2026-05-16 21:09:33,961 [INFO] PluginManage:310 - Check plugin clock
2026-05-16 21:09:33,966 [INFO] PluginManage:359 - Loaded plugin clock (category:base,tabindex:2)
2026-05-16 21:09:33,966 [INFO] PluginManage:310 - Check plugin ddr
2026-05-16 21:09:33,967 [INFO] PluginManage:359 - Loaded plugin ddr (category:tool,tabindex:6)
2026-05-16 21:09:33,968 [INFO] PluginManage:310 - Check plugin filemanager
2026-05-16 21:09:34,069 [INFO] PluginManage:359 - Loaded plugin filemanager (category:base,tabindex:10)
2026-05-16 21:09:34,069 [INFO] PluginManage:310 - Check plugin ipmanager
2026-05-16 21:09:34,077 [INFO] PluginManage:359 - Loaded plugin ipmanager (category:base,tabindex:5)
2026-05-16 21:09:34,078 [INFO] PluginManage:310 - Check plugin lpbam
2026-05-16 21:09:34,083 [INFO] PluginManage:359 - Loaded plugin lpbam (category:base,tabindex:0)
2026-05-16 21:09:34,083 [INFO] PluginManage:310 - Check plugin memorymap
2026-05-16 21:09:34,091 [INFO] PluginManage:359 - Loaded plugin memorymap (category:base,tabindex:4)
2026-05-16 21:09:34,091 [INFO] PluginManage:310 - Check plugin pinoutandconfiguration
2026-05-16 21:09:34,096 [INFO] PluginManage:359 - Loaded plugin pinoutandconfiguration (category:base,tabindex:1)
2026-05-16 21:09:34,096 [INFO] PluginManage:310 - Check plugin pinoutconfig
2026-05-16 21:09:34,149 [WARN] SupportedApi:132 - Cannot load RTOS API schema: s4s-elt-must-match.1: The content of 'definitions' must match (annotation?, (simpleType | complexType)?, (unique | key | keyref)*)). A problem was found starting at: attribute.
2026-05-16 21:09:34,221 [INFO] PluginManage:359 - Loaded plugin pinoutconfig (category:base,tabindex:0)
2026-05-16 21:09:34,221 [INFO] PluginManage:310 - Check plugin power
2026-05-16 21:09:34,225 [INFO] PluginManage:359 - Loaded plugin power (category:power,tabindex:4)
2026-05-16 21:09:34,225 [INFO] PluginManage:310 - Check plugin projectmanager
2026-05-16 21:09:34,236 [INFO] PluginManage:359 - Loaded plugin projectmanager (category:projectmanager,tabindex:4)
2026-05-16 21:09:34,236 [INFO] PluginManage:310 - Check plugin rif
2026-05-16 21:09:34,239 [INFO] PluginManage:359 - Loaded plugin rif (category:base,tabindex:3)
2026-05-16 21:09:34,239 [INFO] PluginManage:310 - Check plugin thirdparty
2026-05-16 21:09:34,311 [INFO] PluginManage:359 - Loaded plugin thirdparty (category:base,tabindex:-1)
2026-05-16 21:09:34,311 [INFO] PluginManage:310 - Check plugin tools
2026-05-16 21:09:34,311 [WARN] IntegrityCheckThread:84 - waiting for thirdparty lock release [integrity check]
2026-05-16 21:09:34,312 [INFO] IntegrityCheckThread:86 - entering critical section [integrity check]
2026-05-16 21:09:34,312 [INFO] ThirdPartyUpdaterWithRetryManager:70 - Updater plugin not ready yet. [1/15]
2026-05-16 21:09:34,313 [INFO] PluginManage:359 - Loaded plugin tools (category:base,tabindex:7)
2026-05-16 21:09:34,313 [INFO] PluginManage:310 - Check plugin tutovideos
2026-05-16 21:09:34,408 [INFO] PluginManage:359 - Loaded plugin tutovideos (category:base,tabindex:-1)
2026-05-16 21:09:34,408 [INFO] PluginManage:310 - Check plugin updater
2026-05-16 21:09:34,421 [INFO] PluginManage:359 - Loaded plugin updater (category:base,tabindex:12)
2026-05-16 21:09:34,421 [INFO] PluginManage:310 - Check plugin userauth
2026-05-16 21:09:34,423 [INFO] UserAuth:118 - Init User Auth plugin
2026-05-16 21:09:34,423 [INFO] PluginManage:359 - Loaded plugin userauth (category:base,tabindex:14)
2026-05-16 21:09:34,424 [INFO] PluginManage:283 - PluginManage : Loaded plugins [18]
2026-05-16 21:09:34,567 [INFO] PinOutPanel:1589 - setPackage(No Configuration,No Configuration)
2026-05-16 21:09:34,634 [INFO] CADModel:165 - CPN selected for project level
2026-05-16 21:09:34,634 [INFO] CADModel:114 - Register for checkConnection events
2026-05-16 21:09:34,642 [INFO] IPUIPlugin:80 - create IPUIPlugin
2026-05-16 21:09:34,642 [INFO] PluginManager:220 - loadIPPluginJar : add adc
2026-05-16 21:09:34,643 [INFO] IPUIPlugin:80 - create IPUIPlugin
2026-05-16 21:09:34,643 [INFO] PluginManager:220 - loadIPPluginJar : add aes
2026-05-16 21:09:34,644 [INFO] IPUIPlugin:80 - create IPUIPlugin
2026-05-16 21:09:34,644 [INFO] PluginManager:220 - loadIPPluginJar : add can
2026-05-16 21:09:34,645 [INFO] IPUIPlugin:80 - create IPUIPlugin
2026-05-16 21:09:34,645 [INFO] PluginManager:220 - loadIPPluginJar : add comp
2026-05-16 21:09:34,646 [INFO] IPUIPlugin:80 - create IPUIPlugin
2026-05-16 21:09:34,647 [INFO] PluginManager:220 - loadIPPluginJar : add cryp
2026-05-16 21:09:34,648 [INFO] IPUIPlugin:80 - create IPUIPlugin
2026-05-16 21:09:34,648 [INFO] PluginManager:220 - loadIPPluginJar : add ddr_ctrl_phy
2026-05-16 21:09:34,649 [INFO] IPUIPlugin:80 - create IPUIPlugin
2026-05-16 21:09:34,649 [INFO] PluginManager:220 - loadIPPluginJar : add dfsdm
2026-05-16 21:09:34,652 [INFO] IPUIPlugin:80 - create IPUIPlugin
2026-05-16 21:09:34,652 [INFO] PluginManager:220 - loadIPPluginJar : add dma
2026-05-16 21:09:34,653 [INFO] IPUIPlugin:80 - create IPUIPlugin
2026-05-16 21:09:34,654 [INFO] PluginManager:220 - loadIPPluginJar : add dma3
2026-05-16 21:09:34,655 [INFO] IPUIPlugin:80 - create IPUIPlugin
2026-05-16 21:09:34,655 [INFO] PluginManager:220 - loadIPPluginJar : add extmemmanager
2026-05-16 21:09:34,656 [INFO] IPUIPlugin:80 - create IPUIPlugin
2026-05-16 21:09:34,656 [INFO] PluginManager:220 - loadIPPluginJar : add fatfs
2026-05-16 21:09:34,659 [INFO] IPUIPlugin:80 - create IPUIPlugin
2026-05-16 21:09:34,659 [INFO] PluginManager:220 - loadIPPluginJar : add fmc
2026-05-16 21:09:34,662 [INFO] IPUIPlugin:80 - create IPUIPlugin
2026-05-16 21:09:34,662 [INFO] PluginManager:220 - loadIPPluginJar : add freertos
2026-05-16 21:09:34,663 [INFO] IPUIPlugin:80 - create IPUIPlugin
2026-05-16 21:09:34,663 [INFO] PluginManager:220 - loadIPPluginJar : add genericplugin
2026-05-16 21:09:34,664 [INFO] IPUIPlugin:80 - create IPUIPlugin
2026-05-16 21:09:34,664 [INFO] PluginManager:220 - loadIPPluginJar : add gfxmmu
2026-05-16 21:09:34,667 [INFO] IPUIPlugin:80 - create IPUIPlugin
2026-05-16 21:09:34,667 [INFO] PluginManager:220 - loadIPPluginJar : add gic
2026-05-16 21:09:34,669 [INFO] IPUIPlugin:80 - create IPUIPlugin
2026-05-16 21:09:34,669 [INFO] PluginManager:220 - loadIPPluginJar : add gpio
2026-05-16 21:09:34,670 [INFO] IPUIPlugin:80 - create IPUIPlugin
2026-05-16 21:09:34,670 [INFO] PluginManager:220 - loadIPPluginJar : add gtzc
2026-05-16 21:09:34,672 [INFO] IPUIPlugin:80 - create IPUIPlugin
2026-05-16 21:09:34,672 [INFO] PluginManager:220 - loadIPPluginJar : add hash
2026-05-16 21:09:34,673 [INFO] IPUIPlugin:80 - create IPUIPlugin
2026-05-16 21:09:34,673 [INFO] PluginManager:220 - loadIPPluginJar : add i2c
2026-05-16 21:09:34,674 [INFO] IPUIPlugin:80 - create IPUIPlugin
2026-05-16 21:09:34,674 [INFO] PluginManager:220 - loadIPPluginJar : add i2s
2026-05-16 21:09:34,676 [INFO] IPUIPlugin:80 - create IPUIPlugin
2026-05-16 21:09:34,676 [INFO] PluginManager:220 - loadIPPluginJar : add i3c
2026-05-16 21:09:34,678 [INFO] IPUIPlugin:80 - create IPUIPlugin
2026-05-16 21:09:34,678 [INFO] PluginManager:220 - loadIPPluginJar : add ipddr
2026-05-16 21:09:34,682 [INFO] IPUIPlugin:80 - create IPUIPlugin
2026-05-16 21:09:34,682 [INFO] PluginManager:220 - loadIPPluginJar : add linkedlist
2026-05-16 21:09:34,684 [INFO] IPUIPlugin:80 - create IPUIPlugin
2026-05-16 21:09:34,684 [INFO] PluginManager:220 - loadIPPluginJar : add lorawan
2026-05-16 21:09:34,684 [INFO] IPUIPlugin:80 - create IPUIPlugin
2026-05-16 21:09:34,684 [INFO] PluginManager:220 - loadIPPluginJar : add ltdc
2026-05-16 21:09:34,688 [INFO] IPUIPlugin:80 - create IPUIPlugin
2026-05-16 21:09:34,688 [INFO] PluginManager:220 - loadIPPluginJar : add mdma
2026-05-16 21:09:34,690 [INFO] IPUIPlugin:80 - create IPUIPlugin
2026-05-16 21:09:34,690 [INFO] PluginManager:220 - loadIPPluginJar : add nvic
2026-05-16 21:09:34,691 [INFO] IPUIPlugin:80 - create IPUIPlugin
2026-05-16 21:09:34,691 [INFO] PluginManager:220 - loadIPPluginJar : add opamp
2026-05-16 21:09:34,693 [INFO] IPUIPlugin:80 - create IPUIPlugin
2026-05-16 21:09:34,693 [INFO] PluginManager:220 - loadIPPluginJar : add openamp
2026-05-16 21:09:34,694 [INFO] IPUIPlugin:80 - create IPUIPlugin
2026-05-16 21:09:34,694 [INFO] PluginManager:220 - loadIPPluginJar : add pdm2pcm
2026-05-16 21:09:34,697 [INFO] IPUIPlugin:80 - create IPUIPlugin
2026-05-16 21:09:34,699 [INFO] PluginManager:220 - loadIPPluginJar : add plateformsettings
2026-05-16 21:09:34,700 [INFO] IPUIPlugin:80 - create IPUIPlugin
2026-05-16 21:09:34,700 [INFO] PluginManager:220 - loadIPPluginJar : add quadspi
2026-05-16 21:09:34,701 [INFO] IPUIPlugin:80 - create IPUIPlugin
2026-05-16 21:09:34,701 [INFO] PluginManager:220 - loadIPPluginJar : add radio
2026-05-16 21:09:34,703 [INFO] IPUIPlugin:80 - create IPUIPlugin
2026-05-16 21:09:34,703 [INFO] PluginManager:220 - loadIPPluginJar : add resmgrutility
2026-05-16 21:09:34,704 [INFO] IPUIPlugin:80 - create IPUIPlugin
2026-05-16 21:09:34,704 [INFO] PluginManager:220 - loadIPPluginJar : add sai
2026-05-16 21:09:34,706 [INFO] IPUIPlugin:80 - create IPUIPlugin
2026-05-16 21:09:34,706 [INFO] PluginManager:220 - loadIPPluginJar : add spi
2026-05-16 21:09:34,709 [INFO] IPUIPlugin:80 - create IPUIPlugin
2026-05-16 21:09:34,709 [INFO] PluginManager:220 - loadIPPluginJar : add stm32_wpan
2026-05-16 21:09:34,710 [INFO] IPUIPlugin:80 - create IPUIPlugin
2026-05-16 21:09:34,710 [INFO] PluginManager:220 - loadIPPluginJar : add tim
2026-05-16 21:09:34,712 [INFO] IPUIPlugin:80 - create IPUIPlugin
2026-05-16 21:09:34,712 [INFO] PluginManager:220 - loadIPPluginJar : add touchsensing
2026-05-16 21:09:34,713 [INFO] IPUIPlugin:80 - create IPUIPlugin
2026-05-16 21:09:34,713 [INFO] PluginManager:220 - loadIPPluginJar : add tracer_emb
2026-05-16 21:09:34,714 [INFO] IPUIPlugin:80 - create IPUIPlugin
2026-05-16 21:09:34,714 [INFO] PluginManager:220 - loadIPPluginJar : add ts
2026-05-16 21:09:34,715 [INFO] IPUIPlugin:80 - create IPUIPlugin
2026-05-16 21:09:34,715 [INFO] PluginManager:220 - loadIPPluginJar : add tsc
2026-05-16 21:09:34,716 [INFO] IPUIPlugin:80 - create IPUIPlugin
2026-05-16 21:09:34,716 [INFO] PluginManager:220 - loadIPPluginJar : add ucpd
2026-05-16 21:09:34,717 [INFO] IPUIPlugin:80 - create IPUIPlugin
2026-05-16 21:09:34,717 [INFO] PluginManager:220 - loadIPPluginJar : add usart
2026-05-16 21:09:34,719 [INFO] IPUIPlugin:80 - create IPUIPlugin
2026-05-16 21:09:34,719 [INFO] PluginManager:220 - loadIPPluginJar : add usbx
2026-05-16 21:09:34,834 [FATAL] Updater:351 - Updater called before beeing initialized
2026-05-16 21:09:34,851 [INFO] RulesReader:64 - Compatibility file has been processed (302 Rules)
2026-05-16 21:09:34,857 [INFO] RulesReader:64 - Compatibility file has been processed (302 Rules)
2026-05-16 21:09:34,863 [INFO] CADModel:165 - CPN selected for project level
2026-05-16 21:09:34,863 [INFO] CADModel:114 - Register for checkConnection events
2026-05-16 21:09:34,863 [FATAL] Updater:351 - Updater called before beeing initialized
2026-05-16 21:09:34,863 [ERROR] CADModel:125 - Updater not yet initialized, retry later 
2026-05-16 21:09:34,963 [FATAL] Updater:351 - Updater called before beeing initialized
2026-05-16 21:09:34,964 [INFO] CADModel:165 - CPN selected for project level
2026-05-16 21:09:34,964 [INFO] CADModel:114 - Register for checkConnection events
2026-05-16 21:09:34,964 [FATAL] Updater:351 - Updater called before beeing initialized
2026-05-16 21:09:34,964 [ERROR] CADModel:125 - Updater not yet initialized, retry later 
2026-05-16 21:09:34,966 [FATAL] Updater:351 - Updater called before beeing initialized
2026-05-16 21:09:35,049 [FATAL] Updater:351 - Updater called before beeing initialized
2026-05-16 21:09:35,052 [INFO] DbMcusAds:53 - JSON generation date=Thu Sep 30 15:55:09 KST 2021 (1632984909247)
2026-05-16 21:09:35,052 [FATAL] Updater:351 - Updater called before beeing initialized
2026-05-16 21:09:35,078 [WARN] DetailPanel:346 - Failed to get advertising image, set to default
2026-05-16 21:09:35,284 [FATAL] Updater:351 - Updater called before beeing initialized
2026-05-16 21:09:35,286 [FATAL] Updater:351 - Updater called before beeing initialized
2026-05-16 21:09:35,286 [FATAL] Updater:351 - Updater called before beeing initialized
2026-05-16 21:09:35,286 [WARN] DetailPanel:346 - Failed to get advertising image, set to default
2026-05-16 21:09:35,286 [FATAL] Updater:351 - Updater called before beeing initialized
2026-05-16 21:09:35,318 [ERROR] Updater:1198 - MainUpdater not yet initialized. External WinMGr cannot be set.
2026-05-16 21:09:35,319 [INFO] Updater:1134 - Updater Version found : 6.14.1
2026-05-16 21:09:35,328 [INFO] ApplicationProperties:184 - Using Application install path: B:\ST\STM32CubeIDE_1.18.1\STM32CubeIDE\plugins\com.st.stm32cube.common.mx_6.14.1.202504091515
2026-05-16 21:09:35,346 [INFO] MainUpdater:525 - Copy updater definitions from MX database
2026-05-16 21:09:35,369 [INFO] MainUpdater:558 - Copy flag file definitions from MX database
2026-05-16 21:09:35,371 [INFO] MainUpdater:574 - Copy thirdparty index definitions from MX database
2026-05-16 21:09:35,373 [INFO] MainUpdater:593 - Copy default thirdparty db definitions from MX database
2026-05-16 21:09:35,616 [INFO] MainUpdater:2872 - connection check result : 10
2026-05-16 21:09:35,616 [INFO] MainUpdater:3566 - Updater definition file requires update
2026-05-16 21:09:35,617 [INFO] MainUpdater:289 - Updater Check For Update Now.
2026-05-16 21:09:35,617 [INFO] MicroXplorer:498 - Change Database Version : DB.6.0.141
2026-05-16 21:09:35,621 [INFO] McuFinderGlobals:63 - Set McuFinder mode to 2 (CubeIDE integrated)
2026-05-16 21:09:35,621 [INFO] UserAuth:171 - activating auth plugin
2026-05-16 21:09:35,622 [INFO] UserAuth:484 - Internet connection configuration mode: 1
2026-05-16 21:09:35,629 [INFO] JxBrowserEngine:152 - Initiate JxBrowser Engine with user profile folder
2026-05-16 21:09:35,679 [INFO] ServerAccessManage:473 - Download File updaters.zip
2026-05-16 21:09:35,850 [INFO] FileExtend:242 - Unzip File : updaters.zip
2026-05-16 21:09:35,850 [INFO] FileExtend:257 - Standard Zip Deflate
2026-05-16 21:09:36,329 [INFO] ServerAccessManage:473 - Download File PacksControlFlags.xml
2026-05-16 21:09:36,418 [INFO] ServerAccessManage:473 - Download File cubemx.pidx
2026-05-16 21:09:36,973 [INFO] ServerAccessManage:473 - Download File STMicroelectronics.FP-ATR-ASTRA1.pdsc
2026-05-16 21:09:37,313 [WARN] MainUpdater:1193 - Updater busy. Cannot search thirdparties
2026-05-16 21:09:37,313 [INFO] ThirdPartyUpdaterWithRetryManager:96 - Updater plugin is busy. [1/15]
2026-05-16 21:09:37,655 [INFO] ServerAccessManage:473 - Download File STMicroelectronics.FP-ATR-SIGFOX1.pdsc
2026-05-16 21:09:38,314 [INFO] ServerAccessManage:473 - Download File STMicroelectronics.FP-SNS-STBOX1.pdsc
2026-05-16 21:09:38,647 [INFO] ServerAccessManage:473 - Download File STMicroelectronics.FP-SNS-FLIGHT1.pdsc
2026-05-16 21:09:39,165 [INFO] WebApp:169 - Instantiating new browser for Auth
2026-05-16 21:09:39,678 [INFO] ServerAccessManage:473 - Download File STMicroelectronics.FP-SNS-MOTENV1.pdsc
2026-05-16 21:09:39,678 [INFO] WebApp:463 - Apply proxy settings
2026-05-16 21:09:39,678 [INFO] WebApp:548 - Chromium requires no authentication
2026-05-16 21:09:39,683 [INFO] WebApp:491 - Direct internet connection detected
2026-05-16 21:09:39,698 [INFO] WebApp:894 - Register for checkConnection events
2026-05-16 21:09:39,698 [INFO] WebApp:463 - Apply proxy settings
2026-05-16 21:09:39,698 [INFO] WebApp:548 - Chromium requires no authentication
2026-05-16 21:09:39,698 [INFO] WebApp:491 - Direct internet connection detected
2026-05-16 21:09:39,792 [INFO] WebApp:225 - Starting web application
2026-05-16 21:09:39,792 [INFO] WebApp:593 - Web application path used B:\ST\STM32CubeIDE_1.18.1\STM32CubeIDE\plugins\com.st.stm32cube.common.mx_6.14.1.202504091515\db\plugins\mcufinder\reactClient1\index.html
2026-05-16 21:09:40,010 [INFO] WebApp:191 - Connection restablished
2026-05-16 21:09:40,313 [WARN] MainUpdater:1193 - Updater busy. Cannot search thirdparties
2026-05-16 21:09:40,313 [INFO] ThirdPartyUpdaterWithRetryManager:96 - Updater plugin is busy. [2/15]
2026-05-16 21:09:40,322 [INFO] ServerAccessManage:473 - Download File STMicroelectronics.FP-SNS-MOTENVWB1.pdsc
2026-05-16 21:09:40,976 [INFO] ServerAccessManage:473 - Download File STMicroelectronics.FP-SNS-SMARTAG2.pdsc
2026-05-16 21:09:41,219 [INFO] ServerAccessManage:473 - Download File STMicroelectronics.FP-SNS-STAIOTCFT.pdsc
2026-05-16 21:09:41,536 [INFO] ServerAccessManage:473 - Download File STMicroelectronics.X-CUBE-AI.pdsc
2026-05-16 21:09:43,315 [WARN] MainUpdater:1193 - Updater busy. Cannot search thirdparties
2026-05-16 21:09:43,315 [INFO] ThirdPartyUpdaterWithRetryManager:96 - Updater plugin is busy. [3/15]
2026-05-16 21:09:44,057 [INFO] ServerAccessManage:473 - Download File STMicroelectronics.X-CUBE-ALS.pdsc
2026-05-16 21:09:44,483 [INFO] ServerAccessManage:473 - Download File STMicroelectronics.X-CUBE-BLE1.pdsc
2026-05-16 21:09:46,316 [WARN] MainUpdater:1193 - Updater busy. Cannot search thirdparties
2026-05-16 21:09:46,316 [INFO] ThirdPartyUpdaterWithRetryManager:96 - Updater plugin is busy. [4/15]
2026-05-16 21:09:46,716 [ERROR] ServerAccessManage:1089 - Problem, file not found on Server
2026-05-16 21:09:46,832 [INFO] ServerAccessManage:473 - Download File STMicroelectronics.X-CUBE-BLE2.pdsc
2026-05-16 21:09:47,903 [INFO] ServerAccessManage:473 - Download File STMicroelectronics.X-CUBE-BLEMGR.pdsc
2026-05-16 21:09:48,856 [ERROR] ServerAccessManage:1089 - Problem, file not found on Server
2026-05-16 21:09:49,317 [WARN] MainUpdater:1193 - Updater busy. Cannot search thirdparties
2026-05-16 21:09:49,317 [INFO] ThirdPartyUpdaterWithRetryManager:96 - Updater plugin is busy. [5/15]
2026-05-16 21:09:49,723 [INFO] ServerAccessManage:473 - Download File STMicroelectronics.X-CUBE-DISPLAY.pdsc
2026-05-16 21:09:51,268 [INFO] ServerAccessManage:473 - Download File STMicroelectronics.X-CUBE-DPOWER.pdsc
2026-05-16 21:09:52,228 [ERROR] ServerAccessManage:1089 - Problem, file not found on Server
2026-05-16 21:09:52,318 [WARN] MainUpdater:1193 - Updater busy. Cannot search thirdparties
2026-05-16 21:09:52,318 [INFO] ThirdPartyUpdaterWithRetryManager:96 - Updater plugin is busy. [6/15]
2026-05-16 21:09:52,953 [ERROR] ServerAccessManage:1089 - Problem, file not found on Server
2026-05-16 21:09:53,662 [ERROR] ServerAccessManage:1089 - Problem, file not found on Server
2026-05-16 21:09:53,982 [ERROR] ServerAccessManage:1089 - Problem, file not found on Server
2026-05-16 21:09:54,302 [ERROR] ServerAccessManage:1089 - Problem, file not found on Server
2026-05-16 21:09:54,607 [ERROR] ServerAccessManage:1089 - Problem, file not found on Server
2026-05-16 21:09:55,318 [WARN] MainUpdater:1193 - Updater busy. Cannot search thirdparties
2026-05-16 21:09:55,318 [INFO] ThirdPartyUpdaterWithRetryManager:96 - Updater plugin is busy. [7/15]
2026-05-16 21:09:55,327 [ERROR] ServerAccessManage:1089 - Problem, file not found on Server
2026-05-16 21:09:55,632 [ERROR] ServerAccessManage:1089 - Problem, file not found on Server
2026-05-16 21:09:55,949 [ERROR] ServerAccessManage:1089 - Problem, file not found on Server
2026-05-16 21:09:56,650 [ERROR] ServerAccessManage:1089 - Problem, file not found on Server
2026-05-16 21:09:57,374 [ERROR] ServerAccessManage:1089 - Problem, file not found on Server
2026-05-16 21:09:57,499 [INFO] ServerAccessManage:473 - Download File STMicroelectronics.X-CUBE-EEPRMA1.pdsc
2026-05-16 21:09:58,319 [WARN] MainUpdater:1193 - Updater busy. Cannot search thirdparties
2026-05-16 21:09:58,319 [INFO] ThirdPartyUpdaterWithRetryManager:96 - Updater plugin is busy. [8/15]
2026-05-16 21:09:58,442 [ERROR] ServerAccessManage:1089 - Problem, file not found on Server
2026-05-16 21:10:00,001 [ERROR] ServerAccessManage:1089 - Problem, file not found on Server
2026-05-16 21:10:00,457 [INFO] ServerAccessManage:473 - Download File STMicroelectronics.X-CUBE-FREERTOS.pdsc
2026-05-16 21:10:01,320 [WARN] MainUpdater:1193 - Updater busy. Cannot search thirdparties
2026-05-16 21:10:01,320 [INFO] ThirdPartyUpdaterWithRetryManager:96 - Updater plugin is busy. [9/15]
2026-05-16 21:10:01,453 [INFO] ServerAccessManage:473 - Download File STMicroelectronics.X-CUBE-GNSS1.pdsc
2026-05-16 21:10:03,515 [ERROR] ServerAccessManage:1089 - Problem, file not found on Server
2026-05-16 21:10:04,237 [ERROR] ServerAccessManage:1089 - Problem, file not found on Server
2026-05-16 21:10:04,320 [WARN] MainUpdater:1193 - Updater busy. Cannot search thirdparties
2026-05-16 21:10:04,320 [INFO] ThirdPartyUpdaterWithRetryManager:96 - Updater plugin is busy. [10/15]
2026-05-16 21:10:04,959 [ERROR] ServerAccessManage:1089 - Problem, file not found on Server
2026-05-16 21:10:05,700 [ERROR] ServerAccessManage:1089 - Problem, file not found on Server
2026-05-16 21:10:06,016 [ERROR] ServerAccessManage:1089 - Problem, file not found on Server
2026-05-16 21:10:06,335 [ERROR] ServerAccessManage:1089 - Problem, file not found on Server
2026-05-16 21:10:06,473 [INFO] ServerAccessManage:473 - Download File STMicroelectronics.X-CUBE-ISPU.pdsc
2026-05-16 21:10:07,020 [INFO] ServerAccessManage:473 - Download File STMicroelectronics.X-CUBE-IPS.pdsc
2026-05-16 21:10:07,321 [WARN] MainUpdater:1193 - Updater busy. Cannot search thirdparties
2026-05-16 21:10:07,321 [INFO] ThirdPartyUpdaterWithRetryManager:96 - Updater plugin is busy. [11/15]
2026-05-16 21:10:07,689 [INFO] ServerAccessManage:473 - Download File STMicroelectronics.X-CUBE-MEMS1.pdsc
2026-05-16 21:10:10,322 [WARN] MainUpdater:1193 - Updater busy. Cannot search thirdparties
2026-05-16 21:10:10,322 [INFO] ThirdPartyUpdaterWithRetryManager:96 - Updater plugin is busy. [12/15]
2026-05-16 21:10:11,331 [INFO] ServerAccessManage:473 - Download File STMicroelectronics.X-CUBE-NFC4.pdsc
2026-05-16 21:10:12,747 [INFO] ServerAccessManage:473 - Download File STMicroelectronics.X-CUBE-NFC6.pdsc
2026-05-16 21:10:13,322 [WARN] MainUpdater:1193 - Updater busy. Cannot search thirdparties
2026-05-16 21:10:13,322 [INFO] ThirdPartyUpdaterWithRetryManager:96 - Updater plugin is busy. [13/15]
2026-05-16 21:10:13,529 [INFO] ServerAccessManage:473 - Download File STMicroelectronics.X-CUBE-NFC7.pdsc
2026-05-16 21:10:13,967 [INFO] ServerAccessManage:473 - Download File STMicroelectronics.X-CUBE-NFC9.pdsc
2026-05-16 21:10:14,189 [INFO] ServerAccessManage:473 - Download File STMicroelectronics.X-CUBE-NFC10.pdsc
2026-05-16 21:10:14,415 [INFO] ServerAccessManage:473 - Download File STMicroelectronics.X-CUBE-NFC12.pdsc
2026-05-16 21:10:14,682 [INFO] ServerAccessManage:473 - Download File STMicroelectronics.X-CUBE-SFXS2LP1.pdsc
2026-05-16 21:10:15,211 [INFO] ServerAccessManage:473 - Download File STMicroelectronics.X-CUBE-SUBG2.pdsc
2026-05-16 21:10:16,322 [INFO] ServerAccessManage:473 - Download File STMicroelectronics.X-CUBE-SMBUS.pdsc
2026-05-16 21:10:16,323 [WARN] MainUpdater:1193 - Updater busy. Cannot search thirdparties
2026-05-16 21:10:16,323 [INFO] ThirdPartyUpdaterWithRetryManager:96 - Updater plugin is busy. [14/15]
2026-05-16 21:10:16,742 [ERROR] ServerAccessManage:1089 - Problem, file not found on Server
2026-05-16 21:10:16,842 [INFO] ServerAccessManage:473 - Download File STMicroelectronics.X-CUBE-ST60.pdsc
2026-05-16 21:10:17,149 [INFO] ServerAccessManage:473 - Download File STMicroelectronics.X-CUBE-ST67W61.pdsc
2026-05-16 21:10:17,371 [INFO] ServerAccessManage:473 - Download File STMicroelectronics.X-CUBE-STSE01.pdsc
2026-05-16 21:10:17,686 [INFO] ServerAccessManage:473 - Download File STMicroelectronics.X-CUBE-PM33A1.pdsc
2026-05-16 21:10:17,895 [INFO] ServerAccessManage:473 - Download File STMicroelectronics.X-CUBE-TCPP.pdsc
2026-05-16 21:10:18,216 [INFO] ServerAccessManage:473 - Download File STMicroelectronics.X-CUBE-TOF1.pdsc
2026-05-16 21:10:19,324 [WARN] MainUpdater:1193 - Updater busy. Cannot search thirdparties
2026-05-16 21:10:19,324 [INFO] ThirdPartyUpdaterWithRetryManager:96 - Updater plugin is busy. [15/15]
2026-05-16 21:10:19,324 [ERROR] IntegrityCheckThread:130 - Cannot retrieve database content from updater: error -1
2026-05-16 21:10:19,324 [INFO] ThirdParty:978 - Integrity check success = false
2026-05-16 21:10:19,324 [INFO] IntegrityCheckThread:100 - exiting critical section [integrity check]
2026-05-16 21:10:19,324 [INFO] IntegrityCheckThread:103 - End integrity checks thread
2026-05-16 21:10:19,637 [ERROR] ServerAccessManage:1089 - Problem, file not found on Server
2026-05-16 21:10:19,844 [INFO] ServerAccessManage:473 - Download File STMicroelectronics.X-CUBE-TOUCHGFX.pdsc
2026-05-16 21:10:22,897 [INFO] ServerAccessManage:473 - Download File STMicroelectronics.X-CUBE-ALGOBUILD.pdsc
2026-05-16 21:10:23,703 [INFO] ServerAccessManage:473 - Download File STMicroelectronics.X-CUBE-AZRTOS-H7.pdsc
2026-05-16 21:10:24,849 [INFO] ServerAccessManage:473 - Download File STMicroelectronics.X-CUBE-AZRTOS-H7RS.pdsc
2026-05-16 21:10:25,291 [INFO] ServerAccessManage:473 - Download File STMicroelectronics.X-CUBE-AZRTOS-F4.pdsc
2026-05-16 21:10:25,612 [INFO] ServerAccessManage:473 - Download File STMicroelectronics.X-CUBE-AZRTOS-F7.pdsc
2026-05-16 21:10:25,923 [INFO] ServerAccessManage:473 - Download File STMicroelectronics.X-CUBE-AZRTOS-L4.pdsc
2026-05-16 21:10:26,252 [INFO] ServerAccessManage:473 - Download File STMicroelectronics.X-CUBE-AZRTOS-L5.pdsc
2026-05-16 21:10:26,674 [INFO] ServerAccessManage:473 - Download File STMicroelectronics.X-CUBE-AZRTOS-G0.pdsc
2026-05-16 21:10:27,177 [INFO] ServerAccessManage:473 - Download File STMicroelectronics.X-CUBE-AZRTOS-G4.pdsc
2026-05-16 21:10:27,495 [INFO] ServerAccessManage:473 - Download File STMicroelectronics.X-CUBE-AZRTOS-WB.pdsc
2026-05-16 21:10:27,805 [INFO] ServerAccessManage:473 - Download File STMicroelectronics.X-CUBE-AZRTOS-WL.pdsc
2026-05-16 21:10:28,115 [INFO] ServerAccessManage:473 - Download File STMicroelectronics.X-CUBE-WB05N.pdsc
2026-05-16 21:10:28,214 [INFO] McuFinderGlobals:63 - Set McuFinder mode to 2 (CubeIDE integrated)
2026-05-16 21:10:28,215 [INFO] UserAuth:171 - activating auth plugin
2026-05-16 21:10:28,217 [INFO] UserAuth:484 - Internet connection configuration mode: 1
2026-05-16 21:10:28,324 [INFO] ServerAccessManage:473 - Download File STMicroelectronics.eDS-WB_DPC_VIENNA.pdsc
2026-05-16 21:10:28,938 [ERROR] ServerAccessManage:1089 - Problem, file not found on Server
2026-05-16 21:10:29,464 [ERROR] ServerAccessManage:1089 - Problem, file not found on Server
2026-05-16 21:10:29,973 [ERROR] ServerAccessManage:1089 - Problem, file not found on Server
2026-05-16 21:10:30,498 [ERROR] ServerAccessManage:1089 - Problem, file not found on Server
2026-05-16 21:10:31,001 [ERROR] ServerAccessManage:1089 - Problem, file not found on Server
2026-05-16 21:10:31,099 [INFO] ServerAccessManage:473 - Download File STMicroelectronics.eDS-WB_DPC_TT-BIDIR.pdsc
2026-05-16 21:10:31,420 [ERROR] ServerAccessManage:1089 - Problem, file not found on Server
2026-05-16 21:10:31,925 [ERROR] ServerAccessManage:1089 - Problem, file not found on Server
2026-05-16 21:10:32,204 [ERROR] ServerAccessManage:1089 - Problem, file not found on Server
2026-05-16 21:10:32,481 [ERROR] ServerAccessManage:1089 - Problem, file not found on Server
2026-05-16 21:10:32,574 [INFO] ServerAccessManage:473 - Download File STMicroelectronics.eDS-WB_DPC_3PH2L-BIDIR.pdsc
2026-05-16 21:10:32,896 [ERROR] ServerAccessManage:1089 - Problem, file not found on Server
2026-05-16 21:10:33,735 [INFO] ServerAccessManage:473 - Download File wolfSSL.I-CUBE-wolfSSL.pdsc
2026-05-16 21:10:39,223 [ERROR] ServerAccessManage:1089 - Problem, file not found on Server
2026-05-16 21:10:39,460 [ERROR] ServerAccessManage:1089 - Problem, file not found on Server
2026-05-16 21:10:39,699 [ERROR] ServerAccessManage:1089 - Problem, file not found on Server
2026-05-16 21:10:39,893 [INFO] ServerAccessManage:473 - Download File wolfSSL.I-CUBE-wolfMQTT.pdsc
2026-05-16 21:10:40,990 [ERROR] ServerAccessManage:1089 - Problem, file not found on Server
2026-05-16 21:10:41,188 [INFO] ServerAccessManage:473 - Download File wolfSSL.I-CUBE-wolfTPM.pdsc
2026-05-16 21:10:42,655 [INFO] ServerAccessManage:473 - Download File wolfSSL.I-CUBE-wolfSSH.pdsc
2026-05-16 21:10:43,190 [INFO] WebApp:652 - userauth.ini deleted or not created
2026-05-16 21:10:44,225 [INFO] ServerAccessManage:473 - Download File RealThread.X-CUBE-RT-Thread_Nano.pdsc
2026-05-16 21:10:45,447 [INFO] ServerAccessManage:473 - Download File SEGGER.I-CUBE-embOS.pdsc
2026-05-16 21:10:48,314 [INFO] ServerAccessManage:473 - Download File emotas.I-CUBE-CANOPEN.pdsc
2026-05-16 21:10:49,967 [INFO] ServerAccessManage:473 - Download File WES.I-CUBE-Cesium.pdsc
2026-05-16 21:10:50,781 [ERROR] ServerAccessManage:1089 - Problem, file not found on Server
2026-05-16 21:10:51,070 [ERROR] ServerAccessManage:1089 - Problem, file not found on Server
2026-05-16 21:10:51,932 [INFO] ServerAccessManage:473 - Download File ITTIA_DB.I-CUBE-ITTIADB.pdsc
2026-05-16 21:10:55,656 [INFO] ServerAccessManage:473 - Download File Infineon.AIROC-Wi-Fi-Bluetooth-STM32.pdsc
2026-05-16 21:11:01,477 [INFO] ServerAccessManage:473 - Download File Cesanta.I-CUBE-Mongoose.pdsc
2026-05-16 21:11:09,128 [INFO] ServerAccessManage:473 - Download File EmbeddedOffice.I-CUBE-FS-RTOS.pdsc
2026-05-16 21:11:10,615 [INFO] ServerAccessManage:473 - Download File quantropi.X-CUBE-qispace-sdk-base.pdsc
2026-05-16 21:11:11,359 [INFO] ServerAccessManage:473 - Download File Avnet-IOTCONNECT.X-CUBE-iotc-st67-sdk.pdsc
2026-05-16 21:11:11,442 [WARN] CheckServerUpdateThread:151 - Open CheckUpdateFile Fail
2026-05-16 21:11:11,447 [WARN] PackLoader:240 - Cannot read IP mode file for STMicroelectronics.FP-ATR-ASTRA1.2.0.2
2026-05-16 21:11:11,455 [WARN] PackLoader:240 - Cannot read IP mode file for STMicroelectronics.FP-ATR-SIGFOX1.3.2.0
2026-05-16 21:11:11,459 [WARN] PopulateThirdPartyThread:106 - Error when creating pack: C:/Users/moonc/.stm32cubemx/thirdparties/pdsc/STMicroelectronics.FP-SNS-STBOX1.pdsc
2026-05-16 21:11:11,464 [WARN] PackLoader:240 - Cannot read IP mode file for STMicroelectronics.FP-SNS-FLIGHT1.5.1.0
2026-05-16 21:11:11,466 [WARN] PopulateThirdPartyThread:106 - Error when creating pack: C:/Users/moonc/.stm32cubemx/thirdparties/pdsc/STMicroelectronics.FP-SNS-MOTENV1.pdsc
2026-05-16 21:11:11,467 [WARN] PopulateThirdPartyThread:106 - Error when creating pack: C:/Users/moonc/.stm32cubemx/thirdparties/pdsc/STMicroelectronics.FP-SNS-MOTENVWB1.pdsc
2026-05-16 21:11:11,471 [WARN] PackLoader:240 - Cannot read IP mode file for STMicroelectronics.FP-SNS-SMARTAG2.1.2.0
2026-05-16 21:11:11,473 [WARN] PopulateThirdPartyThread:106 - Error when creating pack: C:/Users/moonc/.stm32cubemx/thirdparties/pdsc/STMicroelectronics.FP-SNS-STAIOTCFT.pdsc
2026-05-16 21:11:11,477 [WARN] PackLoader:240 - Cannot read IP mode file for STMicroelectronics.X-CUBE-AI.10.2.0
2026-05-16 21:11:11,482 [WARN] PackLoader:240 - Cannot read IP mode file for STMicroelectronics.X-CUBE-ALS.1.0.2
2026-05-16 21:11:11,489 [WARN] PackLoader:240 - Cannot read IP mode file for STMicroelectronics.X-CUBE-BLE1.7.1.0
2026-05-16 21:11:11,494 [WARN] PackLoader:240 - Cannot read IP mode file for STMicroelectronics.X-CUBE-BLE2.3.3.0
2026-05-16 21:11:11,504 [WARN] PackLoader:240 - Cannot read IP mode file for STMicroelectronics.X-CUBE-BLEMGR.4.1.0
2026-05-16 21:11:11,519 [WARN] PackLoader:240 - Cannot read IP mode file for STMicroelectronics.X-CUBE-DISPLAY.3.0.0
2026-05-16 21:11:11,528 [WARN] PackLoader:240 - Cannot read IP mode file for STMicroelectronics.X-CUBE-DPower.1.3.0
2026-05-16 21:11:11,534 [WARN] PackLoader:240 - Cannot read IP mode file for STMicroelectronics.X-CUBE-EEPRMA1.5.2.0
2026-05-16 21:11:11,537 [WARN] PopulateThirdPartyThread:106 - Error when creating pack: C:/Users/moonc/.stm32cubemx/thirdparties/pdsc/STMicroelectronics.X-CUBE-FREERTOS.pdsc
2026-05-16 21:11:11,542 [WARN] PackLoader:240 - Cannot read IP mode file for STMicroelectronics.X-CUBE-GNSS1.7.1.1
2026-05-16 21:11:11,547 [WARN] PackLoader:240 - Cannot read IP mode file for STMicroelectronics.X-CUBE-ISPU.2.1.0
2026-05-16 21:11:11,551 [WARN] PopulateThirdPartyThread:106 - Error when creating pack: C:/Users/moonc/.stm32cubemx/thirdparties/pdsc/STMicroelectronics.X-CUBE-IPS.pdsc
2026-05-16 21:11:11,561 [INFO] CheckServerUpdateThread:120 - End of CheckServer Thread
2026-05-16 21:11:11,579 [WARN] PackLoader:240 - Cannot read IP mode file for STMicroelectronics.X-CUBE-MEMS1.12.1.0
2026-05-16 21:11:11,633 [WARN] PackLoader:240 - Cannot read IP mode file for STMicroelectronics.X-CUBE-NFC4.3.0.0
2026-05-16 21:11:11,639 [WARN] PackLoader:240 - Cannot read IP mode file for STMicroelectronics.X-CUBE-NFC6.3.2.0
2026-05-16 21:11:11,645 [WARN] PackLoader:240 - Cannot read IP mode file for STMicroelectronics.X-CUBE-NFC7.2.0.0
2026-05-16 21:11:11,649 [WARN] PackLoader:240 - Cannot read IP mode file for STMicroelectronics.X-CUBE-NFC9.1.0.0
2026-05-16 21:11:11,654 [WARN] PackLoader:240 - Cannot read IP mode file for STMicroelectronics.X-CUBE-NFC10.1.0.0
2026-05-16 21:11:11,659 [WARN] PackLoader:240 - Cannot read IP mode file for STMicroelectronics.X-CUBE-NFC12.1.0.0
2026-05-16 21:11:11,666 [WARN] PackLoader:240 - Cannot read IP mode file for STMicroelectronics.X-CUBE-SFXS2LP1.4.0.0
2026-05-16 21:11:11,673 [WARN] PackLoader:240 - Cannot read IP mode file for STMicroelectronics.X-CUBE-SUBG2.5.0.0
2026-05-16 21:11:11,679 [WARN] PackLoader:240 - Cannot read IP mode file for STMicroelectronics.X-CUBE-SMBUS.2.1.0
2026-05-16 21:11:11,683 [WARN] PackLoader:240 - Cannot read IP mode file for STMicroelectronics.X-CUBE-ST60.1.1.0
2026-05-16 21:11:11,685 [WARN] PopulateThirdPartyThread:106 - Error when creating pack: C:/Users/moonc/.stm32cubemx/thirdparties/pdsc/STMicroelectronics.X-CUBE-ST67W61.pdsc
2026-05-16 21:11:11,689 [WARN] PackLoader:240 - Cannot read IP mode file for STMicroelectronics.X-CUBE-STSE01.2.0.0
2026-05-16 21:11:11,694 [WARN] PackLoader:240 - Cannot read IP mode file for STMicroelectronics.X-CUBE-PM33A1.1.0.0
2026-05-16 21:11:11,698 [WARN] PackLoader:240 - Cannot read IP mode file for STMicroelectronics.X-CUBE-TCPP.4.2.0
2026-05-16 21:11:11,705 [WARN] PackLoader:240 - Cannot read IP mode file for STMicroelectronics.X-CUBE-TOF1.3.4.3
2026-05-16 21:11:11,716 [WARN] PackLoader:240 - Cannot read IP mode file for STMicroelectronics.X-CUBE-TOUCHGFX.4.26.1
2026-05-16 21:11:11,720 [WARN] PackLoader:240 - Cannot read IP mode file for STMicroelectronics.X-CUBE-ALGOBUILD.1.4.0
2026-05-16 21:11:11,732 [WARN] PackLoader:240 - Cannot read IP mode file for STMicroelectronics.X-CUBE-AZRTOS-H7.3.5.0
2026-05-16 21:11:11,743 [WARN] PackLoader:240 - Cannot read IP mode file for STMicroelectronics.X-CUBE-AZRTOS-H7RS.1.2.0
2026-05-16 21:11:11,754 [WARN] PackLoader:240 - Cannot read IP mode file for STMicroelectronics.X-CUBE-AZRTOS-F4.1.1.0
2026-05-16 21:11:11,765 [WARN] PackLoader:240 - Cannot read IP mode file for STMicroelectronics.X-CUBE-AZRTOS-F7.1.1.0
2026-05-16 21:11:11,776 [WARN] ConditionMgr:438 - getConditionDescription Invalid condition id : LAN8742 Phy interface Condition cause : null
2026-05-16 21:11:11,776 [WARN] PackLoader:240 - Cannot read IP mode file for STMicroelectronics.X-CUBE-AZRTOS-L4.2.0.0
2026-05-16 21:11:11,777 [WARN] ConditionMgr:1044 - genDependencies : Invalid condition id : LAN8742 Phy interface Condition cause : null
2026-05-16 21:11:11,777 [WARN] ConditionMgr:1044 - genDependencies : Invalid condition id : LAN8742 Phy interface Condition cause : null
2026-05-16 21:11:11,777 [WARN] ConditionMgr:1044 - genDependencies : Invalid condition id : LAN8742 Phy interface Condition cause : null
2026-05-16 21:11:11,787 [WARN] PackLoader:240 - Cannot read IP mode file for STMicroelectronics.X-CUBE-AZRTOS-L5.2.0.0
2026-05-16 21:11:11,796 [WARN] PackLoader:240 - Cannot read IP mode file for STMicroelectronics.X-CUBE-AZRTOS-G0.1.1.0
2026-05-16 21:11:11,805 [WARN] PackLoader:240 - Cannot read IP mode file for STMicroelectronics.X-CUBE-AZRTOS-G4.2.0.0
2026-05-16 21:11:11,812 [WARN] ConditionMgr:438 - getConditionDescription Invalid condition id : UX DEVICE CLASS RTOS Condition cause : null
2026-05-16 21:11:11,812 [WARN] ConditionMgr:438 - getConditionDescription Invalid condition id : UX DEVICE CLASS RTOS Condition cause : null
2026-05-16 21:11:11,813 [WARN] PackLoader:240 - Cannot read IP mode file for STMicroelectronics.X-CUBE-AZRTOS-WB.2.0.0
2026-05-16 21:11:11,813 [WARN] ConditionMgr:1044 - genDependencies : Invalid condition id : UX DEVICE CLASS RTOS Condition cause : null
2026-05-16 21:11:11,814 [WARN] ConditionMgr:1044 - genDependencies : Invalid condition id : UX DEVICE CLASS RTOS Condition cause : null
2026-05-16 21:11:11,814 [WARN] ConditionMgr:1044 - genDependencies : Invalid condition id : UX DEVICE CLASS RTOS Condition cause : null
2026-05-16 21:11:11,814 [WARN] ConditionMgr:1044 - genDependencies : Invalid condition id : UX DEVICE CLASS RTOS Condition cause : null
2026-05-16 21:11:11,814 [WARN] ConditionMgr:1044 - genDependencies : Invalid condition id : UX DEVICE CLASS RTOS Condition cause : null
2026-05-16 21:11:11,821 [INFO] LogOutputStream:77 - [STDOUT_REDIRECT] 1 : Invalid condition id : UX_CORESTACK_Condition cause : null
2026-05-16 21:11:11,822 [INFO] LogOutputStream:77 - [STDOUT_REDIRECT] 1 : Invalid condition id : UX_CORESTACK_Condition cause : null
2026-05-16 21:11:11,823 [INFO] LogOutputStream:77 - [STDOUT_REDIRECT] 1 : Invalid condition id : UX_CORESTACK_Condition cause : null
2026-05-16 21:11:11,824 [INFO] LogOutputStream:77 - [STDOUT_REDIRECT] 1 : Invalid condition id : UX_CORESTACK_Condition cause : null
2026-05-16 21:11:11,824 [INFO] LogOutputStream:77 - [STDOUT_REDIRECT] 1 : Invalid condition id : UX_CORESTACK_Condition cause : null
2026-05-16 21:11:11,826 [WARN] PackLoader:240 - Cannot read IP mode file for STMicroelectronics.X-CUBE-AZRTOS-WL.2.0.0
2026-05-16 21:11:11,830 [WARN] PackLoader:240 - Cannot read IP mode file for STMicroelectronics.X-CUBE-WB05N.2.1.0
2026-05-16 21:11:11,834 [WARN] PackLoader:240 - Cannot read IP mode file for STMicroelectronics.eDS-WB_DPC_VIENNA.1.2.0
2026-05-16 21:11:11,837 [WARN] PackLoader:240 - Cannot read IP mode file for STMicroelectronics.eDS-WB_DPC_TT-BIDIR.2.1.1
2026-05-16 21:11:11,846 [WARN] PackLoader:240 - Cannot read IP mode file for STMicroelectronics.eDS-WB_DPC_3PH2L-BIDIR.1.1.1
2026-05-16 21:11:11,852 [WARN] PackLoader:240 - Cannot read IP mode file for wolfSSL.I-CUBE-wolfSSL.5.9.1
2026-05-16 21:11:11,856 [WARN] PackLoader:240 - Cannot read IP mode file for wolfSSL.I-CUBE-wolfMQTT.1.19.2
2026-05-16 21:11:11,859 [WARN] PackLoader:240 - Cannot read IP mode file for wolfSSL.I-CUBE-wolfTPM.3.8.0
2026-05-16 21:11:11,862 [WARN] PackLoader:240 - Cannot read IP mode file for wolfSSL.I-CUBE-wolfSSH.1.4.20
2026-05-16 21:11:11,866 [WARN] PackLoader:240 - Cannot read IP mode file for RealThread.X-CUBE-RT-Thread_Nano.4.1.1
2026-05-16 21:11:11,879 [WARN] PackLoader:240 - Cannot read IP mode file for SEGGER.I-CUBE-embOS.1.3.1
2026-05-16 21:11:11,902 [WARN] PackLoader:240 - Cannot read IP mode file for emotas.I-CUBE-CANOPEN.1.3.0
2026-05-16 21:11:11,904 [WARN] PopulateThirdPartyThread:106 - Error when creating pack: C:/Users/moonc/.stm32cubemx/thirdparties/pdsc/WES.I-CUBE-Cesium.pdsc
2026-05-16 21:11:11,909 [WARN] PackLoader:240 - Cannot read IP mode file for ITTIA_DB.I-CUBE-ITTIADB.8.9.0
2026-05-16 21:11:11,919 [WARN] PackLoader:240 - Cannot read IP mode file for Infineon.AIROC-Wi-Fi-Bluetooth-STM32.1.8.0
2026-05-16 21:11:11,926 [WARN] PackLoader:240 - Cannot read IP mode file for Cesanta.I-CUBE-Mongoose.7.21.7
2026-05-16 21:11:11,932 [WARN] PackLoader:240 - Cannot read IP mode file for EmbeddedOffice.I-CUBE-FS-RTOS.1.0.1
2026-05-16 21:11:11,937 [WARN] ConditionMgr:438 - getConditionDescription Invalid condition id : Cortex-A Device cause : null
2026-05-16 21:11:11,946 [WARN] ConditionMgr:1044 - genDependencies : Invalid condition id : Cortex-A Device cause : null
2026-05-16 21:11:11,947 [WARN] ConditionMgr:1044 - genDependencies : Invalid condition id : Cortex-A Device cause : null
2026-05-16 21:11:11,947 [WARN] ConditionMgr:1044 - genDependencies : Invalid condition id : Cortex-A Device cause : null
2026-05-16 21:11:11,957 [INFO] PopulateThirdPartyThread:66 - Ending populate Thread
2026-05-16 21:11:11,959 [INFO] ThirdParty:1030 - CMSIS Pack Vendor :STMicroelectronics X-CUBE-AZRTOS-H7 3.5.0
2026-05-16 21:11:11,959 [INFO] ThirdParty:1030 - CMSIS Pack Vendor :STMicroelectronics X-CUBE-PM33A1 1.0.0
2026-05-16 21:11:11,959 [INFO] ThirdParty:1030 - CMSIS Pack Vendor :STMicroelectronics X-CUBE-NFC9 1.0.0
2026-05-16 21:11:11,959 [INFO] ThirdParty:1030 - CMSIS Pack Vendor :STMicroelectronics X-CUBE-AZRTOS-F4 1.1.0
2026-05-16 21:11:11,959 [INFO] ThirdParty:1030 - CMSIS Pack Vendor :STMicroelectronics FP-ATR-ASTRA1 2.0.2
2026-05-16 21:11:11,959 [INFO] ThirdParty:1030 - CMSIS Pack Vendor :STMicroelectronics X-CUBE-BLE1 7.1.0
2026-05-16 21:11:11,959 [INFO] ThirdParty:1030 - CMSIS Pack Vendor :STMicroelectronics X-CUBE-SMBUS 2.1.0
2026-05-16 21:11:11,959 [INFO] ThirdParty:1030 - CMSIS Pack Vendor :wolfSSL I-CUBE-wolfMQTT 1.19.2
2026-05-16 21:11:11,959 [INFO] ThirdParty:1030 - CMSIS Pack Vendor :STMicroelectronics X-CUBE-ISPU 2.1.0
2026-05-16 21:11:11,959 [INFO] ThirdParty:1030 - CMSIS Pack Vendor :STMicroelectronics X-CUBE-BLEMGR 4.1.0
2026-05-16 21:11:11,959 [INFO] ThirdParty:1030 - CMSIS Pack Vendor :STMicroelectronics X-CUBE-EEPRMA1 5.2.0
2026-05-16 21:11:11,959 [INFO] ThirdParty:1030 - CMSIS Pack Vendor :STMicroelectronics eDS-WB_DPC_TT-BIDIR 2.1.1
2026-05-16 21:11:11,959 [INFO] ThirdParty:1030 - CMSIS Pack Vendor :STMicroelectronics X-CUBE-AZRTOS-WB 2.0.0
2026-05-16 21:11:11,959 [INFO] ThirdParty:1030 - CMSIS Pack Vendor :STMicroelectronics X-CUBE-NFC12 1.0.0
2026-05-16 21:11:11,959 [INFO] ThirdParty:1030 - CMSIS Pack Vendor :STMicroelectronics X-CUBE-AZRTOS-F7 1.1.0
2026-05-16 21:11:11,959 [INFO] ThirdParty:1030 - CMSIS Pack Vendor :STMicroelectronics X-CUBE-AZRTOS-L5 2.0.0
2026-05-16 21:11:11,959 [INFO] ThirdParty:1030 - CMSIS Pack Vendor :quantropi X-CUBE-qispace-sdk-base 2.1.0
2026-05-16 21:11:11,959 [INFO] ThirdParty:1030 - CMSIS Pack Vendor :STMicroelectronics X-CUBE-STSE01 2.0.0
2026-05-16 21:11:11,960 [INFO] ThirdParty:1030 - CMSIS Pack Vendor :STMicroelectronics X-CUBE-AZRTOS-G0 1.1.0
2026-05-16 21:11:11,960 [INFO] ThirdParty:1030 - CMSIS Pack Vendor :STMicroelectronics X-CUBE-NFC4 3.0.0
2026-05-16 21:11:11,960 [INFO] ThirdParty:1030 - CMSIS Pack Vendor :STMicroelectronics X-CUBE-SUBG2 5.0.0
2026-05-16 21:11:11,960 [INFO] ThirdParty:1030 - CMSIS Pack Vendor :STMicroelectronics eDS-WB_DPC_VIENNA 1.2.0
2026-05-16 21:11:11,960 [INFO] ThirdParty:1030 - CMSIS Pack Vendor :EmbeddedOffice I-CUBE-FS-RTOS 1.0.1
2026-05-16 21:11:11,960 [INFO] ThirdParty:1030 - CMSIS Pack Vendor :STMicroelectronics eDS-WB_DPC_3PH2L-BIDIR 1.1.1
2026-05-16 21:11:11,960 [INFO] ThirdParty:1030 - CMSIS Pack Vendor :STMicroelectronics X-CUBE-AZRTOS-G4 2.0.0
2026-05-16 21:11:11,960 [INFO] ThirdParty:1030 - CMSIS Pack Vendor :wolfSSL I-CUBE-wolfTPM 3.8.0
2026-05-16 21:11:11,960 [INFO] ThirdParty:1030 - CMSIS Pack Vendor :STMicroelectronics X-CUBE-DISPLAY 3.0.0
2026-05-16 21:11:11,960 [INFO] ThirdParty:1030 - CMSIS Pack Vendor :wolfSSL I-CUBE-wolfSSH 1.4.20
2026-05-16 21:11:11,960 [INFO] ThirdParty:1030 - CMSIS Pack Vendor :STMicroelectronics X-CUBE-NFC7 2.0.0
2026-05-16 21:11:11,960 [INFO] ThirdParty:1030 - CMSIS Pack Vendor :STMicroelectronics X-CUBE-GNSS1 7.1.1
2026-05-16 21:11:11,960 [INFO] ThirdParty:1030 - CMSIS Pack Vendor :STMicroelectronics X-CUBE-TCPP 4.2.0
2026-05-16 21:11:11,960 [INFO] ThirdParty:1030 - CMSIS Pack Vendor :RealThread X-CUBE-RT-Thread_Nano 4.1.1
2026-05-16 21:11:11,960 [INFO] ThirdParty:1030 - CMSIS Pack Vendor :STMicroelectronics FP-ATR-SIGFOX1 3.2.0
2026-05-16 21:11:11,960 [INFO] ThirdParty:1030 - CMSIS Pack Vendor :wolfSSL I-CUBE-wolfSSL 5.9.1
2026-05-16 21:11:11,960 [INFO] ThirdParty:1030 - CMSIS Pack Vendor :STMicroelectronics X-CUBE-NFC10 1.0.0
2026-05-16 21:11:11,960 [INFO] ThirdParty:1030 - CMSIS Pack Vendor :STMicroelectronics X-CUBE-ALS 1.0.2
2026-05-16 21:11:11,960 [INFO] ThirdParty:1030 - CMSIS Pack Vendor :STMicroelectronics X-CUBE-ST60 1.1.0
2026-05-16 21:11:11,960 [INFO] ThirdParty:1030 - CMSIS Pack Vendor :emotas I-CUBE-CANOPEN 1.3.0
2026-05-16 21:11:11,960 [INFO] ThirdParty:1030 - CMSIS Pack Vendor :ITTIA_DB I-CUBE-ITTIADB 8.9.0
2026-05-16 21:11:11,960 [INFO] ThirdParty:1030 - CMSIS Pack Vendor :Cesanta I-CUBE-Mongoose 7.21.7
2026-05-16 21:11:11,960 [INFO] ThirdParty:1030 - CMSIS Pack Vendor :STMicroelectronics X-CUBE-TOUCHGFX 4.26.1
2026-05-16 21:11:11,960 [INFO] ThirdParty:1030 - CMSIS Pack Vendor :STMicroelectronics X-CUBE-NFC6 3.2.0
2026-05-16 21:11:11,960 [INFO] ThirdParty:1030 - CMSIS Pack Vendor :STMicroelectronics X-CUBE-AI 10.2.0
2026-05-16 21:11:11,960 [INFO] ThirdParty:1030 - CMSIS Pack Vendor :STMicroelectronics FP-SNS-SMARTAG2 1.2.0
2026-05-16 21:11:11,960 [INFO] ThirdParty:1030 - CMSIS Pack Vendor :STMicroelectronics X-CUBE-MEMS1 12.1.0
2026-05-16 21:11:11,960 [INFO] ThirdParty:1030 - CMSIS Pack Vendor :STMicroelectronics FP-SNS-FLIGHT1 5.1.0
2026-05-16 21:11:11,960 [INFO] ThirdParty:1030 - CMSIS Pack Vendor :STMicroelectronics X-CUBE-AZRTOS-WL 2.0.0
2026-05-16 21:11:11,960 [INFO] ThirdParty:1030 - CMSIS Pack Vendor :SEGGER I-CUBE-embOS 1.3.1
2026-05-16 21:11:11,960 [INFO] ThirdParty:1030 - CMSIS Pack Vendor :STMicroelectronics X-CUBE-DPower 1.3.0
2026-05-16 21:11:11,960 [INFO] ThirdParty:1030 - CMSIS Pack Vendor :STMicroelectronics X-CUBE-ALGOBUILD 1.4.0
2026-05-16 21:11:11,960 [INFO] ThirdParty:1030 - CMSIS Pack Vendor :STMicroelectronics X-CUBE-AZRTOS-H7RS 1.2.0
2026-05-16 21:11:11,960 [INFO] ThirdParty:1030 - CMSIS Pack Vendor :STMicroelectronics X-CUBE-AZRTOS-L4 2.0.0
2026-05-16 21:11:11,961 [INFO] ThirdParty:1030 - CMSIS Pack Vendor :STMicroelectronics X-CUBE-SFXS2LP1 4.0.0
2026-05-16 21:11:11,961 [INFO] ThirdParty:1030 - CMSIS Pack Vendor :STMicroelectronics X-CUBE-BLE2 3.3.0
2026-05-16 21:11:11,961 [INFO] ThirdParty:1030 - CMSIS Pack Vendor :Avnet-IOTCONNECT X-CUBE-iotc-st67-sdk 1.0.0
2026-05-16 21:11:11,961 [INFO] ThirdParty:1030 - CMSIS Pack Vendor :STMicroelectronics X-CUBE-TOF1 3.4.3
2026-05-16 21:11:11,961 [INFO] ThirdParty:1030 - CMSIS Pack Vendor :Infineon AIROC-Wi-Fi-Bluetooth-STM32 1.8.0
2026-05-16 21:11:11,961 [INFO] ThirdParty:1030 - CMSIS Pack Vendor :STMicroelectronics X-CUBE-WB05N 2.1.0
2026-05-16 21:11:11,961 [INFO] LoadServerUpdatesThread:375 - End of LoadServerUpdate Thread
2026-05-16 21:12:25,515 [INFO] McuFinderGlobals:63 - Set McuFinder mode to 2 (CubeIDE integrated)
2026-05-16 21:12:25,517 [INFO] MainUpdater:2872 - connection check result : 10
2026-05-16 21:12:25,519 [INFO] McuFinderGlobals:76 - Set McuFinderConnectedMode to true
2026-05-16 21:12:25,682 [INFO] ServerAccessManage:473 - Download File mcusAds.json._tmp_
2026-05-16 21:12:25,791 [INFO] LoadUrlFilesThread:156 - End of LoadUrlFiles Thread
2026-05-16 21:12:26,094 [INFO] ServerAccessManage:473 - Download File cube-finder-db.zip
2026-05-16 21:12:27,606 [INFO] FileExtend:242 - Unzip File : cube-finder-db.zip
2026-05-16 21:12:27,606 [INFO] FileExtend:257 - Standard Zip Deflate
2026-05-16 21:12:28,220 [INFO] LoadUrlFilesThread:156 - End of LoadUrlFiles Thread
2026-05-16 21:12:29,367 [INFO] ServerAccessManage:473 - Download File crdb.zip
2026-05-16 21:12:30,804 [INFO] FileExtend:242 - Unzip File : crdb.zip
2026-05-16 21:12:30,804 [INFO] FileExtend:257 - Standard Zip Deflate
2026-05-16 21:12:30,922 [INFO] LoadUrlFilesThread:156 - End of LoadUrlFiles Thread
2026-05-16 21:12:31,075 [INFO] ServerAccessManage:473 - Download File tutoVideoDB.zip
2026-05-16 21:12:31,079 [INFO] FileExtend:242 - Unzip File : tutoVideoDB.zip
2026-05-16 21:12:31,079 [INFO] FileExtend:257 - Standard Zip Deflate
2026-05-16 21:12:31,187 [INFO] LoadUrlFilesThread:156 - End of LoadUrlFiles Thread
2026-05-16 21:12:31,189 [WARN] DbFile:41 - Overriding database path with different value: C:\Users\moonc\.stmcufinder\plugins\mcufinder/ => C:\Users\moonc\.stmcufinder\plugins\mcufinder
2026-05-16 21:12:31,867 [ERROR] ServerAccessManage:1089 - Problem, file not found on Server
2026-05-16 21:12:31,868 [ERROR] ServerAccessManage:651 - Problem, file not found on Server : api_config.json.
2026-05-16 21:13:32,359 [INFO] LoadUrlFilesThread:156 - End of LoadUrlFiles Thread
2026-05-16 21:13:46,753 [INFO] DbMcusAds:53 - JSON generation date=Mon Apr 27 17:14:29 KST 2026 (1777277669683)
2026-05-16 21:13:46,772 [ERROR] TargetSelectorAdapter:267 - Unable to refresh data
2026-05-16 21:13:46,920 [INFO] ApiDb:581 - Connected to CubeFinder SQLite database (C:\Users\moonc\.stmcufinder\plugins\mcufinder\mcu\cube-finder-db.db)
2026-05-16 21:13:46,993 [INFO] ApiDb:668 - CubeFinder database Data Model version=2.1
2026-05-16 21:13:46,993 [INFO] ApiDb:669 - CubeFinder database Configuration version=3.0.42
2026-05-16 21:13:46,993 [INFO] ApiDb:670 - CubeFinder database generation date=2026-05-06 (1778060171)
2026-05-16 21:13:46,993 [INFO] ApiDb:671 - CubeFinder database FW Pack versions=[FP-ATR-ASTRA1_V2.0.0, FP-SNS-FLIGHT1_V5.1.0, FP-SNS-MOTENV1_V5.1.0, FP-SNS-MOTENVWB1_V1.5.0, FP-SNS-SMARTAG2_V1.2.0, FP-SNS-STBOX1_V2.1.0, STM32Cube_FW_C0_V1.4.0, STM32Cube_FW_F4_V1.28.3, STM32Cube_FW_F7_V1.17.4, STM32Cube_FW_G0_V1.6.3, STM32Cube_FW_G4_V1.6.2, STM32Cube_FW_H5_V1.6.0, STM32Cube_FW_H7RS_V1.3.0, STM32Cube_FW_H7_V1.13.0, STM32Cube_FW_L0_V1.12.2, STM32Cube_FW_L4_V1.18.2, STM32Cube_FW_L5_V1.6.0, STM32Cube_FW_N6_V1.3.0, STM32Cube_FW_U0_V1.3.0, STM32Cube_FW_U3_V1.3.0, STM32Cube_FW_U5_V1.8.0, STM32Cube_FW_WB0_V1.4.0, STM32Cube_FW_WBA_V1.9.0, STM32Cube_FW_WB_V1.24.0, STM32Cube_FW_WL3_V1.4.0, STM32Cube_FW_WL_V1.5.0, X-CUBE-ALGOBUILD_V1.4.0, X-CUBE-ALS_V1.0.2, X-CUBE-AZRTOS-F4_V1.1.0, X-CUBE-AZRTOS-F7_V1.1.0, X-CUBE-AZRTOS-G0_V1.1.0, X-CUBE-AZRTOS-G4_V2.0.0, X-CUBE-AZRTOS-H7RS_V1.1.0, X-CUBE-AZRTOS-H7_V3.5.0, X-CUBE-AZRTOS-L4_V2.0.0, X-CUBE-AZRTOS-L5_V2.0.0, X-CUBE-AZRTOS-WB_V2.0.0, X-CUBE-AZRTOS-WL_V2.0.0, X-CUBE-BLE1_V7.1.0, X-CUBE-BLE2_V3.3.0, X-CUBE-BLEMGR_V4.1.0, X-CUBE-EEPRMA1_V5.2.0, X-CUBE-FREERTOS_V1.5.0, X-CUBE-GNSS1_V6.0.0, X-CUBE-MEMS1_V12.0.0, X-CUBE-NFC4_V3.0.0, X-CUBE-NFC7_V2.0.0, X-CUBE-SFXS2LP1_V4.0.0, X-CUBE-ST67W61_V1.2.0, X-CUBE-SUBG2_V5.0.0, X-CUBE-TOF1_V3.4.3]
2026-05-16 21:13:47,040 [INFO] DbBoardsSqlite:226 - include board P-NUCLEO-WB55-NUCLEO as a kit item of type 'Nucleo-64'
2026-05-16 21:13:47,040 [INFO] DbBoardsSqlite:226 - include board P-NUCLEO-WB55-USBDONGLE as a kit item of type 'Nucleo USB Dongle'
2026-05-16 21:13:47,041 [INFO] DbBoardsSqlite:226 - include board STEVAL-IDP005V1 as a kit item of type 'Evaluation Board'
2026-05-16 21:13:47,041 [INFO] DbBoardsSqlite:226 - include board STEVAL-IDP005V2 as a kit item of type 'Evaluation Board'
2026-05-16 21:13:47,104 [INFO] ApiDb:240 - Found 895 in-development CPN: [B-G473E-ZEST1S, B-WB1M-WPAN1, B-WBA5M-WPAN, B-WL5M-SUBG1, NUCLEO-C031C6, NUCLEO-C051C8, NUCLEO-C071RB, NUCLEO-C092RC, NUCLEO-H503RB, NUCLEO-H533RE, NUCLEO-H563ZI, NUCLEO-H7S3L8, NUCLEO-N657X0-Q, NUCLEO-U031R8, NUCLEO-U083RC, NUCLEO-U385RG-Q, NUCLEO-U545RE-Q, NUCLEO-U5A5ZJ-Q, NUCLEO-WB05KZ, NUCLEO-WB07CC, NUCLEO-WB09KE, NUCLEO-WBA52CG, NUCLEO-WBA55CG, NUCLEO-WBA65RI, NUCLEO-WL33CC1, NUCLEO-WL33CC2, STEVAL-PROTEUS1, STEVAL-SMARTAG2, STEVAL-STWINBX1, STM320518-EVAL, STM32C0116-DK, STM32C011D6Y3TR, STM32C011D6Y6TR, STM32C011F4P3, STM32C011F4P6, STM32C011F4U3, STM32C011F4U6TR, STM32C011F6P3, STM32C011F6P6, STM32C011F6U3, STM32C011F6U6TR, STM32C011J4M3, STM32C011J4M6, STM32C011J6M3, STM32C011J6M6, STM32C0316-DK, STM32C031C4T3, STM32C031C4T6, STM32C031C4U3, STM32C031C4U6, STM32C031C6T3, STM32C031C6T6, STM32C031C6U3, STM32C031C6U6, STM32C031F4P3, STM32C031F4P6, STM32C031F6P3, STM32C031F6P6, STM32C031G4U3, STM32C031G4U6, STM32C031G6U3, STM32C031G6U6, STM32C031K4T3, STM32C031K4T6, STM32C031K4U3, STM32C031K4U6, STM32C031K6T3, STM32C031K6T6, STM32C031K6U3, STM32C031K6U6, STM32C051C6T6, STM32C051C6U6, STM32C051C8T6, STM32C051C8U6, STM32C051D8Y6TR, STM32C051F6P6, STM32C051F8P6, STM32C051G6U6, STM32C051G8U6, STM32C051K6T6, STM32C051K6U6, STM32C051K8T6, STM32C071C8T6, STM32C071C8T6N, STM32C071C8U6, STM32C071C8U6N, STM32C071CBT6, STM32C071CBT6N, STM32C071CBU6, STM32C071CBU6N, STM32C071F8P6, STM32C071F8P6N, STM32C071FBP6, STM32C071FBP6N, STM32C071FBY6TR, STM32C071G8U6, STM32C071G8U6N, STM32C071GBU6, STM32C071GBU6N, STM32C071K8T6, STM32C071K8T6N, STM32C071K8U6, STM32C071K8U6N, STM32C071KBT6, STM32C071KBT6N, STM32C071KBU6, STM32C071KBU6N, STM32C071R8T6, STM32C071R8T6N, STM32C071RBI6N, STM32C071RBT6, STM32C071RBT6N, STM32C091CBT6, STM32C091CBU6, STM32C091CCT6, STM32C091CCU6, STM32C091ECY6TR, STM32C091FBP6, STM32C091FCP6, STM32C091GBU6, STM32C091GCU6, STM32C091KBT6, STM32C091KBU6, STM32C091KCT6, STM32C091KCU6, STM32C091RBT6, STM32C091RCI6, STM32C091RCT6, STM32C092CBT6, STM32C092CBU6, STM32C092CCT6, STM32C092CCU6, STM32C092ECY6TR, STM32C092FBP6, STM32C092FCP6, STM32C092GBU6, STM32C092GCU6, STM32C092KBT6, STM32C092KBU6, STM32C092KCT6, STM32C092KCU6, STM32C092RBT6, STM32C092RCI6, STM32C092RCT6, STM32G071K8TXN, STM32G071K8UXN, STM32G081GBU6N, STM32G081KBT6N, STM32G081KBUXN, STM32G0B1CCT6N, STM32G0B1KCT6, STM32G0B1NEY6TR, STM32G0B1RCT6N, STM32G0C1CCT6, STM32G0C1CCT6N, STM32G0C1CCU6N, STM32G0C1CET6N, STM32G0C1CEU6N, STM32G0C1KCT6, STM32G0C1NEY6TR, STM32G0C1RCI6N, STM32G0C1RCT6N, STM32G0C1REI6N, STM32G0C1RET6N, STM32G0C1VCI6, STM32G0C1VEI6, STM32G411C6T3, STM32G411C6T6, STM32G411C6U3, STM32G411C6U6, STM32G411C8T3, STM32G411C8T6, STM32G411C8U3, STM32G411C8U6, STM32G411CBT3, STM32G411CBT6, STM32G411CBU3, STM32G411CBU6, STM32G411CCT3, STM32G411CCT6, STM32G411CCU3, STM32G411CCU6, STM32G411K6T3, STM32G411K6T6, STM32G411K6U3, STM32G411K6U6, STM32G411K8T3, STM32G411K8T6, STM32G411K8U3, STM32G411K8U6, STM32G411KBT3, STM32G411KBT6, STM32G411KBU3, STM32G411KBU6, STM32G411M6T3, STM32G411M6T6, STM32G411M8T3, STM32G411M8T6, STM32G411MBT3, STM32G411MBT6, STM32G411MCT3, STM32G411MCT6, STM32G411R6T3, STM32G411R6T6, STM32G411R8T3, STM32G411R8T6, STM32G411RBT3, STM32G411RBT6, STM32G411RCT3, STM32G411RCT6, STM32G414CBT3, STM32G414CBT6, STM32G414CBU3, STM32G414CBU6, STM32G414CCT3, STM32G414CCT6, STM32G414CCU3, STM32G414CCU6, STM32G414MBT3, STM32G414MBT6, STM32G414MCT3, STM32G414MCT6, STM32G414RBT3, STM32G414RBT6, STM32G414RCT3, STM32G414RCT6, STM32G414VBT3, STM32G414VBT6, STM32G414VCT3, STM32G414VCT6, STM32G431CBT3Z, STM32G431RBT3Z, STM32G471CCT6, STM32G471CCU6, STM32G471CET3, STM32G471CET6, STM32G471CEU3, STM32G471CEU6, STM32G471MCT6, STM32G471MET3, STM32G471MET6, STM32G471MEY6TR, STM32G471QCT6, STM32G471QET3, STM32G471RCT6, STM32G471RET3, STM32G471RET6, STM32G471VCH6, STM32G471VCI6, STM32G471VCT6, STM32G471VEH3, STM32G471VEH6, STM32G471VEI3, STM32G471VEI6, STM32G471VET3, STM32G471VET6, STM32G473QET3Z, STM32G473RET3Z, STM32G474CCT6, STM32G491RET3Z, STM32H503CBT6, STM32H503CBU6, STM32H503EBY6TR, STM32H503KBU6, STM32H503RBT6, STM32H523CCT6, STM32H523CCU6, STM32H523CET6, STM32H523CEU6, STM32H523HEY6TR, STM32H523RCT6, STM32H523RET6, STM32H523VCI6, STM32H523VCT6, STM32H523VEI6, STM32H523VET6, STM32H523ZCJ6, STM32H523ZCT6, STM32H523ZEJ6, STM32H523ZET6, STM32H533CET6, STM32H533CEU6, STM32H533HEY6TR, STM32H533RET6, STM32H533VEI6, STM32H533VET6, STM32H533ZEJ6, STM32H533ZET6, STM32H562AGI6, STM32H562AII6, STM32H562IGK6, STM32H562IGT6, STM32H562IIK6, STM32H562IIT6, STM32H562RGT6, STM32H562RGV6, STM32H562RIT6, STM32H562RIV6, STM32H562VGT6, STM32H562VIT6, STM32H562ZGT6, STM32H562ZIT6, STM32H563AGI6, STM32H563AII3Q, STM32H563AII6, STM32H563IGK6, STM32H563IGT6, STM32H563IIK3Q, STM32H563IIK6, STM32H563IIT3Q, STM32H563IIT6, STM32H563MIY3QTR, STM32H563RGT6, STM32H563RGV6, STM32H563RIT6, STM32H563RIV6, STM32H563VGT6, STM32H563VIT3Q, STM32H563VIT6, STM32H563ZGT6, STM32H563ZIT3Q, STM32H563ZIT6, STM32H573AII3Q, STM32H573AII6, STM32H573I-DK, STM32H573IIK3Q, STM32H573IIK6, STM32H573IIT3Q, STM32H573IIT6, STM32H573MIY3QTR, STM32H573RIT6, STM32H573RIV6, STM32H573VIT3Q, STM32H573VIT6, STM32H573ZIT3Q, STM32H573ZIT6, STM32H7R3A8I6, STM32H7R3I8K6, STM32H7R3I8T6, STM32H7R3L8H6, STM32H7R3L8H6H, STM32H7R3R8V6, STM32H7R3V8H6, STM32H7R3V8T6, STM32H7R3V8Y6TR, STM32H7R3Z8J6, STM32H7R3Z8T6, STM32H7R7A8I6, STM32H7R7I8K6, STM32H7R7I8T6, STM32H7R7L8H6, STM32H7R7L8H6H, STM32H7R7Z8J6, STM32H7S3A8I6, STM32H7S3I8K6, STM32H7S3I8T6, STM32H7S3L8H6, STM32H7S3L8H6H, STM32H7S3R8V6, STM32H7S3V8H6, STM32H7S3V8T6, STM32H7S3V8Y6TR, STM32H7S3Z8J6, STM32H7S3Z8T6, STM32H7S78-DK, STM32H7S7A8I6, STM32H7S7I8K6, STM32H7S7I8T6, STM32H7S7L8H6, STM32H7S7L8H6H, STM32H7S7Z8J6, STM32L4R5QGI6STR, STM32MP131AAE3, STM32MP131AAF3, STM32MP131AAG3, STM32MP131CAE3, STM32MP131CAF3, STM32MP131CAG3, STM32MP131DAE7, STM32MP131DAF7, STM32MP131DAG7, STM32MP131FAE7, STM32MP131FAF7, STM32MP131FAG7, STM32MP133AAE3, STM32MP133AAF3, STM32MP133AAG3, STM32MP133CAE3, STM32MP133CAF3, STM32MP133CAG3, STM32MP133DAE7, STM32MP133DAF7, STM32MP133DAG7, STM32MP133FAE7, STM32MP133FAF7, STM32MP133FAG7, STM32MP135AAE3, STM32MP135AAF3, STM32MP135AAG3, STM32MP135CAE3, STM32MP135CAF3, STM32MP135CAG3, STM32MP135DAE7, STM32MP135DAF7, STM32MP135DAG7, STM32MP135F-DK, STM32MP135FAE7, STM32MP135FAF7, STM32MP135FAF7T, STM32MP135FAF7U, STM32MP135FAG7, STM32MP231AAJ3, STM32MP231AAK3, STM32MP231AAL3, STM32MP231CAJ3, STM32MP231CAK3, STM32MP231CAL3, STM32MP231DAJ3, STM32MP231DAK3, STM32MP231DAL3, STM32MP231FAJ3, STM32MP231FAK3, STM32MP231FAL3, STM32MP233AAJ3, STM32MP233AAK3, STM32MP233AAL3, STM32MP233CAJ3, STM32MP233CAK3, STM32MP233CAL3, STM32MP233DAJ3, STM32MP233DAK3, STM32MP233DAL3, STM32MP233FAJ3, STM32MP233FAK3, STM32MP233FAL3, STM32MP235AAJ3, STM32MP235AAK3, STM32MP235AAL3, STM32MP235CAJ3, STM32MP235CAK3, STM32MP235CAL3, STM32MP235DAJ3, STM32MP235DAK3, STM32MP235DAL3, STM32MP235FAJ3, STM32MP235FAK3, STM32MP235FAL3, STM32MP251AAI3, STM32MP251AAJ3, STM32MP251AAK3, STM32MP251AAL3, STM32MP251CAI3, STM32MP251CAJ3, STM32MP251CAK3, STM32MP251CAL3, STM32MP251DAI3, STM32MP251DAJ3, STM32MP251DAK3, STM32MP251DAL3, STM32MP251FAI3, STM32MP251FAJ3, STM32MP251FAK3, STM32MP251FAL3, STM32MP253AAI3, STM32MP253AAJ3, STM32MP253AAK3, STM32MP253AAL3, STM32MP253CAI3, STM32MP253CAJ3, STM32MP253CAK3, STM32MP253CAL3, STM32MP253DAI3, STM32MP253DAJ3, STM32MP253DAK3, STM32MP253DAL3, STM32MP253FAI3, STM32MP253FAJ3, STM32MP253FAK3, STM32MP253FAL3, STM32MP255AAI3, STM32MP255AAJ3, STM32MP255AAK3, STM32MP255AAL3, STM32MP255CAI3, STM32MP255CAJ3, STM32MP255CAK3, STM32MP255CAL3, STM32MP255DAI3, STM32MP255DAJ3, STM32MP255DAK3, STM32MP255DAL3, STM32MP255FAI3, STM32MP255FAJ3, STM32MP255FAK3, STM32MP255FAL3, STM32MP257AAI3, STM32MP257AAJ3, STM32MP257AAK3, STM32MP257AAL3, STM32MP257CAI3, STM32MP257CAJ3, STM32MP257CAK3, STM32MP257CAL3, STM32MP257DAI3, STM32MP257DAJ3, STM32MP257DAK3, STM32MP257DAL3, STM32MP257F-DK, STM32MP257F-EV1, STM32MP257FAI3, STM32MP257FAJ3, STM32MP257FAK3, STM32MP257FAL3, STM32N645A0H3Q, STM32N645B0H3Q, STM32N645I0H3Q, STM32N645L0H3Q, STM32N645X0H3Q, STM32N645Z0H3Q, STM32N647A0H3Q, STM32N647B0H3Q, STM32N647I0H3Q, STM32N647L0H3Q, STM32N647X0H3Q, STM32N647Z0H3Q, STM32N655A0H3Q, STM32N655B0H3Q, STM32N655I0H3Q, STM32N655L0H3Q, STM32N655X0H3Q, STM32N655Z0H3Q, STM32N6570-DK, STM32N657A0H3Q, STM32N657B0H3Q, STM32N657I0H3Q, STM32N657L0H3Q, STM32N657X0H3Q, STM32N657Z0H3Q, STM32U031C6T6, STM32U031C6U6, STM32U031C8T6, STM32U031C8U6, STM32U031F4P6, STM32U031F6P6, STM32U031F8P6, STM32U031G6Y6TR, STM32U031G8Y6TR, STM32U031K4U6, STM32U031K6U6, STM32U031K8U6, STM32U031R6I6, STM32U031R6T6, STM32U031R8I6, STM32U031R8T6, STM32U073C8T6, STM32U073C8U6, STM32U073CBT6, STM32U073CBU6, STM32U073CCT6, STM32U073CCU6, STM32U073H8Y6TR, STM32U073HBY6TR, STM32U073HCY6TR, STM32U073K8U6, STM32U073KBU6, STM32U073KCU6, STM32U073M8I6, STM32U073M8T6, STM32U073MBI6, STM32U073MBT6, STM32U073MCI6, STM32U073MCT6, STM32U073R8I6, STM32U073R8T6, STM32U073RBI6, STM32U073RBT6, STM32U073RCI6, STM32U073RCT6, STM32U083C-DK, STM32U083CCT6, STM32U083CCU6, STM32U083HCY6TR, STM32U083KCU6, STM32U083MCI6, STM32U083MCT6, STM32U083RCI6, STM32U083RCT6, STM32U375CET6, STM32U375CET6Q, STM32U375CEU6, STM32U375CEU6Q, STM32U375CEY6QTR, STM32U375CGT6, STM32U375CGT6Q, STM32U375CGU6, STM32U375CGU6Q, STM32U375CGY6QTR, STM32U375KEU6, STM32U375KGU6, STM32U375REI6, STM32U375REI6Q, STM32U375RET6, STM32U375RET6Q, STM32U375REY6GTR, STM32U375REY6QTR, STM32U375RGI6, STM32U375RGI6Q, STM32U375RGT6, STM32U375RGT6Q, STM32U375RGY6GTR, STM32U375RGY6QTR, STM32U375VEI6, STM32U375VEI6Q, STM32U375VET6, STM32U375VET6Q, STM32U375VGI6, STM32U375VGI6Q, STM32U375VGT6, STM32U375VGT6Q, STM32U385CGT6, STM32U385CGT6Q, STM32U385CGU6, STM32U385CGU6Q, STM32U385CGY6QTR, STM32U385KGU6, STM32U385RGI6, STM32U385RGI6Q, STM32U385RGT6, STM32U385RGT6Q, STM32U385RGY6GTR, STM32U385RGY6QTR, STM32U385VGI6, STM32U385VGI6Q, STM32U385VGT6, STM32U385VGT6Q, STM32U535CBT6, STM32U535CBT6Q, STM32U535CBU6, STM32U535CBU6Q, STM32U535CCT6, STM32U535CCT6Q, STM32U535CCU6, STM32U535CCU6Q, STM32U535CET6, STM32U535CET6Q, STM32U535CEU6, STM32U535CEU6Q, STM32U535JEY6QTR, STM32U535NCY6QTR, STM32U535NEY6QTR, STM32U535RBI6, STM32U535RBI6Q, STM32U535RBT6, STM32U535RBT6Q, STM32U535RCI6, STM32U535RCI6Q, STM32U535RCT6, STM32U535RCT6Q, STM32U535REI6, STM32U535REI6Q, STM32U535RET6, STM32U535RET6Q, STM32U535VCI6, STM32U535VCI6Q, STM32U535VCT6, STM32U535VCT6Q, STM32U535VEI6, STM32U535VEI6Q, STM32U535VET6, STM32U535VET6Q, STM32U545CET6, STM32U545CET6Q, STM32U545CEU6, STM32U545CEU6Q, STM32U545JEY6QTR, STM32U545NEY6QTR, STM32U545REI6, STM32U545REI6Q, STM32U545RET6, STM32U545RET6Q, STM32U545VEI6, STM32U545VEI6Q, STM32U545VET6, STM32U545VET6Q, STM32U595AIH6, STM32U595AIH6Q, STM32U595AJH6, STM32U595AJH6Q, STM32U595QII6, STM32U595QII6Q, STM32U595QJI6, STM32U595QJI6Q, STM32U595RIT6, STM32U595RIT6Q, STM32U595RJT6, STM32U595RJT6Q, STM32U595VIT6, STM32U595VIT6Q, STM32U595VJT6, STM32U595VJT6Q, STM32U595ZIT6, STM32U595ZIT6Q, STM32U595ZIY6QTR, STM32U595ZJT6, STM32U595ZJT6Q, STM32U595ZJY6QTR, STM32U599BJY6QTR, STM32U599NIH6Q, STM32U599NJH6Q, STM32U599VIT6Q, STM32U599VJT6, STM32U599VJT6Q, STM32U599ZIT6Q, STM32U599ZIY6QTR, STM32U599ZJT6Q, STM32U599ZJY6QTR, STM32U5A5AJH6, STM32U5A5AJH6Q, STM32U5A5QII3Q , STM32U5A5QJI6, STM32U5A5QJI6Q, STM32U5A5RJT6, STM32U5A5RJT6Q, STM32U5A5VJT6, STM32U5A5VJT6Q, STM32U5A5ZJT6, STM32U5A5ZJT6Q, STM32U5A5ZJY6QTR, STM32U5A9BJY6QTR, STM32U5A9J-DK, STM32U5A9NJH6Q, STM32U5A9VJT6Q, STM32U5A9ZJT6Q, STM32U5A9ZJY6QTR, STM32U5F7VIT6, STM32U5F7VIT6Q, STM32U5F7VJT6, STM32U5F7VJT6Q, STM32U5F9BJY6QTR, STM32U5F9NJH6Q, STM32U5F9VIT6Q, STM32U5F9VJT6Q, STM32U5F9ZIJ6QTR, STM32U5F9ZIT6Q, STM32U5F9ZJJ6QTR, STM32U5F9ZJT6Q, STM32U5G7VJT6, STM32U5G7VJT6Q, STM32U5G9BJY6QTR, STM32U5G9J-DK1, STM32U5G9J-DK2, STM32U5G9NJH6Q, STM32U5G9VJT6Q, STM32U5G9ZJJ6QTR, STM32U5G9ZJT6Q, STM32WB05KZV6TR, STM32WB05KZV7TR, STM32WB05TZF6TR, STM32WB05TZF7TR, STM32WB06CCF6TR, STM32WB06CCF7TR, STM32WB06CCV6TR, STM32WB06CCV7TR, STM32WB06KCV6TR, STM32WB06KCV7TR, STM32WB07CCF6TR, STM32WB07CCF7TR, STM32WB07CCV6TR, STM32WB07CCV7TR, STM32WB07KCV6TR, STM32WB07KCV7TR, STM32WB09KEV6TR, STM32WB09KEV7TR, STM32WB09TEF6TR, STM32WB09TEF7TR, STM32WB1MMCH6, STM32WBA50KGU6, STM32WBA50KGU6TR, STM32WBA52CEU6, STM32WBA52CEU6TR, STM32WBA52CEU7, STM32WBA52CEU7TR, STM32WBA52CGU6, STM32WBA52CGU6TR, STM32WBA52CGU6U, STM32WBA52CGU7, STM32WBA52CGU7TR, STM32WBA52KEU6, STM32WBA52KEU6TR, STM32WBA52KGU6, STM32WBA52KGU6TR, STM32WBA54CEU6, STM32WBA54CEU6TR, STM32WBA54CEU7, STM32WBA54CEU7TR, STM32WBA54CGU6, STM32WBA54CGU6TR, STM32WBA54CGU7, STM32WBA54CGU7TR, STM32WBA54KEU6, STM32WBA54KEU6TR, STM32WBA54KEU7, STM32WBA54KEU7TR, STM32WBA54KGU6, STM32WBA54KGU6TR, STM32WBA54KGU7, STM32WBA54KGU7TR, STM32WBA55CEU6, STM32WBA55CEU6TR, STM32WBA55CEU7, STM32WBA55CEU7TR, STM32WBA55CGU6, STM32WBA55CGU6TR, STM32WBA55CGU6U, STM32WBA55CGU7, STM32WBA55CGU7TR, STM32WBA55G-DK1, STM32WBA55HEF6, STM32WBA55HEF7, STM32WBA55HGF6, STM32WBA55HGF7, STM32WBA55UEI6, STM32WBA55UEI6TR, STM32WBA55UEI7, STM32WBA55UEI7TR, STM32WBA55UGI6, STM32WBA55UGI6TR, STM32WBA55UGI7, STM32WBA55UGI7TR, STM32WBA5MJGH6TR, STM32WBA62CGU6, STM32WBA62CIU6, STM32WBA62MGF6, STM32WBA62MIF6, STM32WBA62PGI6, STM32WBA62PII6, STM32WBA63CGU6, STM32WBA63CGU7, STM32WBA63CIU6, STM32WBA63CIU7, STM32WBA64CGU6, STM32WBA64CGU7, STM32WBA64CIU6, STM32WBA64CIU7, STM32WBA65CGU6, STM32WBA65CGU7, STM32WBA65CIU6, STM32WBA65CIU7, STM32WBA65I-DK1, STM32WBA65MGF6, STM32WBA65MGF7, STM32WBA65MIF6, STM32WBA65MIF7, STM32WBA65PGI6, STM32WBA65PGI7, STM32WBA65PII6, STM32WBA65PII7, STM32WBA65RGV6, STM32WBA65RGV7, STM32WBA65RIV6, STM32WBA65RIV7, STM32WL30K8V6, STM32WL30KBV6, STM32WL31C8V6, STM32WL31CBV6, STM32WL31K8V6, STM32WL31KBV6, STM32WL33C8V6, STM32WL33C8V6TR, STM32WL33C8V7, STM32WL33C8V7TR, STM32WL33CBV6, STM32WL33CBV6TR, STM32WL33CBV7, STM32WL33CBV7TR, STM32WL33CCV6, STM32WL33CCV6TR, STM32WL33CCV7, STM32WL33CCV7A, STM32WL33CCV7ATR, STM32WL33CCV7TR, STM32WL33K8V6, STM32WL33K8V6TR, STM32WL33K8V7, STM32WL33K8V7TR, STM32WL33KBV6, STM32WL33KBV6TR, STM32WL33KBV7, STM32WL33KBV7TR, STM32WL33KCV6, STM32WL33KCV6TR, STM32WL33KCV7, STM32WL33KCV7TR, STM32WL5MOCH6, STM32WL5MOCH6TR]
2026-05-16 21:13:47,107 [INFO] ApiDb:668 - CubeFinder database Data Model version=2.1
2026-05-16 21:13:47,107 [INFO] ApiDb:669 - CubeFinder database Configuration version=3.0.42
2026-05-16 21:13:47,107 [INFO] ApiDb:670 - CubeFinder database generation date=2026-05-06 (1778060171)
2026-05-16 21:13:47,107 [INFO] ApiDb:671 - CubeFinder database FW Pack versions=[FP-ATR-ASTRA1_V2.0.0, FP-SNS-FLIGHT1_V5.1.0, FP-SNS-MOTENV1_V5.1.0, FP-SNS-MOTENVWB1_V1.5.0, FP-SNS-SMARTAG2_V1.2.0, FP-SNS-STBOX1_V2.1.0, STM32Cube_FW_C0_V1.4.0, STM32Cube_FW_F4_V1.28.3, STM32Cube_FW_F7_V1.17.4, STM32Cube_FW_G0_V1.6.3, STM32Cube_FW_G4_V1.6.2, STM32Cube_FW_H5_V1.6.0, STM32Cube_FW_H7RS_V1.3.0, STM32Cube_FW_H7_V1.13.0, STM32Cube_FW_L0_V1.12.2, STM32Cube_FW_L4_V1.18.2, STM32Cube_FW_L5_V1.6.0, STM32Cube_FW_N6_V1.3.0, STM32Cube_FW_U0_V1.3.0, STM32Cube_FW_U3_V1.3.0, STM32Cube_FW_U5_V1.8.0, STM32Cube_FW_WB0_V1.4.0, STM32Cube_FW_WBA_V1.9.0, STM32Cube_FW_WB_V1.24.0, STM32Cube_FW_WL3_V1.4.0, STM32Cube_FW_WL_V1.5.0, X-CUBE-ALGOBUILD_V1.4.0, X-CUBE-ALS_V1.0.2, X-CUBE-AZRTOS-F4_V1.1.0, X-CUBE-AZRTOS-F7_V1.1.0, X-CUBE-AZRTOS-G0_V1.1.0, X-CUBE-AZRTOS-G4_V2.0.0, X-CUBE-AZRTOS-H7RS_V1.1.0, X-CUBE-AZRTOS-H7_V3.5.0, X-CUBE-AZRTOS-L4_V2.0.0, X-CUBE-AZRTOS-L5_V2.0.0, X-CUBE-AZRTOS-WB_V2.0.0, X-CUBE-AZRTOS-WL_V2.0.0, X-CUBE-BLE1_V7.1.0, X-CUBE-BLE2_V3.3.0, X-CUBE-BLEMGR_V4.1.0, X-CUBE-EEPRMA1_V5.2.0, X-CUBE-FREERTOS_V1.5.0, X-CUBE-GNSS1_V6.0.0, X-CUBE-MEMS1_V12.0.0, X-CUBE-NFC4_V3.0.0, X-CUBE-NFC7_V2.0.0, X-CUBE-SFXS2LP1_V4.0.0, X-CUBE-ST67W61_V1.2.0, X-CUBE-SUBG2_V5.0.0, X-CUBE-TOF1_V3.4.3]
2026-05-16 21:13:48,954 [INFO] ApiDb:240 - Found 895 in-development CPN: [B-G473E-ZEST1S, B-WB1M-WPAN1, B-WBA5M-WPAN, B-WL5M-SUBG1, NUCLEO-C031C6, NUCLEO-C051C8, NUCLEO-C071RB, NUCLEO-C092RC, NUCLEO-H503RB, NUCLEO-H533RE, NUCLEO-H563ZI, NUCLEO-H7S3L8, NUCLEO-N657X0-Q, NUCLEO-U031R8, NUCLEO-U083RC, NUCLEO-U385RG-Q, NUCLEO-U545RE-Q, NUCLEO-U5A5ZJ-Q, NUCLEO-WB05KZ, NUCLEO-WB07CC, NUCLEO-WB09KE, NUCLEO-WBA52CG, NUCLEO-WBA55CG, NUCLEO-WBA65RI, NUCLEO-WL33CC1, NUCLEO-WL33CC2, STEVAL-PROTEUS1, STEVAL-SMARTAG2, STEVAL-STWINBX1, STM320518-EVAL, STM32C0116-DK, STM32C011D6Y3TR, STM32C011D6Y6TR, STM32C011F4P3, STM32C011F4P6, STM32C011F4U3, STM32C011F4U6TR, STM32C011F6P3, STM32C011F6P6, STM32C011F6U3, STM32C011F6U6TR, STM32C011J4M3, STM32C011J4M6, STM32C011J6M3, STM32C011J6M6, STM32C0316-DK, STM32C031C4T3, STM32C031C4T6, STM32C031C4U3, STM32C031C4U6, STM32C031C6T3, STM32C031C6T6, STM32C031C6U3, STM32C031C6U6, STM32C031F4P3, STM32C031F4P6, STM32C031F6P3, STM32C031F6P6, STM32C031G4U3, STM32C031G4U6, STM32C031G6U3, STM32C031G6U6, STM32C031K4T3, STM32C031K4T6, STM32C031K4U3, STM32C031K4U6, STM32C031K6T3, STM32C031K6T6, STM32C031K6U3, STM32C031K6U6, STM32C051C6T6, STM32C051C6U6, STM32C051C8T6, STM32C051C8U6, STM32C051D8Y6TR, STM32C051F6P6, STM32C051F8P6, STM32C051G6U6, STM32C051G8U6, STM32C051K6T6, STM32C051K6U6, STM32C051K8T6, STM32C071C8T6, STM32C071C8T6N, STM32C071C8U6, STM32C071C8U6N, STM32C071CBT6, STM32C071CBT6N, STM32C071CBU6, STM32C071CBU6N, STM32C071F8P6, STM32C071F8P6N, STM32C071FBP6, STM32C071FBP6N, STM32C071FBY6TR, STM32C071G8U6, STM32C071G8U6N, STM32C071GBU6, STM32C071GBU6N, STM32C071K8T6, STM32C071K8T6N, STM32C071K8U6, STM32C071K8U6N, STM32C071KBT6, STM32C071KBT6N, STM32C071KBU6, STM32C071KBU6N, STM32C071R8T6, STM32C071R8T6N, STM32C071RBI6N, STM32C071RBT6, STM32C071RBT6N, STM32C091CBT6, STM32C091CBU6, STM32C091CCT6, STM32C091CCU6, STM32C091ECY6TR, STM32C091FBP6, STM32C091FCP6, STM32C091GBU6, STM32C091GCU6, STM32C091KBT6, STM32C091KBU6, STM32C091KCT6, STM32C091KCU6, STM32C091RBT6, STM32C091RCI6, STM32C091RCT6, STM32C092CBT6, STM32C092CBU6, STM32C092CCT6, STM32C092CCU6, STM32C092ECY6TR, STM32C092FBP6, STM32C092FCP6, STM32C092GBU6, STM32C092GCU6, STM32C092KBT6, STM32C092KBU6, STM32C092KCT6, STM32C092KCU6, STM32C092RBT6, STM32C092RCI6, STM32C092RCT6, STM32G071K8TXN, STM32G071K8UXN, STM32G081GBU6N, STM32G081KBT6N, STM32G081KBUXN, STM32G0B1CCT6N, STM32G0B1KCT6, STM32G0B1NEY6TR, STM32G0B1RCT6N, STM32G0C1CCT6, STM32G0C1CCT6N, STM32G0C1CCU6N, STM32G0C1CET6N, STM32G0C1CEU6N, STM32G0C1KCT6, STM32G0C1NEY6TR, STM32G0C1RCI6N, STM32G0C1RCT6N, STM32G0C1REI6N, STM32G0C1RET6N, STM32G0C1VCI6, STM32G0C1VEI6, STM32G411C6T3, STM32G411C6T6, STM32G411C6U3, STM32G411C6U6, STM32G411C8T3, STM32G411C8T6, STM32G411C8U3, STM32G411C8U6, STM32G411CBT3, STM32G411CBT6, STM32G411CBU3, STM32G411CBU6, STM32G411CCT3, STM32G411CCT6, STM32G411CCU3, STM32G411CCU6, STM32G411K6T3, STM32G411K6T6, STM32G411K6U3, STM32G411K6U6, STM32G411K8T3, STM32G411K8T6, STM32G411K8U3, STM32G411K8U6, STM32G411KBT3, STM32G411KBT6, STM32G411KBU3, STM32G411KBU6, STM32G411M6T3, STM32G411M6T6, STM32G411M8T3, STM32G411M8T6, STM32G411MBT3, STM32G411MBT6, STM32G411MCT3, STM32G411MCT6, STM32G411R6T3, STM32G411R6T6, STM32G411R8T3, STM32G411R8T6, STM32G411RBT3, STM32G411RBT6, STM32G411RCT3, STM32G411RCT6, STM32G414CBT3, STM32G414CBT6, STM32G414CBU3, STM32G414CBU6, STM32G414CCT3, STM32G414CCT6, STM32G414CCU3, STM32G414CCU6, STM32G414MBT3, STM32G414MBT6, STM32G414MCT3, STM32G414MCT6, STM32G414RBT3, STM32G414RBT6, STM32G414RCT3, STM32G414RCT6, STM32G414VBT3, STM32G414VBT6, STM32G414VCT3, STM32G414VCT6, STM32G431CBT3Z, STM32G431RBT3Z, STM32G471CCT6, STM32G471CCU6, STM32G471CET3, STM32G471CET6, STM32G471CEU3, STM32G471CEU6, STM32G471MCT6, STM32G471MET3, STM32G471MET6, STM32G471MEY6TR, STM32G471QCT6, STM32G471QET3, STM32G471RCT6, STM32G471RET3, STM32G471RET6, STM32G471VCH6, STM32G471VCI6, STM32G471VCT6, STM32G471VEH3, STM32G471VEH6, STM32G471VEI3, STM32G471VEI6, STM32G471VET3, STM32G471VET6, STM32G473QET3Z, STM32G473RET3Z, STM32G474CCT6, STM32G491RET3Z, STM32H503CBT6, STM32H503CBU6, STM32H503EBY6TR, STM32H503KBU6, STM32H503RBT6, STM32H523CCT6, STM32H523CCU6, STM32H523CET6, STM32H523CEU6, STM32H523HEY6TR, STM32H523RCT6, STM32H523RET6, STM32H523VCI6, STM32H523VCT6, STM32H523VEI6, STM32H523VET6, STM32H523ZCJ6, STM32H523ZCT6, STM32H523ZEJ6, STM32H523ZET6, STM32H533CET6, STM32H533CEU6, STM32H533HEY6TR, STM32H533RET6, STM32H533VEI6, STM32H533VET6, STM32H533ZEJ6, STM32H533ZET6, STM32H562AGI6, STM32H562AII6, STM32H562IGK6, STM32H562IGT6, STM32H562IIK6, STM32H562IIT6, STM32H562RGT6, STM32H562RGV6, STM32H562RIT6, STM32H562RIV6, STM32H562VGT6, STM32H562VIT6, STM32H562ZGT6, STM32H562ZIT6, STM32H563AGI6, STM32H563AII3Q, STM32H563AII6, STM32H563IGK6, STM32H563IGT6, STM32H563IIK3Q, STM32H563IIK6, STM32H563IIT3Q, STM32H563IIT6, STM32H563MIY3QTR, STM32H563RGT6, STM32H563RGV6, STM32H563RIT6, STM32H563RIV6, STM32H563VGT6, STM32H563VIT3Q, STM32H563VIT6, STM32H563ZGT6, STM32H563ZIT3Q, STM32H563ZIT6, STM32H573AII3Q, STM32H573AII6, STM32H573I-DK, STM32H573IIK3Q, STM32H573IIK6, STM32H573IIT3Q, STM32H573IIT6, STM32H573MIY3QTR, STM32H573RIT6, STM32H573RIV6, STM32H573VIT3Q, STM32H573VIT6, STM32H573ZIT3Q, STM32H573ZIT6, STM32H7R3A8I6, STM32H7R3I8K6, STM32H7R3I8T6, STM32H7R3L8H6, STM32H7R3L8H6H, STM32H7R3R8V6, STM32H7R3V8H6, STM32H7R3V8T6, STM32H7R3V8Y6TR, STM32H7R3Z8J6, STM32H7R3Z8T6, STM32H7R7A8I6, STM32H7R7I8K6, STM32H7R7I8T6, STM32H7R7L8H6, STM32H7R7L8H6H, STM32H7R7Z8J6, STM32H7S3A8I6, STM32H7S3I8K6, STM32H7S3I8T6, STM32H7S3L8H6, STM32H7S3L8H6H, STM32H7S3R8V6, STM32H7S3V8H6, STM32H7S3V8T6, STM32H7S3V8Y6TR, STM32H7S3Z8J6, STM32H7S3Z8T6, STM32H7S78-DK, STM32H7S7A8I6, STM32H7S7I8K6, STM32H7S7I8T6, STM32H7S7L8H6, STM32H7S7L8H6H, STM32H7S7Z8J6, STM32L4R5QGI6STR, STM32MP131AAE3, STM32MP131AAF3, STM32MP131AAG3, STM32MP131CAE3, STM32MP131CAF3, STM32MP131CAG3, STM32MP131DAE7, STM32MP131DAF7, STM32MP131DAG7, STM32MP131FAE7, STM32MP131FAF7, STM32MP131FAG7, STM32MP133AAE3, STM32MP133AAF3, STM32MP133AAG3, STM32MP133CAE3, STM32MP133CAF3, STM32MP133CAG3, STM32MP133DAE7, STM32MP133DAF7, STM32MP133DAG7, STM32MP133FAE7, STM32MP133FAF7, STM32MP133FAG7, STM32MP135AAE3, STM32MP135AAF3, STM32MP135AAG3, STM32MP135CAE3, STM32MP135CAF3, STM32MP135CAG3, STM32MP135DAE7, STM32MP135DAF7, STM32MP135DAG7, STM32MP135F-DK, STM32MP135FAE7, STM32MP135FAF7, STM32MP135FAF7T, STM32MP135FAF7U, STM32MP135FAG7, STM32MP231AAJ3, STM32MP231AAK3, STM32MP231AAL3, STM32MP231CAJ3, STM32MP231CAK3, STM32MP231CAL3, STM32MP231DAJ3, STM32MP231DAK3, STM32MP231DAL3, STM32MP231FAJ3, STM32MP231FAK3, STM32MP231FAL3, STM32MP233AAJ3, STM32MP233AAK3, STM32MP233AAL3, STM32MP233CAJ3, STM32MP233CAK3, STM32MP233CAL3, STM32MP233DAJ3, STM32MP233DAK3, STM32MP233DAL3, STM32MP233FAJ3, STM32MP233FAK3, STM32MP233FAL3, STM32MP235AAJ3, STM32MP235AAK3, STM32MP235AAL3, STM32MP235CAJ3, STM32MP235CAK3, STM32MP235CAL3, STM32MP235DAJ3, STM32MP235DAK3, STM32MP235DAL3, STM32MP235FAJ3, STM32MP235FAK3, STM32MP235FAL3, STM32MP251AAI3, STM32MP251AAJ3, STM32MP251AAK3, STM32MP251AAL3, STM32MP251CAI3, STM32MP251CAJ3, STM32MP251CAK3, STM32MP251CAL3, STM32MP251DAI3, STM32MP251DAJ3, STM32MP251DAK3, STM32MP251DAL3, STM32MP251FAI3, STM32MP251FAJ3, STM32MP251FAK3, STM32MP251FAL3, STM32MP253AAI3, STM32MP253AAJ3, STM32MP253AAK3, STM32MP253AAL3, STM32MP253CAI3, STM32MP253CAJ3, STM32MP253CAK3, STM32MP253CAL3, STM32MP253DAI3, STM32MP253DAJ3, STM32MP253DAK3, STM32MP253DAL3, STM32MP253FAI3, STM32MP253FAJ3, STM32MP253FAK3, STM32MP253FAL3, STM32MP255AAI3, STM32MP255AAJ3, STM32MP255AAK3, STM32MP255AAL3, STM32MP255CAI3, STM32MP255CAJ3, STM32MP255CAK3, STM32MP255CAL3, STM32MP255DAI3, STM32MP255DAJ3, STM32MP255DAK3, STM32MP255DAL3, STM32MP255FAI3, STM32MP255FAJ3, STM32MP255FAK3, STM32MP255FAL3, STM32MP257AAI3, STM32MP257AAJ3, STM32MP257AAK3, STM32MP257AAL3, STM32MP257CAI3, STM32MP257CAJ3, STM32MP257CAK3, STM32MP257CAL3, STM32MP257DAI3, STM32MP257DAJ3, STM32MP257DAK3, STM32MP257DAL3, STM32MP257F-DK, STM32MP257F-EV1, STM32MP257FAI3, STM32MP257FAJ3, STM32MP257FAK3, STM32MP257FAL3, STM32N645A0H3Q, STM32N645B0H3Q, STM32N645I0H3Q, STM32N645L0H3Q, STM32N645X0H3Q, STM32N645Z0H3Q, STM32N647A0H3Q, STM32N647B0H3Q, STM32N647I0H3Q, STM32N647L0H3Q, STM32N647X0H3Q, STM32N647Z0H3Q, STM32N655A0H3Q, STM32N655B0H3Q, STM32N655I0H3Q, STM32N655L0H3Q, STM32N655X0H3Q, STM32N655Z0H3Q, STM32N6570-DK, STM32N657A0H3Q, STM32N657B0H3Q, STM32N657I0H3Q, STM32N657L0H3Q, STM32N657X0H3Q, STM32N657Z0H3Q, STM32U031C6T6, STM32U031C6U6, STM32U031C8T6, STM32U031C8U6, STM32U031F4P6, STM32U031F6P6, STM32U031F8P6, STM32U031G6Y6TR, STM32U031G8Y6TR, STM32U031K4U6, STM32U031K6U6, STM32U031K8U6, STM32U031R6I6, STM32U031R6T6, STM32U031R8I6, STM32U031R8T6, STM32U073C8T6, STM32U073C8U6, STM32U073CBT6, STM32U073CBU6, STM32U073CCT6, STM32U073CCU6, STM32U073H8Y6TR, STM32U073HBY6TR, STM32U073HCY6TR, STM32U073K8U6, STM32U073KBU6, STM32U073KCU6, STM32U073M8I6, STM32U073M8T6, STM32U073MBI6, STM32U073MBT6, STM32U073MCI6, STM32U073MCT6, STM32U073R8I6, STM32U073R8T6, STM32U073RBI6, STM32U073RBT6, STM32U073RCI6, STM32U073RCT6, STM32U083C-DK, STM32U083CCT6, STM32U083CCU6, STM32U083HCY6TR, STM32U083KCU6, STM32U083MCI6, STM32U083MCT6, STM32U083RCI6, STM32U083RCT6, STM32U375CET6, STM32U375CET6Q, STM32U375CEU6, STM32U375CEU6Q, STM32U375CEY6QTR, STM32U375CGT6, STM32U375CGT6Q, STM32U375CGU6, STM32U375CGU6Q, STM32U375CGY6QTR, STM32U375KEU6, STM32U375KGU6, STM32U375REI6, STM32U375REI6Q, STM32U375RET6, STM32U375RET6Q, STM32U375REY6GTR, STM32U375REY6QTR, STM32U375RGI6, STM32U375RGI6Q, STM32U375RGT6, STM32U375RGT6Q, STM32U375RGY6GTR, STM32U375RGY6QTR, STM32U375VEI6, STM32U375VEI6Q, STM32U375VET6, STM32U375VET6Q, STM32U375VGI6, STM32U375VGI6Q, STM32U375VGT6, STM32U375VGT6Q, STM32U385CGT6, STM32U385CGT6Q, STM32U385CGU6, STM32U385CGU6Q, STM32U385CGY6QTR, STM32U385KGU6, STM32U385RGI6, STM32U385RGI6Q, STM32U385RGT6, STM32U385RGT6Q, STM32U385RGY6GTR, STM32U385RGY6QTR, STM32U385VGI6, STM32U385VGI6Q, STM32U385VGT6, STM32U385VGT6Q, STM32U535CBT6, STM32U535CBT6Q, STM32U535CBU6, STM32U535CBU6Q, STM32U535CCT6, STM32U535CCT6Q, STM32U535CCU6, STM32U535CCU6Q, STM32U535CET6, STM32U535CET6Q, STM32U535CEU6, STM32U535CEU6Q, STM32U535JEY6QTR, STM32U535NCY6QTR, STM32U535NEY6QTR, STM32U535RBI6, STM32U535RBI6Q, STM32U535RBT6, STM32U535RBT6Q, STM32U535RCI6, STM32U535RCI6Q, STM32U535RCT6, STM32U535RCT6Q, STM32U535REI6, STM32U535REI6Q, STM32U535RET6, STM32U535RET6Q, STM32U535VCI6, STM32U535VCI6Q, STM32U535VCT6, STM32U535VCT6Q, STM32U535VEI6, STM32U535VEI6Q, STM32U535VET6, STM32U535VET6Q, STM32U545CET6, STM32U545CET6Q, STM32U545CEU6, STM32U545CEU6Q, STM32U545JEY6QTR, STM32U545NEY6QTR, STM32U545REI6, STM32U545REI6Q, STM32U545RET6, STM32U545RET6Q, STM32U545VEI6, STM32U545VEI6Q, STM32U545VET6, STM32U545VET6Q, STM32U595AIH6, STM32U595AIH6Q, STM32U595AJH6, STM32U595AJH6Q, STM32U595QII6, STM32U595QII6Q, STM32U595QJI6, STM32U595QJI6Q, STM32U595RIT6, STM32U595RIT6Q, STM32U595RJT6, STM32U595RJT6Q, STM32U595VIT6, STM32U595VIT6Q, STM32U595VJT6, STM32U595VJT6Q, STM32U595ZIT6, STM32U595ZIT6Q, STM32U595ZIY6QTR, STM32U595ZJT6, STM32U595ZJT6Q, STM32U595ZJY6QTR, STM32U599BJY6QTR, STM32U599NIH6Q, STM32U599NJH6Q, STM32U599VIT6Q, STM32U599VJT6, STM32U599VJT6Q, STM32U599ZIT6Q, STM32U599ZIY6QTR, STM32U599ZJT6Q, STM32U599ZJY6QTR, STM32U5A5AJH6, STM32U5A5AJH6Q, STM32U5A5QII3Q , STM32U5A5QJI6, STM32U5A5QJI6Q, STM32U5A5RJT6, STM32U5A5RJT6Q, STM32U5A5VJT6, STM32U5A5VJT6Q, STM32U5A5ZJT6, STM32U5A5ZJT6Q, STM32U5A5ZJY6QTR, STM32U5A9BJY6QTR, STM32U5A9J-DK, STM32U5A9NJH6Q, STM32U5A9VJT6Q, STM32U5A9ZJT6Q, STM32U5A9ZJY6QTR, STM32U5F7VIT6, STM32U5F7VIT6Q, STM32U5F7VJT6, STM32U5F7VJT6Q, STM32U5F9BJY6QTR, STM32U5F9NJH6Q, STM32U5F9VIT6Q, STM32U5F9VJT6Q, STM32U5F9ZIJ6QTR, STM32U5F9ZIT6Q, STM32U5F9ZJJ6QTR, STM32U5F9ZJT6Q, STM32U5G7VJT6, STM32U5G7VJT6Q, STM32U5G9BJY6QTR, STM32U5G9J-DK1, STM32U5G9J-DK2, STM32U5G9NJH6Q, STM32U5G9VJT6Q, STM32U5G9ZJJ6QTR, STM32U5G9ZJT6Q, STM32WB05KZV6TR, STM32WB05KZV7TR, STM32WB05TZF6TR, STM32WB05TZF7TR, STM32WB06CCF6TR, STM32WB06CCF7TR, STM32WB06CCV6TR, STM32WB06CCV7TR, STM32WB06KCV6TR, STM32WB06KCV7TR, STM32WB07CCF6TR, STM32WB07CCF7TR, STM32WB07CCV6TR, STM32WB07CCV7TR, STM32WB07KCV6TR, STM32WB07KCV7TR, STM32WB09KEV6TR, STM32WB09KEV7TR, STM32WB09TEF6TR, STM32WB09TEF7TR, STM32WB1MMCH6, STM32WBA50KGU6, STM32WBA50KGU6TR, STM32WBA52CEU6, STM32WBA52CEU6TR, STM32WBA52CEU7, STM32WBA52CEU7TR, STM32WBA52CGU6, STM32WBA52CGU6TR, STM32WBA52CGU6U, STM32WBA52CGU7, STM32WBA52CGU7TR, STM32WBA52KEU6, STM32WBA52KEU6TR, STM32WBA52KGU6, STM32WBA52KGU6TR, STM32WBA54CEU6, STM32WBA54CEU6TR, STM32WBA54CEU7, STM32WBA54CEU7TR, STM32WBA54CGU6, STM32WBA54CGU6TR, STM32WBA54CGU7, STM32WBA54CGU7TR, STM32WBA54KEU6, STM32WBA54KEU6TR, STM32WBA54KEU7, STM32WBA54KEU7TR, STM32WBA54KGU6, STM32WBA54KGU6TR, STM32WBA54KGU7, STM32WBA54KGU7TR, STM32WBA55CEU6, STM32WBA55CEU6TR, STM32WBA55CEU7, STM32WBA55CEU7TR, STM32WBA55CGU6, STM32WBA55CGU6TR, STM32WBA55CGU6U, STM32WBA55CGU7, STM32WBA55CGU7TR, STM32WBA55G-DK1, STM32WBA55HEF6, STM32WBA55HEF7, STM32WBA55HGF6, STM32WBA55HGF7, STM32WBA55UEI6, STM32WBA55UEI6TR, STM32WBA55UEI7, STM32WBA55UEI7TR, STM32WBA55UGI6, STM32WBA55UGI6TR, STM32WBA55UGI7, STM32WBA55UGI7TR, STM32WBA5MJGH6TR, STM32WBA62CGU6, STM32WBA62CIU6, STM32WBA62MGF6, STM32WBA62MIF6, STM32WBA62PGI6, STM32WBA62PII6, STM32WBA63CGU6, STM32WBA63CGU7, STM32WBA63CIU6, STM32WBA63CIU7, STM32WBA64CGU6, STM32WBA64CGU7, STM32WBA64CIU6, STM32WBA64CIU7, STM32WBA65CGU6, STM32WBA65CGU7, STM32WBA65CIU6, STM32WBA65CIU7, STM32WBA65I-DK1, STM32WBA65MGF6, STM32WBA65MGF7, STM32WBA65MIF6, STM32WBA65MIF7, STM32WBA65PGI6, STM32WBA65PGI7, STM32WBA65PII6, STM32WBA65PII7, STM32WBA65RGV6, STM32WBA65RGV7, STM32WBA65RIV6, STM32WBA65RIV7, STM32WL30K8V6, STM32WL30KBV6, STM32WL31C8V6, STM32WL31CBV6, STM32WL31K8V6, STM32WL31KBV6, STM32WL33C8V6, STM32WL33C8V6TR, STM32WL33C8V7, STM32WL33C8V7TR, STM32WL33CBV6, STM32WL33CBV6TR, STM32WL33CBV7, STM32WL33CBV7TR, STM32WL33CCV6, STM32WL33CCV6TR, STM32WL33CCV7, STM32WL33CCV7A, STM32WL33CCV7ATR, STM32WL33CCV7TR, STM32WL33K8V6, STM32WL33K8V6TR, STM32WL33K8V7, STM32WL33K8V7TR, STM32WL33KBV6, STM32WL33KBV6TR, STM32WL33KBV7, STM32WL33KBV7TR, STM32WL33KCV6, STM32WL33KCV6TR, STM32WL33KCV7, STM32WL33KCV7TR, STM32WL5MOCH6, STM32WL5MOCH6TR]
2026-05-16 21:13:48,958 [INFO] DbMcus:218 - Found 5082 MCUs, 4964 are supported
2026-05-16 21:13:48,959 [INFO] ApiDb:414 - User favorites file not found: C:\Users\moonc/.stm32cubeide/favorites.mcus.txt
2026-05-16 21:13:48,959 [INFO] DbMcus:224 - Set 0 / 0 favorites MCUs
2026-05-16 21:13:49,322 [INFO] BoardInfo:889 - No configuration file found for board NUCLEO-H5E5ZJ
2026-05-16 21:13:49,323 [INFO] DbBoards:161 - Board is not supported: NUCLEO-H5E5ZJ
2026-05-16 21:13:49,348 [INFO] BoardInfo:889 - No configuration file found for board NUCLEO-U3C5ZI-Q
2026-05-16 21:13:49,348 [INFO] DbBoards:161 - Board is not supported: NUCLEO-U3C5ZI-Q
2026-05-16 21:13:49,355 [INFO] BoardInfo:889 - No configuration file found for board NUCLEO-WBA25CE1
2026-05-16 21:13:49,355 [INFO] DbBoards:161 - Board is not supported: NUCLEO-WBA25CE1
2026-05-16 21:13:49,359 [INFO] BoardInfo:889 - No configuration file found for board NUCLEO-WL3RKB1
2026-05-16 21:13:49,360 [INFO] DbBoards:161 - Board is not supported: NUCLEO-WL3RKB1
2026-05-16 21:13:49,360 [INFO] BoardInfo:889 - No configuration file found for board NUCLEO-WL3RKB2
2026-05-16 21:13:49,360 [INFO] DbBoards:161 - Board is not supported: NUCLEO-WL3RKB2
2026-05-16 21:13:49,364 [INFO] BoardInfo:889 - No configuration file found for board P-NUCLEO-WB55
2026-05-16 21:13:49,364 [INFO] DbBoards:161 - Kit is not supported: P-NUCLEO-WB55
2026-05-16 21:13:49,367 [INFO] BoardInfo:889 - No configuration file found for board STEVAL-BFA001V1B
2026-05-16 21:13:49,367 [INFO] DbBoards:161 - Kit is not supported: STEVAL-BFA001V1B
2026-05-16 21:13:49,368 [INFO] BoardInfo:889 - No configuration file found for board STEVAL-BFA001V2B
2026-05-16 21:13:49,368 [INFO] DbBoards:161 - Kit is not supported: STEVAL-BFA001V2B
2026-05-16 21:13:49,414 [INFO] BoardInfo:889 - No configuration file found for board STM32H5F5J-DK
2026-05-16 21:13:49,414 [INFO] DbBoards:161 - Board is not supported: STM32H5F5J-DK
2026-05-16 21:13:49,439 [INFO] BoardInfo:889 - No configuration file found for board STM32MP215F-DK
2026-05-16 21:13:49,439 [INFO] DbBoards:161 - Board is not supported: STM32MP215F-DK
2026-05-16 21:13:49,448 [INFO] DbBoards:168 - Found 218 boards, 208 are supported
2026-05-16 21:13:49,448 [INFO] DbBoards:169 - Found 218 boards, 43 of them is supported for  Bsp
2026-05-16 21:13:49,452 [INFO] ApiDb:414 - User favorites file not found: C:\Users\moonc/.stm32cubeide/favorites.boards.txt
2026-05-16 21:13:49,452 [INFO] DbBoards:198 - Set 0 / 0 favorites Boards
2026-05-16 21:13:49,452 [INFO] McuFinderGlobals:76 - Set McuFinderConnectedMode to true
2026-05-16 21:13:49,456 [INFO] MultiScanPanel:200 - Auto-refresh data requested => check proxy status ongoing
2026-05-16 21:13:49,458 [INFO] FinderPluginLoader:95 - Searching for filters in installed packs
2026-05-16 21:13:50,392 [INFO] ServerAccessManage:473 - Download File 
2026-05-16 21:13:50,403 [INFO] LoadUrlFilesThread:185 - End of LoadServerUrlFiles without Thread
2026-05-16 21:13:50,418 [INFO] DetailPanel:341 - Set advertising image to C:/Users/moonc/STM32Cube/Repository/\en.prom-stm32wba2-stm32-nucleo-board-0426.png
2026-05-16 21:14:04,189 [ERROR] LogOutputStream:75 - [STDERR_REDIRECT] Exception in thread "AWT-EventQueue-0" java.lang.NullPointerException: Cannot invoke "com.st.stm32cube.common.mx.targetselector.IdeMcuFinder.cleanUp(boolean)" because "this.this$0.mcuFinder" is null
2026-05-16 21:14:04,190 [ERROR] LogOutputStream:75 - [STDERR_REDIRECT] 	at com.st.stm32cube.common.mx.targetselector.TargetSelectorAdapter$7.run(TargetSelectorAdapter.java:353)
2026-05-16 21:14:04,191 [ERROR] LogOutputStream:75 - [STDERR_REDIRECT] 	at com.st.stm32cube.common.mx.oss.core.awtswtbridge.AwtEnvironment$2.run(AwtEnvironment.java:166)
2026-05-16 21:14:04,192 [ERROR] LogOutputStream:75 - [STDERR_REDIRECT] 	at java.desktop/java.awt.event.InvocationEvent.dispatch(InvocationEvent.java:318)
2026-05-16 21:14:04,192 [ERROR] LogOutputStream:75 - [STDERR_REDIRECT] 	at java.desktop/java.awt.EventQueue.dispatchEventImpl(EventQueue.java:773)
2026-05-16 21:14:04,193 [ERROR] LogOutputStream:75 - [STDERR_REDIRECT] 	at java.desktop/java.awt.EventQueue$4.run(EventQueue.java:720)
2026-05-16 21:14:04,193 [ERROR] LogOutputStream:75 - [STDERR_REDIRECT] 	at java.desktop/java.awt.EventQueue$4.run(EventQueue.java:714)
2026-05-16 21:14:04,194 [ERROR] LogOutputStream:75 - [STDERR_REDIRECT] 	at java.base/java.security.AccessController.doPrivileged(AccessController.java:400)
2026-05-16 21:14:04,195 [ERROR] LogOutputStream:75 - [STDERR_REDIRECT] 	at java.base/java.security.ProtectionDomain$JavaSecurityAccessImpl.doIntersectionPrivilege(ProtectionDomain.java:87)
2026-05-16 21:14:04,195 [ERROR] LogOutputStream:75 - [STDERR_REDIRECT] 	at java.desktop/java.awt.EventQueue.dispatchEvent(EventQueue.java:742)
2026-05-16 21:14:04,196 [ERROR] LogOutputStream:75 - [STDERR_REDIRECT] 	at java.desktop/java.awt.EventDispatchThread.pumpOneEventForFilters(EventDispatchThread.java:203)
2026-05-16 21:14:04,197 [ERROR] LogOutputStream:75 - [STDERR_REDIRECT] 	at java.desktop/java.awt.EventDispatchThread.pumpEventsForFilter(EventDispatchThread.java:124)
2026-05-16 21:14:04,198 [ERROR] LogOutputStream:75 - [STDERR_REDIRECT] 	at java.desktop/java.awt.EventDispatchThread.pumpEventsForHierarchy(EventDispatchThread.java:113)
2026-05-16 21:14:04,199 [ERROR] LogOutputStream:75 - [STDERR_REDIRECT] 	at java.desktop/java.awt.EventDispatchThread.pumpEvents(EventDispatchThread.java:109)
2026-05-16 21:14:04,199 [ERROR] LogOutputStream:75 - [STDERR_REDIRECT] 	at java.desktop/java.awt.EventDispatchThread.pumpEvents(EventDispatchThread.java:101)
2026-05-16 21:14:04,200 [ERROR] LogOutputStream:75 - [STDERR_REDIRECT] 	at java.desktop/java.awt.EventDispatchThread.run(EventDispatchThread.java:90)
2026-05-16 21:14:04,202 [ERROR] LogOutputStream:75 - [STDERR_REDIRECT] Exception in thread "AWT-EventQueue-0" java.lang.NullPointerException: Cannot invoke "com.st.stm32cube.common.mx.targetselector.IdeMcuFinder.cleanUp(boolean)" because "this.this$0.mcuFinder" is null
2026-05-16 21:14:04,203 [ERROR] LogOutputStream:75 - [STDERR_REDIRECT] 	at com.st.stm32cube.common.mx.targetselector.TargetSelectorAdapter$7.run(TargetSelectorAdapter.java:353)
2026-05-16 21:14:04,203 [ERROR] LogOutputStream:75 - [STDERR_REDIRECT] 	at com.st.stm32cube.common.mx.oss.core.awtswtbridge.AwtEnvironment$2.run(AwtEnvironment.java:166)
2026-05-16 21:14:04,204 [ERROR] LogOutputStream:75 - [STDERR_REDIRECT] 	at java.desktop/java.awt.event.InvocationEvent.dispatch(InvocationEvent.java:318)
2026-05-16 21:14:04,205 [ERROR] LogOutputStream:75 - [STDERR_REDIRECT] 	at java.desktop/java.awt.EventQueue.dispatchEventImpl(EventQueue.java:773)
2026-05-16 21:14:04,205 [ERROR] LogOutputStream:75 - [STDERR_REDIRECT] 	at java.desktop/java.awt.EventQueue$4.run(EventQueue.java:720)
2026-05-16 21:14:04,206 [ERROR] LogOutputStream:75 - [STDERR_REDIRECT] 	at java.desktop/java.awt.EventQueue$4.run(EventQueue.java:714)
2026-05-16 21:14:04,207 [ERROR] LogOutputStream:75 - [STDERR_REDIRECT] 	at java.base/java.security.AccessController.doPrivileged(AccessController.java:400)
2026-05-16 21:14:04,207 [ERROR] LogOutputStream:75 - [STDERR_REDIRECT] 	at java.base/java.security.ProtectionDomain$JavaSecurityAccessImpl.doIntersectionPrivilege(ProtectionDomain.java:87)
2026-05-16 21:14:04,208 [ERROR] LogOutputStream:75 - [STDERR_REDIRECT] 	at java.desktop/java.awt.EventQueue.dispatchEvent(EventQueue.java:742)
2026-05-16 21:14:04,209 [ERROR] LogOutputStream:75 - [STDERR_REDIRECT] 	at java.desktop/java.awt.EventDispatchThread.pumpOneEventForFilters(EventDispatchThread.java:203)
2026-05-16 21:14:04,209 [ERROR] LogOutputStream:75 - [STDERR_REDIRECT] 	at java.desktop/java.awt.EventDispatchThread.pumpEventsForFilter(EventDispatchThread.java:124)
2026-05-16 21:14:04,210 [ERROR] LogOutputStream:75 - [STDERR_REDIRECT] 	at java.desktop/java.awt.EventDispatchThread.pumpEventsForHierarchy(EventDispatchThread.java:113)
2026-05-16 21:14:04,211 [ERROR] LogOutputStream:75 - [STDERR_REDIRECT] 	at java.desktop/java.awt.EventDispatchThread.pumpEvents(EventDispatchThread.java:109)
2026-05-16 21:14:04,212 [ERROR] LogOutputStream:75 - [STDERR_REDIRECT] 	at java.desktop/java.awt.EventDispatchThread.pumpEvents(EventDispatchThread.java:101)
2026-05-16 21:14:04,212 [ERROR] LogOutputStream:75 - [STDERR_REDIRECT] 	at java.desktop/java.awt.EventDispatchThread.run(EventDispatchThread.java:90)
2026-05-16 21:19:44,902 [INFO] MainUpdater:2872 - connection check result : 10
2026-05-16 21:19:44,902 [INFO] McuFinderGlobals:76 - Set McuFinderConnectedMode to true
2026-05-16 21:19:45,060 [INFO] ServerAccessManage:473 - Download File mcusAds.json._tmp_
2026-05-16 21:19:45,213 [INFO] LoadUrlFilesThread:156 - End of LoadUrlFiles Thread
2026-05-16 21:19:45,470 [INFO] ServerAccessManage:473 - Download File cube-finder-db.zip
2026-05-16 21:19:47,918 [INFO] FileExtend:242 - Unzip File : cube-finder-db.zip
2026-05-16 21:19:47,918 [INFO] FileExtend:257 - Standard Zip Deflate
2026-05-16 21:19:48,601 [INFO] LoadUrlFilesThread:156 - End of LoadUrlFiles Thread
2026-05-16 21:19:49,738 [INFO] ServerAccessManage:473 - Download File crdb.zip
2026-05-16 21:19:51,152 [INFO] FileExtend:242 - Unzip File : crdb.zip
2026-05-16 21:19:51,152 [INFO] FileExtend:257 - Standard Zip Deflate
2026-05-16 21:19:51,276 [INFO] LoadUrlFilesThread:156 - End of LoadUrlFiles Thread
2026-05-16 21:19:51,433 [INFO] ServerAccessManage:473 - Download File tutoVideoDB.zip
2026-05-16 21:19:51,439 [INFO] FileExtend:242 - Unzip File : tutoVideoDB.zip
2026-05-16 21:19:51,439 [INFO] FileExtend:257 - Standard Zip Deflate
2026-05-16 21:19:51,555 [INFO] LoadUrlFilesThread:156 - End of LoadUrlFiles Thread
2026-05-16 21:19:51,555 [WARN] DbFile:41 - Overriding database path with different value: C:\Users\moonc\.stmcufinder\plugins\mcufinder/ => C:\Users\moonc\.stmcufinder\plugins\mcufinder
2026-05-16 21:19:52,715 [ERROR] ServerAccessManage:1089 - Problem, file not found on Server
2026-05-16 21:19:52,715 [ERROR] ServerAccessManage:651 - Problem, file not found on Server : api_config.json.
2026-05-16 21:19:53,700 [INFO] LoadUrlFilesThread:156 - End of LoadUrlFiles Thread
2026-05-16 21:19:54,783 [INFO] DbMcusAds:53 - JSON generation date=Mon Apr 27 17:14:29 KST 2026 (1777277669683)
2026-05-16 21:19:54,788 [INFO] ApiDb:448 - Save user favorites file C:\Users\moonc/.stm32cubeide/favorites.mcus.txt: 0 item(s)
2026-05-16 21:19:54,788 [INFO] ApiDb:452 - User favorites MCUs=[]
2026-05-16 21:19:54,790 [INFO] ApiDb:581 - Connected to CubeFinder SQLite database (C:\Users\moonc\.stmcufinder\plugins\mcufinder\mcu\cube-finder-db.db)
2026-05-16 21:19:54,859 [INFO] ApiDb:668 - CubeFinder database Data Model version=2.1
2026-05-16 21:19:54,859 [INFO] ApiDb:669 - CubeFinder database Configuration version=3.0.42
2026-05-16 21:19:54,859 [INFO] ApiDb:670 - CubeFinder database generation date=2026-05-06 (1778060171)
2026-05-16 21:19:54,860 [INFO] ApiDb:671 - CubeFinder database FW Pack versions=[FP-ATR-ASTRA1_V2.0.0, FP-SNS-FLIGHT1_V5.1.0, FP-SNS-MOTENV1_V5.1.0, FP-SNS-MOTENVWB1_V1.5.0, FP-SNS-SMARTAG2_V1.2.0, FP-SNS-STBOX1_V2.1.0, STM32Cube_FW_C0_V1.4.0, STM32Cube_FW_F4_V1.28.3, STM32Cube_FW_F7_V1.17.4, STM32Cube_FW_G0_V1.6.3, STM32Cube_FW_G4_V1.6.2, STM32Cube_FW_H5_V1.6.0, STM32Cube_FW_H7RS_V1.3.0, STM32Cube_FW_H7_V1.13.0, STM32Cube_FW_L0_V1.12.2, STM32Cube_FW_L4_V1.18.2, STM32Cube_FW_L5_V1.6.0, STM32Cube_FW_N6_V1.3.0, STM32Cube_FW_U0_V1.3.0, STM32Cube_FW_U3_V1.3.0, STM32Cube_FW_U5_V1.8.0, STM32Cube_FW_WB0_V1.4.0, STM32Cube_FW_WBA_V1.9.0, STM32Cube_FW_WB_V1.24.0, STM32Cube_FW_WL3_V1.4.0, STM32Cube_FW_WL_V1.5.0, X-CUBE-ALGOBUILD_V1.4.0, X-CUBE-ALS_V1.0.2, X-CUBE-AZRTOS-F4_V1.1.0, X-CUBE-AZRTOS-F7_V1.1.0, X-CUBE-AZRTOS-G0_V1.1.0, X-CUBE-AZRTOS-G4_V2.0.0, X-CUBE-AZRTOS-H7RS_V1.1.0, X-CUBE-AZRTOS-H7_V3.5.0, X-CUBE-AZRTOS-L4_V2.0.0, X-CUBE-AZRTOS-L5_V2.0.0, X-CUBE-AZRTOS-WB_V2.0.0, X-CUBE-AZRTOS-WL_V2.0.0, X-CUBE-BLE1_V7.1.0, X-CUBE-BLE2_V3.3.0, X-CUBE-BLEMGR_V4.1.0, X-CUBE-EEPRMA1_V5.2.0, X-CUBE-FREERTOS_V1.5.0, X-CUBE-GNSS1_V6.0.0, X-CUBE-MEMS1_V12.0.0, X-CUBE-NFC4_V3.0.0, X-CUBE-NFC7_V2.0.0, X-CUBE-SFXS2LP1_V4.0.0, X-CUBE-ST67W61_V1.2.0, X-CUBE-SUBG2_V5.0.0, X-CUBE-TOF1_V3.4.3]
2026-05-16 21:19:56,826 [INFO] ApiDb:240 - Found 895 in-development CPN: [B-G473E-ZEST1S, B-WB1M-WPAN1, B-WBA5M-WPAN, B-WL5M-SUBG1, NUCLEO-C031C6, NUCLEO-C051C8, NUCLEO-C071RB, NUCLEO-C092RC, NUCLEO-H503RB, NUCLEO-H533RE, NUCLEO-H563ZI, NUCLEO-H7S3L8, NUCLEO-N657X0-Q, NUCLEO-U031R8, NUCLEO-U083RC, NUCLEO-U385RG-Q, NUCLEO-U545RE-Q, NUCLEO-U5A5ZJ-Q, NUCLEO-WB05KZ, NUCLEO-WB07CC, NUCLEO-WB09KE, NUCLEO-WBA52CG, NUCLEO-WBA55CG, NUCLEO-WBA65RI, NUCLEO-WL33CC1, NUCLEO-WL33CC2, STEVAL-PROTEUS1, STEVAL-SMARTAG2, STEVAL-STWINBX1, STM320518-EVAL, STM32C0116-DK, STM32C011D6Y3TR, STM32C011D6Y6TR, STM32C011F4P3, STM32C011F4P6, STM32C011F4U3, STM32C011F4U6TR, STM32C011F6P3, STM32C011F6P6, STM32C011F6U3, STM32C011F6U6TR, STM32C011J4M3, STM32C011J4M6, STM32C011J6M3, STM32C011J6M6, STM32C0316-DK, STM32C031C4T3, STM32C031C4T6, STM32C031C4U3, STM32C031C4U6, STM32C031C6T3, STM32C031C6T6, STM32C031C6U3, STM32C031C6U6, STM32C031F4P3, STM32C031F4P6, STM32C031F6P3, STM32C031F6P6, STM32C031G4U3, STM32C031G4U6, STM32C031G6U3, STM32C031G6U6, STM32C031K4T3, STM32C031K4T6, STM32C031K4U3, STM32C031K4U6, STM32C031K6T3, STM32C031K6T6, STM32C031K6U3, STM32C031K6U6, STM32C051C6T6, STM32C051C6U6, STM32C051C8T6, STM32C051C8U6, STM32C051D8Y6TR, STM32C051F6P6, STM32C051F8P6, STM32C051G6U6, STM32C051G8U6, STM32C051K6T6, STM32C051K6U6, STM32C051K8T6, STM32C071C8T6, STM32C071C8T6N, STM32C071C8U6, STM32C071C8U6N, STM32C071CBT6, STM32C071CBT6N, STM32C071CBU6, STM32C071CBU6N, STM32C071F8P6, STM32C071F8P6N, STM32C071FBP6, STM32C071FBP6N, STM32C071FBY6TR, STM32C071G8U6, STM32C071G8U6N, STM32C071GBU6, STM32C071GBU6N, STM32C071K8T6, STM32C071K8T6N, STM32C071K8U6, STM32C071K8U6N, STM32C071KBT6, STM32C071KBT6N, STM32C071KBU6, STM32C071KBU6N, STM32C071R8T6, STM32C071R8T6N, STM32C071RBI6N, STM32C071RBT6, STM32C071RBT6N, STM32C091CBT6, STM32C091CBU6, STM32C091CCT6, STM32C091CCU6, STM32C091ECY6TR, STM32C091FBP6, STM32C091FCP6, STM32C091GBU6, STM32C091GCU6, STM32C091KBT6, STM32C091KBU6, STM32C091KCT6, STM32C091KCU6, STM32C091RBT6, STM32C091RCI6, STM32C091RCT6, STM32C092CBT6, STM32C092CBU6, STM32C092CCT6, STM32C092CCU6, STM32C092ECY6TR, STM32C092FBP6, STM32C092FCP6, STM32C092GBU6, STM32C092GCU6, STM32C092KBT6, STM32C092KBU6, STM32C092KCT6, STM32C092KCU6, STM32C092RBT6, STM32C092RCI6, STM32C092RCT6, STM32G071K8TXN, STM32G071K8UXN, STM32G081GBU6N, STM32G081KBT6N, STM32G081KBUXN, STM32G0B1CCT6N, STM32G0B1KCT6, STM32G0B1NEY6TR, STM32G0B1RCT6N, STM32G0C1CCT6, STM32G0C1CCT6N, STM32G0C1CCU6N, STM32G0C1CET6N, STM32G0C1CEU6N, STM32G0C1KCT6, STM32G0C1NEY6TR, STM32G0C1RCI6N, STM32G0C1RCT6N, STM32G0C1REI6N, STM32G0C1RET6N, STM32G0C1VCI6, STM32G0C1VEI6, STM32G411C6T3, STM32G411C6T6, STM32G411C6U3, STM32G411C6U6, STM32G411C8T3, STM32G411C8T6, STM32G411C8U3, STM32G411C8U6, STM32G411CBT3, STM32G411CBT6, STM32G411CBU3, STM32G411CBU6, STM32G411CCT3, STM32G411CCT6, STM32G411CCU3, STM32G411CCU6, STM32G411K6T3, STM32G411K6T6, STM32G411K6U3, STM32G411K6U6, STM32G411K8T3, STM32G411K8T6, STM32G411K8U3, STM32G411K8U6, STM32G411KBT3, STM32G411KBT6, STM32G411KBU3, STM32G411KBU6, STM32G411M6T3, STM32G411M6T6, STM32G411M8T3, STM32G411M8T6, STM32G411MBT3, STM32G411MBT6, STM32G411MCT3, STM32G411MCT6, STM32G411R6T3, STM32G411R6T6, STM32G411R8T3, STM32G411R8T6, STM32G411RBT3, STM32G411RBT6, STM32G411RCT3, STM32G411RCT6, STM32G414CBT3, STM32G414CBT6, STM32G414CBU3, STM32G414CBU6, STM32G414CCT3, STM32G414CCT6, STM32G414CCU3, STM32G414CCU6, STM32G414MBT3, STM32G414MBT6, STM32G414MCT3, STM32G414MCT6, STM32G414RBT3, STM32G414RBT6, STM32G414RCT3, STM32G414RCT6, STM32G414VBT3, STM32G414VBT6, STM32G414VCT3, STM32G414VCT6, STM32G431CBT3Z, STM32G431RBT3Z, STM32G471CCT6, STM32G471CCU6, STM32G471CET3, STM32G471CET6, STM32G471CEU3, STM32G471CEU6, STM32G471MCT6, STM32G471MET3, STM32G471MET6, STM32G471MEY6TR, STM32G471QCT6, STM32G471QET3, STM32G471RCT6, STM32G471RET3, STM32G471RET6, STM32G471VCH6, STM32G471VCI6, STM32G471VCT6, STM32G471VEH3, STM32G471VEH6, STM32G471VEI3, STM32G471VEI6, STM32G471VET3, STM32G471VET6, STM32G473QET3Z, STM32G473RET3Z, STM32G474CCT6, STM32G491RET3Z, STM32H503CBT6, STM32H503CBU6, STM32H503EBY6TR, STM32H503KBU6, STM32H503RBT6, STM32H523CCT6, STM32H523CCU6, STM32H523CET6, STM32H523CEU6, STM32H523HEY6TR, STM32H523RCT6, STM32H523RET6, STM32H523VCI6, STM32H523VCT6, STM32H523VEI6, STM32H523VET6, STM32H523ZCJ6, STM32H523ZCT6, STM32H523ZEJ6, STM32H523ZET6, STM32H533CET6, STM32H533CEU6, STM32H533HEY6TR, STM32H533RET6, STM32H533VEI6, STM32H533VET6, STM32H533ZEJ6, STM32H533ZET6, STM32H562AGI6, STM32H562AII6, STM32H562IGK6, STM32H562IGT6, STM32H562IIK6, STM32H562IIT6, STM32H562RGT6, STM32H562RGV6, STM32H562RIT6, STM32H562RIV6, STM32H562VGT6, STM32H562VIT6, STM32H562ZGT6, STM32H562ZIT6, STM32H563AGI6, STM32H563AII3Q, STM32H563AII6, STM32H563IGK6, STM32H563IGT6, STM32H563IIK3Q, STM32H563IIK6, STM32H563IIT3Q, STM32H563IIT6, STM32H563MIY3QTR, STM32H563RGT6, STM32H563RGV6, STM32H563RIT6, STM32H563RIV6, STM32H563VGT6, STM32H563VIT3Q, STM32H563VIT6, STM32H563ZGT6, STM32H563ZIT3Q, STM32H563ZIT6, STM32H573AII3Q, STM32H573AII6, STM32H573I-DK, STM32H573IIK3Q, STM32H573IIK6, STM32H573IIT3Q, STM32H573IIT6, STM32H573MIY3QTR, STM32H573RIT6, STM32H573RIV6, STM32H573VIT3Q, STM32H573VIT6, STM32H573ZIT3Q, STM32H573ZIT6, STM32H7R3A8I6, STM32H7R3I8K6, STM32H7R3I8T6, STM32H7R3L8H6, STM32H7R3L8H6H, STM32H7R3R8V6, STM32H7R3V8H6, STM32H7R3V8T6, STM32H7R3V8Y6TR, STM32H7R3Z8J6, STM32H7R3Z8T6, STM32H7R7A8I6, STM32H7R7I8K6, STM32H7R7I8T6, STM32H7R7L8H6, STM32H7R7L8H6H, STM32H7R7Z8J6, STM32H7S3A8I6, STM32H7S3I8K6, STM32H7S3I8T6, STM32H7S3L8H6, STM32H7S3L8H6H, STM32H7S3R8V6, STM32H7S3V8H6, STM32H7S3V8T6, STM32H7S3V8Y6TR, STM32H7S3Z8J6, STM32H7S3Z8T6, STM32H7S78-DK, STM32H7S7A8I6, STM32H7S7I8K6, STM32H7S7I8T6, STM32H7S7L8H6, STM32H7S7L8H6H, STM32H7S7Z8J6, STM32L4R5QGI6STR, STM32MP131AAE3, STM32MP131AAF3, STM32MP131AAG3, STM32MP131CAE3, STM32MP131CAF3, STM32MP131CAG3, STM32MP131DAE7, STM32MP131DAF7, STM32MP131DAG7, STM32MP131FAE7, STM32MP131FAF7, STM32MP131FAG7, STM32MP133AAE3, STM32MP133AAF3, STM32MP133AAG3, STM32MP133CAE3, STM32MP133CAF3, STM32MP133CAG3, STM32MP133DAE7, STM32MP133DAF7, STM32MP133DAG7, STM32MP133FAE7, STM32MP133FAF7, STM32MP133FAG7, STM32MP135AAE3, STM32MP135AAF3, STM32MP135AAG3, STM32MP135CAE3, STM32MP135CAF3, STM32MP135CAG3, STM32MP135DAE7, STM32MP135DAF7, STM32MP135DAG7, STM32MP135F-DK, STM32MP135FAE7, STM32MP135FAF7, STM32MP135FAF7T, STM32MP135FAF7U, STM32MP135FAG7, STM32MP231AAJ3, STM32MP231AAK3, STM32MP231AAL3, STM32MP231CAJ3, STM32MP231CAK3, STM32MP231CAL3, STM32MP231DAJ3, STM32MP231DAK3, STM32MP231DAL3, STM32MP231FAJ3, STM32MP231FAK3, STM32MP231FAL3, STM32MP233AAJ3, STM32MP233AAK3, STM32MP233AAL3, STM32MP233CAJ3, STM32MP233CAK3, STM32MP233CAL3, STM32MP233DAJ3, STM32MP233DAK3, STM32MP233DAL3, STM32MP233FAJ3, STM32MP233FAK3, STM32MP233FAL3, STM32MP235AAJ3, STM32MP235AAK3, STM32MP235AAL3, STM32MP235CAJ3, STM32MP235CAK3, STM32MP235CAL3, STM32MP235DAJ3, STM32MP235DAK3, STM32MP235DAL3, STM32MP235FAJ3, STM32MP235FAK3, STM32MP235FAL3, STM32MP251AAI3, STM32MP251AAJ3, STM32MP251AAK3, STM32MP251AAL3, STM32MP251CAI3, STM32MP251CAJ3, STM32MP251CAK3, STM32MP251CAL3, STM32MP251DAI3, STM32MP251DAJ3, STM32MP251DAK3, STM32MP251DAL3, STM32MP251FAI3, STM32MP251FAJ3, STM32MP251FAK3, STM32MP251FAL3, STM32MP253AAI3, STM32MP253AAJ3, STM32MP253AAK3, STM32MP253AAL3, STM32MP253CAI3, STM32MP253CAJ3, STM32MP253CAK3, STM32MP253CAL3, STM32MP253DAI3, STM32MP253DAJ3, STM32MP253DAK3, STM32MP253DAL3, STM32MP253FAI3, STM32MP253FAJ3, STM32MP253FAK3, STM32MP253FAL3, STM32MP255AAI3, STM32MP255AAJ3, STM32MP255AAK3, STM32MP255AAL3, STM32MP255CAI3, STM32MP255CAJ3, STM32MP255CAK3, STM32MP255CAL3, STM32MP255DAI3, STM32MP255DAJ3, STM32MP255DAK3, STM32MP255DAL3, STM32MP255FAI3, STM32MP255FAJ3, STM32MP255FAK3, STM32MP255FAL3, STM32MP257AAI3, STM32MP257AAJ3, STM32MP257AAK3, STM32MP257AAL3, STM32MP257CAI3, STM32MP257CAJ3, STM32MP257CAK3, STM32MP257CAL3, STM32MP257DAI3, STM32MP257DAJ3, STM32MP257DAK3, STM32MP257DAL3, STM32MP257F-DK, STM32MP257F-EV1, STM32MP257FAI3, STM32MP257FAJ3, STM32MP257FAK3, STM32MP257FAL3, STM32N645A0H3Q, STM32N645B0H3Q, STM32N645I0H3Q, STM32N645L0H3Q, STM32N645X0H3Q, STM32N645Z0H3Q, STM32N647A0H3Q, STM32N647B0H3Q, STM32N647I0H3Q, STM32N647L0H3Q, STM32N647X0H3Q, STM32N647Z0H3Q, STM32N655A0H3Q, STM32N655B0H3Q, STM32N655I0H3Q, STM32N655L0H3Q, STM32N655X0H3Q, STM32N655Z0H3Q, STM32N6570-DK, STM32N657A0H3Q, STM32N657B0H3Q, STM32N657I0H3Q, STM32N657L0H3Q, STM32N657X0H3Q, STM32N657Z0H3Q, STM32U031C6T6, STM32U031C6U6, STM32U031C8T6, STM32U031C8U6, STM32U031F4P6, STM32U031F6P6, STM32U031F8P6, STM32U031G6Y6TR, STM32U031G8Y6TR, STM32U031K4U6, STM32U031K6U6, STM32U031K8U6, STM32U031R6I6, STM32U031R6T6, STM32U031R8I6, STM32U031R8T6, STM32U073C8T6, STM32U073C8U6, STM32U073CBT6, STM32U073CBU6, STM32U073CCT6, STM32U073CCU6, STM32U073H8Y6TR, STM32U073HBY6TR, STM32U073HCY6TR, STM32U073K8U6, STM32U073KBU6, STM32U073KCU6, STM32U073M8I6, STM32U073M8T6, STM32U073MBI6, STM32U073MBT6, STM32U073MCI6, STM32U073MCT6, STM32U073R8I6, STM32U073R8T6, STM32U073RBI6, STM32U073RBT6, STM32U073RCI6, STM32U073RCT6, STM32U083C-DK, STM32U083CCT6, STM32U083CCU6, STM32U083HCY6TR, STM32U083KCU6, STM32U083MCI6, STM32U083MCT6, STM32U083RCI6, STM32U083RCT6, STM32U375CET6, STM32U375CET6Q, STM32U375CEU6, STM32U375CEU6Q, STM32U375CEY6QTR, STM32U375CGT6, STM32U375CGT6Q, STM32U375CGU6, STM32U375CGU6Q, STM32U375CGY6QTR, STM32U375KEU6, STM32U375KGU6, STM32U375REI6, STM32U375REI6Q, STM32U375RET6, STM32U375RET6Q, STM32U375REY6GTR, STM32U375REY6QTR, STM32U375RGI6, STM32U375RGI6Q, STM32U375RGT6, STM32U375RGT6Q, STM32U375RGY6GTR, STM32U375RGY6QTR, STM32U375VEI6, STM32U375VEI6Q, STM32U375VET6, STM32U375VET6Q, STM32U375VGI6, STM32U375VGI6Q, STM32U375VGT6, STM32U375VGT6Q, STM32U385CGT6, STM32U385CGT6Q, STM32U385CGU6, STM32U385CGU6Q, STM32U385CGY6QTR, STM32U385KGU6, STM32U385RGI6, STM32U385RGI6Q, STM32U385RGT6, STM32U385RGT6Q, STM32U385RGY6GTR, STM32U385RGY6QTR, STM32U385VGI6, STM32U385VGI6Q, STM32U385VGT6, STM32U385VGT6Q, STM32U535CBT6, STM32U535CBT6Q, STM32U535CBU6, STM32U535CBU6Q, STM32U535CCT6, STM32U535CCT6Q, STM32U535CCU6, STM32U535CCU6Q, STM32U535CET6, STM32U535CET6Q, STM32U535CEU6, STM32U535CEU6Q, STM32U535JEY6QTR, STM32U535NCY6QTR, STM32U535NEY6QTR, STM32U535RBI6, STM32U535RBI6Q, STM32U535RBT6, STM32U535RBT6Q, STM32U535RCI6, STM32U535RCI6Q, STM32U535RCT6, STM32U535RCT6Q, STM32U535REI6, STM32U535REI6Q, STM32U535RET6, STM32U535RET6Q, STM32U535VCI6, STM32U535VCI6Q, STM32U535VCT6, STM32U535VCT6Q, STM32U535VEI6, STM32U535VEI6Q, STM32U535VET6, STM32U535VET6Q, STM32U545CET6, STM32U545CET6Q, STM32U545CEU6, STM32U545CEU6Q, STM32U545JEY6QTR, STM32U545NEY6QTR, STM32U545REI6, STM32U545REI6Q, STM32U545RET6, STM32U545RET6Q, STM32U545VEI6, STM32U545VEI6Q, STM32U545VET6, STM32U545VET6Q, STM32U595AIH6, STM32U595AIH6Q, STM32U595AJH6, STM32U595AJH6Q, STM32U595QII6, STM32U595QII6Q, STM32U595QJI6, STM32U595QJI6Q, STM32U595RIT6, STM32U595RIT6Q, STM32U595RJT6, STM32U595RJT6Q, STM32U595VIT6, STM32U595VIT6Q, STM32U595VJT6, STM32U595VJT6Q, STM32U595ZIT6, STM32U595ZIT6Q, STM32U595ZIY6QTR, STM32U595ZJT6, STM32U595ZJT6Q, STM32U595ZJY6QTR, STM32U599BJY6QTR, STM32U599NIH6Q, STM32U599NJH6Q, STM32U599VIT6Q, STM32U599VJT6, STM32U599VJT6Q, STM32U599ZIT6Q, STM32U599ZIY6QTR, STM32U599ZJT6Q, STM32U599ZJY6QTR, STM32U5A5AJH6, STM32U5A5AJH6Q, STM32U5A5QII3Q , STM32U5A5QJI6, STM32U5A5QJI6Q, STM32U5A5RJT6, STM32U5A5RJT6Q, STM32U5A5VJT6, STM32U5A5VJT6Q, STM32U5A5ZJT6, STM32U5A5ZJT6Q, STM32U5A5ZJY6QTR, STM32U5A9BJY6QTR, STM32U5A9J-DK, STM32U5A9NJH6Q, STM32U5A9VJT6Q, STM32U5A9ZJT6Q, STM32U5A9ZJY6QTR, STM32U5F7VIT6, STM32U5F7VIT6Q, STM32U5F7VJT6, STM32U5F7VJT6Q, STM32U5F9BJY6QTR, STM32U5F9NJH6Q, STM32U5F9VIT6Q, STM32U5F9VJT6Q, STM32U5F9ZIJ6QTR, STM32U5F9ZIT6Q, STM32U5F9ZJJ6QTR, STM32U5F9ZJT6Q, STM32U5G7VJT6, STM32U5G7VJT6Q, STM32U5G9BJY6QTR, STM32U5G9J-DK1, STM32U5G9J-DK2, STM32U5G9NJH6Q, STM32U5G9VJT6Q, STM32U5G9ZJJ6QTR, STM32U5G9ZJT6Q, STM32WB05KZV6TR, STM32WB05KZV7TR, STM32WB05TZF6TR, STM32WB05TZF7TR, STM32WB06CCF6TR, STM32WB06CCF7TR, STM32WB06CCV6TR, STM32WB06CCV7TR, STM32WB06KCV6TR, STM32WB06KCV7TR, STM32WB07CCF6TR, STM32WB07CCF7TR, STM32WB07CCV6TR, STM32WB07CCV7TR, STM32WB07KCV6TR, STM32WB07KCV7TR, STM32WB09KEV6TR, STM32WB09KEV7TR, STM32WB09TEF6TR, STM32WB09TEF7TR, STM32WB1MMCH6, STM32WBA50KGU6, STM32WBA50KGU6TR, STM32WBA52CEU6, STM32WBA52CEU6TR, STM32WBA52CEU7, STM32WBA52CEU7TR, STM32WBA52CGU6, STM32WBA52CGU6TR, STM32WBA52CGU6U, STM32WBA52CGU7, STM32WBA52CGU7TR, STM32WBA52KEU6, STM32WBA52KEU6TR, STM32WBA52KGU6, STM32WBA52KGU6TR, STM32WBA54CEU6, STM32WBA54CEU6TR, STM32WBA54CEU7, STM32WBA54CEU7TR, STM32WBA54CGU6, STM32WBA54CGU6TR, STM32WBA54CGU7, STM32WBA54CGU7TR, STM32WBA54KEU6, STM32WBA54KEU6TR, STM32WBA54KEU7, STM32WBA54KEU7TR, STM32WBA54KGU6, STM32WBA54KGU6TR, STM32WBA54KGU7, STM32WBA54KGU7TR, STM32WBA55CEU6, STM32WBA55CEU6TR, STM32WBA55CEU7, STM32WBA55CEU7TR, STM32WBA55CGU6, STM32WBA55CGU6TR, STM32WBA55CGU6U, STM32WBA55CGU7, STM32WBA55CGU7TR, STM32WBA55G-DK1, STM32WBA55HEF6, STM32WBA55HEF7, STM32WBA55HGF6, STM32WBA55HGF7, STM32WBA55UEI6, STM32WBA55UEI6TR, STM32WBA55UEI7, STM32WBA55UEI7TR, STM32WBA55UGI6, STM32WBA55UGI6TR, STM32WBA55UGI7, STM32WBA55UGI7TR, STM32WBA5MJGH6TR, STM32WBA62CGU6, STM32WBA62CIU6, STM32WBA62MGF6, STM32WBA62MIF6, STM32WBA62PGI6, STM32WBA62PII6, STM32WBA63CGU6, STM32WBA63CGU7, STM32WBA63CIU6, STM32WBA63CIU7, STM32WBA64CGU6, STM32WBA64CGU7, STM32WBA64CIU6, STM32WBA64CIU7, STM32WBA65CGU6, STM32WBA65CGU7, STM32WBA65CIU6, STM32WBA65CIU7, STM32WBA65I-DK1, STM32WBA65MGF6, STM32WBA65MGF7, STM32WBA65MIF6, STM32WBA65MIF7, STM32WBA65PGI6, STM32WBA65PGI7, STM32WBA65PII6, STM32WBA65PII7, STM32WBA65RGV6, STM32WBA65RGV7, STM32WBA65RIV6, STM32WBA65RIV7, STM32WL30K8V6, STM32WL30KBV6, STM32WL31C8V6, STM32WL31CBV6, STM32WL31K8V6, STM32WL31KBV6, STM32WL33C8V6, STM32WL33C8V6TR, STM32WL33C8V7, STM32WL33C8V7TR, STM32WL33CBV6, STM32WL33CBV6TR, STM32WL33CBV7, STM32WL33CBV7TR, STM32WL33CCV6, STM32WL33CCV6TR, STM32WL33CCV7, STM32WL33CCV7A, STM32WL33CCV7ATR, STM32WL33CCV7TR, STM32WL33K8V6, STM32WL33K8V6TR, STM32WL33K8V7, STM32WL33K8V7TR, STM32WL33KBV6, STM32WL33KBV6TR, STM32WL33KBV7, STM32WL33KBV7TR, STM32WL33KCV6, STM32WL33KCV6TR, STM32WL33KCV7, STM32WL33KCV7TR, STM32WL5MOCH6, STM32WL5MOCH6TR]
2026-05-16 21:19:56,828 [INFO] DbMcus:218 - Found 5082 MCUs, 4964 are supported
2026-05-16 21:19:56,829 [INFO] ApiDb:423 - Load user favorites file C:\Users\moonc/.stm32cubeide/favorites.mcus.txt: 0 item(s)
2026-05-16 21:19:56,829 [INFO] ApiDb:427 - User favorites MCUs=[]
2026-05-16 21:19:56,829 [INFO] DbMcus:224 - Set 0 / 0 favorites MCUs
2026-05-16 21:19:57,844 [INFO] ApiDb:448 - Save user favorites file C:\Users\moonc/.stm32cubeide/favorites.boards.txt: 0 item(s)
2026-05-16 21:19:57,845 [INFO] ApiDb:452 - User favorites Boards=[]
2026-05-16 21:19:57,848 [INFO] ApiDb:581 - Connected to CubeFinder SQLite database (C:\Users\moonc\.stmcufinder\plugins\mcufinder\mcu\cube-finder-db.db)
2026-05-16 21:19:57,919 [INFO] ApiDb:668 - CubeFinder database Data Model version=2.1
2026-05-16 21:19:57,919 [INFO] ApiDb:669 - CubeFinder database Configuration version=3.0.42
2026-05-16 21:19:57,919 [INFO] ApiDb:670 - CubeFinder database generation date=2026-05-06 (1778060171)
2026-05-16 21:19:57,919 [INFO] ApiDb:671 - CubeFinder database FW Pack versions=[FP-ATR-ASTRA1_V2.0.0, FP-SNS-FLIGHT1_V5.1.0, FP-SNS-MOTENV1_V5.1.0, FP-SNS-MOTENVWB1_V1.5.0, FP-SNS-SMARTAG2_V1.2.0, FP-SNS-STBOX1_V2.1.0, STM32Cube_FW_C0_V1.4.0, STM32Cube_FW_F4_V1.28.3, STM32Cube_FW_F7_V1.17.4, STM32Cube_FW_G0_V1.6.3, STM32Cube_FW_G4_V1.6.2, STM32Cube_FW_H5_V1.6.0, STM32Cube_FW_H7RS_V1.3.0, STM32Cube_FW_H7_V1.13.0, STM32Cube_FW_L0_V1.12.2, STM32Cube_FW_L4_V1.18.2, STM32Cube_FW_L5_V1.6.0, STM32Cube_FW_N6_V1.3.0, STM32Cube_FW_U0_V1.3.0, STM32Cube_FW_U3_V1.3.0, STM32Cube_FW_U5_V1.8.0, STM32Cube_FW_WB0_V1.4.0, STM32Cube_FW_WBA_V1.9.0, STM32Cube_FW_WB_V1.24.0, STM32Cube_FW_WL3_V1.4.0, STM32Cube_FW_WL_V1.5.0, X-CUBE-ALGOBUILD_V1.4.0, X-CUBE-ALS_V1.0.2, X-CUBE-AZRTOS-F4_V1.1.0, X-CUBE-AZRTOS-F7_V1.1.0, X-CUBE-AZRTOS-G0_V1.1.0, X-CUBE-AZRTOS-G4_V2.0.0, X-CUBE-AZRTOS-H7RS_V1.1.0, X-CUBE-AZRTOS-H7_V3.5.0, X-CUBE-AZRTOS-L4_V2.0.0, X-CUBE-AZRTOS-L5_V2.0.0, X-CUBE-AZRTOS-WB_V2.0.0, X-CUBE-AZRTOS-WL_V2.0.0, X-CUBE-BLE1_V7.1.0, X-CUBE-BLE2_V3.3.0, X-CUBE-BLEMGR_V4.1.0, X-CUBE-EEPRMA1_V5.2.0, X-CUBE-FREERTOS_V1.5.0, X-CUBE-GNSS1_V6.0.0, X-CUBE-MEMS1_V12.0.0, X-CUBE-NFC4_V3.0.0, X-CUBE-NFC7_V2.0.0, X-CUBE-SFXS2LP1_V4.0.0, X-CUBE-ST67W61_V1.2.0, X-CUBE-SUBG2_V5.0.0, X-CUBE-TOF1_V3.4.3]
2026-05-16 21:19:57,959 [INFO] DbBoardsSqlite:226 - include board P-NUCLEO-WB55-NUCLEO as a kit item of type 'Nucleo-64'
2026-05-16 21:19:57,960 [INFO] DbBoardsSqlite:226 - include board P-NUCLEO-WB55-USBDONGLE as a kit item of type 'Nucleo USB Dongle'
2026-05-16 21:19:57,960 [INFO] DbBoardsSqlite:226 - include board STEVAL-IDP005V1 as a kit item of type 'Evaluation Board'
2026-05-16 21:19:57,960 [INFO] DbBoardsSqlite:226 - include board STEVAL-IDP005V2 as a kit item of type 'Evaluation Board'
2026-05-16 21:19:58,023 [INFO] ApiDb:240 - Found 895 in-development CPN: [B-G473E-ZEST1S, B-WB1M-WPAN1, B-WBA5M-WPAN, B-WL5M-SUBG1, NUCLEO-C031C6, NUCLEO-C051C8, NUCLEO-C071RB, NUCLEO-C092RC, NUCLEO-H503RB, NUCLEO-H533RE, NUCLEO-H563ZI, NUCLEO-H7S3L8, NUCLEO-N657X0-Q, NUCLEO-U031R8, NUCLEO-U083RC, NUCLEO-U385RG-Q, NUCLEO-U545RE-Q, NUCLEO-U5A5ZJ-Q, NUCLEO-WB05KZ, NUCLEO-WB07CC, NUCLEO-WB09KE, NUCLEO-WBA52CG, NUCLEO-WBA55CG, NUCLEO-WBA65RI, NUCLEO-WL33CC1, NUCLEO-WL33CC2, STEVAL-PROTEUS1, STEVAL-SMARTAG2, STEVAL-STWINBX1, STM320518-EVAL, STM32C0116-DK, STM32C011D6Y3TR, STM32C011D6Y6TR, STM32C011F4P3, STM32C011F4P6, STM32C011F4U3, STM32C011F4U6TR, STM32C011F6P3, STM32C011F6P6, STM32C011F6U3, STM32C011F6U6TR, STM32C011J4M3, STM32C011J4M6, STM32C011J6M3, STM32C011J6M6, STM32C0316-DK, STM32C031C4T3, STM32C031C4T6, STM32C031C4U3, STM32C031C4U6, STM32C031C6T3, STM32C031C6T6, STM32C031C6U3, STM32C031C6U6, STM32C031F4P3, STM32C031F4P6, STM32C031F6P3, STM32C031F6P6, STM32C031G4U3, STM32C031G4U6, STM32C031G6U3, STM32C031G6U6, STM32C031K4T3, STM32C031K4T6, STM32C031K4U3, STM32C031K4U6, STM32C031K6T3, STM32C031K6T6, STM32C031K6U3, STM32C031K6U6, STM32C051C6T6, STM32C051C6U6, STM32C051C8T6, STM32C051C8U6, STM32C051D8Y6TR, STM32C051F6P6, STM32C051F8P6, STM32C051G6U6, STM32C051G8U6, STM32C051K6T6, STM32C051K6U6, STM32C051K8T6, STM32C071C8T6, STM32C071C8T6N, STM32C071C8U6, STM32C071C8U6N, STM32C071CBT6, STM32C071CBT6N, STM32C071CBU6, STM32C071CBU6N, STM32C071F8P6, STM32C071F8P6N, STM32C071FBP6, STM32C071FBP6N, STM32C071FBY6TR, STM32C071G8U6, STM32C071G8U6N, STM32C071GBU6, STM32C071GBU6N, STM32C071K8T6, STM32C071K8T6N, STM32C071K8U6, STM32C071K8U6N, STM32C071KBT6, STM32C071KBT6N, STM32C071KBU6, STM32C071KBU6N, STM32C071R8T6, STM32C071R8T6N, STM32C071RBI6N, STM32C071RBT6, STM32C071RBT6N, STM32C091CBT6, STM32C091CBU6, STM32C091CCT6, STM32C091CCU6, STM32C091ECY6TR, STM32C091FBP6, STM32C091FCP6, STM32C091GBU6, STM32C091GCU6, STM32C091KBT6, STM32C091KBU6, STM32C091KCT6, STM32C091KCU6, STM32C091RBT6, STM32C091RCI6, STM32C091RCT6, STM32C092CBT6, STM32C092CBU6, STM32C092CCT6, STM32C092CCU6, STM32C092ECY6TR, STM32C092FBP6, STM32C092FCP6, STM32C092GBU6, STM32C092GCU6, STM32C092KBT6, STM32C092KBU6, STM32C092KCT6, STM32C092KCU6, STM32C092RBT6, STM32C092RCI6, STM32C092RCT6, STM32G071K8TXN, STM32G071K8UXN, STM32G081GBU6N, STM32G081KBT6N, STM32G081KBUXN, STM32G0B1CCT6N, STM32G0B1KCT6, STM32G0B1NEY6TR, STM32G0B1RCT6N, STM32G0C1CCT6, STM32G0C1CCT6N, STM32G0C1CCU6N, STM32G0C1CET6N, STM32G0C1CEU6N, STM32G0C1KCT6, STM32G0C1NEY6TR, STM32G0C1RCI6N, STM32G0C1RCT6N, STM32G0C1REI6N, STM32G0C1RET6N, STM32G0C1VCI6, STM32G0C1VEI6, STM32G411C6T3, STM32G411C6T6, STM32G411C6U3, STM32G411C6U6, STM32G411C8T3, STM32G411C8T6, STM32G411C8U3, STM32G411C8U6, STM32G411CBT3, STM32G411CBT6, STM32G411CBU3, STM32G411CBU6, STM32G411CCT3, STM32G411CCT6, STM32G411CCU3, STM32G411CCU6, STM32G411K6T3, STM32G411K6T6, STM32G411K6U3, STM32G411K6U6, STM32G411K8T3, STM32G411K8T6, STM32G411K8U3, STM32G411K8U6, STM32G411KBT3, STM32G411KBT6, STM32G411KBU3, STM32G411KBU6, STM32G411M6T3, STM32G411M6T6, STM32G411M8T3, STM32G411M8T6, STM32G411MBT3, STM32G411MBT6, STM32G411MCT3, STM32G411MCT6, STM32G411R6T3, STM32G411R6T6, STM32G411R8T3, STM32G411R8T6, STM32G411RBT3, STM32G411RBT6, STM32G411RCT3, STM32G411RCT6, STM32G414CBT3, STM32G414CBT6, STM32G414CBU3, STM32G414CBU6, STM32G414CCT3, STM32G414CCT6, STM32G414CCU3, STM32G414CCU6, STM32G414MBT3, STM32G414MBT6, STM32G414MCT3, STM32G414MCT6, STM32G414RBT3, STM32G414RBT6, STM32G414RCT3, STM32G414RCT6, STM32G414VBT3, STM32G414VBT6, STM32G414VCT3, STM32G414VCT6, STM32G431CBT3Z, STM32G431RBT3Z, STM32G471CCT6, STM32G471CCU6, STM32G471CET3, STM32G471CET6, STM32G471CEU3, STM32G471CEU6, STM32G471MCT6, STM32G471MET3, STM32G471MET6, STM32G471MEY6TR, STM32G471QCT6, STM32G471QET3, STM32G471RCT6, STM32G471RET3, STM32G471RET6, STM32G471VCH6, STM32G471VCI6, STM32G471VCT6, STM32G471VEH3, STM32G471VEH6, STM32G471VEI3, STM32G471VEI6, STM32G471VET3, STM32G471VET6, STM32G473QET3Z, STM32G473RET3Z, STM32G474CCT6, STM32G491RET3Z, STM32H503CBT6, STM32H503CBU6, STM32H503EBY6TR, STM32H503KBU6, STM32H503RBT6, STM32H523CCT6, STM32H523CCU6, STM32H523CET6, STM32H523CEU6, STM32H523HEY6TR, STM32H523RCT6, STM32H523RET6, STM32H523VCI6, STM32H523VCT6, STM32H523VEI6, STM32H523VET6, STM32H523ZCJ6, STM32H523ZCT6, STM32H523ZEJ6, STM32H523ZET6, STM32H533CET6, STM32H533CEU6, STM32H533HEY6TR, STM32H533RET6, STM32H533VEI6, STM32H533VET6, STM32H533ZEJ6, STM32H533ZET6, STM32H562AGI6, STM32H562AII6, STM32H562IGK6, STM32H562IGT6, STM32H562IIK6, STM32H562IIT6, STM32H562RGT6, STM32H562RGV6, STM32H562RIT6, STM32H562RIV6, STM32H562VGT6, STM32H562VIT6, STM32H562ZGT6, STM32H562ZIT6, STM32H563AGI6, STM32H563AII3Q, STM32H563AII6, STM32H563IGK6, STM32H563IGT6, STM32H563IIK3Q, STM32H563IIK6, STM32H563IIT3Q, STM32H563IIT6, STM32H563MIY3QTR, STM32H563RGT6, STM32H563RGV6, STM32H563RIT6, STM32H563RIV6, STM32H563VGT6, STM32H563VIT3Q, STM32H563VIT6, STM32H563ZGT6, STM32H563ZIT3Q, STM32H563ZIT6, STM32H573AII3Q, STM32H573AII6, STM32H573I-DK, STM32H573IIK3Q, STM32H573IIK6, STM32H573IIT3Q, STM32H573IIT6, STM32H573MIY3QTR, STM32H573RIT6, STM32H573RIV6, STM32H573VIT3Q, STM32H573VIT6, STM32H573ZIT3Q, STM32H573ZIT6, STM32H7R3A8I6, STM32H7R3I8K6, STM32H7R3I8T6, STM32H7R3L8H6, STM32H7R3L8H6H, STM32H7R3R8V6, STM32H7R3V8H6, STM32H7R3V8T6, STM32H7R3V8Y6TR, STM32H7R3Z8J6, STM32H7R3Z8T6, STM32H7R7A8I6, STM32H7R7I8K6, STM32H7R7I8T6, STM32H7R7L8H6, STM32H7R7L8H6H, STM32H7R7Z8J6, STM32H7S3A8I6, STM32H7S3I8K6, STM32H7S3I8T6, STM32H7S3L8H6, STM32H7S3L8H6H, STM32H7S3R8V6, STM32H7S3V8H6, STM32H7S3V8T6, STM32H7S3V8Y6TR, STM32H7S3Z8J6, STM32H7S3Z8T6, STM32H7S78-DK, STM32H7S7A8I6, STM32H7S7I8K6, STM32H7S7I8T6, STM32H7S7L8H6, STM32H7S7L8H6H, STM32H7S7Z8J6, STM32L4R5QGI6STR, STM32MP131AAE3, STM32MP131AAF3, STM32MP131AAG3, STM32MP131CAE3, STM32MP131CAF3, STM32MP131CAG3, STM32MP131DAE7, STM32MP131DAF7, STM32MP131DAG7, STM32MP131FAE7, STM32MP131FAF7, STM32MP131FAG7, STM32MP133AAE3, STM32MP133AAF3, STM32MP133AAG3, STM32MP133CAE3, STM32MP133CAF3, STM32MP133CAG3, STM32MP133DAE7, STM32MP133DAF7, STM32MP133DAG7, STM32MP133FAE7, STM32MP133FAF7, STM32MP133FAG7, STM32MP135AAE3, STM32MP135AAF3, STM32MP135AAG3, STM32MP135CAE3, STM32MP135CAF3, STM32MP135CAG3, STM32MP135DAE7, STM32MP135DAF7, STM32MP135DAG7, STM32MP135F-DK, STM32MP135FAE7, STM32MP135FAF7, STM32MP135FAF7T, STM32MP135FAF7U, STM32MP135FAG7, STM32MP231AAJ3, STM32MP231AAK3, STM32MP231AAL3, STM32MP231CAJ3, STM32MP231CAK3, STM32MP231CAL3, STM32MP231DAJ3, STM32MP231DAK3, STM32MP231DAL3, STM32MP231FAJ3, STM32MP231FAK3, STM32MP231FAL3, STM32MP233AAJ3, STM32MP233AAK3, STM32MP233AAL3, STM32MP233CAJ3, STM32MP233CAK3, STM32MP233CAL3, STM32MP233DAJ3, STM32MP233DAK3, STM32MP233DAL3, STM32MP233FAJ3, STM32MP233FAK3, STM32MP233FAL3, STM32MP235AAJ3, STM32MP235AAK3, STM32MP235AAL3, STM32MP235CAJ3, STM32MP235CAK3, STM32MP235CAL3, STM32MP235DAJ3, STM32MP235DAK3, STM32MP235DAL3, STM32MP235FAJ3, STM32MP235FAK3, STM32MP235FAL3, STM32MP251AAI3, STM32MP251AAJ3, STM32MP251AAK3, STM32MP251AAL3, STM32MP251CAI3, STM32MP251CAJ3, STM32MP251CAK3, STM32MP251CAL3, STM32MP251DAI3, STM32MP251DAJ3, STM32MP251DAK3, STM32MP251DAL3, STM32MP251FAI3, STM32MP251FAJ3, STM32MP251FAK3, STM32MP251FAL3, STM32MP253AAI3, STM32MP253AAJ3, STM32MP253AAK3, STM32MP253AAL3, STM32MP253CAI3, STM32MP253CAJ3, STM32MP253CAK3, STM32MP253CAL3, STM32MP253DAI3, STM32MP253DAJ3, STM32MP253DAK3, STM32MP253DAL3, STM32MP253FAI3, STM32MP253FAJ3, STM32MP253FAK3, STM32MP253FAL3, STM32MP255AAI3, STM32MP255AAJ3, STM32MP255AAK3, STM32MP255AAL3, STM32MP255CAI3, STM32MP255CAJ3, STM32MP255CAK3, STM32MP255CAL3, STM32MP255DAI3, STM32MP255DAJ3, STM32MP255DAK3, STM32MP255DAL3, STM32MP255FAI3, STM32MP255FAJ3, STM32MP255FAK3, STM32MP255FAL3, STM32MP257AAI3, STM32MP257AAJ3, STM32MP257AAK3, STM32MP257AAL3, STM32MP257CAI3, STM32MP257CAJ3, STM32MP257CAK3, STM32MP257CAL3, STM32MP257DAI3, STM32MP257DAJ3, STM32MP257DAK3, STM32MP257DAL3, STM32MP257F-DK, STM32MP257F-EV1, STM32MP257FAI3, STM32MP257FAJ3, STM32MP257FAK3, STM32MP257FAL3, STM32N645A0H3Q, STM32N645B0H3Q, STM32N645I0H3Q, STM32N645L0H3Q, STM32N645X0H3Q, STM32N645Z0H3Q, STM32N647A0H3Q, STM32N647B0H3Q, STM32N647I0H3Q, STM32N647L0H3Q, STM32N647X0H3Q, STM32N647Z0H3Q, STM32N655A0H3Q, STM32N655B0H3Q, STM32N655I0H3Q, STM32N655L0H3Q, STM32N655X0H3Q, STM32N655Z0H3Q, STM32N6570-DK, STM32N657A0H3Q, STM32N657B0H3Q, STM32N657I0H3Q, STM32N657L0H3Q, STM32N657X0H3Q, STM32N657Z0H3Q, STM32U031C6T6, STM32U031C6U6, STM32U031C8T6, STM32U031C8U6, STM32U031F4P6, STM32U031F6P6, STM32U031F8P6, STM32U031G6Y6TR, STM32U031G8Y6TR, STM32U031K4U6, STM32U031K6U6, STM32U031K8U6, STM32U031R6I6, STM32U031R6T6, STM32U031R8I6, STM32U031R8T6, STM32U073C8T6, STM32U073C8U6, STM32U073CBT6, STM32U073CBU6, STM32U073CCT6, STM32U073CCU6, STM32U073H8Y6TR, STM32U073HBY6TR, STM32U073HCY6TR, STM32U073K8U6, STM32U073KBU6, STM32U073KCU6, STM32U073M8I6, STM32U073M8T6, STM32U073MBI6, STM32U073MBT6, STM32U073MCI6, STM32U073MCT6, STM32U073R8I6, STM32U073R8T6, STM32U073RBI6, STM32U073RBT6, STM32U073RCI6, STM32U073RCT6, STM32U083C-DK, STM32U083CCT6, STM32U083CCU6, STM32U083HCY6TR, STM32U083KCU6, STM32U083MCI6, STM32U083MCT6, STM32U083RCI6, STM32U083RCT6, STM32U375CET6, STM32U375CET6Q, STM32U375CEU6, STM32U375CEU6Q, STM32U375CEY6QTR, STM32U375CGT6, STM32U375CGT6Q, STM32U375CGU6, STM32U375CGU6Q, STM32U375CGY6QTR, STM32U375KEU6, STM32U375KGU6, STM32U375REI6, STM32U375REI6Q, STM32U375RET6, STM32U375RET6Q, STM32U375REY6GTR, STM32U375REY6QTR, STM32U375RGI6, STM32U375RGI6Q, STM32U375RGT6, STM32U375RGT6Q, STM32U375RGY6GTR, STM32U375RGY6QTR, STM32U375VEI6, STM32U375VEI6Q, STM32U375VET6, STM32U375VET6Q, STM32U375VGI6, STM32U375VGI6Q, STM32U375VGT6, STM32U375VGT6Q, STM32U385CGT6, STM32U385CGT6Q, STM32U385CGU6, STM32U385CGU6Q, STM32U385CGY6QTR, STM32U385KGU6, STM32U385RGI6, STM32U385RGI6Q, STM32U385RGT6, STM32U385RGT6Q, STM32U385RGY6GTR, STM32U385RGY6QTR, STM32U385VGI6, STM32U385VGI6Q, STM32U385VGT6, STM32U385VGT6Q, STM32U535CBT6, STM32U535CBT6Q, STM32U535CBU6, STM32U535CBU6Q, STM32U535CCT6, STM32U535CCT6Q, STM32U535CCU6, STM32U535CCU6Q, STM32U535CET6, STM32U535CET6Q, STM32U535CEU6, STM32U535CEU6Q, STM32U535JEY6QTR, STM32U535NCY6QTR, STM32U535NEY6QTR, STM32U535RBI6, STM32U535RBI6Q, STM32U535RBT6, STM32U535RBT6Q, STM32U535RCI6, STM32U535RCI6Q, STM32U535RCT6, STM32U535RCT6Q, STM32U535REI6, STM32U535REI6Q, STM32U535RET6, STM32U535RET6Q, STM32U535VCI6, STM32U535VCI6Q, STM32U535VCT6, STM32U535VCT6Q, STM32U535VEI6, STM32U535VEI6Q, STM32U535VET6, STM32U535VET6Q, STM32U545CET6, STM32U545CET6Q, STM32U545CEU6, STM32U545CEU6Q, STM32U545JEY6QTR, STM32U545NEY6QTR, STM32U545REI6, STM32U545REI6Q, STM32U545RET6, STM32U545RET6Q, STM32U545VEI6, STM32U545VEI6Q, STM32U545VET6, STM32U545VET6Q, STM32U595AIH6, STM32U595AIH6Q, STM32U595AJH6, STM32U595AJH6Q, STM32U595QII6, STM32U595QII6Q, STM32U595QJI6, STM32U595QJI6Q, STM32U595RIT6, STM32U595RIT6Q, STM32U595RJT6, STM32U595RJT6Q, STM32U595VIT6, STM32U595VIT6Q, STM32U595VJT6, STM32U595VJT6Q, STM32U595ZIT6, STM32U595ZIT6Q, STM32U595ZIY6QTR, STM32U595ZJT6, STM32U595ZJT6Q, STM32U595ZJY6QTR, STM32U599BJY6QTR, STM32U599NIH6Q, STM32U599NJH6Q, STM32U599VIT6Q, STM32U599VJT6, STM32U599VJT6Q, STM32U599ZIT6Q, STM32U599ZIY6QTR, STM32U599ZJT6Q, STM32U599ZJY6QTR, STM32U5A5AJH6, STM32U5A5AJH6Q, STM32U5A5QII3Q , STM32U5A5QJI6, STM32U5A5QJI6Q, STM32U5A5RJT6, STM32U5A5RJT6Q, STM32U5A5VJT6, STM32U5A5VJT6Q, STM32U5A5ZJT6, STM32U5A5ZJT6Q, STM32U5A5ZJY6QTR, STM32U5A9BJY6QTR, STM32U5A9J-DK, STM32U5A9NJH6Q, STM32U5A9VJT6Q, STM32U5A9ZJT6Q, STM32U5A9ZJY6QTR, STM32U5F7VIT6, STM32U5F7VIT6Q, STM32U5F7VJT6, STM32U5F7VJT6Q, STM32U5F9BJY6QTR, STM32U5F9NJH6Q, STM32U5F9VIT6Q, STM32U5F9VJT6Q, STM32U5F9ZIJ6QTR, STM32U5F9ZIT6Q, STM32U5F9ZJJ6QTR, STM32U5F9ZJT6Q, STM32U5G7VJT6, STM32U5G7VJT6Q, STM32U5G9BJY6QTR, STM32U5G9J-DK1, STM32U5G9J-DK2, STM32U5G9NJH6Q, STM32U5G9VJT6Q, STM32U5G9ZJJ6QTR, STM32U5G9ZJT6Q, STM32WB05KZV6TR, STM32WB05KZV7TR, STM32WB05TZF6TR, STM32WB05TZF7TR, STM32WB06CCF6TR, STM32WB06CCF7TR, STM32WB06CCV6TR, STM32WB06CCV7TR, STM32WB06KCV6TR, STM32WB06KCV7TR, STM32WB07CCF6TR, STM32WB07CCF7TR, STM32WB07CCV6TR, STM32WB07CCV7TR, STM32WB07KCV6TR, STM32WB07KCV7TR, STM32WB09KEV6TR, STM32WB09KEV7TR, STM32WB09TEF6TR, STM32WB09TEF7TR, STM32WB1MMCH6, STM32WBA50KGU6, STM32WBA50KGU6TR, STM32WBA52CEU6, STM32WBA52CEU6TR, STM32WBA52CEU7, STM32WBA52CEU7TR, STM32WBA52CGU6, STM32WBA52CGU6TR, STM32WBA52CGU6U, STM32WBA52CGU7, STM32WBA52CGU7TR, STM32WBA52KEU6, STM32WBA52KEU6TR, STM32WBA52KGU6, STM32WBA52KGU6TR, STM32WBA54CEU6, STM32WBA54CEU6TR, STM32WBA54CEU7, STM32WBA54CEU7TR, STM32WBA54CGU6, STM32WBA54CGU6TR, STM32WBA54CGU7, STM32WBA54CGU7TR, STM32WBA54KEU6, STM32WBA54KEU6TR, STM32WBA54KEU7, STM32WBA54KEU7TR, STM32WBA54KGU6, STM32WBA54KGU6TR, STM32WBA54KGU7, STM32WBA54KGU7TR, STM32WBA55CEU6, STM32WBA55CEU6TR, STM32WBA55CEU7, STM32WBA55CEU7TR, STM32WBA55CGU6, STM32WBA55CGU6TR, STM32WBA55CGU6U, STM32WBA55CGU7, STM32WBA55CGU7TR, STM32WBA55G-DK1, STM32WBA55HEF6, STM32WBA55HEF7, STM32WBA55HGF6, STM32WBA55HGF7, STM32WBA55UEI6, STM32WBA55UEI6TR, STM32WBA55UEI7, STM32WBA55UEI7TR, STM32WBA55UGI6, STM32WBA55UGI6TR, STM32WBA55UGI7, STM32WBA55UGI7TR, STM32WBA5MJGH6TR, STM32WBA62CGU6, STM32WBA62CIU6, STM32WBA62MGF6, STM32WBA62MIF6, STM32WBA62PGI6, STM32WBA62PII6, STM32WBA63CGU6, STM32WBA63CGU7, STM32WBA63CIU6, STM32WBA63CIU7, STM32WBA64CGU6, STM32WBA64CGU7, STM32WBA64CIU6, STM32WBA64CIU7, STM32WBA65CGU6, STM32WBA65CGU7, STM32WBA65CIU6, STM32WBA65CIU7, STM32WBA65I-DK1, STM32WBA65MGF6, STM32WBA65MGF7, STM32WBA65MIF6, STM32WBA65MIF7, STM32WBA65PGI6, STM32WBA65PGI7, STM32WBA65PII6, STM32WBA65PII7, STM32WBA65RGV6, STM32WBA65RGV7, STM32WBA65RIV6, STM32WBA65RIV7, STM32WL30K8V6, STM32WL30KBV6, STM32WL31C8V6, STM32WL31CBV6, STM32WL31K8V6, STM32WL31KBV6, STM32WL33C8V6, STM32WL33C8V6TR, STM32WL33C8V7, STM32WL33C8V7TR, STM32WL33CBV6, STM32WL33CBV6TR, STM32WL33CBV7, STM32WL33CBV7TR, STM32WL33CCV6, STM32WL33CCV6TR, STM32WL33CCV7, STM32WL33CCV7A, STM32WL33CCV7ATR, STM32WL33CCV7TR, STM32WL33K8V6, STM32WL33K8V6TR, STM32WL33K8V7, STM32WL33K8V7TR, STM32WL33KBV6, STM32WL33KBV6TR, STM32WL33KBV7, STM32WL33KBV7TR, STM32WL33KCV6, STM32WL33KCV6TR, STM32WL33KCV7, STM32WL33KCV7TR, STM32WL5MOCH6, STM32WL5MOCH6TR]
2026-05-16 21:19:58,080 [INFO] BoardInfo:889 - No configuration file found for board NUCLEO-H5E5ZJ
2026-05-16 21:19:58,081 [INFO] DbBoards:161 - Board is not supported: NUCLEO-H5E5ZJ
2026-05-16 21:19:58,109 [INFO] BoardInfo:889 - No configuration file found for board NUCLEO-U3C5ZI-Q
2026-05-16 21:19:58,109 [INFO] DbBoards:161 - Board is not supported: NUCLEO-U3C5ZI-Q
2026-05-16 21:19:58,117 [INFO] BoardInfo:889 - No configuration file found for board NUCLEO-WBA25CE1
2026-05-16 21:19:58,117 [INFO] DbBoards:161 - Board is not supported: NUCLEO-WBA25CE1
2026-05-16 21:19:58,122 [INFO] BoardInfo:889 - No configuration file found for board NUCLEO-WL3RKB1
2026-05-16 21:19:58,123 [INFO] DbBoards:161 - Board is not supported: NUCLEO-WL3RKB1
2026-05-16 21:19:58,123 [INFO] BoardInfo:889 - No configuration file found for board NUCLEO-WL3RKB2
2026-05-16 21:19:58,124 [INFO] DbBoards:161 - Board is not supported: NUCLEO-WL3RKB2
2026-05-16 21:19:58,128 [INFO] BoardInfo:889 - No configuration file found for board P-NUCLEO-WB55
2026-05-16 21:19:58,128 [INFO] DbBoards:161 - Kit is not supported: P-NUCLEO-WB55
2026-05-16 21:19:58,132 [INFO] BoardInfo:889 - No configuration file found for board STEVAL-BFA001V1B
2026-05-16 21:19:58,132 [INFO] DbBoards:161 - Kit is not supported: STEVAL-BFA001V1B
2026-05-16 21:19:58,133 [INFO] BoardInfo:889 - No configuration file found for board STEVAL-BFA001V2B
2026-05-16 21:19:58,134 [INFO] DbBoards:161 - Kit is not supported: STEVAL-BFA001V2B
2026-05-16 21:19:58,193 [INFO] BoardInfo:889 - No configuration file found for board STM32H5F5J-DK
2026-05-16 21:19:58,193 [INFO] DbBoards:161 - Board is not supported: STM32H5F5J-DK
2026-05-16 21:19:58,221 [INFO] BoardInfo:889 - No configuration file found for board STM32MP215F-DK
2026-05-16 21:19:58,222 [INFO] DbBoards:161 - Board is not supported: STM32MP215F-DK
2026-05-16 21:19:58,231 [INFO] DbBoards:168 - Found 218 boards, 208 are supported
2026-05-16 21:19:58,231 [INFO] DbBoards:169 - Found 218 boards, 43 of them is supported for  Bsp
2026-05-16 21:19:58,235 [INFO] ApiDb:423 - Load user favorites file C:\Users\moonc/.stm32cubeide/favorites.boards.txt: 0 item(s)
2026-05-16 21:19:58,235 [INFO] ApiDb:427 - User favorites Boards=[]
2026-05-16 21:19:58,235 [INFO] DbBoards:198 - Set 0 / 0 favorites Boards
2026-05-16 21:19:58,895 [ERROR] TargetSelectorAdapter:267 - Unable to refresh data
2026-05-16 21:19:58,946 [INFO] McuFinderGlobals:76 - Set McuFinderConnectedMode to true
2026-05-16 21:19:58,948 [INFO] MultiScanPanel:200 - Auto-refresh data requested => check proxy status ongoing
2026-05-16 21:19:58,948 [INFO] FinderPluginLoader:95 - Searching for filters in installed packs
2026-05-16 21:19:59,550 [INFO] LoadUrlFilesThread:185 - End of LoadServerUrlFiles without Thread
2026-05-16 21:19:59,550 [INFO] DetailPanel:341 - Set advertising image to C:/Users/moonc/STM32Cube/Repository/\en.prom-stm32wba2-stm32-nucleo-board-0426.png
2026-05-16 21:20:01,852 [INFO] MultiScanPanel:200 - Auto-refresh data requested => check proxy status ongoing
2026-05-16 21:20:01,912 [INFO] LoadUrlFilesThread:185 - End of LoadServerUrlFiles without Thread
2026-05-16 21:20:01,912 [INFO] DetailPanel:341 - Set advertising image to C:/Users/moonc/STM32Cube/Repository/\en.prom-stm32wba2-stm32-nucleo-board-0426.png
2026-05-16 21:20:01,920 [INFO] DbBoards:642 - Loading board mini-images...
2026-05-16 21:20:03,612 [INFO] DbBoards:665 - Loaded 218 board mini-images
2026-05-16 21:20:16,142 [INFO] BoardResultTable:719 - Mark Board NUCLEO-F446RE as favorite
2026-05-16 21:20:36,554 [INFO] MainUpdater:2872 - connection check result : 10
2026-05-16 21:20:36,554 [INFO] MainUpdater:2872 - connection check result : 10
2026-05-16 21:20:36,566 [INFO] MicroXplorer:468 - Change Database Path : 
2026-05-16 21:20:36,566 [INFO] MicroXplorer:498 - Change Database Version : DB.6.0.141
2026-05-16 21:20:36,569 [WARN] ThirdParty:871 - waiting for thirdparty lock release [close project]
2026-05-16 21:20:36,569 [INFO] ThirdParty:873 - entering critical section [close project]
2026-05-16 21:20:36,570 [INFO] ThirdParty:883 - exiting critical section [close project]
2026-05-16 21:20:36,571 [INFO] PinOutPanel:1589 - setPackage(No Configuration,No Configuration)
2026-05-16 21:20:36,573 [INFO] UtilMem:75 - Begin LoadConfig() Used Memory: 882933880 Bytes (1073741824)
2026-05-16 21:20:36,575 [INFO] OpenFileManager:354 - Change cursor
2026-05-16 21:20:36,615 [WARN] IntegrityCheckThread:84 - waiting for thirdparty lock release [integrity check]
2026-05-16 21:20:36,615 [INFO] IntegrityCheckThread:86 - entering critical section [integrity check]
2026-05-16 21:20:36,989 [WARN] PackLoader:240 - Cannot read IP mode file for STMicroelectronics.X-CUBE-AZRTOS-H7.3.5.0
2026-05-16 21:20:37,001 [WARN] PackLoader:240 - Cannot read IP mode file for STMicroelectronics.FP-ATR-ASTRA1.2.0.2
2026-05-16 21:20:37,010 [WARN] PackLoader:240 - Cannot read IP mode file for STMicroelectronics.X-CUBE-SMBUS.2.1.0
2026-05-16 21:20:37,036 [WARN] PackLoader:240 - Cannot read IP mode file for STMicroelectronics.X-CUBE-AZRTOS-F7.1.1.0
2026-05-16 21:20:37,042 [ERROR] Engine:466 - C:\Users\moonc\.stm32cubemx\thirdparties\pdsc\STMicroelectronics.FP-SNS-MOTENV1.5.1.0.pdsc: PDSC version is not supported
2026-05-16 21:20:37,046 [ERROR] Engine:466 - C:\Users\moonc\.stm32cubemx\thirdparties\pdsc\WES.I-CUBE-Cesium.1.4.0.pdsc: PDSC version is not supported
2026-05-16 21:20:37,055 [WARN] PackLoader:240 - Cannot read IP mode file for STMicroelectronics.X-CUBE-DISPLAY.3.0.0
2026-05-16 21:20:37,066 [WARN] PackLoader:240 - Cannot read IP mode file for STMicroelectronics.X-CUBE-GNSS1.7.1.1
2026-05-16 21:20:37,069 [ERROR] Engine:466 - C:\Users\moonc\.stm32cubemx\thirdparties\pdsc\STMicroelectronics.FP-SNS-MOTENVWB1.1.5.0.pdsc: PDSC version is not supported
2026-05-16 21:20:37,075 [WARN] PackLoader:240 - Cannot read IP mode file for wolfSSL.I-CUBE-wolfSSL.5.9.1
2026-05-16 21:20:37,082 [WARN] PackLoader:240 - Cannot read IP mode file for STMicroelectronics.X-CUBE-NFC10.1.0.0
2026-05-16 21:20:37,089 [WARN] PackLoader:240 - Cannot read IP mode file for STMicroelectronics.X-CUBE-ST60.1.1.0
2026-05-16 21:20:37,097 [WARN] PackLoader:240 - Cannot read IP mode file for emotas.I-CUBE-CANOPEN.1.3.0
2026-05-16 21:20:37,100 [ERROR] Engine:466 - C:\Users\moonc\.stm32cubemx\thirdparties\pdsc\STMicroelectronics.FP-SNS-STBOX1.2.1.0.pdsc: PDSC version is not supported
2026-05-16 21:20:37,105 [WARN] PackLoader:240 - Cannot read IP mode file for STMicroelectronics.FP-SNS-SMARTAG2.1.2.0
2026-05-16 21:20:37,109 [WARN] PackLoader:240 - Cannot read IP mode file for STMicroelectronics.FP-SNS-FLIGHT1.5.1.0
2026-05-16 21:20:37,119 [INFO] LogOutputStream:77 - [STDOUT_REDIRECT] 1 : Invalid condition id : UX_CORESTACK_Condition cause : null
2026-05-16 21:20:37,120 [INFO] LogOutputStream:77 - [STDOUT_REDIRECT] 1 : Invalid condition id : UX_CORESTACK_Condition cause : null
2026-05-16 21:20:37,121 [INFO] LogOutputStream:77 - [STDOUT_REDIRECT] 1 : Invalid condition id : UX_CORESTACK_Condition cause : null
2026-05-16 21:20:37,122 [INFO] LogOutputStream:77 - [STDOUT_REDIRECT] 1 : Invalid condition id : UX_CORESTACK_Condition cause : null
2026-05-16 21:20:37,123 [INFO] LogOutputStream:77 - [STDOUT_REDIRECT] 1 : Invalid condition id : UX_CORESTACK_Condition cause : null
2026-05-16 21:20:37,124 [WARN] PackLoader:240 - Cannot read IP mode file for STMicroelectronics.X-CUBE-AZRTOS-WL.2.0.0
2026-05-16 21:20:37,136 [WARN] PackLoader:240 - Cannot read IP mode file for STMicroelectronics.X-CUBE-AZRTOS-H7RS.1.2.0
2026-05-16 21:20:37,142 [WARN] PackLoader:240 - Cannot read IP mode file for STMicroelectronics.X-CUBE-BLE2.3.3.0
2026-05-16 21:20:37,168 [WARN] PackLoader:240 - Cannot read IP mode file for Infineon.AIROC-Wi-Fi-Bluetooth-STM32.1.8.0
2026-05-16 21:20:37,178 [WARN] PackLoader:240 - Cannot read IP mode file for STMicroelectronics.X-CUBE-NFC9.1.0.0
2026-05-16 21:20:37,184 [WARN] PackLoader:240 - Cannot read IP mode file for STMicroelectronics.X-CUBE-BLE1.7.1.0
2026-05-16 21:20:37,190 [WARN] PackLoader:240 - Cannot read IP mode file for wolfSSL.I-CUBE-wolfMQTT.1.19.2
2026-05-16 21:20:37,195 [WARN] PackLoader:240 - Cannot read IP mode file for STMicroelectronics.X-CUBE-EEPRMA1.5.2.0
2026-05-16 21:20:37,199 [ERROR] Engine:466 - C:\Users\moonc\.stm32cubemx\thirdparties\pdsc\STMicroelectronics.FP-SNS-STAIOTCFT.1.1.0.pdsc: PDSC version is not supported
2026-05-16 21:20:37,209 [WARN] PackLoader:240 - Cannot read IP mode file for STMicroelectronics.X-CUBE-AZRTOS-G0.1.1.0
2026-05-16 21:20:37,215 [WARN] PackLoader:240 - Cannot read IP mode file for STMicroelectronics.X-CUBE-NFC4.3.0.0
2026-05-16 21:20:37,223 [WARN] PackLoader:240 - Cannot read IP mode file for EmbeddedOffice.I-CUBE-FS-RTOS.1.0.1
2026-05-16 21:20:37,228 [WARN] PackLoader:240 - Cannot read IP mode file for wolfSSL.I-CUBE-wolfTPM.3.8.0
2026-05-16 21:20:37,235 [WARN] PackLoader:240 - Cannot read IP mode file for STMicroelectronics.X-CUBE-TCPP.4.2.0
2026-05-16 21:20:37,242 [WARN] PackLoader:240 - Cannot read IP mode file for RealThread.X-CUBE-RT-Thread_Nano.4.1.1
2026-05-16 21:20:37,248 [WARN] PackLoader:240 - Cannot read IP mode file for STMicroelectronics.FP-ATR-SIGFOX1.3.2.0
2026-05-16 21:20:37,250 [ERROR] Engine:466 - C:\Users\moonc\.stm32cubemx\thirdparties\pdsc\STMicroelectronics.X-CUBE-FREERTOS.1.5.0.pdsc: PDSC version is not supported
2026-05-16 21:20:37,257 [WARN] PackLoader:240 - Cannot read IP mode file for ITTIA_DB.I-CUBE-ITTIADB.8.9.0
2026-05-16 21:20:37,263 [WARN] PackLoader:240 - Cannot read IP mode file for Cesanta.I-CUBE-Mongoose.7.21.7
2026-05-16 21:20:37,268 [WARN] PackLoader:240 - Cannot read IP mode file for STMicroelectronics.X-CUBE-NFC6.3.2.0
2026-05-16 21:20:37,273 [WARN] PackLoader:240 - Cannot read IP mode file for STMicroelectronics.X-CUBE-AI.10.2.0
2026-05-16 21:20:37,293 [WARN] PackLoader:240 - Cannot read IP mode file for STMicroelectronics.X-CUBE-MEMS1.12.1.0
2026-05-16 21:20:37,367 [WARN] PackLoader:240 - Cannot read IP mode file for SEGGER.I-CUBE-embOS.1.3.1
2026-05-16 21:20:37,395 [WARN] PackLoader:240 - Cannot read IP mode file for STMicroelectronics.X-CUBE-ALGOBUILD.1.4.0
2026-05-16 21:20:37,401 [WARN] PackLoader:240 - Cannot read IP mode file for STMicroelectronics.X-CUBE-PM33A1.1.0.0
2026-05-16 21:20:37,410 [WARN] PackLoader:240 - Cannot read IP mode file for STMicroelectronics.X-CUBE-AZRTOS-F4.1.1.0
2026-05-16 21:20:37,416 [WARN] PackLoader:240 - Cannot read IP mode file for STMicroelectronics.X-CUBE-ISPU.2.1.0
2026-05-16 21:20:37,418 [ERROR] Engine:466 - C:\Users\moonc\.stm32cubemx\thirdparties\pdsc\STMicroelectronics.X-CUBE-IPS.3.2.0.pdsc: PDSC version is not supported
2026-05-16 21:20:37,422 [WARN] PackLoader:240 - Cannot read IP mode file for STMicroelectronics.eDS-WB_DPC_TT-BIDIR.2.1.1
2026-05-16 21:20:37,427 [WARN] PackLoader:240 - Cannot read IP mode file for STMicroelectronics.X-CUBE-NFC12.1.0.0
2026-05-16 21:20:37,437 [WARN] PackLoader:240 - Cannot read IP mode file for STMicroelectronics.X-CUBE-AZRTOS-L5.2.0.0
2026-05-16 21:20:37,444 [WARN] PackLoader:240 - Cannot read IP mode file for STMicroelectronics.eDS-WB_DPC_VIENNA.1.2.0
2026-05-16 21:20:37,449 [WARN] PackLoader:240 - Cannot read IP mode file for STMicroelectronics.eDS-WB_DPC_3PH2L-BIDIR.1.1.1
2026-05-16 21:20:37,451 [ERROR] Engine:466 - C:\Users\moonc\.stm32cubemx\thirdparties\pdsc\STMicroelectronics.X-CUBE-ST67W61.1.3.0.pdsc: PDSC version is not supported
2026-05-16 21:20:37,456 [WARN] PackLoader:240 - Cannot read IP mode file for STMicroelectronics.X-CUBE-TOUCHGFX.4.26.1
2026-05-16 21:20:37,461 [WARN] PackLoader:240 - Cannot read IP mode file for STMicroelectronics.X-CUBE-DPower.1.3.0
2026-05-16 21:20:37,473 [WARN] ConditionMgr:438 - getConditionDescription Invalid condition id : LAN8742 Phy interface Condition cause : null
2026-05-16 21:20:37,474 [WARN] PackLoader:240 - Cannot read IP mode file for STMicroelectronics.X-CUBE-AZRTOS-L4.2.0.0
2026-05-16 21:20:37,474 [WARN] ConditionMgr:1044 - genDependencies : Invalid condition id : LAN8742 Phy interface Condition cause : null
2026-05-16 21:20:37,474 [WARN] ConditionMgr:1044 - genDependencies : Invalid condition id : LAN8742 Phy interface Condition cause : null
2026-05-16 21:20:37,475 [WARN] ConditionMgr:1044 - genDependencies : Invalid condition id : LAN8742 Phy interface Condition cause : null
2026-05-16 21:20:37,481 [WARN] PackLoader:240 - Cannot read IP mode file for STMicroelectronics.X-CUBE-SFXS2LP1.4.0.0
2026-05-16 21:20:37,487 [WARN] PackLoader:240 - Cannot read IP mode file for STMicroelectronics.X-CUBE-WB05N.2.1.0
2026-05-16 21:20:37,494 [WARN] PackLoader:240 - Cannot read IP mode file for STMicroelectronics.X-CUBE-BLEMGR.4.1.0
2026-05-16 21:20:37,504 [WARN] ConditionMgr:438 - getConditionDescription Invalid condition id : UX DEVICE CLASS RTOS Condition cause : null
2026-05-16 21:20:37,504 [WARN] ConditionMgr:438 - getConditionDescription Invalid condition id : UX DEVICE CLASS RTOS Condition cause : null
2026-05-16 21:20:37,505 [WARN] PackLoader:240 - Cannot read IP mode file for STMicroelectronics.X-CUBE-AZRTOS-WB.2.0.0
2026-05-16 21:20:37,505 [WARN] ConditionMgr:1044 - genDependencies : Invalid condition id : UX DEVICE CLASS RTOS Condition cause : null
2026-05-16 21:20:37,505 [WARN] ConditionMgr:1044 - genDependencies : Invalid condition id : UX DEVICE CLASS RTOS Condition cause : null
2026-05-16 21:20:37,506 [WARN] ConditionMgr:1044 - genDependencies : Invalid condition id : UX DEVICE CLASS RTOS Condition cause : null
2026-05-16 21:20:37,506 [WARN] ConditionMgr:1044 - genDependencies : Invalid condition id : UX DEVICE CLASS RTOS Condition cause : null
2026-05-16 21:20:37,506 [WARN] ConditionMgr:1044 - genDependencies : Invalid condition id : UX DEVICE CLASS RTOS Condition cause : null
2026-05-16 21:20:37,513 [WARN] ConditionMgr:438 - getConditionDescription Invalid condition id : Cortex-A Device cause : null
2026-05-16 21:20:37,520 [WARN] ConditionMgr:1044 - genDependencies : Invalid condition id : Cortex-A Device cause : null
2026-05-16 21:20:37,520 [WARN] ConditionMgr:1044 - genDependencies : Invalid condition id : Cortex-A Device cause : null
2026-05-16 21:20:37,520 [WARN] ConditionMgr:1044 - genDependencies : Invalid condition id : Cortex-A Device cause : null
2026-05-16 21:20:37,526 [WARN] PackLoader:240 - Cannot read IP mode file for STMicroelectronics.X-CUBE-STSE01.2.0.0
2026-05-16 21:20:37,533 [WARN] PackLoader:240 - Cannot read IP mode file for STMicroelectronics.X-CUBE-SUBG2.5.0.0
2026-05-16 21:20:37,545 [WARN] PackLoader:240 - Cannot read IP mode file for STMicroelectronics.X-CUBE-AZRTOS-G4.2.0.0
2026-05-16 21:20:37,552 [WARN] PackLoader:240 - Cannot read IP mode file for wolfSSL.I-CUBE-wolfSSH.1.4.20
2026-05-16 21:20:37,558 [WARN] PackLoader:240 - Cannot read IP mode file for STMicroelectronics.X-CUBE-NFC7.2.0.0
2026-05-16 21:20:37,564 [WARN] PackLoader:240 - Cannot read IP mode file for STMicroelectronics.X-CUBE-ALS.1.0.2
2026-05-16 21:20:37,576 [WARN] PackLoader:240 - Cannot read IP mode file for STMicroelectronics.X-CUBE-TOF1.3.4.3
2026-05-16 21:20:37,580 [INFO] ThirdParty:978 - Integrity check success = true
2026-05-16 21:20:37,580 [INFO] IntegrityCheckThread:100 - exiting critical section [integrity check]
2026-05-16 21:20:37,580 [INFO] IntegrityCheckThread:103 - End integrity checks thread
2026-05-16 21:20:37,604 [INFO] ProjectFactory:442 - No CPN specified for board NUCLEO-F446RE => set CPN to STM32F446RET6
2026-05-16 21:20:37,605 [INFO] Mcu:2011 - Initializing MCU STM32F446R(C-E)Tx STM32F446RETx STM32F446RET6
2026-05-16 21:20:38,834 [INFO] Context:756 - Trying to add GPIOservice into a context  which must be forbidden
2026-05-16 21:20:39,104 [INFO] Rule:225 - rule 117617 - U5Cobra4M][GTZC] default value MPCBB3 and MPCBB5 - Not Secured memory - MPCBB1 is applicable
2026-05-16 21:20:39,104 [INFO] Rule:225 - rule 117617 - U5Cobra4M][GTZC] default value MPCBB3 and MPCBB5 - Not Secured memory - MPCBB1 is applicable
2026-05-16 21:20:39,104 [INFO] Rule:225 - rule 117617 - U5Cobra4M][GTZC] default value MPCBB3 and MPCBB5 - Not Secured memory - MPCBB2 is applicable
2026-05-16 21:20:39,104 [INFO] Rule:225 - rule 117617 - U5Cobra4M][GTZC] default value MPCBB3 and MPCBB5 - Not Secured memory - MPCBB2 is applicable
2026-05-16 21:20:39,104 [INFO] Rule:225 - rule 117617 - U5Cobra4M][GTZC] default value MPCBB3 and MPCBB5 - Not Secured memory - MPCBB3 is applicable
2026-05-16 21:20:39,105 [INFO] Rule:225 - rule 117617 - U5Cobra4M][GTZC] default value MPCBB3 and MPCBB5 - Not Secured memory - MPCBB3 is applicable
2026-05-16 21:20:39,105 [INFO] Rule:225 - rule 117617 - U5Cobra4M][GTZC] default value MPCBB3 and MPCBB5 - Not Secured memory - MPCBB4 is applicable
2026-05-16 21:20:39,105 [INFO] Rule:225 - rule 117617 - U5Cobra4M][GTZC] default value MPCBB3 and MPCBB5 - Not Secured memory - MPCBB4 is applicable
2026-05-16 21:20:39,105 [INFO] Rule:225 - rule 117617 - U5Cobra4M][GTZC] default value MPCBB3 and MPCBB5 - Secured memory - MPCBB1 is applicable
2026-05-16 21:20:39,105 [INFO] Rule:225 - rule 117617 - U5Cobra4M][GTZC] default value MPCBB3 and MPCBB5 - Secured memory - MPCBB2 is applicable
2026-05-16 21:20:39,105 [INFO] Rule:225 - rule 117617 - U5Cobra4M][GTZC] default value MPCBB3 and MPCBB5 - Secured memory - MPCBB3 is applicable
2026-05-16 21:20:39,105 [INFO] Rule:225 - rule 117617 - U5Cobra4M][GTZC] default value MPCBB3 and MPCBB5 - Secured memory - MPCBB4 is applicable
2026-05-16 21:20:39,105 [INFO] Rule:225 - rule 117617 - U5Cobra4M][GTZC] default value MPCBB3 and MPCBB5 - Privileged memory - MPCBB1 is applicable
2026-05-16 21:20:39,105 [INFO] Rule:225 - rule 117617 - U5Cobra4M][GTZC] default value MPCBB3 and MPCBB5 - Privileged memory - MPCBB2 is applicable
2026-05-16 21:20:39,105 [INFO] Rule:225 - rule 117617 - U5Cobra4M][GTZC] default value MPCBB3 and MPCBB5 - Privileged memory - MPCBB3 is applicable
2026-05-16 21:20:39,105 [INFO] Rule:225 - rule 117617 - U5Cobra4M][GTZC] default value MPCBB3 and MPCBB5 - Privileged memory - MPCBB4 is applicable
2026-05-16 21:20:39,105 [INFO] Rule:225 - rule 117617 - U5Cobra4M][GTZC] default value MPCBB3 and MPCBB5 - Not Privileged memory - MPCBB1 is applicable
2026-05-16 21:20:39,105 [INFO] Rule:225 - rule 117617 - U5Cobra4M][GTZC] default value MPCBB3 and MPCBB5 - Not Privileged memory - MPCBB2 is applicable
2026-05-16 21:20:39,105 [INFO] Rule:225 - rule 117617 - U5Cobra4M][GTZC] default value MPCBB3 and MPCBB5 - Not Privileged memory - MPCBB3 is applicable
2026-05-16 21:20:39,105 [INFO] Rule:225 - rule 117617 - U5Cobra4M][GTZC] default value MPCBB3 and MPCBB5 - Not Privileged memory - MPCBB4 is applicable
2026-05-16 21:20:39,105 [INFO] Rule:225 - rule 117617 - U5Cobra4M][GTZC] default value MPCBB3 and MPCBB5 - Privileged memory - MPCBB1 is applicable
2026-05-16 21:20:39,105 [INFO] Rule:225 - rule 117617 - U5Cobra4M][GTZC] default value MPCBB3 and MPCBB5 - Privileged memory - MPCBB2 is applicable
2026-05-16 21:20:39,105 [INFO] Rule:225 - rule 117617 - U5Cobra4M][GTZC] default value MPCBB3 and MPCBB5 - Privileged memory - MPCBB3 is applicable
2026-05-16 21:20:39,105 [INFO] Rule:225 - rule 117617 - U5Cobra4M][GTZC] default value MPCBB3 and MPCBB5 - Privileged memory - MPCBB4 is applicable
2026-05-16 21:20:39,105 [INFO] Rule:225 - rule 117617 - U5Cobra4M][GTZC] default value MPCBB3 and MPCBB5 - Privileged memory - MPCBB1 is applicable
2026-05-16 21:20:39,105 [INFO] Rule:225 - rule 117617 - U5Cobra4M][GTZC] default value MPCBB3 and MPCBB5 - Privileged memory - MPCBB2 is applicable
2026-05-16 21:20:39,105 [INFO] Rule:225 - rule 117617 - U5Cobra4M][GTZC] default value MPCBB3 and MPCBB5 - Privileged memory - MPCBB3 is applicable
2026-05-16 21:20:39,105 [INFO] Rule:225 - rule 117617 - U5Cobra4M][GTZC] default value MPCBB3 and MPCBB5 - Privileged memory - MPCBB4 is applicable
2026-05-16 21:20:39,106 [INFO] Rule:225 - rule 117617 - U5Cobra4M][GTZC] default value MPCBB3 and MPCBB5 - Not Privileged memory - MPCBB1 is applicable
2026-05-16 21:20:39,106 [INFO] Rule:225 - rule 117617 - U5Cobra4M][GTZC] default value MPCBB3 and MPCBB5 - Not Privileged memory - MPCBB2 is applicable
2026-05-16 21:20:39,106 [INFO] Rule:225 - rule 117617 - U5Cobra4M][GTZC] default value MPCBB3 and MPCBB5 - Not Privileged memory - MPCBB3 is applicable
2026-05-16 21:20:39,106 [INFO] Rule:225 - rule 117617 - U5Cobra4M][GTZC] default value MPCBB3 and MPCBB5 - Not Privileged memory - MPCBB4 is applicable
2026-05-16 21:20:39,106 [INFO] Rule:225 - rule 117617 - U5Cobra4M][GTZC] default value MPCBB3 and MPCBB5 - Privileged memory - MPCBB1 is applicable
2026-05-16 21:20:39,106 [INFO] Rule:225 - rule 117617 - U5Cobra4M][GTZC] default value MPCBB3 and MPCBB5 - Privileged memory - MPCBB2 is applicable
2026-05-16 21:20:39,106 [INFO] Rule:225 - rule 117617 - U5Cobra4M][GTZC] default value MPCBB3 and MPCBB5 - Privileged memory - MPCBB3 is applicable
2026-05-16 21:20:39,106 [INFO] Rule:225 - rule 117617 - U5Cobra4M][GTZC] default value MPCBB3 and MPCBB5 - Privileged memory - MPCBB4 is applicable
2026-05-16 21:20:39,106 [INFO] Rule:225 - rule Rename SubGHz_Phy SUBGHZ_APPLICATION SUBGHZ_PINGPONG to SUBGHZ_ADV_APPLICATION is applicable
2026-05-16 21:20:39,106 [INFO] Rule:225 - rule Rename Enabled to IBEACON is applicable
2026-05-16 21:20:39,106 [INFO] Rule:225 - rule GTZC_S instance for project manager is applicable
2026-05-16 21:20:39,106 [INFO] Rule:225 - rule GTZC_S instance for context M33S is applicable
2026-05-16 21:20:39,106 [INFO] Rule:225 - rule GTZC_S instance value for IP GTZC is applicable
2026-05-16 21:20:39,106 [INFO] Rule:225 - rule GTZC_S instance for mcu.IP is applicable
2026-05-16 21:20:39,106 [INFO] Rule:225 - rule GTZC_S instance for VP is applicable
2026-05-16 21:20:39,106 [INFO] Rule:225 - rule GTZC_S instance for signal is applicable
2026-05-16 21:20:39,106 [INFO] Rule:225 - rule GTZC_S instance for mcu.Pin is applicable
2026-05-16 21:20:39,106 [INFO] Rule:225 - rule GTZC_S instance for VP is applicable
2026-05-16 21:20:39,106 [INFO] Rule:225 - rule GTZC_S instance for signal is applicable
2026-05-16 21:20:39,106 [INFO] Rule:225 - rule GTZC_S instance for mcu is applicable
2026-05-16 21:20:39,106 [INFO] Rule:225 - rule GTZC_S instance for mcu.Pin is applicable
2026-05-16 21:20:39,106 [INFO] Rule:225 - rule GTZC_S instance value for IP GTZC is applicable
2026-05-16 21:20:39,106 [INFO] Rule:225 - rule GTZC_S instance for project manager is applicable
2026-05-16 21:20:39,106 [INFO] Rule:225 - rule GTZC_S instance for context M33S is applicable
2026-05-16 21:20:39,106 [INFO] Rule:225 - rule GTZC_S instance for VP is applicable
2026-05-16 21:20:39,106 [INFO] Rule:225 - rule GTZC_S instance for signal is applicable
2026-05-16 21:20:39,106 [INFO] Rule:225 - rule SPDIFRX instance for mcu is applicable
2026-05-16 21:20:39,107 [INFO] Rule:225 - rule Rename Tracer Mode is applicable
2026-05-16 21:20:39,107 [INFO] Rule:225 - rule SPDIFRX instance value for IP SPDIFRX is applicable
2026-05-16 21:20:39,107 [INFO] Rule:225 - rule SPDIFRX instance for signal is applicable
2026-05-16 21:20:39,107 [INFO] Rule:225 - rule SPDIFRX instance for project manager is applicable
2026-05-16 21:20:39,107 [INFO] Rule:225 - rule SPDIFRX instance for project manager is applicable
2026-05-16 21:20:39,107 [INFO] Rule:225 - rule ADC Scan  fix with FW F7 is applicable
2026-05-16 21:20:39,107 [INFO] Rule:225 - rule ADC Scan  fix with FW F7 is applicable
2026-05-16 21:20:39,107 [INFO] Rule:225 - rule WakeUp0 Mode is applicable
2026-05-16 21:20:39,107 [INFO] Rule:225 - rule WakeUp0 SIGNAL is applicable
2026-05-16 21:20:39,107 [INFO] Rule:225 - rule WakeUp1 Mode is applicable
2026-05-16 21:20:39,107 [INFO] Rule:225 - rule WakeUp1 SIGNAL is applicable
2026-05-16 21:20:39,107 [INFO] Rule:225 - rule WakeUp2 Mode is applicable
2026-05-16 21:20:39,107 [INFO] Rule:225 - rule WakeUp2 SIGNAL is applicable
2026-05-16 21:20:39,107 [INFO] Rule:225 - rule WakeUp4 Mode is applicable
2026-05-16 21:20:39,107 [INFO] Rule:225 - rule WakeUp4 SIGNAL is applicable
2026-05-16 21:20:39,107 [INFO] Rule:225 - rule WakeUp5 Mode is applicable
2026-05-16 21:20:39,107 [INFO] Rule:225 - rule WakeUp5 SIGNAL is applicable
2026-05-16 21:20:39,107 [INFO] Rule:225 - rule Add RTC Activate Clock Source is applicable
2026-05-16 21:20:39,107 [INFO] Rule:225 - rule Add RTC Activate Calendar 1 is applicable
2026-05-16 21:20:39,107 [INFO] Rule:225 - rule Add RTC Activate Calendar 2 is applicable
2026-05-16 21:20:39,107 [INFO] Rule:225 - rule Add RTC Activate Calendar 3 is applicable
2026-05-16 21:20:39,107 [INFO] Rule:225 - rule UART/USART TX Mode is applicable
2026-05-16 21:20:39,107 [INFO] Rule:225 - rule UART/USART RX Mode is applicable
2026-05-16 21:20:39,107 [INFO] Rule:225 - rule UART/USART RX TX Mode is applicable
2026-05-16 21:20:39,107 [INFO] Rule:225 - rule UART/USART PARITY NONE is applicable
2026-05-16 21:20:39,107 [INFO] Rule:225 - rule UART/USART PARITY EVEN is applicable
2026-05-16 21:20:39,108 [INFO] Rule:225 - rule UART/USART PARITY ODD is applicable
2026-05-16 21:20:39,108 [INFO] Rule:225 - rule USART StopBits 1 is applicable
2026-05-16 21:20:39,108 [INFO] Rule:225 - rule USART StopBits 2 is applicable
2026-05-16 21:20:39,108 [INFO] Rule:225 - rule USART StopBits 1.5 is applicable
2026-05-16 21:20:39,108 [INFO] Rule:225 - rule USART StopBits 0.5 is applicable
2026-05-16 21:20:39,108 [INFO] Rule:225 - rule UART/USART WORD LENGTH 7 is applicable
2026-05-16 21:20:39,108 [INFO] Rule:225 - rule UART/USART WORD LENGTH 8 is applicable
2026-05-16 21:20:39,108 [INFO] Rule:225 - rule UART/USART WORD LENGTH 9 is applicable
2026-05-16 21:20:39,108 [INFO] Rule:225 - rule Rename FMC NAND NCE signal is applicable
2026-05-16 21:20:39,108 [INFO] Rule:225 - rule Rename FMC NAND INT signal is applicable
2026-05-16 21:20:39,108 [INFO] Rule:225 - rule Change Default Value for LSE Drive Capability for WB family is applicable
2026-05-16 21:20:39,108 [INFO] Rule:225 - rule Change Default Value for ADC Clock Prescaler G0 family is applicable
2026-05-16 21:20:39,108 [INFO] Rule:225 - rule Change Default Value for ADC ExternalTrigConv L4 family is applicable
2026-05-16 21:20:39,108 [INFO] Rule:225 - rule Change Default Value for ADC ExternalTrigInjecConv L4 family is applicable
2026-05-16 21:20:39,108 [INFO] Rule:225 - rule Change Default Value for ADC ExternalTrigConv F3 family is applicable
2026-05-16 21:20:39,108 [INFO] Rule:225 - rule Change Default Value for ADC ExternalTrigInjecConv F3 family is applicable
2026-05-16 21:20:39,108 [INFO] Rule:225 - rule Change Default Value for ADC ExternalTrigConv Goldfish serie is applicable
2026-05-16 21:20:39,108 [INFO] Rule:225 - rule Change Default Value for ADC ExternalTrigInjecConv Goldfish serie is applicable
2026-05-16 21:20:39,108 [INFO] Rule:225 - rule Change Default Value for ADC ExternalTrigConv L0 family is applicable
2026-05-16 21:20:39,108 [INFO] Rule:225 - rule Change Default Value for ADC ExternalTrigConv F0 family is applicable
2026-05-16 21:20:39,108 [INFO] Rule:225 - rule Change Default Value for ADC ExternalTrigConvn L1 family is applicable
2026-05-16 21:20:39,108 [INFO] Rule:225 - rule Change Default Value for ADC ExternalTrigInjecConv L1 family is applicable
2026-05-16 21:20:39,108 [INFO] Rule:225 - rule Change Default Value for ADC ExternalTrigConv F1 family is applicable
2026-05-16 21:20:39,108 [INFO] Rule:225 - rule Change Default Value for ADC ExternalTrigInjecConv F1 family is applicable
2026-05-16 21:20:39,108 [INFO] Rule:225 - rule Change Default Value for ADC ExternalTrigConv F7 family is applicable
2026-05-16 21:20:39,108 [INFO] Rule:225 - rule Change Default Value for ADC ExternalTrigInjecConv F7 family is applicable
2026-05-16 21:20:39,108 [INFO] Rule:225 - rule Change Default Value for ADC ExternalTrigConv F4 and F2 family is applicable
2026-05-16 21:20:39,108 [INFO] Rule:225 - rule Change Default Value for ADC ExternalTrigInjecConv F4 and F2 family is applicable
2026-05-16 21:20:39,108 [INFO] Rule:225 - rule ADC SamplingTime fix with FW L0  is applicable
2026-05-16 21:20:39,109 [INFO] Rule:225 - rule ADC SamplingTime fix with FW L0  is applicable
2026-05-16 21:20:39,109 [INFO] Rule:225 - rule ADC SamplingTime fix with FW L0 is applicable
2026-05-16 21:20:39,109 [INFO] Rule:225 - rule ADC SamplingTime fix with FW L0 is applicable
2026-05-16 21:20:39,109 [INFO] Rule:225 - rule ADC SamplingTime fix with FW L0  is applicable
2026-05-16 21:20:39,109 [INFO] Rule:225 - rule ADC SamplingTime fix with FW L0 is applicable
2026-05-16 21:20:39,109 [INFO] Rule:225 - rule Rename USB_OE Signal is applicable
2026-05-16 21:20:39,109 [INFO] Rule:225 - rule Rename Activate_OE Mode is applicable
2026-05-16 21:20:39,109 [INFO] Rule:225 - rule Rename DIE462/DIE415 pin PC14/OSC32_IN -> PC14-OSC32_IN (PC14) is applicable
2026-05-16 21:20:39,109 [INFO] Rule:225 - rule Rename DIE462/DIE415 pin PC15/OSC32_OUT -> PC15-OSC32_OUT (PC15) is applicable
2026-05-16 21:20:39,109 [INFO] Rule:225 - rule Rename DIE462/DIE415 pin PH0/OSC_IN -> PH0-OSC_IN (PH0) is applicable
2026-05-16 21:20:39,109 [INFO] Rule:225 - rule Rename DIE462/DIE415 pin PH1/OSC_OUT -> PH1-OSC_OUT (PH1) is applicable
2026-05-16 21:20:39,109 [INFO] Rule:225 - rule Rename DIE462 pin PA13 -> PA13 (JTMS/SWDIO) is applicable
2026-05-16 21:20:39,109 [INFO] Rule:225 - rule Rename DIE415 pin PA13 -> PA13 (JTMS/SWDIO) is applicable
2026-05-16 21:20:39,109 [INFO] Rule:225 - rule Rename DIE462 pin PA14 -> PA14 (JTCK/SWCLK) is applicable
2026-05-16 21:20:39,109 [INFO] Rule:225 - rule Rename DIE415 pin PA14 -> PA14 (JTCK/SWCLK) is applicable
2026-05-16 21:20:39,109 [INFO] Rule:225 - rule Rename DIE462/DIE415 pin PA15 -> PA15 (JTDI) is applicable
2026-05-16 21:20:39,109 [INFO] Rule:225 - rule Rename DIE462 pin PB3 -> PB3 (JTD0/TRACESWO) is applicable
2026-05-16 21:20:39,109 [INFO] Rule:225 - rule Rename DIE415 pin PB3 -> PB3 (JTD0-TRACESWO) is applicable
2026-05-16 21:20:39,109 [INFO] Rule:225 - rule Rename DIE462/DIE415 pin PB4 -> PB4 (NJTRST) is applicable
2026-05-16 21:20:39,109 [INFO] Rule:225 - rule Rename DIE462 pin PH3/BOOT0 -> PH3-BOOT0 (BOOT0) is applicable
2026-05-16 21:20:39,109 [INFO] Rule:225 - rule Rename CRYP DataEncryptionTypesList to Algorithm is applicable
2026-05-16 21:20:39,109 [INFO] Rule:225 - rule Rename AES DataEncryptionTypesList to Algorithm is applicable
2026-05-16 21:20:39,109 [INFO] Rule:225 - rule Rename TDESECB to CRYP_TDES_ECB is applicable
2026-05-16 21:20:39,109 [INFO] Rule:225 - rule Rename TDESCBC to CRYP_TDES_CBC is applicable
2026-05-16 21:20:39,109 [INFO] Rule:225 - rule Rename DESECB to CRYP_DES_ECB is applicable
2026-05-16 21:20:39,109 [INFO] Rule:225 - rule Rename DESCBC to CRYP_DES_CBC is applicable
2026-05-16 21:20:39,109 [INFO] Rule:225 - rule Rename AESECB to CRYP_AES_ECB is applicable
2026-05-16 21:20:39,109 [INFO] Rule:225 - rule Rename AESCBC to CRYP_AES_CBC is applicable
2026-05-16 21:20:39,109 [INFO] Rule:225 - rule Rename AESCTR to CRYP_AES_CTR is applicable
2026-05-16 21:20:39,110 [INFO] Rule:225 - rule Rename AESGCM to CRYP_AES_GCM is applicable
2026-05-16 21:20:39,110 [INFO] Rule:225 - rule Rename AESCCM to CRYP_AES_CCM is applicable
2026-05-16 21:20:39,110 [INFO] Rule:225 - rule Rename CAN TimeSeg1 to BS1 is applicable
2026-05-16 21:20:39,110 [INFO] Rule:225 - rule Rename CAN TimeSeg2 to BS2 is applicable
2026-05-16 21:20:39,110 [INFO] Rule:225 - rule Rename CAN SyncJumpWidth to SJW is applicable
2026-05-16 21:20:39,110 [INFO] Rule:225 - rule TimeTriggeredMode to TTCM is applicable
2026-05-16 21:20:39,110 [INFO] Rule:225 - rule Rename CAN AutoBusOff to ABOM is applicable
2026-05-16 21:20:39,110 [INFO] Rule:225 - rule Rename CAN AutoWakeUp to AWUM is applicable
2026-05-16 21:20:39,110 [INFO] Rule:225 - rule Rename CAN AutoRetransmission to NART is applicable
2026-05-16 21:20:39,110 [INFO] Rule:225 - rule Rename CAN ReceiveFifoLocked to RFLM is applicable
2026-05-16 21:20:39,110 [INFO] Rule:225 - rule Rename CAN TransmitFifoPriority to TXFP is applicable
2026-05-16 21:20:39,110 [INFO] Rule:225 - rule Rename HRTIMER HRTIM_OUTPUTFAULTLEVEL_HIGH in HRTIMER HRTIM_OUTPUTFAULTLEVEL_HIGHZ is applicable
2026-05-16 21:20:39,110 [INFO] Rule:225 - rule Rename TIMER TIM_CLEARINPUTSOURCE_OCREFCLR in  TIMER TIM_CLEARINPUTSOURCE_NONE for F7 family is applicable
2026-05-16 21:20:39,110 [INFO] Rule:225 - rule FDCAN_R1 - Rename FDCAN mode Master into Classic is applicable
2026-05-16 21:20:39,110 [INFO] Rule:225 - rule FDCAN_R2 - Rename FDCAN mode Slave into Classic is applicable
2026-05-16 21:20:39,110 [INFO] Rule:225 - rule FDCAN1_R3 - if PA10.Mode=FullDuplex, add Pin PA12 is applicable
2026-05-16 21:20:39,110 [INFO] Rule:225 - rule FDCAN1_R3 - if PA9.Mode=FullDuplex, add Pin PA11 is applicable
2026-05-16 21:20:39,110 [INFO] Rule:225 - rule FDCAN1_R3 - Alternatepin_1 - if PE1.Mode=FullDuplex, add Pin PB9 is applicable
2026-05-16 21:20:39,110 [INFO] Rule:225 - rule FDCAN1_R3 - Alternatepin_1 - if PE0.Mode=FullDuplex, add Pin PB8 is applicable
2026-05-16 21:20:39,110 [INFO] Rule:225 - rule FDCAN1_R3 - Alternatepin_2 - if PD5.Mode=FullDuplex, add Pin PD1 is applicable
2026-05-16 21:20:39,110 [INFO] Rule:225 - rule FDCAN1_R3 - Alternatepin_2 - if PD4.Mode=FullDuplex, add Pin PD0 is applicable
2026-05-16 21:20:39,110 [INFO] Rule:225 - rule FDCAN1_R4 - Rename Mode FullDuplex into Enable FDCAN_TXFD for pin PA10 is applicable
2026-05-16 21:20:39,110 [INFO] Rule:225 - rule FDCAN1_R4 - Rename Mode FullDuplex into Enable FDCAN_TXFD for pin PA9 is applicable
2026-05-16 21:20:39,110 [INFO] Rule:225 - rule FDCAN1_R4 - Alternatepin_1 - Rename Mode FullDuplex into Enable FDCAN_TXFD for pin PE1 is applicable
2026-05-16 21:20:39,110 [INFO] Rule:225 - rule FDCAN1_R4 - Alternatepin_1 - Rename Mode FullDuplex into Enable FDCAN_TXFD for pin PE0 is applicable
2026-05-16 21:20:39,110 [INFO] Rule:225 - rule FDCAN1_R4 - Alternatepin_2 - Rename Mode FullDuplex into Enable FDCAN_TXFD for pin PD5 is applicable
2026-05-16 21:20:39,110 [INFO] Rule:225 - rule FDCAN1_R4 - Alternatepin_2 - Rename Mode FullDuplex into Enable FDCAN_TXFD for pin PD4 is applicable
2026-05-16 21:20:39,110 [INFO] Rule:225 - rule FDCAN2_R3 - if PD10.Mode=FullDuplex, add Pin PB13 is applicable
2026-05-16 21:20:39,111 [INFO] Rule:225 - rule FDCAN2_R3 - if PD9.Mode=FullDuplex, add Pin PB12 is applicable
2026-05-16 21:20:39,111 [INFO] Rule:225 - rule FDCAN2_R3 - Alternatepin_1 - if PB7.Mode=FullDuplex, add Pin PB6 is applicable
2026-05-16 21:20:39,111 [INFO] Rule:225 - rule FDCAN2_R3 - Alternatepin_1 - if PD9.Mode=FullDuplex, add Pin PB12 is applicable
2026-05-16 21:20:39,111 [INFO] Rule:225 - rule FDCAN2_R4 - Rename Mode FullDuplex into Enable FDCAN_TXFD for pin PD10 is applicable
2026-05-16 21:20:39,111 [INFO] Rule:225 - rule FDCAN2_R4 - Rename Mode FullDuplex into Enable FDCAN_TXFD for pin PD9 is applicable
2026-05-16 21:20:39,111 [INFO] Rule:225 - rule FDCAN2_R4 - Alternatepin_1 - Rename Mode FullDuplex into Enable FDCAN_TXFD for pin PB7 is applicable
2026-05-16 21:20:39,111 [INFO] Rule:225 - rule FDCAN2_R4 - Alternatepin_1 - Rename Mode FullDuplex into Enable FDCAN_TXFD for pin PD6 is applicable
2026-05-16 21:20:39,111 [INFO] Rule:225 - rule USART TxPinLevelInvertParam Mode is applicable
2026-05-16 21:20:39,111 [INFO] Rule:225 - rule USART RxPinLevelInvertParam Mode is applicable
2026-05-16 21:20:39,111 [INFO] Rule:225 - rule USART DataInvertParam Mode is applicable
2026-05-16 21:20:39,111 [INFO] Rule:225 - rule USART SwapParam Mode is applicable
2026-05-16 21:20:39,111 [INFO] Rule:225 - rule USART OverrunDisableParam Mode is applicable
2026-05-16 21:20:39,111 [INFO] Rule:225 - rule USART DMADisableonRxErrorParam Mode is applicable
2026-05-16 21:20:39,111 [INFO] Rule:225 - rule USART MSBFirstParam Mode is applicable
2026-05-16 21:20:39,111 [INFO] Rule:225 - rule Update MwName for USB_DEVICE is applicable
2026-05-16 21:20:39,111 [INFO] Rule:225 - rule Change PWR_Regulator_Voltage_Scale Default Value for RCC  H7 family is applicable
2026-05-16 21:20:39,111 [INFO] Rule:225 - rule UART/USART IPParameter rename Prescaler parameter to ClockPrescaler is applicable
2026-05-16 21:20:39,111 [INFO] Rule:225 - rule UART/USART Prescaler rename Prescaler parameter to ClockPrescaler is applicable
2026-05-16 21:20:39,111 [INFO] Rule:225 - rule TIM1CLockSelection is applicable
2026-05-16 21:20:39,111 [INFO] Rule:225 - rule TIM15CLockSelection is applicable
2026-05-16 21:20:39,111 [INFO] Rule:225 - rule align RCC SDMMC3CLockSelection default value on MP1 is applicable
2026-05-16 21:20:39,111 [INFO] Rule:225 - rule align RCC SDMMC12CLockSelection default value on MP1 is applicable
2026-05-16 21:20:39,111 [INFO] Rule:225 - rule align RCC QSPICLockSelection default value on MP1 is applicable
2026-05-16 21:20:39,111 [INFO] Rule:225 - rule align RCC QSPICLockSelection default value on MP1 is applicable
2026-05-16 21:20:39,111 [INFO] Rule:225 - rule align RCC SPI6CLockSelection default value on MP1 is applicable
2026-05-16 21:20:39,111 [INFO] Rule:225 - rule align RCC LPTIM23CLockSelection default value on MP1 is applicable
2026-05-16 21:20:39,111 [INFO] Rule:225 - rule align RCC LPTIM1CLockSelection default value on MP1 is applicable
2026-05-16 21:20:39,111 [INFO] Rule:225 - rule align RCC USART1CLockSelection default value on MP1 is applicable
2026-05-16 21:20:39,112 [INFO] Rule:225 - rule align RCC USART24CLockSelection default value on MP1 is applicable
2026-05-16 21:20:39,112 [INFO] Rule:225 - rule align RCC USART6CLockSelection default value on MP1 is applicable
2026-05-16 21:20:39,112 [INFO] Rule:225 - rule align RCC UART78CLockSelection default value on MP1 is applicable
2026-05-16 21:20:39,112 [INFO] Rule:225 - rule align RCC USART35CLockSelection default value on MP1 is applicable
2026-05-16 21:20:39,112 [INFO] Rule:225 - rule align RCC SPI45CLockSelection default value on MP1 is applicable
2026-05-16 21:20:39,112 [INFO] Rule:225 - rule align RCC I2C46CLockSelection BCLK value on MP1 is applicable
2026-05-16 21:20:39,112 [INFO] Rule:225 - rule align RCC SPI45CLockSelection default value on MP1 is applicable
2026-05-16 21:20:39,112 [INFO] Rule:225 - rule align RCC I2C12CLockSelection default value on MP1 is applicable
2026-05-16 21:20:39,112 [INFO] Rule:225 - rule align RCC I2C35CLockSelection default value on MP1 is applicable
2026-05-16 21:20:39,112 [INFO] Rule:225 - rule align RCC LPTIM45CLockSelection default value on MP1 is applicable
2026-05-16 21:20:39,112 [INFO] Rule:225 - rule Rename DCMI PIXCK signal is applicable
2026-05-16 21:20:39,112 [INFO] Rule:225 - rule Change Default Value for I2C46CLockSelection MP1 family is applicable
2026-05-16 21:20:39,112 [INFO] Rule:225 - rule Change Default Value for UART for G4, G0 and WB families is applicable
2026-05-16 21:20:39,112 [INFO] Rule:225 - rule Change Default Value for USART for G4, G0 and WB families is applicable
2026-05-16 21:20:39,112 [INFO] Rule:225 - rule Change Default Value for USART for G4 family is applicable
2026-05-16 21:20:39,112 [INFO] Rule:225 - rule Change USART1CLockSelection refparam name for MP1 is applicable
2026-05-16 21:20:39,112 [INFO] Rule:225 - rule Change USART2CLockSelection refparam name for MP1 is applicable
2026-05-16 21:20:39,112 [INFO] Rule:225 - rule Change USART3CLockSelection refparam name for MP1 is applicable
2026-05-16 21:20:39,112 [INFO] Rule:225 - rule Change UART4CLockSelection refparam name for MP1 is applicable
2026-05-16 21:20:39,112 [INFO] Rule:225 - rule Change UART5CLockSelection refparam name for MP1 is applicable
2026-05-16 21:20:39,112 [INFO] Rule:225 - rule Change LPUART1CLockSelection refparam name for MP1 is applicable
2026-05-16 21:20:39,112 [INFO] Rule:225 - rule Change LPTIM1CLockSelection refparam name for MP1 is applicable
2026-05-16 21:20:39,112 [INFO] Rule:225 - rule Change LPTIM2CLockSelection refparam name for MP1 is applicable
2026-05-16 21:20:39,112 [INFO] Rule:225 - rule Change RCC_MCO1Source refparam name for MP1 is applicable
2026-05-16 21:20:39,112 [INFO] Rule:225 - rule Change LSCOSource1 refparam name for MP1 is applicable
2026-05-16 21:20:39,113 [INFO] Rule:225 - rule Change SMPSCLockSelection refparam name for MP1 is applicable
2026-05-16 21:20:39,113 [INFO] Rule:225 - rule Change LPTIM3CLockSelection refparam name for MP1 is applicable
2026-05-16 21:20:39,113 [INFO] Rule:225 - rule Change MPCBB* Default Template Mode to Parameters is applicable
2026-05-16 21:20:39,113 [INFO] Rule:225 - rule Change MPCWM* or MPCBB* Secure Mode to Parameters is applicable
2026-05-16 21:20:39,113 [INFO] Rule:225 - rule Change MPCWM* or MPCBB* No Secure Mode to Parameters is applicable
2026-05-16 21:20:39,113 [INFO] Rule:225 - rule Change TZSC IP Secure Mode to Parameters is applicable
2026-05-16 21:20:39,113 [INFO] Rule:225 - rule Change TZSC IP No Secure Mode to Parameters is applicable
2026-05-16 21:20:39,113 [INFO] Rule:225 - rule Change TZSC IP Privilege Mode to Parameters is applicable
2026-05-16 21:20:39,113 [INFO] Rule:225 - rule Change TZSC IP No Privilege Mode to Parameters is applicable
2026-05-16 21:20:39,113 [INFO] Rule:225 - rule Change TZIC IT Secure Mode to Parameters is applicable
2026-05-16 21:20:39,113 [INFO] Rule:225 - rule Change TZIC IT No Secure Mode to Parameters is applicable
2026-05-16 21:20:39,113 [INFO] Rule:225 - rule Add MPCBB1_NonSecureArea_Start_Address value with referenced to MPCBB1_NonSecureArea_Start value is applicable
2026-05-16 21:20:39,113 [INFO] Rule:225 - rule Add MPCBB2_NonSecureArea_Start_Address value with referenced to MPCBB2_NonSecureArea_Start value is applicable
2026-05-16 21:20:39,113 [INFO] Rule:225 - rule Add MPCWM1_NonSecureArea*_Start_Address value with referenced to MPCWM1_NonSecureArea*_Start value is applicable
2026-05-16 21:20:39,113 [INFO] Rule:225 - rule Add MPCWM2_NonSecureArea*_Start_Address value with referenced to MPCWM2_NonSecureArea*_Start value is applicable
2026-05-16 21:20:39,113 [INFO] Rule:225 - rule Add MPCWM3_NonSecureArea_Start_Address value with referenced to MPCWM3_NonSecureArea_Start value is applicable
2026-05-16 21:20:39,113 [INFO] Rule:225 - rule Change Default Value for PLL1UserDefinedConfig is applicable
2026-05-16 21:20:39,113 [INFO] Rule:225 - rule Change GPIO_PuPd Default Value for USART in async mode is applicable
2026-05-16 21:20:39,113 [INFO] Rule:225 - rule Change SMPSDivider Default Value is applicable
2026-05-16 21:20:39,113 [INFO] Rule:225 - rule OPAMP is applicable
2026-05-16 21:20:39,113 [INFO] Rule:225 - rule LPUART IPParameter rename Prescaler parameter to ClockPrescaler for STM32H7 is applicable
2026-05-16 21:20:39,113 [INFO] Rule:225 - rule LPUART IPParameter rename Prescaler parameter to ClockPrescaler for STM32H7 is applicable
2026-05-16 21:20:39,113 [INFO] Rule:225 - rule LPUART IPParameter rename Prescaler parameter to ClockPrescaler for STM32WB is applicable
2026-05-16 21:20:39,113 [INFO] Rule:225 - rule LPUART IPParameter rename Prescaler parameter to ClockPrescaler for STM32WB is applicable
2026-05-16 21:20:39,113 [INFO] Rule:225 - rule LPUART IPParameter rename Prescaler parameter to ClockPrescaler for STM32G4 is applicable
2026-05-16 21:20:39,114 [INFO] Rule:225 - rule LPUART IPParameter rename Prescaler parameter to ClockPrescaler for STM32G4 is applicable
2026-05-16 21:20:39,114 [INFO] Rule:225 - rule LPUART IPParameter rename Prescaler parameter to ClockPrescaler for STM32L5 is applicable
2026-05-16 21:20:39,114 [INFO] Rule:225 - rule LPUART IPParameter rename Prescaler parameter to ClockPrescaler for STM32L5 is applicable
2026-05-16 21:20:39,114 [INFO] Rule:225 - rule LPUART IPParameter rename Prescaler parameter to ClockPrescaler for STM32G4 is applicable
2026-05-16 21:20:39,114 [INFO] Rule:225 - rule LPUART IPParameter rename Prescaler parameter to ClockPrescaler for STM32G4 is applicable
2026-05-16 21:20:39,114 [INFO] Rule:225 - rule USB device lib V2.5.3 for L0 rename USBD_SUPPORT_USER_STRING parameter to USBD_SUPPORT_USER_STRING_DESC4 is applicable
2026-05-16 21:20:39,114 [INFO] Rule:225 - rule I2SCLockSelection clock entry align is applicable
2026-05-16 21:20:39,114 [INFO] Rule:225 - rule Assign TIMx context if used as SYS timebase is applicable
2026-05-16 21:20:39,114 [INFO] Rule:225 - rule Change GPIO_Pu Default Value for I2C is applicable
2026-05-16 21:20:39,114 [INFO] Rule:225 - rule Change GPIO_Pu Default Value for SMBus is applicable
2026-05-16 21:20:39,114 [INFO] Rule:225 - rule change FDCAN default value is applicable
2026-05-16 21:20:39,114 [INFO] Rule:225 - rule Change mode sai is applicable
2026-05-16 21:20:39,114 [INFO] Rule:225 - rule **Change sai mode is applicable
2026-05-16 21:20:39,114 [INFO] Rule:225 - rule Rename STM32WPAN CFG_BLE_IRK to CFG_BLE_IR is applicable
2026-05-16 21:20:39,114 [INFO] Rule:225 - rule Rename STM32WPAN CFG_BLE_ERK to CFG_BLE_ER is applicable
2026-05-16 21:20:39,114 [INFO] Rule:225 - rule Rename STM32WPAN CFG_BLE_IRK_HEX to CFG_BLE_IR_HEX is applicable
2026-05-16 21:20:39,114 [INFO] Rule:225 - rule Rename STM32WPAN CFG_BLE_ERK_HEX to CFG_BLE_ER_HEX is applicable
2026-05-16 21:20:39,114 [INFO] Rule:225 - rule Adapt Old IOC before rework replace old CORTEX_M33/CORTEX_M55 attributes by the new one. is applicable
2026-05-16 21:20:39,114 [INFO] Rule:225 - rule Rename parametre of RCC RCC_APBDBG_DIV2 to RCC_TIMPRES_DIV2 is applicable
2026-05-16 21:20:39,114 [INFO] Rule:225 - rule Rename DIE493 pin PA10 [PA12] -> PA10 is applicable
2026-05-16 21:20:39,114 [INFO] Rule:225 - rule Rename DIE493 pin PA9 [PA11] -> PA9 is applicable
2026-05-16 21:20:39,114 [INFO] Rule:225 - rule Adapt Old IOC CSI. is applicable
2026-05-16 21:20:39,124 [INFO] DbConfProperties:307 - Apply Compatibility (49/267 Rules)
2026-05-16 21:20:39,135 [INFO] ImportTextPane:218 - (OptionalMessage_ERROR) Unable to find key (Mcu.ThirdPartyNb) in loaded IOC file
2026-05-16 21:20:39,138 [INFO] ImportTextPane:218 - (OptionalMessage_ERROR) Pin12 (VP_RIF_VS_RIF1) cannot be retrieved for this MCU
2026-05-16 21:20:39,221 [INFO] RtosManager:558 - Registered RTOS mode: class=CMSIS, group=RTOS, mode=CMSIS_V1, owner=FREERTOS
2026-05-16 21:20:39,221 [INFO] RtosManager:558 - Registered RTOS mode: class=CMSIS, group=RTOS2, mode=CMSIS_V2, owner=FREERTOS
2026-05-16 21:20:39,221 [INFO] RtosManager:558 - Registered RTOS mode: class=RTOS, group=Core, mode=CMSIS_V1, owner=FREERTOS
2026-05-16 21:20:39,221 [INFO] RtosManager:558 - Registered RTOS mode: class=RTOS, group=Core, mode=CMSIS_V2, owner=FREERTOS
2026-05-16 21:20:39,221 [WARN] ModelIntegratedComponent:184 - Missing modes for component STMicroelectronics:FreeRTOS:0.0.1:STMicroelectronics:RTOS:FreeRTOS:Core:::10.2.0:
2026-05-16 21:20:39,234 [WARN] ModelIntegratedComponent:63 - No mode defined for component null
2026-05-16 21:20:39,234 [WARN] ModelIntegratedComponent:63 - No mode defined for component null
2026-05-16 21:20:39,235 [WARN] ModelIntegratedComponent:63 - No mode defined for component null
2026-05-16 21:20:39,235 [WARN] ModelIntegratedComponent:63 - No mode defined for component null
2026-05-16 21:20:39,235 [WARN] ModelIntegratedComponent:63 - No mode defined for component null
2026-05-16 21:20:39,235 [WARN] ModelIntegratedComponent:63 - No mode defined for component null
2026-05-16 21:20:39,235 [WARN] ModelIntegratedComponent:63 - No mode defined for component null
2026-05-16 21:20:39,235 [WARN] ModelIntegratedComponent:63 - No mode defined for component null
2026-05-16 21:20:39,235 [WARN] ModelIntegratedComponent:63 - No mode defined for component null
2026-05-16 21:20:39,235 [WARN] ModelIntegratedComponent:63 - No mode defined for component null
2026-05-16 21:20:39,235 [WARN] ModelIntegratedComponent:63 - No mode defined for component null
2026-05-16 21:20:39,235 [WARN] ModelIntegratedComponent:63 - No mode defined for component null
2026-05-16 21:20:39,235 [WARN] ModelIntegratedComponent:63 - No mode defined for component null
2026-05-16 21:20:39,235 [WARN] ModelIntegratedComponent:63 - No mode defined for component null
2026-05-16 21:20:39,235 [WARN] ModelIntegratedComponent:63 - No mode defined for component null
2026-05-16 21:20:39,235 [WARN] ModelIntegratedComponent:63 - No mode defined for component null
2026-05-16 21:20:39,235 [WARN] ModelIntegratedComponent:63 - No mode defined for component null
2026-05-16 21:20:39,235 [WARN] ModelIntegratedComponent:63 - No mode defined for component null
2026-05-16 21:20:39,235 [WARN] ModelIntegratedComponent:63 - No mode defined for component null
2026-05-16 21:20:39,235 [WARN] ModelIntegratedComponent:63 - No mode defined for component null
2026-05-16 21:20:39,235 [WARN] ModelIntegratedComponent:63 - No mode defined for component null
2026-05-16 21:20:39,235 [WARN] ModelIntegratedComponent:63 - No mode defined for component null
2026-05-16 21:20:39,235 [WARN] ModelIntegratedComponent:63 - No mode defined for component null
2026-05-16 21:20:39,235 [WARN] ModelIntegratedComponent:63 - No mode defined for component null
2026-05-16 21:20:39,235 [WARN] ModelIntegratedComponent:63 - No mode defined for component null
2026-05-16 21:20:39,235 [WARN] ModelIntegratedComponent:63 - No mode defined for component null
2026-05-16 21:20:39,235 [WARN] ModelIntegratedComponent:63 - No mode defined for component null
2026-05-16 21:20:39,235 [WARN] ModelIntegratedComponent:63 - No mode defined for component null
2026-05-16 21:20:39,235 [WARN] ModelIntegratedComponent:63 - No mode defined for component null
2026-05-16 21:20:39,236 [WARN] ModelIntegratedComponent:63 - No mode defined for component null
2026-05-16 21:20:39,236 [WARN] ModelIntegratedComponent:63 - No mode defined for component null
2026-05-16 21:20:39,236 [WARN] ModelIntegratedComponent:63 - No mode defined for component null
2026-05-16 21:20:39,236 [WARN] ModelIntegratedComponent:63 - No mode defined for component null
2026-05-16 21:20:39,236 [WARN] ModelIntegratedComponent:63 - No mode defined for component null
2026-05-16 21:20:39,236 [WARN] ModelIntegratedComponent:63 - No mode defined for component null
2026-05-16 21:20:39,236 [WARN] ModelPack:524 - Component already loaded: STMicroelectronics:HAL Drivers:0.0.0:STMicroelectronics:Device:STMicro_Driver:XSPI:HAL::0.0.1:HAL_XSPI
2026-05-16 21:20:39,294 [INFO] ThirdPartyModel:298 - Start build external matchings
2026-05-16 21:20:39,526 [INFO] ThirdPartyModel:316 - End build external matchings
2026-05-16 21:20:39,535 [INFO] ImportTextPane:218 - (OptionalMessage_ERROR) IP (RCC) : Invalid parameter (48MHZClocksFreq_Value)
2026-05-16 21:20:39,535 [INFO] ImportTextPane:218 - (OptionalMessage_ERROR) IP (RCC) : Invalid parameter (EthernetFreq_Value)
2026-05-16 21:20:39,536 [INFO] ImportTextPane:218 - (OptionalMessage_ERROR) IP (RCC) : Parameter (FLatency) has Id (AdvancedSettings) currently not set
2026-05-16 21:20:39,536 [INFO] ImportTextPane:218 - (OptionalMessage_ERROR) IP (RCC) : Invalid parameter (FamilyName)
2026-05-16 21:20:39,537 [INFO] ImportTextPane:218 - (OptionalMessage_ERROR) IP (RCC) : Invalid parameter (I2SClocksFreq_Value)
2026-05-16 21:20:39,537 [INFO] ImportTextPane:218 - (OptionalMessage_ERROR) IP (RCC) : Parameter (SDIOFreq_Value) has invalid value (168000000)
2026-05-16 21:20:39,537 [INFO] ImportTextPane:218 - (OptionalMessage_ERROR) IP (RCC) : Parameter (USBFreq_Value) has invalid value (168000000)
2026-05-16 21:20:39,538 [INFO] ImportTextPane:218 - (OptionalMessage_ERROR) IP (RCC) : Invalid parameter (VCOInputMFreq_Value)
2026-05-16 21:20:39,538 [INFO] ImportTextPane:218 - (OptionalMessage_ERROR) IP (RCC) : Invalid parameter (VcooutputI2S)
2026-05-16 21:20:39,799 [INFO] UtilMem:75 - End LoadConfig() Used Memory: 928153728 Bytes (1073741824)
2026-05-16 21:20:39,907 [WARN] ThirdParty:833 - waiting for thirdparty lock release [change project]
2026-05-16 21:20:39,907 [INFO] ThirdParty:835 - entering critical section [change project]
2026-05-16 21:20:39,907 [INFO] ThirdParty:1030 - CMSIS Pack Vendor :STMicroelectronics X-CUBE-AZRTOS-H7 3.5.0
2026-05-16 21:20:39,907 [INFO] ThirdParty:1030 - CMSIS Pack Vendor :STMicroelectronics X-CUBE-PM33A1 1.0.0
2026-05-16 21:20:39,907 [INFO] ThirdParty:1030 - CMSIS Pack Vendor :STMicroelectronics USBPD 4.1
2026-05-16 21:20:39,907 [INFO] ThirdParty:1030 - CMSIS Pack Vendor :STMicroelectronics X-CUBE-NFC9 1.0.0
2026-05-16 21:20:39,907 [INFO] ThirdParty:1030 - CMSIS Pack Vendor :STMicroelectronics USB_HOST 2.0.0
2026-05-16 21:20:39,907 [INFO] ThirdParty:1030 - CMSIS Pack Vendor :STMicroelectronics X-CUBE-AZRTOS-F4 1.1.0
2026-05-16 21:20:39,908 [INFO] ThirdParty:1030 - CMSIS Pack Vendor :STMicroelectronics LIBJPEG 8.0.0
2026-05-16 21:20:39,908 [INFO] ThirdParty:1030 - CMSIS Pack Vendor :STMicroelectronics FP-ATR-ASTRA1 2.0.2
2026-05-16 21:20:39,908 [INFO] ThirdParty:1030 - CMSIS Pack Vendor :STMicroelectronics X-CUBE-BLE1 7.1.0
2026-05-16 21:20:39,908 [INFO] ThirdParty:1030 - CMSIS Pack Vendor :STMicroelectronics X-CUBE-SMBUS 2.1.0
2026-05-16 21:20:39,908 [INFO] ThirdParty:1030 - CMSIS Pack Vendor :wolfSSL I-CUBE-wolfMQTT 1.19.2
2026-05-16 21:20:39,908 [INFO] ThirdParty:1030 - CMSIS Pack Vendor :STMicroelectronics USB_DEVICE 3.0.0
2026-05-16 21:20:39,908 [INFO] ThirdParty:1030 - CMSIS Pack Vendor :STMicroelectronics X-CUBE-ISPU 2.1.0
2026-05-16 21:20:39,908 [INFO] ThirdParty:1030 - CMSIS Pack Vendor :STMicroelectronics X-CUBE-EEPRMA1 5.2.0
2026-05-16 21:20:39,908 [INFO] ThirdParty:1030 - CMSIS Pack Vendor :STMicroelectronics X-CUBE-BLEMGR 4.1.0
2026-05-16 21:20:39,908 [INFO] ThirdParty:1030 - CMSIS Pack Vendor :STMicroelectronics eDS-WB_DPC_TT-BIDIR 2.1.1
2026-05-16 21:20:39,908 [INFO] ThirdParty:1030 - CMSIS Pack Vendor :STMicroelectronics X-CUBE-AZRTOS-WB 2.0.0
2026-05-16 21:20:39,908 [INFO] ThirdParty:1030 - CMSIS Pack Vendor :STMicroelectronics X-CUBE-NFC12 1.0.0
2026-05-16 21:20:39,908 [INFO] ThirdParty:1030 - CMSIS Pack Vendor :STMicroelectronics X-CUBE-AZRTOS-F7 1.1.0
2026-05-16 21:20:39,908 [INFO] ThirdParty:1030 - CMSIS Pack Vendor :STMicroelectronics X-CUBE-AZRTOS-L5 2.0.0
2026-05-16 21:20:39,908 [INFO] ThirdParty:1030 - CMSIS Pack Vendor :STMicroelectronics USB_DEVICE 2.0.0
2026-05-16 21:20:39,908 [INFO] ThirdParty:1030 - CMSIS Pack Vendor :quantropi X-CUBE-qispace-sdk-base 2.1.0
2026-05-16 21:20:39,908 [INFO] ThirdParty:1030 - CMSIS Pack Vendor :STMicroelectronics X-CUBE-STSE01 2.0.0
2026-05-16 21:20:39,908 [INFO] ThirdParty:1030 - CMSIS Pack Vendor :STMicroelectronics FreeRTOS 0.0.1
2026-05-16 21:20:39,908 [INFO] ThirdParty:1030 - CMSIS Pack Vendor :STMicroelectronics X-CUBE-AZRTOS-G0 1.1.0
2026-05-16 21:20:39,908 [INFO] ThirdParty:1030 - CMSIS Pack Vendor :STMicroelectronics X-CUBE-NFC4 3.0.0
2026-05-16 21:20:39,908 [INFO] ThirdParty:1030 - CMSIS Pack Vendor :STMicroelectronics X-CUBE-SUBG2 5.0.0
2026-05-16 21:20:39,908 [INFO] ThirdParty:1030 - CMSIS Pack Vendor :STMicroelectronics STM32_WPAN 1.0.0
2026-05-16 21:20:39,908 [INFO] ThirdParty:1030 - CMSIS Pack Vendor :STMicroelectronics eDS-WB_DPC_VIENNA 1.2.0
2026-05-16 21:20:39,908 [INFO] ThirdParty:1030 - CMSIS Pack Vendor :EmbeddedOffice I-CUBE-FS-RTOS 1.0.1
2026-05-16 21:20:39,908 [INFO] ThirdParty:1030 - CMSIS Pack Vendor :STMicroelectronics lwIP 2.0.3
2026-05-16 21:20:39,908 [INFO] ThirdParty:1030 - CMSIS Pack Vendor :STMicroelectronics eDS-WB_DPC_3PH2L-BIDIR 1.1.1
2026-05-16 21:20:39,908 [INFO] ThirdParty:1030 - CMSIS Pack Vendor :STMicroelectronics USB_HOST 1.0.0
2026-05-16 21:20:39,908 [INFO] ThirdParty:1030 - CMSIS Pack Vendor :STMicroelectronics X-CUBE-AZRTOS-G4 2.0.0
2026-05-16 21:20:39,908 [INFO] ThirdParty:1030 - CMSIS Pack Vendor :STMicroelectronics PDM2PCM 3.1.0
2026-05-16 21:20:39,908 [INFO] ThirdParty:1030 - CMSIS Pack Vendor :STMicroelectronics PDM2PCM 3.3.0
2026-05-16 21:20:39,909 [INFO] ThirdParty:1030 - CMSIS Pack Vendor :wolfSSL I-CUBE-wolfTPM 3.8.0
2026-05-16 21:20:39,909 [INFO] ThirdParty:1030 - CMSIS Pack Vendor :STMicroelectronics X-CUBE-DISPLAY 3.0.0
2026-05-16 21:20:39,909 [INFO] ThirdParty:1030 - CMSIS Pack Vendor :wolfSSL I-CUBE-wolfSSH 1.4.20
2026-05-16 21:20:39,909 [INFO] ThirdParty:1030 - CMSIS Pack Vendor :STMicroelectronics X-CUBE-NFC7 2.0.0
2026-05-16 21:20:39,909 [INFO] ThirdParty:1030 - CMSIS Pack Vendor :STMicroelectronics X-CUBE-GNSS1 7.1.1
2026-05-16 21:20:39,909 [INFO] ThirdParty:1030 - CMSIS Pack Vendor :STMicroelectronics X-CUBE-TCPP 4.2.0
2026-05-16 21:20:39,909 [INFO] ThirdParty:1030 - CMSIS Pack Vendor :RealThread X-CUBE-RT-Thread_Nano 4.1.1
2026-05-16 21:20:39,909 [INFO] ThirdParty:1030 - CMSIS Pack Vendor :wolfSSL I-CUBE-wolfSSL 5.9.1
2026-05-16 21:20:39,909 [INFO] ThirdParty:1030 - CMSIS Pack Vendor :STMicroelectronics FP-ATR-SIGFOX1 3.2.0
2026-05-16 21:20:39,909 [INFO] ThirdParty:1030 - CMSIS Pack Vendor :STMicroelectronics X-CUBE-NFC10 1.0.0
2026-05-16 21:20:39,909 [INFO] ThirdParty:1030 - CMSIS Pack Vendor :STMicroelectronics HAL Drivers 0.0.0
2026-05-16 21:20:39,909 [INFO] ThirdParty:1030 - CMSIS Pack Vendor :STMicroelectronics MBEDTLS 2.16.2
2026-05-16 21:20:39,909 [INFO] ThirdParty:1030 - CMSIS Pack Vendor :STMicroelectronics X-CUBE-ST60 1.1.0
2026-05-16 21:20:39,909 [INFO] ThirdParty:1030 - CMSIS Pack Vendor :STMicroelectronics X-CUBE-ALS 1.0.2
2026-05-16 21:20:39,909 [INFO] ThirdParty:1030 - CMSIS Pack Vendor :emotas I-CUBE-CANOPEN 1.3.0
2026-05-16 21:20:39,909 [INFO] ThirdParty:1030 - CMSIS Pack Vendor :STMicroelectronics MBEDTLS 2.14.1
2026-05-16 21:20:39,909 [INFO] ThirdParty:1030 - CMSIS Pack Vendor :ITTIA_DB I-CUBE-ITTIADB 8.9.0
2026-05-16 21:20:39,909 [INFO] ThirdParty:1030 - CMSIS Pack Vendor :Cesanta I-CUBE-Mongoose 7.21.7
2026-05-16 21:20:39,909 [INFO] ThirdParty:1030 - CMSIS Pack Vendor :STMicroelectronics X-CUBE-TOUCHGFX 4.26.1
2026-05-16 21:20:39,909 [INFO] ThirdParty:1030 - CMSIS Pack Vendor :STMicroelectronics X-CUBE-NFC6 3.2.0
2026-05-16 21:20:39,909 [INFO] ThirdParty:1030 - CMSIS Pack Vendor :STMicroelectronics X-CUBE-AI 10.2.0
2026-05-16 21:20:39,909 [INFO] ThirdParty:1030 - CMSIS Pack Vendor :STMicroelectronics ThreadX 1.0.0
2026-05-16 21:20:39,909 [INFO] ThirdParty:1030 - CMSIS Pack Vendor :STMicroelectronics FP-SNS-SMARTAG2 1.2.0
2026-05-16 21:20:39,909 [INFO] ThirdParty:1030 - CMSIS Pack Vendor :STMicroelectronics X-CUBE-MEMS1 12.1.0
2026-05-16 21:20:39,909 [INFO] ThirdParty:1030 - CMSIS Pack Vendor :STMicroelectronics FP-SNS-FLIGHT1 5.1.0
2026-05-16 21:20:39,909 [INFO] ThirdParty:1030 - CMSIS Pack Vendor :STMicroelectronics X-CUBE-AZRTOS-WL 2.0.0
2026-05-16 21:20:39,909 [INFO] ThirdParty:1030 - CMSIS Pack Vendor :SEGGER I-CUBE-embOS 1.3.1
2026-05-16 21:20:39,909 [INFO] ThirdParty:1030 - CMSIS Pack Vendor :STMicroelectronics X-CUBE-ALGOBUILD 1.4.0
2026-05-16 21:20:39,909 [INFO] ThirdParty:1030 - CMSIS Pack Vendor :STMicroelectronics X-CUBE-DPower 1.3.0
2026-05-16 21:20:39,909 [INFO] ThirdParty:1030 - CMSIS Pack Vendor :STMicroelectronics USB_DEVICE 1.0.0
2026-05-16 21:20:39,910 [INFO] ThirdParty:1030 - CMSIS Pack Vendor :STMicroelectronics X-CUBE-AZRTOS-H7RS 1.2.0
2026-05-16 21:20:39,910 [INFO] ThirdParty:1030 - CMSIS Pack Vendor :STMicroelectronics X-CUBE-AZRTOS-L4 2.0.0
2026-05-16 21:20:39,910 [INFO] ThirdParty:1030 - CMSIS Pack Vendor :STMicroelectronics ThreadX 0.0.2
2026-05-16 21:20:39,910 [INFO] ThirdParty:1030 - CMSIS Pack Vendor :STMicroelectronics lwIP 2.1.2
2026-05-16 21:20:39,910 [INFO] ThirdParty:1030 - CMSIS Pack Vendor :STMicroelectronics X-CUBE-SFXS2LP1 4.0.0
2026-05-16 21:20:39,910 [INFO] ThirdParty:1030 - CMSIS Pack Vendor :STMicroelectronics X-CUBE-BLE2 3.3.0
2026-05-16 21:20:39,910 [INFO] ThirdParty:1030 - CMSIS Pack Vendor :Avnet-IOTCONNECT X-CUBE-iotc-st67-sdk 1.0.0
2026-05-16 21:20:39,910 [INFO] ThirdParty:1030 - CMSIS Pack Vendor :STMicroelectronics X-CUBE-TOF1 3.4.3
2026-05-16 21:20:39,910 [INFO] ThirdParty:1030 - CMSIS Pack Vendor :Infineon AIROC-Wi-Fi-Bluetooth-STM32 1.8.0
2026-05-16 21:20:39,910 [INFO] ThirdParty:1030 - CMSIS Pack Vendor :STMicroelectronics PDM2PCM 3.2.0
2026-05-16 21:20:39,910 [INFO] ThirdParty:1030 - CMSIS Pack Vendor :STMicroelectronics X-CUBE-WB05N 2.1.0
2026-05-16 21:20:39,910 [INFO] ThirdParty:841 - exiting critical section [change project]
2026-05-16 21:20:40,123 [INFO] PinOutPanel:1589 - setPackage(No Configuration,No Configuration)
2026-05-16 21:20:40,124 [INFO] PinOutPanel:1589 - setPackage(STM32F446RETx,LQFP64)
2026-05-16 21:20:40,435 [INFO] UtilMem:75 - Before build in PCC Used Memory: 916438960 Bytes (1073741824)
2026-05-16 21:20:40,963 [INFO] UtilMem:75 - After build in PCC Used Memory: 983547824 Bytes (1073741824)
2026-05-16 21:20:40,988 [INFO] IPUIPlugin:80 - create IPUIPlugin
2026-05-16 21:20:40,988 [INFO] IPUIPlugin:80 - create IPUIPlugin
2026-05-16 21:20:40,988 [INFO] IPUIPlugin:80 - create IPUIPlugin
2026-05-16 21:20:40,988 [INFO] IPUIPlugin:80 - create IPUIPlugin
2026-05-16 21:20:40,988 [INFO] IPUIPlugin:80 - create IPUIPlugin
2026-05-16 21:20:40,989 [INFO] IPUIPlugin:80 - create IPUIPlugin
2026-05-16 21:20:40,989 [INFO] IPUIPlugin:80 - create IPUIPlugin
2026-05-16 21:20:40,989 [INFO] IPUIPlugin:80 - create IPUIPlugin
2026-05-16 21:20:40,989 [INFO] IPUIPlugin:80 - create IPUIPlugin
2026-05-16 21:20:40,989 [INFO] IPUIPlugin:80 - create IPUIPlugin
2026-05-16 21:20:40,989 [INFO] IPUIPlugin:80 - create IPUIPlugin
2026-05-16 21:20:40,989 [INFO] IPUIPlugin:80 - create IPUIPlugin
2026-05-16 21:20:40,989 [INFO] IPUIPlugin:80 - create IPUIPlugin
2026-05-16 21:20:40,989 [INFO] IPUIPlugin:80 - create IPUIPlugin
2026-05-16 21:20:40,989 [INFO] IPUIPlugin:80 - create IPUIPlugin
2026-05-16 21:20:40,990 [INFO] IPUIPlugin:80 - create IPUIPlugin
2026-05-16 21:20:40,990 [INFO] IPUIPlugin:80 - create IPUIPlugin
2026-05-16 21:20:40,990 [INFO] IPUIPlugin:80 - create IPUIPlugin
2026-05-16 21:20:40,990 [INFO] IPUIPlugin:80 - create IPUIPlugin
2026-05-16 21:20:40,990 [INFO] IPUIPlugin:80 - create IPUIPlugin
2026-05-16 21:20:40,990 [INFO] IPUIPlugin:80 - create IPUIPlugin
2026-05-16 21:20:40,990 [INFO] IPUIPlugin:80 - create IPUIPlugin
2026-05-16 21:20:40,990 [INFO] IPUIPlugin:80 - create IPUIPlugin
2026-05-16 21:20:40,991 [INFO] IPUIPlugin:80 - create IPUIPlugin
2026-05-16 21:20:40,991 [INFO] IPUIPlugin:80 - create IPUIPlugin
2026-05-16 21:20:40,991 [INFO] IPUIPlugin:80 - create IPUIPlugin
2026-05-16 21:20:40,991 [INFO] IPUIPlugin:80 - create IPUIPlugin
2026-05-16 21:20:40,991 [INFO] IPUIPlugin:80 - create IPUIPlugin
2026-05-16 21:20:40,991 [INFO] IPUIPlugin:80 - create IPUIPlugin
2026-05-16 21:20:40,991 [INFO] IPUIPlugin:80 - create IPUIPlugin
2026-05-16 21:20:40,991 [INFO] IPUIPlugin:80 - create IPUIPlugin
2026-05-16 21:20:40,992 [INFO] IPUIPlugin:80 - create IPUIPlugin
2026-05-16 21:20:40,992 [INFO] IPUIPlugin:80 - create IPUIPlugin
2026-05-16 21:20:40,992 [INFO] IPUIPlugin:80 - create IPUIPlugin
2026-05-16 21:20:40,992 [INFO] IPUIPlugin:80 - create IPUIPlugin
2026-05-16 21:20:40,992 [INFO] IPUIPlugin:80 - create IPUIPlugin
2026-05-16 21:20:40,992 [INFO] IPUIPlugin:80 - create IPUIPlugin
2026-05-16 21:20:40,992 [INFO] IPUIPlugin:80 - create IPUIPlugin
2026-05-16 21:20:40,993 [INFO] IPUIPlugin:80 - create IPUIPlugin
2026-05-16 21:20:40,993 [INFO] IPUIPlugin:80 - create IPUIPlugin
2026-05-16 21:20:40,993 [INFO] IPUIPlugin:80 - create IPUIPlugin
2026-05-16 21:20:40,993 [INFO] IPUIPlugin:80 - create IPUIPlugin
2026-05-16 21:20:40,993 [INFO] IPUIPlugin:80 - create IPUIPlugin
2026-05-16 21:20:40,993 [INFO] IPUIPlugin:80 - create IPUIPlugin
2026-05-16 21:20:40,993 [INFO] IPUIPlugin:80 - create IPUIPlugin
2026-05-16 21:20:40,994 [INFO] IPUIPlugin:80 - create IPUIPlugin
2026-05-16 21:20:40,994 [INFO] IPUIPlugin:80 - create IPUIPlugin
2026-05-16 21:20:40,994 [INFO] IPUIPlugin:80 - create IPUIPlugin
2026-05-16 21:20:40,994 [INFO] IPUIPlugin:80 - create IPUIPlugin
2026-05-16 21:20:40,994 [INFO] IPUIPlugin:80 - create IPUIPlugin
2026-05-16 21:20:40,994 [INFO] IPUIPlugin:80 - create IPUIPlugin
2026-05-16 21:20:40,995 [INFO] IPUIPlugin:80 - create IPUIPlugin
2026-05-16 21:20:40,995 [INFO] IPUIPlugin:80 - create IPUIPlugin
2026-05-16 21:20:40,995 [INFO] IPUIPlugin:80 - create IPUIPlugin
2026-05-16 21:20:40,995 [INFO] IPUIPlugin:80 - create IPUIPlugin
2026-05-16 21:20:40,995 [INFO] IPUIPlugin:80 - create IPUIPlugin
2026-05-16 21:20:40,996 [INFO] IPUIPlugin:80 - create IPUIPlugin
2026-05-16 21:20:40,996 [INFO] IPUIPlugin:80 - create IPUIPlugin
2026-05-16 21:20:40,996 [INFO] IPUIPlugin:80 - create IPUIPlugin
2026-05-16 21:20:40,996 [INFO] IPUIPlugin:80 - create IPUIPlugin
2026-05-16 21:20:41,067 [INFO] ApiDbMcu:508 - Load IP Config File for PDM2PCM
2026-05-16 21:20:41,198 [INFO] CADModel:165 - CPN selected for project levelSTM32F446RET6
2026-05-16 21:20:41,198 [INFO] CADModel:114 - Register for checkConnection events
2026-05-16 21:20:41,244 [INFO] OpenFileManager:385 - Restore cursor
2026-05-16 21:20:41,652 [INFO] UtilMem:75 - End SaveConfig() Used Memory: 771856016 Bytes (1073741824)
2026-05-16 21:20:42,220 [INFO] ServerAccessManage:473 - Download File stm32cube_fw_f4_v1280.zip
2026-05-16 21:20:59,353 [INFO] AnalyticsPlugin:368 - Accepted License(s): [FW.F4.1.28.0]
2026-05-16 21:20:59,354 [INFO] FileExtend:242 - Unzip File : stm32cube_fw_f4_v1280.zip
2026-05-16 21:20:59,354 [INFO] FileExtend:257 - Standard Zip Deflate
2026-05-16 21:21:51,762 [INFO] ServerAccessManage:473 - Download File stm32cube_fw_f4_v1283.zip
2026-05-16 21:22:02,848 [INFO] FileExtend:242 - Unzip File : stm32cube_fw_f4_v1283.zip
2026-05-16 21:22:02,849 [INFO] FileExtend:257 - Standard Zip Deflate
2026-05-16 21:22:41,434 [INFO] LoadServerPackagesThread:196 - End of LoadServerPackages Thread
2026-05-16 21:22:41,673 [INFO] ThirdPartyModel:298 - Start build external matchings
2026-05-16 21:22:41,690 [INFO] UtilMem:75 - End SaveConfig() Used Memory: 1016966984 Bytes (1073741824)
2026-05-16 21:22:41,951 [INFO] ThirdPartyModel:316 - End build external matchings
2026-05-16 21:22:41,957 [INFO] CheckServerUpdateThread:120 - End of CheckServer Thread
2026-05-16 21:22:42,191 [INFO] BlockDiagram:2775 - set Specific Code input for plugin: SYS
2026-05-16 21:22:42,192 [INFO] BlockDiagram:2775 - set Specific Code input for plugin: RCC
2026-05-16 21:22:42,192 [INFO] BlockDiagram:2775 - set Specific Code input for plugin: NVIC
2026-05-16 21:22:42,192 [INFO] BlockDiagram:2775 - set Specific Code input for plugin: USART
2026-05-16 21:22:42,193 [INFO] BlockDiagram:2775 - set Specific Code input for plugin: GPIO
2026-05-16 21:22:42,195 [INFO] CodeGenerator:882 - code generatio: config db path: B:\ST\STM32CubeIDE_1.18.1\STM32CubeIDE\plugins\com.st.stm32cube.common.mx_6.14.1.202504091515\\db\
2026-05-16 21:22:42,401 [INFO] CodeEngine:263 - oldGeneratedFile, B:\stm32\first\MXTmpFiles\license.tmp_save
2026-05-16 21:22:42,778 [INFO] CodeEngine:287 - Generated code: B:\stm32\first\MXTmpFiles\license.tmp
2026-05-16 21:22:42,830 [INFO] CodeEngine:263 - oldGeneratedFile, B:\stm32\first\MXTmpFiles\gpio.tmp_save
2026-05-16 21:22:42,950 [INFO] CodeEngine:287 - Generated code: B:\stm32\first\MXTmpFiles\gpio.tmp
2026-05-16 21:22:43,038 [INFO] CodeEngine:263 - oldGeneratedFile, B:\stm32\first\Core\Src\stm32f4xx_it.c_save
2026-05-16 21:22:43,144 [INFO] CodeEngine:287 - Generated code: B:\stm32\first\Core\Src\stm32f4xx_it.c
2026-05-16 21:22:43,151 [INFO] CodeEngine:263 - oldGeneratedFile, B:\stm32\first\Core\Inc\stm32f4xx_it.h_save
2026-05-16 21:22:43,213 [INFO] CodeEngine:287 - Generated code: B:\stm32\first\Core\Inc\stm32f4xx_it.h
2026-05-16 21:22:43,231 [INFO] CodeEngine:263 - oldGeneratedFile, B:\stm32\first\Core\Src\stm32f4xx_hal_msp.c_save
2026-05-16 21:22:43,345 [INFO] CodeEngine:287 - Generated code: B:\stm32\first\Core\Src\stm32f4xx_hal_msp.c
2026-05-16 21:22:43,350 [INFO] CodeEngine:263 - oldGeneratedFile, B:\stm32\first\MXTmpFiles\system.tmp_save
2026-05-16 21:22:43,401 [INFO] CodeEngine:287 - Generated code: B:\stm32\first\MXTmpFiles\system.tmp
2026-05-16 21:22:43,417 [INFO] CodeEngine:319 - oldGeneratedFile, B:\stm32\first\Core\Inc\stm32f4xx_hal_conf.h_save
2026-05-16 21:22:43,479 [INFO] CodeEngine:343 - Generated code: B:\stm32\first\Core\Inc\stm32f4xx_hal_conf.h
2026-05-16 21:22:43,510 [WARN] IPConfigManager:3217 - Warning: the RefConfig PLL2P_FOR_MCO is not available in your config.xml file
2026-05-16 21:22:43,518 [INFO] ApiDbMcu:508 - Load IP Config File for USART2
2026-05-16 21:22:43,521 [INFO] ApiDbMcu:508 - Load IP Config File for RCC
2026-05-16 21:22:43,535 [INFO] CodeEngine:263 - oldGeneratedFile, B:\stm32\first\Core\Inc\main.h_save
2026-05-16 21:22:43,614 [INFO] CodeEngine:287 - Generated code: B:\stm32\first\Core\Inc\main.h
2026-05-16 21:22:43,621 [INFO] CodeEngine:263 - oldGeneratedFile, B:\stm32\first\Core\Src\main.c_save
2026-05-16 21:22:43,726 [INFO] CodeEngine:287 - Generated code: B:\stm32\first\Core\Src\main.c
2026-05-16 21:22:44,110 [INFO] ProjectBuilder:3324 - Time for Copy HAL[1] : 239mS.
2026-05-16 21:22:44,118 [INFO] ProjectBuilder:4912 - Project Generator version: 4.6.0.1-B1
2026-05-16 21:22:44,177 [INFO] ConfigFileManager:1590 - The Die is : DIE421
2026-05-16 21:22:44,183 [INFO] ApiDbMcu:508 - Load IP Config File for FATFS
2026-05-16 21:22:44,186 [INFO] ApiDbMcu:508 - Load IP Config File for FREERTOS
2026-05-16 21:22:44,188 [INFO] ApiDbMcu:508 - Load IP Config File for LIBJPEG
2026-05-16 21:22:44,192 [INFO] ApiDbMcu:508 - Load IP Config File for MBEDTLS
2026-05-16 21:22:44,196 [INFO] ApiDbMcu:508 - Load IP Config File for USB_DEVICE
2026-05-16 21:22:44,199 [INFO] ApiDbMcu:508 - Load IP Config File for USB_HOST
2026-05-16 21:22:44,537 [INFO] LogOutputStream:77 - [STDOUT_REDIRECT] 
2026-05-16 21:22:46,881 [INFO] ProjectBuilder:5191 - Time for Generating toolchain IDE Files: 2764mS.
2026-05-16 21:22:46,884 [INFO] ProjectBuilder:3181 - Time for Copy CMSIS : 2mS.
2026-05-16 21:22:46,889 [INFO] ProjectBuilder:3181 - Time for Copy CMSIS : 0mS.
2026-05-16 21:22:47,754 [INFO] McuFinderGlobals:76 - Set McuFinderConnectedMode to true
2026-05-16 21:22:47,758 [INFO] ApiDb:448 - Save user favorites file C:\Users\moonc/.stm32cubeide/favorites.mcus.txt: 0 item(s)
2026-05-16 21:22:47,759 [INFO] ApiDb:452 - User favorites MCUs=[]
2026-05-16 21:22:47,762 [INFO] ApiDb:448 - Save user favorites file C:\Users\moonc/.stm32cubeide/favorites.boards.txt: 1 item(s)
2026-05-16 21:22:47,762 [INFO] ApiDb:452 - User favorites Boards=[NUCLEO-F446RE]
2026-05-16 21:28:58,124 [INFO] UtilMem:75 - End SaveConfig() Used Memory: 915278536 Bytes (1073741824)
2026-05-16 21:29:49,724 [INFO] UtilMem:75 - End SaveConfig() Used Memory: 902076400 Bytes (1073741824)
2026-05-16 21:29:49,976 [INFO] BlockDiagram:2775 - set Specific Code input for plugin: SYS
2026-05-16 21:29:49,977 [INFO] BlockDiagram:2775 - set Specific Code input for plugin: RCC
2026-05-16 21:29:49,977 [INFO] BlockDiagram:2775 - set Specific Code input for plugin: NVIC
2026-05-16 21:29:49,977 [INFO] BlockDiagram:2775 - set Specific Code input for plugin: USART
2026-05-16 21:29:49,977 [INFO] BlockDiagram:2775 - set Specific Code input for plugin: GPIO
2026-05-16 21:29:49,979 [INFO] CodeGenerator:882 - code generatio: config db path: B:\ST\STM32CubeIDE_1.18.1\STM32CubeIDE\plugins\com.st.stm32cube.common.mx_6.14.1.202504091515\\db\
2026-05-16 21:29:50,048 [INFO] CodeEngine:263 - oldGeneratedFile, B:\stm32\first\MXTmpFiles\license.tmp_save
2026-05-16 21:29:50,236 [INFO] CodeEngine:287 - Generated code: B:\stm32\first\MXTmpFiles\license.tmp
2026-05-16 21:29:50,264 [INFO] CodeEngine:263 - oldGeneratedFile, B:\stm32\first\MXTmpFiles\gpio.tmp_save
2026-05-16 21:29:50,363 [INFO] CodeEngine:287 - Generated code: B:\stm32\first\MXTmpFiles\gpio.tmp
2026-05-16 21:29:50,419 [INFO] CodeEngine:263 - oldGeneratedFile, B:\stm32\first\Core\Src\stm32f4xx_it.c_save
2026-05-16 21:29:50,570 [INFO] CodeEngine:287 - Generated code: B:\stm32\first\Core\Src\stm32f4xx_it.c
2026-05-16 21:29:50,576 [INFO] CodeEngine:263 - oldGeneratedFile, B:\stm32\first\Core\Inc\stm32f4xx_it.h_save
2026-05-16 21:29:50,633 [INFO] CodeEngine:287 - Generated code: B:\stm32\first\Core\Inc\stm32f4xx_it.h
2026-05-16 21:29:50,648 [INFO] CodeEngine:263 - oldGeneratedFile, B:\stm32\first\Core\Src\stm32f4xx_hal_msp.c_save
2026-05-16 21:29:50,729 [INFO] CodeEngine:287 - Generated code: B:\stm32\first\Core\Src\stm32f4xx_hal_msp.c
2026-05-16 21:29:50,735 [INFO] CodeEngine:263 - oldGeneratedFile, B:\stm32\first\MXTmpFiles\system.tmp_save
2026-05-16 21:29:50,789 [INFO] CodeEngine:287 - Generated code: B:\stm32\first\MXTmpFiles\system.tmp
2026-05-16 21:29:50,801 [INFO] CodeEngine:319 - oldGeneratedFile, B:\stm32\first\Core\Inc\stm32f4xx_hal_conf.h_save
2026-05-16 21:29:50,859 [INFO] CodeEngine:343 - Generated code: B:\stm32\first\Core\Inc\stm32f4xx_hal_conf.h
2026-05-16 21:29:50,879 [WARN] IPConfigManager:3217 - Warning: the RefConfig PLL2P_FOR_MCO is not available in your config.xml file
2026-05-16 21:29:50,896 [INFO] CodeEngine:263 - oldGeneratedFile, B:\stm32\first\Core\Inc\main.h_save
2026-05-16 21:29:50,964 [INFO] CodeEngine:287 - Generated code: B:\stm32\first\Core\Inc\main.h
2026-05-16 21:29:50,971 [INFO] CodeEngine:263 - oldGeneratedFile, B:\stm32\first\Core\Src\main.c_save
2026-05-16 21:29:51,050 [INFO] CodeEngine:287 - Generated code: B:\stm32\first\Core\Src\main.c
2026-05-16 21:29:51,443 [INFO] ProjectBuilder:3324 - Time for Copy HAL[1] : 254mS.
2026-05-16 21:29:51,447 [INFO] ProjectBuilder:4912 - Project Generator version: 4.6.0.1-B1
2026-05-16 21:29:51,504 [INFO] ConfigFileManager:1590 - The Die is : DIE421
2026-05-16 21:29:52,282 [INFO] ProjectBuilder:5191 - Time for Generating toolchain IDE Files: 835mS.
2026-05-16 21:29:52,283 [INFO] ProjectBuilder:3181 - Time for Copy CMSIS : 1mS.
2026-05-16 21:29:52,286 [INFO] ProjectBuilder:3181 - Time for Copy CMSIS : 0mS.
2026-05-16 21:32:04,089 [INFO] MainUpdater:2872 - connection check result : 10
2026-05-16 21:32:04,090 [INFO] MainUpdater:2872 - connection check result : 10
2026-05-16 21:32:04,102 [ERROR] IocParser:57 - IOException caught: B:\stm32\first\first.ioc (지정된 파일을 찾을 수 없습니다)
2026-05-16 21:32:04,102 [ERROR] PeripheralListParser:95 - Something went wrong with ioc file reading: B:\stm32\first\first.ioc (지정된 파일을 찾을 수 없습니다)
2026-05-16 21:32:04,103 [ERROR] RegexParser:59 - Issue caught when parsing regex: B:\stm32\first\first.ioc (지정된 파일을 찾을 수 없습니다)
2026-05-16 21:32:04,130 [INFO] MicroXplorer:468 - Change Database Path : 
2026-05-16 21:32:04,130 [INFO] MicroXplorer:498 - Change Database Version : DB.6.0.141
2026-05-16 21:32:04,172 [ERROR] ProjectManagerView:395 - 
java.lang.NullPointerException: Cannot invoke "javax.swing.JTextField.getText()" because the return value of "java.util.List.get(int)" is null
	at com.st.microxplorer.plugins.projectmanager.gui.ProjectChoiceTab$9.caretUpdate(ProjectChoiceTab.java:2678) ~[filemanager.jar:?]
	at javax.swing.text.JTextComponent.fireCaretUpdate(JTextComponent.java:408) ~[?:?]
	at javax.swing.text.JTextComponent$MutableCaretEvent.fire(JTextComponent.java:4484) ~[?:?]
	at javax.swing.text.JTextComponent$MutableCaretEvent.stateChanged(JTextComponent.java:4506) ~[?:?]
	at javax.swing.text.DefaultCaret.fireStateChanged(DefaultCaret.java:857) ~[?:?]
	at javax.swing.text.DefaultCaret.changeCaretPosition(DefaultCaret.java:1343) ~[?:?]
	at javax.swing.text.DefaultCaret.handleSetDot(DefaultCaret.java:1242) ~[?:?]
	at javax.swing.text.DefaultCaret.setDot(DefaultCaret.java:1223) ~[?:?]
	at javax.swing.text.DefaultCaret$Handler.insertUpdate(DefaultCaret.java:1819) ~[?:?]
	at javax.swing.text.AbstractDocument.fireInsertUpdate(AbstractDocument.java:227) ~[?:?]
	at javax.swing.text.AbstractDocument.handleInsertString(AbstractDocument.java:781) ~[?:?]
	at javax.swing.text.AbstractDocument.insertString(AbstractDocument.java:740) ~[?:?]
	at javax.swing.text.PlainDocument.insertString(PlainDocument.java:131) ~[?:?]
	at javax.swing.text.AbstractDocument.replace(AbstractDocument.java:699) ~[?:?]
	at javax.swing.text.JTextComponent.setText(JTextComponent.java:1725) ~[?:?]
	at com.st.microxplorer.plugins.projectmanager.gui.ProjectChoiceTab.createHeapStackFields(ProjectChoiceTab.java:979) ~[filemanager.jar:?]
	at com.st.microxplorer.plugins.projectmanager.gui.ProjectChoiceTab.buildLinkSettingsPanel(ProjectChoiceTab.java:3766) ~[filemanager.jar:?]
	at com.st.microxplorer.plugins.projectmanager.gui.ProjectChoiceTab.defineWindowsFields(ProjectChoiceTab.java:1962) ~[filemanager.jar:?]
	at com.st.microxplorer.plugins.projectmanager.gui.ProjectChoiceTab.updateSettings(ProjectChoiceTab.java:555) ~[filemanager.jar:?]
	at com.st.microxplorer.plugins.projectmanager.gui.ProjectSettingsPanel.UpdateDialog(ProjectSettingsPanel.java:245) ~[filemanager.jar:?]
	at com.st.microxplorer.plugins.projectmanager.ProjectManagerView.propertyChange(ProjectManagerView.java:392) ~[filemanager.jar:?]
	at java.beans.PropertyChangeSupport.fire(PropertyChangeSupport.java:343) ~[?:?]
	at java.beans.PropertyChangeSupport.firePropertyChange(PropertyChangeSupport.java:335) ~[?:?]
	at java.beans.PropertyChangeSupport.firePropertyChange(PropertyChangeSupport.java:268) ~[?:?]
	at com.st.microxplorer.util.MXPropertyChangeSupport.firePropertyChange(MXPropertyChangeSupport.java:54) ~[STM32CubeMX.jar:?]
	at com.st.microxplorer.mxsystem.MxSystem.closeConfig(MxSystem.java:899) ~[STM32CubeMX.jar:?]
	at com.st.microxplorer.maingui.MainPanel.closeConfig(MainPanel.java:789) ~[STM32CubeMX.jar:?]
	at com.st.microxplorer.plugins.filemanager.engine.OpenFileManager.loadConfigurationFile(OpenFileManager.java:287) ~[filemanager.jar:?]
	at com.st.microxplorer.plugins.filemanager.engine.MainFileManager.userLoadConfig(MainFileManager.java:341) ~[filemanager.jar:?]
	at com.st.microxplorer.plugins.filemanager.engine.MainFileManager.userLoadConfig(MainFileManager.java:319) ~[filemanager.jar:?]
	at com.st.microxplorer.plugins.filemanager.FileManagerView.getSpecificTask(FileManagerView.java:246) ~[filemanager.jar:?]
	at com.st.stm32cube.common.mx.editor.CubeMxEditor.getMxTabbedPaneInstance(CubeMxEditor.java:1198) ~[com.st.stm32cube.common.mx_6.14.1.202504091515/:?]
	at com.st.stm32cube.common.mx.editor.CubeMxEditor$12$1.createSwingComponent(CubeMxEditor.java:1068) ~[com.st.stm32cube.common.mx_6.14.1.202504091515/:?]
	at com.st.stm32cube.common.mx.oss.core.awtswtbridge.EmbeddedSwingComposite.doComponentCreation(EmbeddedSwingComposite.java:492) ~[com.st.stm32cube.common.mx.oss_6.14.1.202504091515/:?]
	at com.st.stm32cube.common.mx.oss.core.awtswtbridge.EmbeddedSwingComposite$4.run(EmbeddedSwingComposite.java:291) ~[com.st.stm32cube.common.mx.oss_6.14.1.202504091515/:?]
	at com.st.stm32cube.common.mx.oss.core.awtswtbridge.AwtEnvironment$2.run(AwtEnvironment.java:166) ~[com.st.stm32cube.common.mx.oss_6.14.1.202504091515/:?]
	at java.awt.event.InvocationEvent.dispatch(InvocationEvent.java:318) ~[?:?]
	at java.awt.EventQueue.dispatchEventImpl(EventQueue.java:773) ~[?:?]
	at java.awt.EventQueue$4.run(EventQueue.java:720) ~[?:?]
	at java.awt.EventQueue$4.run(EventQueue.java:714) ~[?:?]
	at java.security.AccessController.doPrivileged(AccessController.java:400) ~[?:?]
	at java.security.ProtectionDomain$JavaSecurityAccessImpl.doIntersectionPrivilege(ProtectionDomain.java:87) ~[?:?]
	at java.awt.EventQueue.dispatchEvent(EventQueue.java:742) ~[?:?]
	at java.awt.EventDispatchThread.pumpOneEventForFilters(EventDispatchThread.java:203) ~[?:?]
	at java.awt.EventDispatchThread.pumpEventsForFilter(EventDispatchThread.java:124) ~[?:?]
	at java.awt.EventDispatchThread.pumpEventsForHierarchy(EventDispatchThread.java:113) ~[?:?]
	at java.awt.EventDispatchThread.pumpEvents(EventDispatchThread.java:109) ~[?:?]
	at java.awt.EventDispatchThread.pumpEvents(EventDispatchThread.java:101) ~[?:?]
	at java.awt.EventDispatchThread.run(EventDispatchThread.java:90) ~[?:?]
2026-05-16 21:32:04,184 [WARN] ThirdParty:871 - waiting for thirdparty lock release [close project]
2026-05-16 21:32:04,185 [INFO] ThirdParty:873 - entering critical section [close project]
2026-05-16 21:32:04,185 [INFO] ThirdParty:883 - exiting critical section [close project]
2026-05-16 21:32:04,188 [INFO] PinOutPanel:1589 - setPackage(No Configuration,No Configuration)
2026-05-16 21:32:04,206 [WARN] IpParametersView:155 - Warning: This peripheral hasn't parameters
2026-05-16 21:32:04,216 [WARN] MainPanel:289 - <html><b><center>Warning: This peripheral has no parameters to be configured<br></b></html>
2026-05-16 21:32:04,225 [INFO] UtilMem:75 - Begin LoadConfig() Used Memory: 804120464 Bytes (1073741824)
2026-05-16 21:32:04,226 [INFO] MicroXplorer:468 - Change Database Path : 
2026-05-16 21:32:04,226 [INFO] MicroXplorer:498 - Change Database Version : DB.6.0.141
2026-05-16 21:32:04,226 [INFO] OpenFileManager:354 - Change cursor
2026-05-16 21:32:04,261 [INFO] RulesReader:64 - Compatibility file has been processed (302 Rules)
2026-05-16 21:32:04,267 [INFO] Mcu:2011 - Initializing MCU STM32F446R(C-E)Tx STM32F446RETx STM32F446RET6
2026-05-16 21:32:05,428 [INFO] Context:756 - Trying to add GPIOservice into a context  which must be forbidden
2026-05-16 21:32:05,868 [INFO] ImportTextPane:218 - (OptionalMessage_ERROR) Pin12 (VP_RIF_VS_RIF1) cannot be retrieved for this MCU
2026-05-16 21:32:05,901 [INFO] RtosManager:558 - Registered RTOS mode: class=CMSIS, group=RTOS, mode=CMSIS_V1, owner=FREERTOS
2026-05-16 21:32:05,901 [INFO] RtosManager:558 - Registered RTOS mode: class=CMSIS, group=RTOS2, mode=CMSIS_V2, owner=FREERTOS
2026-05-16 21:32:05,901 [INFO] RtosManager:558 - Registered RTOS mode: class=RTOS, group=Core, mode=CMSIS_V1, owner=FREERTOS
2026-05-16 21:32:05,901 [INFO] RtosManager:558 - Registered RTOS mode: class=RTOS, group=Core, mode=CMSIS_V2, owner=FREERTOS
2026-05-16 21:32:05,901 [WARN] ModelIntegratedComponent:184 - Missing modes for component STMicroelectronics:FreeRTOS:0.0.1:STMicroelectronics:RTOS:FreeRTOS:Core:::10.2.0:
2026-05-16 21:32:05,914 [WARN] ModelIntegratedComponent:63 - No mode defined for component null
2026-05-16 21:32:05,914 [WARN] ModelIntegratedComponent:63 - No mode defined for component null
2026-05-16 21:32:05,914 [WARN] ModelIntegratedComponent:63 - No mode defined for component null
2026-05-16 21:32:05,914 [WARN] ModelIntegratedComponent:63 - No mode defined for component null
2026-05-16 21:32:05,914 [WARN] ModelIntegratedComponent:63 - No mode defined for component null
2026-05-16 21:32:05,914 [WARN] ModelIntegratedComponent:63 - No mode defined for component null
2026-05-16 21:32:05,914 [WARN] ModelIntegratedComponent:63 - No mode defined for component null
2026-05-16 21:32:05,914 [WARN] ModelIntegratedComponent:63 - No mode defined for component null
2026-05-16 21:32:05,914 [WARN] ModelIntegratedComponent:63 - No mode defined for component null
2026-05-16 21:32:05,914 [WARN] ModelIntegratedComponent:63 - No mode defined for component null
2026-05-16 21:32:05,914 [WARN] ModelIntegratedComponent:63 - No mode defined for component null
2026-05-16 21:32:05,915 [WARN] ModelIntegratedComponent:63 - No mode defined for component null
2026-05-16 21:32:05,915 [WARN] ModelIntegratedComponent:63 - No mode defined for component null
2026-05-16 21:32:05,915 [WARN] ModelIntegratedComponent:63 - No mode defined for component null
2026-05-16 21:32:05,915 [WARN] ModelIntegratedComponent:63 - No mode defined for component null
2026-05-16 21:32:05,915 [WARN] ModelIntegratedComponent:63 - No mode defined for component null
2026-05-16 21:32:05,915 [WARN] ModelIntegratedComponent:63 - No mode defined for component null
2026-05-16 21:32:05,915 [WARN] ModelIntegratedComponent:63 - No mode defined for component null
2026-05-16 21:32:05,915 [WARN] ModelIntegratedComponent:63 - No mode defined for component null
2026-05-16 21:32:05,915 [WARN] ModelIntegratedComponent:63 - No mode defined for component null
2026-05-16 21:32:05,915 [WARN] ModelIntegratedComponent:63 - No mode defined for component null
2026-05-16 21:32:05,915 [WARN] ModelIntegratedComponent:63 - No mode defined for component null
2026-05-16 21:32:05,915 [WARN] ModelIntegratedComponent:63 - No mode defined for component null
2026-05-16 21:32:05,915 [WARN] ModelIntegratedComponent:63 - No mode defined for component null
2026-05-16 21:32:05,915 [WARN] ModelIntegratedComponent:63 - No mode defined for component null
2026-05-16 21:32:05,915 [WARN] ModelIntegratedComponent:63 - No mode defined for component null
2026-05-16 21:32:05,915 [WARN] ModelIntegratedComponent:63 - No mode defined for component null
2026-05-16 21:32:05,916 [WARN] ModelIntegratedComponent:63 - No mode defined for component null
2026-05-16 21:32:05,916 [WARN] ModelIntegratedComponent:63 - No mode defined for component null
2026-05-16 21:32:05,916 [WARN] ModelIntegratedComponent:63 - No mode defined for component null
2026-05-16 21:32:05,916 [WARN] ModelIntegratedComponent:63 - No mode defined for component null
2026-05-16 21:32:05,916 [WARN] ModelIntegratedComponent:63 - No mode defined for component null
2026-05-16 21:32:05,916 [WARN] ModelIntegratedComponent:63 - No mode defined for component null
2026-05-16 21:32:05,916 [WARN] ModelIntegratedComponent:63 - No mode defined for component null
2026-05-16 21:32:05,916 [WARN] ModelIntegratedComponent:63 - No mode defined for component null
2026-05-16 21:32:05,916 [WARN] ModelPack:524 - Component already loaded: STMicroelectronics:HAL Drivers:0.0.0:STMicroelectronics:Device:STMicro_Driver:XSPI:HAL::0.0.1:HAL_XSPI
2026-05-16 21:32:05,971 [INFO] ThirdPartyModel:298 - Start build external matchings
2026-05-16 21:32:06,187 [INFO] ThirdPartyModel:316 - End build external matchings
2026-05-16 21:32:06,429 [INFO] UtilMem:75 - End LoadConfig() Used Memory: 980123320 Bytes (1073741824)
2026-05-16 21:32:06,464 [WARN] ThirdParty:833 - waiting for thirdparty lock release [change project]
2026-05-16 21:32:06,464 [INFO] ThirdParty:835 - entering critical section [change project]
2026-05-16 21:32:06,465 [INFO] ThirdParty:1030 - CMSIS Pack Vendor :STMicroelectronics X-CUBE-AZRTOS-H7 3.5.0
2026-05-16 21:32:06,465 [INFO] ThirdParty:1030 - CMSIS Pack Vendor :STMicroelectronics X-CUBE-PM33A1 1.0.0
2026-05-16 21:32:06,465 [INFO] ThirdParty:1030 - CMSIS Pack Vendor :STMicroelectronics USBPD 4.1
2026-05-16 21:32:06,465 [INFO] ThirdParty:1030 - CMSIS Pack Vendor :STMicroelectronics X-CUBE-NFC9 1.0.0
2026-05-16 21:32:06,465 [INFO] ThirdParty:1030 - CMSIS Pack Vendor :STMicroelectronics USB_HOST 2.0.0
2026-05-16 21:32:06,465 [INFO] ThirdParty:1030 - CMSIS Pack Vendor :STMicroelectronics X-CUBE-AZRTOS-F4 1.1.0
2026-05-16 21:32:06,465 [INFO] ThirdParty:1030 - CMSIS Pack Vendor :STMicroelectronics LIBJPEG 8.0.0
2026-05-16 21:32:06,465 [INFO] ThirdParty:1030 - CMSIS Pack Vendor :STMicroelectronics FP-ATR-ASTRA1 2.0.2
2026-05-16 21:32:06,465 [INFO] ThirdParty:1030 - CMSIS Pack Vendor :STMicroelectronics X-CUBE-BLE1 7.1.0
2026-05-16 21:32:06,465 [INFO] ThirdParty:1030 - CMSIS Pack Vendor :STMicroelectronics X-CUBE-SMBUS 2.1.0
2026-05-16 21:32:06,465 [INFO] ThirdParty:1030 - CMSIS Pack Vendor :wolfSSL I-CUBE-wolfMQTT 1.19.2
2026-05-16 21:32:06,465 [INFO] ThirdParty:1030 - CMSIS Pack Vendor :STMicroelectronics USB_DEVICE 3.0.0
2026-05-16 21:32:06,465 [INFO] ThirdParty:1030 - CMSIS Pack Vendor :STMicroelectronics X-CUBE-ISPU 2.1.0
2026-05-16 21:32:06,465 [INFO] ThirdParty:1030 - CMSIS Pack Vendor :STMicroelectronics X-CUBE-EEPRMA1 5.2.0
2026-05-16 21:32:06,465 [INFO] ThirdParty:1030 - CMSIS Pack Vendor :STMicroelectronics X-CUBE-BLEMGR 4.1.0
2026-05-16 21:32:06,465 [INFO] ThirdParty:1030 - CMSIS Pack Vendor :STMicroelectronics eDS-WB_DPC_TT-BIDIR 2.1.1
2026-05-16 21:32:06,465 [INFO] ThirdParty:1030 - CMSIS Pack Vendor :STMicroelectronics X-CUBE-AZRTOS-WB 2.0.0
2026-05-16 21:32:06,466 [INFO] ThirdParty:1030 - CMSIS Pack Vendor :STMicroelectronics X-CUBE-NFC12 1.0.0
2026-05-16 21:32:06,466 [INFO] ThirdParty:1030 - CMSIS Pack Vendor :STMicroelectronics X-CUBE-AZRTOS-F7 1.1.0
2026-05-16 21:32:06,466 [INFO] ThirdParty:1030 - CMSIS Pack Vendor :STMicroelectronics X-CUBE-AZRTOS-L5 2.0.0
2026-05-16 21:32:06,466 [INFO] ThirdParty:1030 - CMSIS Pack Vendor :STMicroelectronics USB_DEVICE 2.0.0
2026-05-16 21:32:06,466 [INFO] ThirdParty:1030 - CMSIS Pack Vendor :quantropi X-CUBE-qispace-sdk-base 2.1.0
2026-05-16 21:32:06,466 [INFO] ThirdParty:1030 - CMSIS Pack Vendor :STMicroelectronics X-CUBE-STSE01 2.0.0
2026-05-16 21:32:06,466 [INFO] ThirdParty:1030 - CMSIS Pack Vendor :STMicroelectronics FreeRTOS 0.0.1
2026-05-16 21:32:06,466 [INFO] ThirdParty:1030 - CMSIS Pack Vendor :STMicroelectronics X-CUBE-AZRTOS-G0 1.1.0
2026-05-16 21:32:06,466 [INFO] ThirdParty:1030 - CMSIS Pack Vendor :STMicroelectronics X-CUBE-NFC4 3.0.0
2026-05-16 21:32:06,467 [INFO] ThirdParty:1030 - CMSIS Pack Vendor :STMicroelectronics X-CUBE-SUBG2 5.0.0
2026-05-16 21:32:06,467 [INFO] ThirdParty:1030 - CMSIS Pack Vendor :STMicroelectronics STM32_WPAN 1.0.0
2026-05-16 21:32:06,467 [INFO] ThirdParty:1030 - CMSIS Pack Vendor :STMicroelectronics eDS-WB_DPC_VIENNA 1.2.0
2026-05-16 21:32:06,467 [INFO] ThirdParty:1030 - CMSIS Pack Vendor :EmbeddedOffice I-CUBE-FS-RTOS 1.0.1
2026-05-16 21:32:06,467 [INFO] ThirdParty:1030 - CMSIS Pack Vendor :STMicroelectronics lwIP 2.0.3
2026-05-16 21:32:06,467 [INFO] ThirdParty:1030 - CMSIS Pack Vendor :STMicroelectronics eDS-WB_DPC_3PH2L-BIDIR 1.1.1
2026-05-16 21:32:06,467 [INFO] ThirdParty:1030 - CMSIS Pack Vendor :STMicroelectronics USB_HOST 1.0.0
2026-05-16 21:32:06,467 [INFO] ThirdParty:1030 - CMSIS Pack Vendor :STMicroelectronics X-CUBE-AZRTOS-G4 2.0.0
2026-05-16 21:32:06,467 [INFO] ThirdParty:1030 - CMSIS Pack Vendor :STMicroelectronics PDM2PCM 3.1.0
2026-05-16 21:32:06,467 [INFO] ThirdParty:1030 - CMSIS Pack Vendor :STMicroelectronics PDM2PCM 3.3.0
2026-05-16 21:32:06,467 [INFO] ThirdParty:1030 - CMSIS Pack Vendor :wolfSSL I-CUBE-wolfTPM 3.8.0
2026-05-16 21:32:06,467 [INFO] ThirdParty:1030 - CMSIS Pack Vendor :STMicroelectronics X-CUBE-DISPLAY 3.0.0
2026-05-16 21:32:06,467 [INFO] ThirdParty:1030 - CMSIS Pack Vendor :wolfSSL I-CUBE-wolfSSH 1.4.20
2026-05-16 21:32:06,467 [INFO] ThirdParty:1030 - CMSIS Pack Vendor :STMicroelectronics X-CUBE-NFC7 2.0.0
2026-05-16 21:32:06,467 [INFO] ThirdParty:1030 - CMSIS Pack Vendor :STMicroelectronics X-CUBE-GNSS1 7.1.1
2026-05-16 21:32:06,467 [INFO] ThirdParty:1030 - CMSIS Pack Vendor :STMicroelectronics X-CUBE-TCPP 4.2.0
2026-05-16 21:32:06,467 [INFO] ThirdParty:1030 - CMSIS Pack Vendor :RealThread X-CUBE-RT-Thread_Nano 4.1.1
2026-05-16 21:32:06,467 [INFO] ThirdParty:1030 - CMSIS Pack Vendor :wolfSSL I-CUBE-wolfSSL 5.9.1
2026-05-16 21:32:06,467 [INFO] ThirdParty:1030 - CMSIS Pack Vendor :STMicroelectronics FP-ATR-SIGFOX1 3.2.0
2026-05-16 21:32:06,468 [INFO] ThirdParty:1030 - CMSIS Pack Vendor :STMicroelectronics X-CUBE-NFC10 1.0.0
2026-05-16 21:32:06,468 [INFO] ThirdParty:1030 - CMSIS Pack Vendor :STMicroelectronics HAL Drivers 0.0.0
2026-05-16 21:32:06,468 [INFO] ThirdParty:1030 - CMSIS Pack Vendor :STMicroelectronics MBEDTLS 2.16.2
2026-05-16 21:32:06,468 [INFO] ThirdParty:1030 - CMSIS Pack Vendor :STMicroelectronics X-CUBE-ST60 1.1.0
2026-05-16 21:32:06,468 [INFO] ThirdParty:1030 - CMSIS Pack Vendor :STMicroelectronics X-CUBE-ALS 1.0.2
2026-05-16 21:32:06,468 [INFO] ThirdParty:1030 - CMSIS Pack Vendor :emotas I-CUBE-CANOPEN 1.3.0
2026-05-16 21:32:06,468 [INFO] ThirdParty:1030 - CMSIS Pack Vendor :STMicroelectronics MBEDTLS 2.14.1
2026-05-16 21:32:06,468 [INFO] ThirdParty:1030 - CMSIS Pack Vendor :ITTIA_DB I-CUBE-ITTIADB 8.9.0
2026-05-16 21:32:06,468 [INFO] ThirdParty:1030 - CMSIS Pack Vendor :Cesanta I-CUBE-Mongoose 7.21.7
2026-05-16 21:32:06,468 [INFO] ThirdParty:1030 - CMSIS Pack Vendor :STMicroelectronics X-CUBE-TOUCHGFX 4.26.1
2026-05-16 21:32:06,468 [INFO] ThirdParty:1030 - CMSIS Pack Vendor :STMicroelectronics X-CUBE-NFC6 3.2.0
2026-05-16 21:32:06,468 [INFO] ThirdParty:1030 - CMSIS Pack Vendor :STMicroelectronics X-CUBE-AI 10.2.0
2026-05-16 21:32:06,468 [INFO] ThirdParty:1030 - CMSIS Pack Vendor :STMicroelectronics ThreadX 1.0.0
2026-05-16 21:32:06,468 [INFO] ThirdParty:1030 - CMSIS Pack Vendor :STMicroelectronics FP-SNS-SMARTAG2 1.2.0
2026-05-16 21:32:06,468 [INFO] ThirdParty:1030 - CMSIS Pack Vendor :STMicroelectronics X-CUBE-MEMS1 12.1.0
2026-05-16 21:32:06,468 [INFO] ThirdParty:1030 - CMSIS Pack Vendor :STMicroelectronics FP-SNS-FLIGHT1 5.1.0
2026-05-16 21:32:06,468 [INFO] ThirdParty:1030 - CMSIS Pack Vendor :STMicroelectronics X-CUBE-AZRTOS-WL 2.0.0
2026-05-16 21:32:06,468 [INFO] ThirdParty:1030 - CMSIS Pack Vendor :SEGGER I-CUBE-embOS 1.3.1
2026-05-16 21:32:06,468 [INFO] ThirdParty:1030 - CMSIS Pack Vendor :STMicroelectronics X-CUBE-ALGOBUILD 1.4.0
2026-05-16 21:32:06,468 [INFO] ThirdParty:1030 - CMSIS Pack Vendor :STMicroelectronics X-CUBE-DPower 1.3.0
2026-05-16 21:32:06,468 [INFO] ThirdParty:1030 - CMSIS Pack Vendor :STMicroelectronics USB_DEVICE 1.0.0
2026-05-16 21:32:06,468 [INFO] ThirdParty:1030 - CMSIS Pack Vendor :STMicroelectronics X-CUBE-AZRTOS-H7RS 1.2.0
2026-05-16 21:32:06,468 [INFO] ThirdParty:1030 - CMSIS Pack Vendor :STMicroelectronics X-CUBE-AZRTOS-L4 2.0.0
2026-05-16 21:32:06,468 [INFO] ThirdParty:1030 - CMSIS Pack Vendor :STMicroelectronics ThreadX 0.0.2
2026-05-16 21:32:06,468 [INFO] ThirdParty:1030 - CMSIS Pack Vendor :STMicroelectronics lwIP 2.1.2
2026-05-16 21:32:06,469 [INFO] ThirdParty:1030 - CMSIS Pack Vendor :STMicroelectronics X-CUBE-SFXS2LP1 4.0.0
2026-05-16 21:32:06,469 [INFO] ThirdParty:1030 - CMSIS Pack Vendor :STMicroelectronics X-CUBE-BLE2 3.3.0
2026-05-16 21:32:06,469 [INFO] ThirdParty:1030 - CMSIS Pack Vendor :Avnet-IOTCONNECT X-CUBE-iotc-st67-sdk 1.0.0
2026-05-16 21:32:06,469 [INFO] ThirdParty:1030 - CMSIS Pack Vendor :STMicroelectronics X-CUBE-TOF1 3.4.3
2026-05-16 21:32:06,469 [INFO] ThirdParty:1030 - CMSIS Pack Vendor :Infineon AIROC-Wi-Fi-Bluetooth-STM32 1.8.0
2026-05-16 21:32:06,469 [INFO] ThirdParty:1030 - CMSIS Pack Vendor :STMicroelectronics PDM2PCM 3.2.0
2026-05-16 21:32:06,469 [INFO] ThirdParty:1030 - CMSIS Pack Vendor :STMicroelectronics X-CUBE-WB05N 2.1.0
2026-05-16 21:32:06,469 [INFO] ThirdParty:841 - exiting critical section [change project]
2026-05-16 21:32:06,681 [INFO] PinOutPanel:1589 - setPackage(No Configuration,No Configuration)
2026-05-16 21:32:06,683 [INFO] PinOutPanel:1589 - setPackage(STM32F446RETx,LQFP64)
2026-05-16 21:32:06,987 [INFO] UtilMem:75 - Before build in PCC Used Memory: 901627880 Bytes (1073741824)
2026-05-16 21:32:07,187 [INFO] UtilMem:75 - After build in PCC Used Memory: 952527984 Bytes (1073741824)
2026-05-16 21:32:07,204 [INFO] IPUIPlugin:80 - create IPUIPlugin
2026-05-16 21:32:07,204 [INFO] IPUIPlugin:80 - create IPUIPlugin
2026-05-16 21:32:07,204 [INFO] IPUIPlugin:80 - create IPUIPlugin
2026-05-16 21:32:07,204 [INFO] IPUIPlugin:80 - create IPUIPlugin
2026-05-16 21:32:07,204 [INFO] IPUIPlugin:80 - create IPUIPlugin
2026-05-16 21:32:07,204 [INFO] IPUIPlugin:80 - create IPUIPlugin
2026-05-16 21:32:07,204 [INFO] IPUIPlugin:80 - create IPUIPlugin
2026-05-16 21:32:07,204 [INFO] IPUIPlugin:80 - create IPUIPlugin
2026-05-16 21:32:07,204 [INFO] IPUIPlugin:80 - create IPUIPlugin
2026-05-16 21:32:07,204 [INFO] IPUIPlugin:80 - create IPUIPlugin
2026-05-16 21:32:07,204 [INFO] IPUIPlugin:80 - create IPUIPlugin
2026-05-16 21:32:07,205 [INFO] IPUIPlugin:80 - create IPUIPlugin
2026-05-16 21:32:07,205 [INFO] IPUIPlugin:80 - create IPUIPlugin
2026-05-16 21:32:07,205 [INFO] IPUIPlugin:80 - create IPUIPlugin
2026-05-16 21:32:07,205 [INFO] IPUIPlugin:80 - create IPUIPlugin
2026-05-16 21:32:07,205 [INFO] IPUIPlugin:80 - create IPUIPlugin
2026-05-16 21:32:07,205 [INFO] IPUIPlugin:80 - create IPUIPlugin
2026-05-16 21:32:07,205 [INFO] IPUIPlugin:80 - create IPUIPlugin
2026-05-16 21:32:07,205 [INFO] IPUIPlugin:80 - create IPUIPlugin
2026-05-16 21:32:07,205 [INFO] IPUIPlugin:80 - create IPUIPlugin
2026-05-16 21:32:07,205 [INFO] IPUIPlugin:80 - create IPUIPlugin
2026-05-16 21:32:07,205 [INFO] IPUIPlugin:80 - create IPUIPlugin
2026-05-16 21:32:07,206 [INFO] IPUIPlugin:80 - create IPUIPlugin
2026-05-16 21:32:07,206 [INFO] IPUIPlugin:80 - create IPUIPlugin
2026-05-16 21:32:07,206 [INFO] IPUIPlugin:80 - create IPUIPlugin
2026-05-16 21:32:07,206 [INFO] IPUIPlugin:80 - create IPUIPlugin
2026-05-16 21:32:07,206 [INFO] IPUIPlugin:80 - create IPUIPlugin
2026-05-16 21:32:07,206 [INFO] IPUIPlugin:80 - create IPUIPlugin
2026-05-16 21:32:07,206 [INFO] IPUIPlugin:80 - create IPUIPlugin
2026-05-16 21:32:07,207 [INFO] IPUIPlugin:80 - create IPUIPlugin
2026-05-16 21:32:07,207 [INFO] IPUIPlugin:80 - create IPUIPlugin
2026-05-16 21:32:07,207 [INFO] IPUIPlugin:80 - create IPUIPlugin
2026-05-16 21:32:07,207 [INFO] IPUIPlugin:80 - create IPUIPlugin
2026-05-16 21:32:07,207 [INFO] IPUIPlugin:80 - create IPUIPlugin
2026-05-16 21:32:07,207 [INFO] IPUIPlugin:80 - create IPUIPlugin
2026-05-16 21:32:07,207 [INFO] IPUIPlugin:80 - create IPUIPlugin
2026-05-16 21:32:07,207 [INFO] IPUIPlugin:80 - create IPUIPlugin
2026-05-16 21:32:07,208 [INFO] IPUIPlugin:80 - create IPUIPlugin
2026-05-16 21:32:07,208 [INFO] IPUIPlugin:80 - create IPUIPlugin
2026-05-16 21:32:07,208 [INFO] IPUIPlugin:80 - create IPUIPlugin
2026-05-16 21:32:07,208 [INFO] IPUIPlugin:80 - create IPUIPlugin
2026-05-16 21:32:07,208 [INFO] IPUIPlugin:80 - create IPUIPlugin
2026-05-16 21:32:07,208 [INFO] IPUIPlugin:80 - create IPUIPlugin
2026-05-16 21:32:07,208 [INFO] IPUIPlugin:80 - create IPUIPlugin
2026-05-16 21:32:07,208 [INFO] IPUIPlugin:80 - create IPUIPlugin
2026-05-16 21:32:07,209 [INFO] IPUIPlugin:80 - create IPUIPlugin
2026-05-16 21:32:07,209 [INFO] IPUIPlugin:80 - create IPUIPlugin
2026-05-16 21:32:07,209 [INFO] IPUIPlugin:80 - create IPUIPlugin
2026-05-16 21:32:07,209 [INFO] IPUIPlugin:80 - create IPUIPlugin
2026-05-16 21:32:07,209 [INFO] IPUIPlugin:80 - create IPUIPlugin
2026-05-16 21:32:07,209 [INFO] IPUIPlugin:80 - create IPUIPlugin
2026-05-16 21:32:07,210 [INFO] IPUIPlugin:80 - create IPUIPlugin
2026-05-16 21:32:07,210 [INFO] IPUIPlugin:80 - create IPUIPlugin
2026-05-16 21:32:07,210 [INFO] IPUIPlugin:80 - create IPUIPlugin
2026-05-16 21:32:07,210 [INFO] IPUIPlugin:80 - create IPUIPlugin
2026-05-16 21:32:07,210 [INFO] IPUIPlugin:80 - create IPUIPlugin
2026-05-16 21:32:07,211 [INFO] IPUIPlugin:80 - create IPUIPlugin
2026-05-16 21:32:07,211 [INFO] IPUIPlugin:80 - create IPUIPlugin
2026-05-16 21:32:07,211 [INFO] IPUIPlugin:80 - create IPUIPlugin
2026-05-16 21:32:07,211 [INFO] IPUIPlugin:80 - create IPUIPlugin
2026-05-16 21:32:07,217 [INFO] ApiDbMcu:508 - Load IP Config File for PDM2PCM
2026-05-16 21:32:07,259 [INFO] CADModel:165 - CPN selected for project levelSTM32F446RET6
2026-05-16 21:32:07,259 [INFO] CADModel:114 - Register for checkConnection events
2026-05-16 21:32:07,310 [INFO] OpenFileManager:385 - Restore cursor
2026-05-16 21:33:04,200 [INFO] Gpio:277 - dependency for GPIO [SYS, USART2]
2026-05-16 21:33:52,462 [INFO] Gpio:277 - dependency for GPIO [SYS, USART2]
2026-05-16 21:33:52,523 [INFO] NvicIntPanel:101 - NVIC parent = com.st.microxplorer.plugins.ip.nvic.MultiNvicIntPanel[,0,0,0x0,invalid,layout=javax.swing.BoxLayout,alignmentX=0.0,alignmentY=0.0,border=,flags=9,maximumSize=,minimumSize=,preferredSize=]
2026-05-16 21:33:57,990 [INFO] UtilMem:75 - End SaveConfig() Used Memory: 869856504 Bytes (1073741824)
2026-05-16 21:34:00,335 [INFO] UtilMem:75 - End SaveConfig() Used Memory: 911273208 Bytes (1073741824)
2026-05-16 21:34:00,687 [INFO] BlockDiagram:2775 - set Specific Code input for plugin: SYS
2026-05-16 21:34:00,687 [INFO] BlockDiagram:2775 - set Specific Code input for plugin: RCC
2026-05-16 21:34:00,687 [INFO] BlockDiagram:2775 - set Specific Code input for plugin: NVIC
2026-05-16 21:34:00,688 [INFO] BlockDiagram:2775 - set Specific Code input for plugin: USART
2026-05-16 21:34:00,688 [INFO] BlockDiagram:2775 - set Specific Code input for plugin: GPIO
2026-05-16 21:34:00,689 [INFO] CodeGenerator:882 - code generatio: config db path: B:\ST\STM32CubeIDE_1.18.1\STM32CubeIDE\plugins\com.st.stm32cube.common.mx_6.14.1.202504091515\\db\
2026-05-16 21:34:00,763 [INFO] CodeEngine:263 - oldGeneratedFile, B:\stm32\first\MXTmpFiles\license.tmp_save
2026-05-16 21:34:00,916 [INFO] CodeEngine:287 - Generated code: B:\stm32\first\MXTmpFiles\license.tmp
2026-05-16 21:34:00,944 [INFO] CodeEngine:263 - oldGeneratedFile, B:\stm32\first\MXTmpFiles\gpio.tmp_save
2026-05-16 21:34:01,033 [INFO] CodeEngine:287 - Generated code: B:\stm32\first\MXTmpFiles\gpio.tmp
2026-05-16 21:34:01,091 [INFO] CodeEngine:263 - oldGeneratedFile, B:\stm32\first\Core\Src\stm32f4xx_it.c_save
2026-05-16 21:34:01,179 [INFO] CodeEngine:287 - Generated code: B:\stm32\first\Core\Src\stm32f4xx_it.c
2026-05-16 21:34:01,184 [INFO] CodeEngine:263 - oldGeneratedFile, B:\stm32\first\Core\Inc\stm32f4xx_it.h_save
2026-05-16 21:34:01,252 [INFO] CodeEngine:287 - Generated code: B:\stm32\first\Core\Inc\stm32f4xx_it.h
2026-05-16 21:34:01,264 [INFO] CodeEngine:263 - oldGeneratedFile, B:\stm32\first\Core\Src\stm32f4xx_hal_msp.c_save
2026-05-16 21:34:01,345 [INFO] CodeEngine:287 - Generated code: B:\stm32\first\Core\Src\stm32f4xx_hal_msp.c
2026-05-16 21:34:01,349 [INFO] CodeEngine:263 - oldGeneratedFile, B:\stm32\first\MXTmpFiles\system.tmp_save
2026-05-16 21:34:01,401 [INFO] CodeEngine:287 - Generated code: B:\stm32\first\MXTmpFiles\system.tmp
2026-05-16 21:34:01,410 [INFO] CodeEngine:319 - oldGeneratedFile, B:\stm32\first\Core\Inc\stm32f4xx_hal_conf.h_save
2026-05-16 21:34:01,471 [INFO] CodeEngine:343 - Generated code: B:\stm32\first\Core\Inc\stm32f4xx_hal_conf.h
2026-05-16 21:34:01,488 [WARN] IPConfigManager:3217 - Warning: the RefConfig PLL2P_FOR_MCO is not available in your config.xml file
2026-05-16 21:34:01,493 [INFO] ApiDbMcu:508 - Load IP Config File for USART2
2026-05-16 21:34:01,496 [INFO] ApiDbMcu:508 - Load IP Config File for RCC
2026-05-16 21:34:01,505 [INFO] CodeEngine:263 - oldGeneratedFile, B:\stm32\first\Core\Inc\main.h_save
2026-05-16 21:34:01,565 [INFO] CodeEngine:287 - Generated code: B:\stm32\first\Core\Inc\main.h
2026-05-16 21:34:01,571 [INFO] CodeEngine:263 - oldGeneratedFile, B:\stm32\first\Core\Src\main.c_save
2026-05-16 21:34:01,649 [INFO] CodeEngine:287 - Generated code: B:\stm32\first\Core\Src\main.c
2026-05-16 21:34:01,983 [INFO] ProjectBuilder:3324 - Time for Copy HAL[1] : 196mS.
2026-05-16 21:34:01,985 [INFO] ProjectBuilder:4912 - Project Generator version: 4.6.0.1-B1
2026-05-16 21:34:02,045 [INFO] ConfigFileManager:1590 - The Die is : DIE421
2026-05-16 21:34:02,048 [INFO] ApiDbMcu:508 - Load IP Config File for FATFS
2026-05-16 21:34:02,051 [INFO] ApiDbMcu:508 - Load IP Config File for FREERTOS
2026-05-16 21:34:02,053 [INFO] ApiDbMcu:508 - Load IP Config File for LIBJPEG
2026-05-16 21:34:02,057 [INFO] ApiDbMcu:508 - Load IP Config File for MBEDTLS
2026-05-16 21:34:02,062 [INFO] ApiDbMcu:508 - Load IP Config File for USB_DEVICE
2026-05-16 21:34:02,065 [INFO] ApiDbMcu:508 - Load IP Config File for USB_HOST
2026-05-16 21:34:02,799 [INFO] ProjectBuilder:5191 - Time for Generating toolchain IDE Files: 814mS.
2026-05-16 21:34:02,800 [INFO] ProjectBuilder:3181 - Time for Copy CMSIS : 1mS.
2026-05-16 21:34:02,801 [INFO] ProjectBuilder:3181 - Time for Copy CMSIS : 0mS.
2026-05-16 21:59:03,154 [INFO] MainUpdater:2872 - connection check result : 10
2026-05-16 21:59:03,155 [INFO] McuFinderGlobals:76 - Set McuFinderConnectedMode to true
2026-05-16 21:59:03,354 [INFO] ServerAccessManage:473 - Download File mcusAds.json._tmp_
2026-05-16 21:59:03,469 [INFO] LoadUrlFilesThread:156 - End of LoadUrlFiles Thread
2026-05-16 21:59:03,757 [INFO] ServerAccessManage:473 - Download File cube-finder-db.zip
2026-05-16 21:59:05,768 [INFO] FileExtend:242 - Unzip File : cube-finder-db.zip
2026-05-16 21:59:05,768 [INFO] FileExtend:257 - Standard Zip Deflate
2026-05-16 21:59:06,389 [INFO] LoadUrlFilesThread:156 - End of LoadUrlFiles Thread
2026-05-16 21:59:07,594 [INFO] ServerAccessManage:473 - Download File crdb.zip
2026-05-16 21:59:08,982 [INFO] FileExtend:242 - Unzip File : crdb.zip
2026-05-16 21:59:08,982 [INFO] FileExtend:257 - Standard Zip Deflate
2026-05-16 21:59:09,102 [INFO] LoadUrlFilesThread:156 - End of LoadUrlFiles Thread
2026-05-16 21:59:09,171 [INFO] ServerAccessManage:473 - Download File tutoVideoDB.zip
2026-05-16 21:59:09,180 [INFO] FileExtend:242 - Unzip File : tutoVideoDB.zip
2026-05-16 21:59:09,180 [INFO] FileExtend:257 - Standard Zip Deflate
2026-05-16 21:59:09,292 [INFO] LoadUrlFilesThread:156 - End of LoadUrlFiles Thread
2026-05-16 21:59:09,292 [WARN] DbFile:41 - Overriding database path with different value: C:\Users\moonc\.stmcufinder\plugins\mcufinder/ => C:\Users\moonc\.stmcufinder\plugins\mcufinder
2026-05-16 21:59:10,029 [ERROR] ServerAccessManage:1089 - Problem, file not found on Server
2026-05-16 21:59:10,029 [ERROR] ServerAccessManage:651 - Problem, file not found on Server : api_config.json.
2026-05-16 21:59:15,821 [INFO] LoadUrlFilesThread:156 - End of LoadUrlFiles Thread
2026-05-16 21:59:16,809 [INFO] DbMcusAds:53 - JSON generation date=Mon Apr 27 17:14:29 KST 2026 (1777277669683)
2026-05-16 21:59:16,812 [INFO] ApiDb:448 - Save user favorites file C:\Users\moonc/.stm32cubeide/favorites.mcus.txt: 0 item(s)
2026-05-16 21:59:16,812 [INFO] ApiDb:452 - User favorites MCUs=[]
2026-05-16 21:59:16,814 [INFO] ApiDb:581 - Connected to CubeFinder SQLite database (C:\Users\moonc\.stmcufinder\plugins\mcufinder\mcu\cube-finder-db.db)
2026-05-16 21:59:16,885 [INFO] ApiDb:668 - CubeFinder database Data Model version=2.1
2026-05-16 21:59:16,885 [INFO] ApiDb:669 - CubeFinder database Configuration version=3.0.42
2026-05-16 21:59:16,885 [INFO] ApiDb:670 - CubeFinder database generation date=2026-05-06 (1778060171)
2026-05-16 21:59:16,885 [INFO] ApiDb:671 - CubeFinder database FW Pack versions=[FP-ATR-ASTRA1_V2.0.0, FP-SNS-FLIGHT1_V5.1.0, FP-SNS-MOTENV1_V5.1.0, FP-SNS-MOTENVWB1_V1.5.0, FP-SNS-SMARTAG2_V1.2.0, FP-SNS-STBOX1_V2.1.0, STM32Cube_FW_C0_V1.4.0, STM32Cube_FW_F4_V1.28.3, STM32Cube_FW_F7_V1.17.4, STM32Cube_FW_G0_V1.6.3, STM32Cube_FW_G4_V1.6.2, STM32Cube_FW_H5_V1.6.0, STM32Cube_FW_H7RS_V1.3.0, STM32Cube_FW_H7_V1.13.0, STM32Cube_FW_L0_V1.12.2, STM32Cube_FW_L4_V1.18.2, STM32Cube_FW_L5_V1.6.0, STM32Cube_FW_N6_V1.3.0, STM32Cube_FW_U0_V1.3.0, STM32Cube_FW_U3_V1.3.0, STM32Cube_FW_U5_V1.8.0, STM32Cube_FW_WB0_V1.4.0, STM32Cube_FW_WBA_V1.9.0, STM32Cube_FW_WB_V1.24.0, STM32Cube_FW_WL3_V1.4.0, STM32Cube_FW_WL_V1.5.0, X-CUBE-ALGOBUILD_V1.4.0, X-CUBE-ALS_V1.0.2, X-CUBE-AZRTOS-F4_V1.1.0, X-CUBE-AZRTOS-F7_V1.1.0, X-CUBE-AZRTOS-G0_V1.1.0, X-CUBE-AZRTOS-G4_V2.0.0, X-CUBE-AZRTOS-H7RS_V1.1.0, X-CUBE-AZRTOS-H7_V3.5.0, X-CUBE-AZRTOS-L4_V2.0.0, X-CUBE-AZRTOS-L5_V2.0.0, X-CUBE-AZRTOS-WB_V2.0.0, X-CUBE-AZRTOS-WL_V2.0.0, X-CUBE-BLE1_V7.1.0, X-CUBE-BLE2_V3.3.0, X-CUBE-BLEMGR_V4.1.0, X-CUBE-EEPRMA1_V5.2.0, X-CUBE-FREERTOS_V1.5.0, X-CUBE-GNSS1_V6.0.0, X-CUBE-MEMS1_V12.0.0, X-CUBE-NFC4_V3.0.0, X-CUBE-NFC7_V2.0.0, X-CUBE-SFXS2LP1_V4.0.0, X-CUBE-ST67W61_V1.2.0, X-CUBE-SUBG2_V5.0.0, X-CUBE-TOF1_V3.4.3]
2026-05-16 21:59:18,686 [INFO] ApiDb:240 - Found 895 in-development CPN: [B-G473E-ZEST1S, B-WB1M-WPAN1, B-WBA5M-WPAN, B-WL5M-SUBG1, NUCLEO-C031C6, NUCLEO-C051C8, NUCLEO-C071RB, NUCLEO-C092RC, NUCLEO-H503RB, NUCLEO-H533RE, NUCLEO-H563ZI, NUCLEO-H7S3L8, NUCLEO-N657X0-Q, NUCLEO-U031R8, NUCLEO-U083RC, NUCLEO-U385RG-Q, NUCLEO-U545RE-Q, NUCLEO-U5A5ZJ-Q, NUCLEO-WB05KZ, NUCLEO-WB07CC, NUCLEO-WB09KE, NUCLEO-WBA52CG, NUCLEO-WBA55CG, NUCLEO-WBA65RI, NUCLEO-WL33CC1, NUCLEO-WL33CC2, STEVAL-PROTEUS1, STEVAL-SMARTAG2, STEVAL-STWINBX1, STM320518-EVAL, STM32C0116-DK, STM32C011D6Y3TR, STM32C011D6Y6TR, STM32C011F4P3, STM32C011F4P6, STM32C011F4U3, STM32C011F4U6TR, STM32C011F6P3, STM32C011F6P6, STM32C011F6U3, STM32C011F6U6TR, STM32C011J4M3, STM32C011J4M6, STM32C011J6M3, STM32C011J6M6, STM32C0316-DK, STM32C031C4T3, STM32C031C4T6, STM32C031C4U3, STM32C031C4U6, STM32C031C6T3, STM32C031C6T6, STM32C031C6U3, STM32C031C6U6, STM32C031F4P3, STM32C031F4P6, STM32C031F6P3, STM32C031F6P6, STM32C031G4U3, STM32C031G4U6, STM32C031G6U3, STM32C031G6U6, STM32C031K4T3, STM32C031K4T6, STM32C031K4U3, STM32C031K4U6, STM32C031K6T3, STM32C031K6T6, STM32C031K6U3, STM32C031K6U6, STM32C051C6T6, STM32C051C6U6, STM32C051C8T6, STM32C051C8U6, STM32C051D8Y6TR, STM32C051F6P6, STM32C051F8P6, STM32C051G6U6, STM32C051G8U6, STM32C051K6T6, STM32C051K6U6, STM32C051K8T6, STM32C071C8T6, STM32C071C8T6N, STM32C071C8U6, STM32C071C8U6N, STM32C071CBT6, STM32C071CBT6N, STM32C071CBU6, STM32C071CBU6N, STM32C071F8P6, STM32C071F8P6N, STM32C071FBP6, STM32C071FBP6N, STM32C071FBY6TR, STM32C071G8U6, STM32C071G8U6N, STM32C071GBU6, STM32C071GBU6N, STM32C071K8T6, STM32C071K8T6N, STM32C071K8U6, STM32C071K8U6N, STM32C071KBT6, STM32C071KBT6N, STM32C071KBU6, STM32C071KBU6N, STM32C071R8T6, STM32C071R8T6N, STM32C071RBI6N, STM32C071RBT6, STM32C071RBT6N, STM32C091CBT6, STM32C091CBU6, STM32C091CCT6, STM32C091CCU6, STM32C091ECY6TR, STM32C091FBP6, STM32C091FCP6, STM32C091GBU6, STM32C091GCU6, STM32C091KBT6, STM32C091KBU6, STM32C091KCT6, STM32C091KCU6, STM32C091RBT6, STM32C091RCI6, STM32C091RCT6, STM32C092CBT6, STM32C092CBU6, STM32C092CCT6, STM32C092CCU6, STM32C092ECY6TR, STM32C092FBP6, STM32C092FCP6, STM32C092GBU6, STM32C092GCU6, STM32C092KBT6, STM32C092KBU6, STM32C092KCT6, STM32C092KCU6, STM32C092RBT6, STM32C092RCI6, STM32C092RCT6, STM32G071K8TXN, STM32G071K8UXN, STM32G081GBU6N, STM32G081KBT6N, STM32G081KBUXN, STM32G0B1CCT6N, STM32G0B1KCT6, STM32G0B1NEY6TR, STM32G0B1RCT6N, STM32G0C1CCT6, STM32G0C1CCT6N, STM32G0C1CCU6N, STM32G0C1CET6N, STM32G0C1CEU6N, STM32G0C1KCT6, STM32G0C1NEY6TR, STM32G0C1RCI6N, STM32G0C1RCT6N, STM32G0C1REI6N, STM32G0C1RET6N, STM32G0C1VCI6, STM32G0C1VEI6, STM32G411C6T3, STM32G411C6T6, STM32G411C6U3, STM32G411C6U6, STM32G411C8T3, STM32G411C8T6, STM32G411C8U3, STM32G411C8U6, STM32G411CBT3, STM32G411CBT6, STM32G411CBU3, STM32G411CBU6, STM32G411CCT3, STM32G411CCT6, STM32G411CCU3, STM32G411CCU6, STM32G411K6T3, STM32G411K6T6, STM32G411K6U3, STM32G411K6U6, STM32G411K8T3, STM32G411K8T6, STM32G411K8U3, STM32G411K8U6, STM32G411KBT3, STM32G411KBT6, STM32G411KBU3, STM32G411KBU6, STM32G411M6T3, STM32G411M6T6, STM32G411M8T3, STM32G411M8T6, STM32G411MBT3, STM32G411MBT6, STM32G411MCT3, STM32G411MCT6, STM32G411R6T3, STM32G411R6T6, STM32G411R8T3, STM32G411R8T6, STM32G411RBT3, STM32G411RBT6, STM32G411RCT3, STM32G411RCT6, STM32G414CBT3, STM32G414CBT6, STM32G414CBU3, STM32G414CBU6, STM32G414CCT3, STM32G414CCT6, STM32G414CCU3, STM32G414CCU6, STM32G414MBT3, STM32G414MBT6, STM32G414MCT3, STM32G414MCT6, STM32G414RBT3, STM32G414RBT6, STM32G414RCT3, STM32G414RCT6, STM32G414VBT3, STM32G414VBT6, STM32G414VCT3, STM32G414VCT6, STM32G431CBT3Z, STM32G431RBT3Z, STM32G471CCT6, STM32G471CCU6, STM32G471CET3, STM32G471CET6, STM32G471CEU3, STM32G471CEU6, STM32G471MCT6, STM32G471MET3, STM32G471MET6, STM32G471MEY6TR, STM32G471QCT6, STM32G471QET3, STM32G471RCT6, STM32G471RET3, STM32G471RET6, STM32G471VCH6, STM32G471VCI6, STM32G471VCT6, STM32G471VEH3, STM32G471VEH6, STM32G471VEI3, STM32G471VEI6, STM32G471VET3, STM32G471VET6, STM32G473QET3Z, STM32G473RET3Z, STM32G474CCT6, STM32G491RET3Z, STM32H503CBT6, STM32H503CBU6, STM32H503EBY6TR, STM32H503KBU6, STM32H503RBT6, STM32H523CCT6, STM32H523CCU6, STM32H523CET6, STM32H523CEU6, STM32H523HEY6TR, STM32H523RCT6, STM32H523RET6, STM32H523VCI6, STM32H523VCT6, STM32H523VEI6, STM32H523VET6, STM32H523ZCJ6, STM32H523ZCT6, STM32H523ZEJ6, STM32H523ZET6, STM32H533CET6, STM32H533CEU6, STM32H533HEY6TR, STM32H533RET6, STM32H533VEI6, STM32H533VET6, STM32H533ZEJ6, STM32H533ZET6, STM32H562AGI6, STM32H562AII6, STM32H562IGK6, STM32H562IGT6, STM32H562IIK6, STM32H562IIT6, STM32H562RGT6, STM32H562RGV6, STM32H562RIT6, STM32H562RIV6, STM32H562VGT6, STM32H562VIT6, STM32H562ZGT6, STM32H562ZIT6, STM32H563AGI6, STM32H563AII3Q, STM32H563AII6, STM32H563IGK6, STM32H563IGT6, STM32H563IIK3Q, STM32H563IIK6, STM32H563IIT3Q, STM32H563IIT6, STM32H563MIY3QTR, STM32H563RGT6, STM32H563RGV6, STM32H563RIT6, STM32H563RIV6, STM32H563VGT6, STM32H563VIT3Q, STM32H563VIT6, STM32H563ZGT6, STM32H563ZIT3Q, STM32H563ZIT6, STM32H573AII3Q, STM32H573AII6, STM32H573I-DK, STM32H573IIK3Q, STM32H573IIK6, STM32H573IIT3Q, STM32H573IIT6, STM32H573MIY3QTR, STM32H573RIT6, STM32H573RIV6, STM32H573VIT3Q, STM32H573VIT6, STM32H573ZIT3Q, STM32H573ZIT6, STM32H7R3A8I6, STM32H7R3I8K6, STM32H7R3I8T6, STM32H7R3L8H6, STM32H7R3L8H6H, STM32H7R3R8V6, STM32H7R3V8H6, STM32H7R3V8T6, STM32H7R3V8Y6TR, STM32H7R3Z8J6, STM32H7R3Z8T6, STM32H7R7A8I6, STM32H7R7I8K6, STM32H7R7I8T6, STM32H7R7L8H6, STM32H7R7L8H6H, STM32H7R7Z8J6, STM32H7S3A8I6, STM32H7S3I8K6, STM32H7S3I8T6, STM32H7S3L8H6, STM32H7S3L8H6H, STM32H7S3R8V6, STM32H7S3V8H6, STM32H7S3V8T6, STM32H7S3V8Y6TR, STM32H7S3Z8J6, STM32H7S3Z8T6, STM32H7S78-DK, STM32H7S7A8I6, STM32H7S7I8K6, STM32H7S7I8T6, STM32H7S7L8H6, STM32H7S7L8H6H, STM32H7S7Z8J6, STM32L4R5QGI6STR, STM32MP131AAE3, STM32MP131AAF3, STM32MP131AAG3, STM32MP131CAE3, STM32MP131CAF3, STM32MP131CAG3, STM32MP131DAE7, STM32MP131DAF7, STM32MP131DAG7, STM32MP131FAE7, STM32MP131FAF7, STM32MP131FAG7, STM32MP133AAE3, STM32MP133AAF3, STM32MP133AAG3, STM32MP133CAE3, STM32MP133CAF3, STM32MP133CAG3, STM32MP133DAE7, STM32MP133DAF7, STM32MP133DAG7, STM32MP133FAE7, STM32MP133FAF7, STM32MP133FAG7, STM32MP135AAE3, STM32MP135AAF3, STM32MP135AAG3, STM32MP135CAE3, STM32MP135CAF3, STM32MP135CAG3, STM32MP135DAE7, STM32MP135DAF7, STM32MP135DAG7, STM32MP135F-DK, STM32MP135FAE7, STM32MP135FAF7, STM32MP135FAF7T, STM32MP135FAF7U, STM32MP135FAG7, STM32MP231AAJ3, STM32MP231AAK3, STM32MP231AAL3, STM32MP231CAJ3, STM32MP231CAK3, STM32MP231CAL3, STM32MP231DAJ3, STM32MP231DAK3, STM32MP231DAL3, STM32MP231FAJ3, STM32MP231FAK3, STM32MP231FAL3, STM32MP233AAJ3, STM32MP233AAK3, STM32MP233AAL3, STM32MP233CAJ3, STM32MP233CAK3, STM32MP233CAL3, STM32MP233DAJ3, STM32MP233DAK3, STM32MP233DAL3, STM32MP233FAJ3, STM32MP233FAK3, STM32MP233FAL3, STM32MP235AAJ3, STM32MP235AAK3, STM32MP235AAL3, STM32MP235CAJ3, STM32MP235CAK3, STM32MP235CAL3, STM32MP235DAJ3, STM32MP235DAK3, STM32MP235DAL3, STM32MP235FAJ3, STM32MP235FAK3, STM32MP235FAL3, STM32MP251AAI3, STM32MP251AAJ3, STM32MP251AAK3, STM32MP251AAL3, STM32MP251CAI3, STM32MP251CAJ3, STM32MP251CAK3, STM32MP251CAL3, STM32MP251DAI3, STM32MP251DAJ3, STM32MP251DAK3, STM32MP251DAL3, STM32MP251FAI3, STM32MP251FAJ3, STM32MP251FAK3, STM32MP251FAL3, STM32MP253AAI3, STM32MP253AAJ3, STM32MP253AAK3, STM32MP253AAL3, STM32MP253CAI3, STM32MP253CAJ3, STM32MP253CAK3, STM32MP253CAL3, STM32MP253DAI3, STM32MP253DAJ3, STM32MP253DAK3, STM32MP253DAL3, STM32MP253FAI3, STM32MP253FAJ3, STM32MP253FAK3, STM32MP253FAL3, STM32MP255AAI3, STM32MP255AAJ3, STM32MP255AAK3, STM32MP255AAL3, STM32MP255CAI3, STM32MP255CAJ3, STM32MP255CAK3, STM32MP255CAL3, STM32MP255DAI3, STM32MP255DAJ3, STM32MP255DAK3, STM32MP255DAL3, STM32MP255FAI3, STM32MP255FAJ3, STM32MP255FAK3, STM32MP255FAL3, STM32MP257AAI3, STM32MP257AAJ3, STM32MP257AAK3, STM32MP257AAL3, STM32MP257CAI3, STM32MP257CAJ3, STM32MP257CAK3, STM32MP257CAL3, STM32MP257DAI3, STM32MP257DAJ3, STM32MP257DAK3, STM32MP257DAL3, STM32MP257F-DK, STM32MP257F-EV1, STM32MP257FAI3, STM32MP257FAJ3, STM32MP257FAK3, STM32MP257FAL3, STM32N645A0H3Q, STM32N645B0H3Q, STM32N645I0H3Q, STM32N645L0H3Q, STM32N645X0H3Q, STM32N645Z0H3Q, STM32N647A0H3Q, STM32N647B0H3Q, STM32N647I0H3Q, STM32N647L0H3Q, STM32N647X0H3Q, STM32N647Z0H3Q, STM32N655A0H3Q, STM32N655B0H3Q, STM32N655I0H3Q, STM32N655L0H3Q, STM32N655X0H3Q, STM32N655Z0H3Q, STM32N6570-DK, STM32N657A0H3Q, STM32N657B0H3Q, STM32N657I0H3Q, STM32N657L0H3Q, STM32N657X0H3Q, STM32N657Z0H3Q, STM32U031C6T6, STM32U031C6U6, STM32U031C8T6, STM32U031C8U6, STM32U031F4P6, STM32U031F6P6, STM32U031F8P6, STM32U031G6Y6TR, STM32U031G8Y6TR, STM32U031K4U6, STM32U031K6U6, STM32U031K8U6, STM32U031R6I6, STM32U031R6T6, STM32U031R8I6, STM32U031R8T6, STM32U073C8T6, STM32U073C8U6, STM32U073CBT6, STM32U073CBU6, STM32U073CCT6, STM32U073CCU6, STM32U073H8Y6TR, STM32U073HBY6TR, STM32U073HCY6TR, STM32U073K8U6, STM32U073KBU6, STM32U073KCU6, STM32U073M8I6, STM32U073M8T6, STM32U073MBI6, STM32U073MBT6, STM32U073MCI6, STM32U073MCT6, STM32U073R8I6, STM32U073R8T6, STM32U073RBI6, STM32U073RBT6, STM32U073RCI6, STM32U073RCT6, STM32U083C-DK, STM32U083CCT6, STM32U083CCU6, STM32U083HCY6TR, STM32U083KCU6, STM32U083MCI6, STM32U083MCT6, STM32U083RCI6, STM32U083RCT6, STM32U375CET6, STM32U375CET6Q, STM32U375CEU6, STM32U375CEU6Q, STM32U375CEY6QTR, STM32U375CGT6, STM32U375CGT6Q, STM32U375CGU6, STM32U375CGU6Q, STM32U375CGY6QTR, STM32U375KEU6, STM32U375KGU6, STM32U375REI6, STM32U375REI6Q, STM32U375RET6, STM32U375RET6Q, STM32U375REY6GTR, STM32U375REY6QTR, STM32U375RGI6, STM32U375RGI6Q, STM32U375RGT6, STM32U375RGT6Q, STM32U375RGY6GTR, STM32U375RGY6QTR, STM32U375VEI6, STM32U375VEI6Q, STM32U375VET6, STM32U375VET6Q, STM32U375VGI6, STM32U375VGI6Q, STM32U375VGT6, STM32U375VGT6Q, STM32U385CGT6, STM32U385CGT6Q, STM32U385CGU6, STM32U385CGU6Q, STM32U385CGY6QTR, STM32U385KGU6, STM32U385RGI6, STM32U385RGI6Q, STM32U385RGT6, STM32U385RGT6Q, STM32U385RGY6GTR, STM32U385RGY6QTR, STM32U385VGI6, STM32U385VGI6Q, STM32U385VGT6, STM32U385VGT6Q, STM32U535CBT6, STM32U535CBT6Q, STM32U535CBU6, STM32U535CBU6Q, STM32U535CCT6, STM32U535CCT6Q, STM32U535CCU6, STM32U535CCU6Q, STM32U535CET6, STM32U535CET6Q, STM32U535CEU6, STM32U535CEU6Q, STM32U535JEY6QTR, STM32U535NCY6QTR, STM32U535NEY6QTR, STM32U535RBI6, STM32U535RBI6Q, STM32U535RBT6, STM32U535RBT6Q, STM32U535RCI6, STM32U535RCI6Q, STM32U535RCT6, STM32U535RCT6Q, STM32U535REI6, STM32U535REI6Q, STM32U535RET6, STM32U535RET6Q, STM32U535VCI6, STM32U535VCI6Q, STM32U535VCT6, STM32U535VCT6Q, STM32U535VEI6, STM32U535VEI6Q, STM32U535VET6, STM32U535VET6Q, STM32U545CET6, STM32U545CET6Q, STM32U545CEU6, STM32U545CEU6Q, STM32U545JEY6QTR, STM32U545NEY6QTR, STM32U545REI6, STM32U545REI6Q, STM32U545RET6, STM32U545RET6Q, STM32U545VEI6, STM32U545VEI6Q, STM32U545VET6, STM32U545VET6Q, STM32U595AIH6, STM32U595AIH6Q, STM32U595AJH6, STM32U595AJH6Q, STM32U595QII6, STM32U595QII6Q, STM32U595QJI6, STM32U595QJI6Q, STM32U595RIT6, STM32U595RIT6Q, STM32U595RJT6, STM32U595RJT6Q, STM32U595VIT6, STM32U595VIT6Q, STM32U595VJT6, STM32U595VJT6Q, STM32U595ZIT6, STM32U595ZIT6Q, STM32U595ZIY6QTR, STM32U595ZJT6, STM32U595ZJT6Q, STM32U595ZJY6QTR, STM32U599BJY6QTR, STM32U599NIH6Q, STM32U599NJH6Q, STM32U599VIT6Q, STM32U599VJT6, STM32U599VJT6Q, STM32U599ZIT6Q, STM32U599ZIY6QTR, STM32U599ZJT6Q, STM32U599ZJY6QTR, STM32U5A5AJH6, STM32U5A5AJH6Q, STM32U5A5QII3Q , STM32U5A5QJI6, STM32U5A5QJI6Q, STM32U5A5RJT6, STM32U5A5RJT6Q, STM32U5A5VJT6, STM32U5A5VJT6Q, STM32U5A5ZJT6, STM32U5A5ZJT6Q, STM32U5A5ZJY6QTR, STM32U5A9BJY6QTR, STM32U5A9J-DK, STM32U5A9NJH6Q, STM32U5A9VJT6Q, STM32U5A9ZJT6Q, STM32U5A9ZJY6QTR, STM32U5F7VIT6, STM32U5F7VIT6Q, STM32U5F7VJT6, STM32U5F7VJT6Q, STM32U5F9BJY6QTR, STM32U5F9NJH6Q, STM32U5F9VIT6Q, STM32U5F9VJT6Q, STM32U5F9ZIJ6QTR, STM32U5F9ZIT6Q, STM32U5F9ZJJ6QTR, STM32U5F9ZJT6Q, STM32U5G7VJT6, STM32U5G7VJT6Q, STM32U5G9BJY6QTR, STM32U5G9J-DK1, STM32U5G9J-DK2, STM32U5G9NJH6Q, STM32U5G9VJT6Q, STM32U5G9ZJJ6QTR, STM32U5G9ZJT6Q, STM32WB05KZV6TR, STM32WB05KZV7TR, STM32WB05TZF6TR, STM32WB05TZF7TR, STM32WB06CCF6TR, STM32WB06CCF7TR, STM32WB06CCV6TR, STM32WB06CCV7TR, STM32WB06KCV6TR, STM32WB06KCV7TR, STM32WB07CCF6TR, STM32WB07CCF7TR, STM32WB07CCV6TR, STM32WB07CCV7TR, STM32WB07KCV6TR, STM32WB07KCV7TR, STM32WB09KEV6TR, STM32WB09KEV7TR, STM32WB09TEF6TR, STM32WB09TEF7TR, STM32WB1MMCH6, STM32WBA50KGU6, STM32WBA50KGU6TR, STM32WBA52CEU6, STM32WBA52CEU6TR, STM32WBA52CEU7, STM32WBA52CEU7TR, STM32WBA52CGU6, STM32WBA52CGU6TR, STM32WBA52CGU6U, STM32WBA52CGU7, STM32WBA52CGU7TR, STM32WBA52KEU6, STM32WBA52KEU6TR, STM32WBA52KGU6, STM32WBA52KGU6TR, STM32WBA54CEU6, STM32WBA54CEU6TR, STM32WBA54CEU7, STM32WBA54CEU7TR, STM32WBA54CGU6, STM32WBA54CGU6TR, STM32WBA54CGU7, STM32WBA54CGU7TR, STM32WBA54KEU6, STM32WBA54KEU6TR, STM32WBA54KEU7, STM32WBA54KEU7TR, STM32WBA54KGU6, STM32WBA54KGU6TR, STM32WBA54KGU7, STM32WBA54KGU7TR, STM32WBA55CEU6, STM32WBA55CEU6TR, STM32WBA55CEU7, STM32WBA55CEU7TR, STM32WBA55CGU6, STM32WBA55CGU6TR, STM32WBA55CGU6U, STM32WBA55CGU7, STM32WBA55CGU7TR, STM32WBA55G-DK1, STM32WBA55HEF6, STM32WBA55HEF7, STM32WBA55HGF6, STM32WBA55HGF7, STM32WBA55UEI6, STM32WBA55UEI6TR, STM32WBA55UEI7, STM32WBA55UEI7TR, STM32WBA55UGI6, STM32WBA55UGI6TR, STM32WBA55UGI7, STM32WBA55UGI7TR, STM32WBA5MJGH6TR, STM32WBA62CGU6, STM32WBA62CIU6, STM32WBA62MGF6, STM32WBA62MIF6, STM32WBA62PGI6, STM32WBA62PII6, STM32WBA63CGU6, STM32WBA63CGU7, STM32WBA63CIU6, STM32WBA63CIU7, STM32WBA64CGU6, STM32WBA64CGU7, STM32WBA64CIU6, STM32WBA64CIU7, STM32WBA65CGU6, STM32WBA65CGU7, STM32WBA65CIU6, STM32WBA65CIU7, STM32WBA65I-DK1, STM32WBA65MGF6, STM32WBA65MGF7, STM32WBA65MIF6, STM32WBA65MIF7, STM32WBA65PGI6, STM32WBA65PGI7, STM32WBA65PII6, STM32WBA65PII7, STM32WBA65RGV6, STM32WBA65RGV7, STM32WBA65RIV6, STM32WBA65RIV7, STM32WL30K8V6, STM32WL30KBV6, STM32WL31C8V6, STM32WL31CBV6, STM32WL31K8V6, STM32WL31KBV6, STM32WL33C8V6, STM32WL33C8V6TR, STM32WL33C8V7, STM32WL33C8V7TR, STM32WL33CBV6, STM32WL33CBV6TR, STM32WL33CBV7, STM32WL33CBV7TR, STM32WL33CCV6, STM32WL33CCV6TR, STM32WL33CCV7, STM32WL33CCV7A, STM32WL33CCV7ATR, STM32WL33CCV7TR, STM32WL33K8V6, STM32WL33K8V6TR, STM32WL33K8V7, STM32WL33K8V7TR, STM32WL33KBV6, STM32WL33KBV6TR, STM32WL33KBV7, STM32WL33KBV7TR, STM32WL33KCV6, STM32WL33KCV6TR, STM32WL33KCV7, STM32WL33KCV7TR, STM32WL5MOCH6, STM32WL5MOCH6TR]
2026-05-16 21:59:18,689 [INFO] DbMcus:218 - Found 5082 MCUs, 4964 are supported
2026-05-16 21:59:18,690 [INFO] ApiDb:423 - Load user favorites file C:\Users\moonc/.stm32cubeide/favorites.mcus.txt: 0 item(s)
2026-05-16 21:59:18,690 [INFO] ApiDb:427 - User favorites MCUs=[]
2026-05-16 21:59:18,690 [INFO] DbMcus:224 - Set 0 / 0 favorites MCUs
2026-05-16 21:59:19,112 [INFO] ApiDb:448 - Save user favorites file C:\Users\moonc/.stm32cubeide/favorites.boards.txt: 1 item(s)
2026-05-16 21:59:19,112 [INFO] ApiDb:452 - User favorites Boards=[NUCLEO-F446RE]
2026-05-16 21:59:19,114 [INFO] ApiDb:581 - Connected to CubeFinder SQLite database (C:\Users\moonc\.stmcufinder\plugins\mcufinder\mcu\cube-finder-db.db)
2026-05-16 21:59:19,184 [INFO] ApiDb:668 - CubeFinder database Data Model version=2.1
2026-05-16 21:59:19,184 [INFO] ApiDb:669 - CubeFinder database Configuration version=3.0.42
2026-05-16 21:59:19,184 [INFO] ApiDb:670 - CubeFinder database generation date=2026-05-06 (1778060171)
2026-05-16 21:59:19,184 [INFO] ApiDb:671 - CubeFinder database FW Pack versions=[FP-ATR-ASTRA1_V2.0.0, FP-SNS-FLIGHT1_V5.1.0, FP-SNS-MOTENV1_V5.1.0, FP-SNS-MOTENVWB1_V1.5.0, FP-SNS-SMARTAG2_V1.2.0, FP-SNS-STBOX1_V2.1.0, STM32Cube_FW_C0_V1.4.0, STM32Cube_FW_F4_V1.28.3, STM32Cube_FW_F7_V1.17.4, STM32Cube_FW_G0_V1.6.3, STM32Cube_FW_G4_V1.6.2, STM32Cube_FW_H5_V1.6.0, STM32Cube_FW_H7RS_V1.3.0, STM32Cube_FW_H7_V1.13.0, STM32Cube_FW_L0_V1.12.2, STM32Cube_FW_L4_V1.18.2, STM32Cube_FW_L5_V1.6.0, STM32Cube_FW_N6_V1.3.0, STM32Cube_FW_U0_V1.3.0, STM32Cube_FW_U3_V1.3.0, STM32Cube_FW_U5_V1.8.0, STM32Cube_FW_WB0_V1.4.0, STM32Cube_FW_WBA_V1.9.0, STM32Cube_FW_WB_V1.24.0, STM32Cube_FW_WL3_V1.4.0, STM32Cube_FW_WL_V1.5.0, X-CUBE-ALGOBUILD_V1.4.0, X-CUBE-ALS_V1.0.2, X-CUBE-AZRTOS-F4_V1.1.0, X-CUBE-AZRTOS-F7_V1.1.0, X-CUBE-AZRTOS-G0_V1.1.0, X-CUBE-AZRTOS-G4_V2.0.0, X-CUBE-AZRTOS-H7RS_V1.1.0, X-CUBE-AZRTOS-H7_V3.5.0, X-CUBE-AZRTOS-L4_V2.0.0, X-CUBE-AZRTOS-L5_V2.0.0, X-CUBE-AZRTOS-WB_V2.0.0, X-CUBE-AZRTOS-WL_V2.0.0, X-CUBE-BLE1_V7.1.0, X-CUBE-BLE2_V3.3.0, X-CUBE-BLEMGR_V4.1.0, X-CUBE-EEPRMA1_V5.2.0, X-CUBE-FREERTOS_V1.5.0, X-CUBE-GNSS1_V6.0.0, X-CUBE-MEMS1_V12.0.0, X-CUBE-NFC4_V3.0.0, X-CUBE-NFC7_V2.0.0, X-CUBE-SFXS2LP1_V4.0.0, X-CUBE-ST67W61_V1.2.0, X-CUBE-SUBG2_V5.0.0, X-CUBE-TOF1_V3.4.3]
2026-05-16 21:59:19,221 [INFO] DbBoardsSqlite:226 - include board P-NUCLEO-WB55-NUCLEO as a kit item of type 'Nucleo-64'
2026-05-16 21:59:19,221 [INFO] DbBoardsSqlite:226 - include board P-NUCLEO-WB55-USBDONGLE as a kit item of type 'Nucleo USB Dongle'
2026-05-16 21:59:19,222 [INFO] DbBoardsSqlite:226 - include board STEVAL-IDP005V1 as a kit item of type 'Evaluation Board'
2026-05-16 21:59:19,222 [INFO] DbBoardsSqlite:226 - include board STEVAL-IDP005V2 as a kit item of type 'Evaluation Board'
2026-05-16 21:59:19,283 [INFO] ApiDb:240 - Found 895 in-development CPN: [B-G473E-ZEST1S, B-WB1M-WPAN1, B-WBA5M-WPAN, B-WL5M-SUBG1, NUCLEO-C031C6, NUCLEO-C051C8, NUCLEO-C071RB, NUCLEO-C092RC, NUCLEO-H503RB, NUCLEO-H533RE, NUCLEO-H563ZI, NUCLEO-H7S3L8, NUCLEO-N657X0-Q, NUCLEO-U031R8, NUCLEO-U083RC, NUCLEO-U385RG-Q, NUCLEO-U545RE-Q, NUCLEO-U5A5ZJ-Q, NUCLEO-WB05KZ, NUCLEO-WB07CC, NUCLEO-WB09KE, NUCLEO-WBA52CG, NUCLEO-WBA55CG, NUCLEO-WBA65RI, NUCLEO-WL33CC1, NUCLEO-WL33CC2, STEVAL-PROTEUS1, STEVAL-SMARTAG2, STEVAL-STWINBX1, STM320518-EVAL, STM32C0116-DK, STM32C011D6Y3TR, STM32C011D6Y6TR, STM32C011F4P3, STM32C011F4P6, STM32C011F4U3, STM32C011F4U6TR, STM32C011F6P3, STM32C011F6P6, STM32C011F6U3, STM32C011F6U6TR, STM32C011J4M3, STM32C011J4M6, STM32C011J6M3, STM32C011J6M6, STM32C0316-DK, STM32C031C4T3, STM32C031C4T6, STM32C031C4U3, STM32C031C4U6, STM32C031C6T3, STM32C031C6T6, STM32C031C6U3, STM32C031C6U6, STM32C031F4P3, STM32C031F4P6, STM32C031F6P3, STM32C031F6P6, STM32C031G4U3, STM32C031G4U6, STM32C031G6U3, STM32C031G6U6, STM32C031K4T3, STM32C031K4T6, STM32C031K4U3, STM32C031K4U6, STM32C031K6T3, STM32C031K6T6, STM32C031K6U3, STM32C031K6U6, STM32C051C6T6, STM32C051C6U6, STM32C051C8T6, STM32C051C8U6, STM32C051D8Y6TR, STM32C051F6P6, STM32C051F8P6, STM32C051G6U6, STM32C051G8U6, STM32C051K6T6, STM32C051K6U6, STM32C051K8T6, STM32C071C8T6, STM32C071C8T6N, STM32C071C8U6, STM32C071C8U6N, STM32C071CBT6, STM32C071CBT6N, STM32C071CBU6, STM32C071CBU6N, STM32C071F8P6, STM32C071F8P6N, STM32C071FBP6, STM32C071FBP6N, STM32C071FBY6TR, STM32C071G8U6, STM32C071G8U6N, STM32C071GBU6, STM32C071GBU6N, STM32C071K8T6, STM32C071K8T6N, STM32C071K8U6, STM32C071K8U6N, STM32C071KBT6, STM32C071KBT6N, STM32C071KBU6, STM32C071KBU6N, STM32C071R8T6, STM32C071R8T6N, STM32C071RBI6N, STM32C071RBT6, STM32C071RBT6N, STM32C091CBT6, STM32C091CBU6, STM32C091CCT6, STM32C091CCU6, STM32C091ECY6TR, STM32C091FBP6, STM32C091FCP6, STM32C091GBU6, STM32C091GCU6, STM32C091KBT6, STM32C091KBU6, STM32C091KCT6, STM32C091KCU6, STM32C091RBT6, STM32C091RCI6, STM32C091RCT6, STM32C092CBT6, STM32C092CBU6, STM32C092CCT6, STM32C092CCU6, STM32C092ECY6TR, STM32C092FBP6, STM32C092FCP6, STM32C092GBU6, STM32C092GCU6, STM32C092KBT6, STM32C092KBU6, STM32C092KCT6, STM32C092KCU6, STM32C092RBT6, STM32C092RCI6, STM32C092RCT6, STM32G071K8TXN, STM32G071K8UXN, STM32G081GBU6N, STM32G081KBT6N, STM32G081KBUXN, STM32G0B1CCT6N, STM32G0B1KCT6, STM32G0B1NEY6TR, STM32G0B1RCT6N, STM32G0C1CCT6, STM32G0C1CCT6N, STM32G0C1CCU6N, STM32G0C1CET6N, STM32G0C1CEU6N, STM32G0C1KCT6, STM32G0C1NEY6TR, STM32G0C1RCI6N, STM32G0C1RCT6N, STM32G0C1REI6N, STM32G0C1RET6N, STM32G0C1VCI6, STM32G0C1VEI6, STM32G411C6T3, STM32G411C6T6, STM32G411C6U3, STM32G411C6U6, STM32G411C8T3, STM32G411C8T6, STM32G411C8U3, STM32G411C8U6, STM32G411CBT3, STM32G411CBT6, STM32G411CBU3, STM32G411CBU6, STM32G411CCT3, STM32G411CCT6, STM32G411CCU3, STM32G411CCU6, STM32G411K6T3, STM32G411K6T6, STM32G411K6U3, STM32G411K6U6, STM32G411K8T3, STM32G411K8T6, STM32G411K8U3, STM32G411K8U6, STM32G411KBT3, STM32G411KBT6, STM32G411KBU3, STM32G411KBU6, STM32G411M6T3, STM32G411M6T6, STM32G411M8T3, STM32G411M8T6, STM32G411MBT3, STM32G411MBT6, STM32G411MCT3, STM32G411MCT6, STM32G411R6T3, STM32G411R6T6, STM32G411R8T3, STM32G411R8T6, STM32G411RBT3, STM32G411RBT6, STM32G411RCT3, STM32G411RCT6, STM32G414CBT3, STM32G414CBT6, STM32G414CBU3, STM32G414CBU6, STM32G414CCT3, STM32G414CCT6, STM32G414CCU3, STM32G414CCU6, STM32G414MBT3, STM32G414MBT6, STM32G414MCT3, STM32G414MCT6, STM32G414RBT3, STM32G414RBT6, STM32G414RCT3, STM32G414RCT6, STM32G414VBT3, STM32G414VBT6, STM32G414VCT3, STM32G414VCT6, STM32G431CBT3Z, STM32G431RBT3Z, STM32G471CCT6, STM32G471CCU6, STM32G471CET3, STM32G471CET6, STM32G471CEU3, STM32G471CEU6, STM32G471MCT6, STM32G471MET3, STM32G471MET6, STM32G471MEY6TR, STM32G471QCT6, STM32G471QET3, STM32G471RCT6, STM32G471RET3, STM32G471RET6, STM32G471VCH6, STM32G471VCI6, STM32G471VCT6, STM32G471VEH3, STM32G471VEH6, STM32G471VEI3, STM32G471VEI6, STM32G471VET3, STM32G471VET6, STM32G473QET3Z, STM32G473RET3Z, STM32G474CCT6, STM32G491RET3Z, STM32H503CBT6, STM32H503CBU6, STM32H503EBY6TR, STM32H503KBU6, STM32H503RBT6, STM32H523CCT6, STM32H523CCU6, STM32H523CET6, STM32H523CEU6, STM32H523HEY6TR, STM32H523RCT6, STM32H523RET6, STM32H523VCI6, STM32H523VCT6, STM32H523VEI6, STM32H523VET6, STM32H523ZCJ6, STM32H523ZCT6, STM32H523ZEJ6, STM32H523ZET6, STM32H533CET6, STM32H533CEU6, STM32H533HEY6TR, STM32H533RET6, STM32H533VEI6, STM32H533VET6, STM32H533ZEJ6, STM32H533ZET6, STM32H562AGI6, STM32H562AII6, STM32H562IGK6, STM32H562IGT6, STM32H562IIK6, STM32H562IIT6, STM32H562RGT6, STM32H562RGV6, STM32H562RIT6, STM32H562RIV6, STM32H562VGT6, STM32H562VIT6, STM32H562ZGT6, STM32H562ZIT6, STM32H563AGI6, STM32H563AII3Q, STM32H563AII6, STM32H563IGK6, STM32H563IGT6, STM32H563IIK3Q, STM32H563IIK6, STM32H563IIT3Q, STM32H563IIT6, STM32H563MIY3QTR, STM32H563RGT6, STM32H563RGV6, STM32H563RIT6, STM32H563RIV6, STM32H563VGT6, STM32H563VIT3Q, STM32H563VIT6, STM32H563ZGT6, STM32H563ZIT3Q, STM32H563ZIT6, STM32H573AII3Q, STM32H573AII6, STM32H573I-DK, STM32H573IIK3Q, STM32H573IIK6, STM32H573IIT3Q, STM32H573IIT6, STM32H573MIY3QTR, STM32H573RIT6, STM32H573RIV6, STM32H573VIT3Q, STM32H573VIT6, STM32H573ZIT3Q, STM32H573ZIT6, STM32H7R3A8I6, STM32H7R3I8K6, STM32H7R3I8T6, STM32H7R3L8H6, STM32H7R3L8H6H, STM32H7R3R8V6, STM32H7R3V8H6, STM32H7R3V8T6, STM32H7R3V8Y6TR, STM32H7R3Z8J6, STM32H7R3Z8T6, STM32H7R7A8I6, STM32H7R7I8K6, STM32H7R7I8T6, STM32H7R7L8H6, STM32H7R7L8H6H, STM32H7R7Z8J6, STM32H7S3A8I6, STM32H7S3I8K6, STM32H7S3I8T6, STM32H7S3L8H6, STM32H7S3L8H6H, STM32H7S3R8V6, STM32H7S3V8H6, STM32H7S3V8T6, STM32H7S3V8Y6TR, STM32H7S3Z8J6, STM32H7S3Z8T6, STM32H7S78-DK, STM32H7S7A8I6, STM32H7S7I8K6, STM32H7S7I8T6, STM32H7S7L8H6, STM32H7S7L8H6H, STM32H7S7Z8J6, STM32L4R5QGI6STR, STM32MP131AAE3, STM32MP131AAF3, STM32MP131AAG3, STM32MP131CAE3, STM32MP131CAF3, STM32MP131CAG3, STM32MP131DAE7, STM32MP131DAF7, STM32MP131DAG7, STM32MP131FAE7, STM32MP131FAF7, STM32MP131FAG7, STM32MP133AAE3, STM32MP133AAF3, STM32MP133AAG3, STM32MP133CAE3, STM32MP133CAF3, STM32MP133CAG3, STM32MP133DAE7, STM32MP133DAF7, STM32MP133DAG7, STM32MP133FAE7, STM32MP133FAF7, STM32MP133FAG7, STM32MP135AAE3, STM32MP135AAF3, STM32MP135AAG3, STM32MP135CAE3, STM32MP135CAF3, STM32MP135CAG3, STM32MP135DAE7, STM32MP135DAF7, STM32MP135DAG7, STM32MP135F-DK, STM32MP135FAE7, STM32MP135FAF7, STM32MP135FAF7T, STM32MP135FAF7U, STM32MP135FAG7, STM32MP231AAJ3, STM32MP231AAK3, STM32MP231AAL3, STM32MP231CAJ3, STM32MP231CAK3, STM32MP231CAL3, STM32MP231DAJ3, STM32MP231DAK3, STM32MP231DAL3, STM32MP231FAJ3, STM32MP231FAK3, STM32MP231FAL3, STM32MP233AAJ3, STM32MP233AAK3, STM32MP233AAL3, STM32MP233CAJ3, STM32MP233CAK3, STM32MP233CAL3, STM32MP233DAJ3, STM32MP233DAK3, STM32MP233DAL3, STM32MP233FAJ3, STM32MP233FAK3, STM32MP233FAL3, STM32MP235AAJ3, STM32MP235AAK3, STM32MP235AAL3, STM32MP235CAJ3, STM32MP235CAK3, STM32MP235CAL3, STM32MP235DAJ3, STM32MP235DAK3, STM32MP235DAL3, STM32MP235FAJ3, STM32MP235FAK3, STM32MP235FAL3, STM32MP251AAI3, STM32MP251AAJ3, STM32MP251AAK3, STM32MP251AAL3, STM32MP251CAI3, STM32MP251CAJ3, STM32MP251CAK3, STM32MP251CAL3, STM32MP251DAI3, STM32MP251DAJ3, STM32MP251DAK3, STM32MP251DAL3, STM32MP251FAI3, STM32MP251FAJ3, STM32MP251FAK3, STM32MP251FAL3, STM32MP253AAI3, STM32MP253AAJ3, STM32MP253AAK3, STM32MP253AAL3, STM32MP253CAI3, STM32MP253CAJ3, STM32MP253CAK3, STM32MP253CAL3, STM32MP253DAI3, STM32MP253DAJ3, STM32MP253DAK3, STM32MP253DAL3, STM32MP253FAI3, STM32MP253FAJ3, STM32MP253FAK3, STM32MP253FAL3, STM32MP255AAI3, STM32MP255AAJ3, STM32MP255AAK3, STM32MP255AAL3, STM32MP255CAI3, STM32MP255CAJ3, STM32MP255CAK3, STM32MP255CAL3, STM32MP255DAI3, STM32MP255DAJ3, STM32MP255DAK3, STM32MP255DAL3, STM32MP255FAI3, STM32MP255FAJ3, STM32MP255FAK3, STM32MP255FAL3, STM32MP257AAI3, STM32MP257AAJ3, STM32MP257AAK3, STM32MP257AAL3, STM32MP257CAI3, STM32MP257CAJ3, STM32MP257CAK3, STM32MP257CAL3, STM32MP257DAI3, STM32MP257DAJ3, STM32MP257DAK3, STM32MP257DAL3, STM32MP257F-DK, STM32MP257F-EV1, STM32MP257FAI3, STM32MP257FAJ3, STM32MP257FAK3, STM32MP257FAL3, STM32N645A0H3Q, STM32N645B0H3Q, STM32N645I0H3Q, STM32N645L0H3Q, STM32N645X0H3Q, STM32N645Z0H3Q, STM32N647A0H3Q, STM32N647B0H3Q, STM32N647I0H3Q, STM32N647L0H3Q, STM32N647X0H3Q, STM32N647Z0H3Q, STM32N655A0H3Q, STM32N655B0H3Q, STM32N655I0H3Q, STM32N655L0H3Q, STM32N655X0H3Q, STM32N655Z0H3Q, STM32N6570-DK, STM32N657A0H3Q, STM32N657B0H3Q, STM32N657I0H3Q, STM32N657L0H3Q, STM32N657X0H3Q, STM32N657Z0H3Q, STM32U031C6T6, STM32U031C6U6, STM32U031C8T6, STM32U031C8U6, STM32U031F4P6, STM32U031F6P6, STM32U031F8P6, STM32U031G6Y6TR, STM32U031G8Y6TR, STM32U031K4U6, STM32U031K6U6, STM32U031K8U6, STM32U031R6I6, STM32U031R6T6, STM32U031R8I6, STM32U031R8T6, STM32U073C8T6, STM32U073C8U6, STM32U073CBT6, STM32U073CBU6, STM32U073CCT6, STM32U073CCU6, STM32U073H8Y6TR, STM32U073HBY6TR, STM32U073HCY6TR, STM32U073K8U6, STM32U073KBU6, STM32U073KCU6, STM32U073M8I6, STM32U073M8T6, STM32U073MBI6, STM32U073MBT6, STM32U073MCI6, STM32U073MCT6, STM32U073R8I6, STM32U073R8T6, STM32U073RBI6, STM32U073RBT6, STM32U073RCI6, STM32U073RCT6, STM32U083C-DK, STM32U083CCT6, STM32U083CCU6, STM32U083HCY6TR, STM32U083KCU6, STM32U083MCI6, STM32U083MCT6, STM32U083RCI6, STM32U083RCT6, STM32U375CET6, STM32U375CET6Q, STM32U375CEU6, STM32U375CEU6Q, STM32U375CEY6QTR, STM32U375CGT6, STM32U375CGT6Q, STM32U375CGU6, STM32U375CGU6Q, STM32U375CGY6QTR, STM32U375KEU6, STM32U375KGU6, STM32U375REI6, STM32U375REI6Q, STM32U375RET6, STM32U375RET6Q, STM32U375REY6GTR, STM32U375REY6QTR, STM32U375RGI6, STM32U375RGI6Q, STM32U375RGT6, STM32U375RGT6Q, STM32U375RGY6GTR, STM32U375RGY6QTR, STM32U375VEI6, STM32U375VEI6Q, STM32U375VET6, STM32U375VET6Q, STM32U375VGI6, STM32U375VGI6Q, STM32U375VGT6, STM32U375VGT6Q, STM32U385CGT6, STM32U385CGT6Q, STM32U385CGU6, STM32U385CGU6Q, STM32U385CGY6QTR, STM32U385KGU6, STM32U385RGI6, STM32U385RGI6Q, STM32U385RGT6, STM32U385RGT6Q, STM32U385RGY6GTR, STM32U385RGY6QTR, STM32U385VGI6, STM32U385VGI6Q, STM32U385VGT6, STM32U385VGT6Q, STM32U535CBT6, STM32U535CBT6Q, STM32U535CBU6, STM32U535CBU6Q, STM32U535CCT6, STM32U535CCT6Q, STM32U535CCU6, STM32U535CCU6Q, STM32U535CET6, STM32U535CET6Q, STM32U535CEU6, STM32U535CEU6Q, STM32U535JEY6QTR, STM32U535NCY6QTR, STM32U535NEY6QTR, STM32U535RBI6, STM32U535RBI6Q, STM32U535RBT6, STM32U535RBT6Q, STM32U535RCI6, STM32U535RCI6Q, STM32U535RCT6, STM32U535RCT6Q, STM32U535REI6, STM32U535REI6Q, STM32U535RET6, STM32U535RET6Q, STM32U535VCI6, STM32U535VCI6Q, STM32U535VCT6, STM32U535VCT6Q, STM32U535VEI6, STM32U535VEI6Q, STM32U535VET6, STM32U535VET6Q, STM32U545CET6, STM32U545CET6Q, STM32U545CEU6, STM32U545CEU6Q, STM32U545JEY6QTR, STM32U545NEY6QTR, STM32U545REI6, STM32U545REI6Q, STM32U545RET6, STM32U545RET6Q, STM32U545VEI6, STM32U545VEI6Q, STM32U545VET6, STM32U545VET6Q, STM32U595AIH6, STM32U595AIH6Q, STM32U595AJH6, STM32U595AJH6Q, STM32U595QII6, STM32U595QII6Q, STM32U595QJI6, STM32U595QJI6Q, STM32U595RIT6, STM32U595RIT6Q, STM32U595RJT6, STM32U595RJT6Q, STM32U595VIT6, STM32U595VIT6Q, STM32U595VJT6, STM32U595VJT6Q, STM32U595ZIT6, STM32U595ZIT6Q, STM32U595ZIY6QTR, STM32U595ZJT6, STM32U595ZJT6Q, STM32U595ZJY6QTR, STM32U599BJY6QTR, STM32U599NIH6Q, STM32U599NJH6Q, STM32U599VIT6Q, STM32U599VJT6, STM32U599VJT6Q, STM32U599ZIT6Q, STM32U599ZIY6QTR, STM32U599ZJT6Q, STM32U599ZJY6QTR, STM32U5A5AJH6, STM32U5A5AJH6Q, STM32U5A5QII3Q , STM32U5A5QJI6, STM32U5A5QJI6Q, STM32U5A5RJT6, STM32U5A5RJT6Q, STM32U5A5VJT6, STM32U5A5VJT6Q, STM32U5A5ZJT6, STM32U5A5ZJT6Q, STM32U5A5ZJY6QTR, STM32U5A9BJY6QTR, STM32U5A9J-DK, STM32U5A9NJH6Q, STM32U5A9VJT6Q, STM32U5A9ZJT6Q, STM32U5A9ZJY6QTR, STM32U5F7VIT6, STM32U5F7VIT6Q, STM32U5F7VJT6, STM32U5F7VJT6Q, STM32U5F9BJY6QTR, STM32U5F9NJH6Q, STM32U5F9VIT6Q, STM32U5F9VJT6Q, STM32U5F9ZIJ6QTR, STM32U5F9ZIT6Q, STM32U5F9ZJJ6QTR, STM32U5F9ZJT6Q, STM32U5G7VJT6, STM32U5G7VJT6Q, STM32U5G9BJY6QTR, STM32U5G9J-DK1, STM32U5G9J-DK2, STM32U5G9NJH6Q, STM32U5G9VJT6Q, STM32U5G9ZJJ6QTR, STM32U5G9ZJT6Q, STM32WB05KZV6TR, STM32WB05KZV7TR, STM32WB05TZF6TR, STM32WB05TZF7TR, STM32WB06CCF6TR, STM32WB06CCF7TR, STM32WB06CCV6TR, STM32WB06CCV7TR, STM32WB06KCV6TR, STM32WB06KCV7TR, STM32WB07CCF6TR, STM32WB07CCF7TR, STM32WB07CCV6TR, STM32WB07CCV7TR, STM32WB07KCV6TR, STM32WB07KCV7TR, STM32WB09KEV6TR, STM32WB09KEV7TR, STM32WB09TEF6TR, STM32WB09TEF7TR, STM32WB1MMCH6, STM32WBA50KGU6, STM32WBA50KGU6TR, STM32WBA52CEU6, STM32WBA52CEU6TR, STM32WBA52CEU7, STM32WBA52CEU7TR, STM32WBA52CGU6, STM32WBA52CGU6TR, STM32WBA52CGU6U, STM32WBA52CGU7, STM32WBA52CGU7TR, STM32WBA52KEU6, STM32WBA52KEU6TR, STM32WBA52KGU6, STM32WBA52KGU6TR, STM32WBA54CEU6, STM32WBA54CEU6TR, STM32WBA54CEU7, STM32WBA54CEU7TR, STM32WBA54CGU6, STM32WBA54CGU6TR, STM32WBA54CGU7, STM32WBA54CGU7TR, STM32WBA54KEU6, STM32WBA54KEU6TR, STM32WBA54KEU7, STM32WBA54KEU7TR, STM32WBA54KGU6, STM32WBA54KGU6TR, STM32WBA54KGU7, STM32WBA54KGU7TR, STM32WBA55CEU6, STM32WBA55CEU6TR, STM32WBA55CEU7, STM32WBA55CEU7TR, STM32WBA55CGU6, STM32WBA55CGU6TR, STM32WBA55CGU6U, STM32WBA55CGU7, STM32WBA55CGU7TR, STM32WBA55G-DK1, STM32WBA55HEF6, STM32WBA55HEF7, STM32WBA55HGF6, STM32WBA55HGF7, STM32WBA55UEI6, STM32WBA55UEI6TR, STM32WBA55UEI7, STM32WBA55UEI7TR, STM32WBA55UGI6, STM32WBA55UGI6TR, STM32WBA55UGI7, STM32WBA55UGI7TR, STM32WBA5MJGH6TR, STM32WBA62CGU6, STM32WBA62CIU6, STM32WBA62MGF6, STM32WBA62MIF6, STM32WBA62PGI6, STM32WBA62PII6, STM32WBA63CGU6, STM32WBA63CGU7, STM32WBA63CIU6, STM32WBA63CIU7, STM32WBA64CGU6, STM32WBA64CGU7, STM32WBA64CIU6, STM32WBA64CIU7, STM32WBA65CGU6, STM32WBA65CGU7, STM32WBA65CIU6, STM32WBA65CIU7, STM32WBA65I-DK1, STM32WBA65MGF6, STM32WBA65MGF7, STM32WBA65MIF6, STM32WBA65MIF7, STM32WBA65PGI6, STM32WBA65PGI7, STM32WBA65PII6, STM32WBA65PII7, STM32WBA65RGV6, STM32WBA65RGV7, STM32WBA65RIV6, STM32WBA65RIV7, STM32WL30K8V6, STM32WL30KBV6, STM32WL31C8V6, STM32WL31CBV6, STM32WL31K8V6, STM32WL31KBV6, STM32WL33C8V6, STM32WL33C8V6TR, STM32WL33C8V7, STM32WL33C8V7TR, STM32WL33CBV6, STM32WL33CBV6TR, STM32WL33CBV7, STM32WL33CBV7TR, STM32WL33CCV6, STM32WL33CCV6TR, STM32WL33CCV7, STM32WL33CCV7A, STM32WL33CCV7ATR, STM32WL33CCV7TR, STM32WL33K8V6, STM32WL33K8V6TR, STM32WL33K8V7, STM32WL33K8V7TR, STM32WL33KBV6, STM32WL33KBV6TR, STM32WL33KBV7, STM32WL33KBV7TR, STM32WL33KCV6, STM32WL33KCV6TR, STM32WL33KCV7, STM32WL33KCV7TR, STM32WL5MOCH6, STM32WL5MOCH6TR]
2026-05-16 21:59:19,326 [INFO] BoardInfo:889 - No configuration file found for board NUCLEO-H5E5ZJ
2026-05-16 21:59:19,326 [INFO] DbBoards:161 - Board is not supported: NUCLEO-H5E5ZJ
2026-05-16 21:59:19,349 [INFO] BoardInfo:889 - No configuration file found for board NUCLEO-U3C5ZI-Q
2026-05-16 21:59:19,349 [INFO] DbBoards:161 - Board is not supported: NUCLEO-U3C5ZI-Q
2026-05-16 21:59:19,361 [INFO] BoardInfo:889 - No configuration file found for board NUCLEO-WBA25CE1
2026-05-16 21:59:19,361 [INFO] DbBoards:161 - Board is not supported: NUCLEO-WBA25CE1
2026-05-16 21:59:19,365 [INFO] BoardInfo:889 - No configuration file found for board NUCLEO-WL3RKB1
2026-05-16 21:59:19,366 [INFO] DbBoards:161 - Board is not supported: NUCLEO-WL3RKB1
2026-05-16 21:59:19,366 [INFO] BoardInfo:889 - No configuration file found for board NUCLEO-WL3RKB2
2026-05-16 21:59:19,366 [INFO] DbBoards:161 - Board is not supported: NUCLEO-WL3RKB2
2026-05-16 21:59:19,370 [INFO] BoardInfo:889 - No configuration file found for board P-NUCLEO-WB55
2026-05-16 21:59:19,370 [INFO] DbBoards:161 - Kit is not supported: P-NUCLEO-WB55
2026-05-16 21:59:19,373 [INFO] BoardInfo:889 - No configuration file found for board STEVAL-BFA001V1B
2026-05-16 21:59:19,373 [INFO] DbBoards:161 - Kit is not supported: STEVAL-BFA001V1B
2026-05-16 21:59:19,374 [INFO] BoardInfo:889 - No configuration file found for board STEVAL-BFA001V2B
2026-05-16 21:59:19,374 [INFO] DbBoards:161 - Kit is not supported: STEVAL-BFA001V2B
2026-05-16 21:59:19,417 [INFO] BoardInfo:889 - No configuration file found for board STM32H5F5J-DK
2026-05-16 21:59:19,417 [INFO] DbBoards:161 - Board is not supported: STM32H5F5J-DK
2026-05-16 21:59:19,442 [INFO] BoardInfo:889 - No configuration file found for board STM32MP215F-DK
2026-05-16 21:59:19,442 [INFO] DbBoards:161 - Board is not supported: STM32MP215F-DK
2026-05-16 21:59:19,451 [INFO] DbBoards:168 - Found 218 boards, 208 are supported
2026-05-16 21:59:19,451 [INFO] DbBoards:169 - Found 218 boards, 43 of them is supported for  Bsp
2026-05-16 21:59:19,454 [INFO] ApiDb:423 - Load user favorites file C:\Users\moonc/.stm32cubeide/favorites.boards.txt: 1 item(s)
2026-05-16 21:59:19,454 [INFO] ApiDb:427 - User favorites Boards=[NUCLEO-F446RE]
2026-05-16 21:59:19,454 [INFO] DbBoards:198 - Set 1 / 1 favorites Boards
2026-05-16 21:59:19,469 [ERROR] TargetSelectorAdapter:267 - Unable to refresh data
2026-05-16 21:59:19,508 [INFO] McuFinderGlobals:76 - Set McuFinderConnectedMode to true
2026-05-16 21:59:19,509 [INFO] MultiScanPanel:200 - Auto-refresh data requested => check proxy status ongoing
2026-05-16 21:59:19,509 [INFO] FinderPluginLoader:95 - Searching for filters in installed packs
2026-05-16 21:59:21,052 [INFO] LoadUrlFilesThread:185 - End of LoadServerUrlFiles without Thread
2026-05-16 21:59:21,052 [INFO] DetailPanel:341 - Set advertising image to C:/Users/moonc/STM32Cube/Repository/\en.prom-stm32wba2-stm32-nucleo-board-0426.png
2026-05-16 21:59:23,559 [INFO] MultiScanPanel:200 - Auto-refresh data requested => check proxy status ongoing
2026-05-16 21:59:23,607 [INFO] LoadUrlFilesThread:185 - End of LoadServerUrlFiles without Thread
2026-05-16 21:59:23,607 [INFO] DetailPanel:341 - Set advertising image to C:/Users/moonc/STM32Cube/Repository/\en.prom-stm32wba2-stm32-nucleo-board-0426.png
2026-05-16 21:59:23,613 [INFO] DbBoards:642 - Loading board mini-images...
2026-05-16 21:59:25,249 [INFO] DbBoards:665 - Loaded 218 board mini-images
2026-05-16 22:00:50,890 [INFO] MainUpdater:2872 - connection check result : 10
2026-05-16 22:00:50,891 [INFO] MainUpdater:2872 - connection check result : 10
2026-05-16 22:00:50,966 [INFO] MicroXplorer:468 - Change Database Path : 
2026-05-16 22:00:50,966 [INFO] MicroXplorer:498 - Change Database Version : DB.6.0.141
2026-05-16 22:00:51,009 [ERROR] ProjectManagerView:395 - 
java.lang.NullPointerException: Cannot invoke "javax.swing.JTextField.getText()" because the return value of "java.util.List.get(int)" is null
	at com.st.microxplorer.plugins.projectmanager.gui.ProjectChoiceTab$9.caretUpdate(ProjectChoiceTab.java:2678) ~[filemanager.jar:?]
	at javax.swing.text.JTextComponent.fireCaretUpdate(JTextComponent.java:408) ~[?:?]
	at javax.swing.text.JTextComponent$MutableCaretEvent.fire(JTextComponent.java:4484) ~[?:?]
	at javax.swing.text.JTextComponent$MutableCaretEvent.stateChanged(JTextComponent.java:4506) ~[?:?]
	at javax.swing.text.DefaultCaret.fireStateChanged(DefaultCaret.java:857) ~[?:?]
	at javax.swing.text.DefaultCaret.changeCaretPosition(DefaultCaret.java:1343) ~[?:?]
	at javax.swing.text.DefaultCaret.handleSetDot(DefaultCaret.java:1242) ~[?:?]
	at javax.swing.text.DefaultCaret.setDot(DefaultCaret.java:1223) ~[?:?]
	at javax.swing.text.DefaultCaret$Handler.insertUpdate(DefaultCaret.java:1819) ~[?:?]
	at javax.swing.text.AbstractDocument.fireInsertUpdate(AbstractDocument.java:227) ~[?:?]
	at javax.swing.text.AbstractDocument.handleInsertString(AbstractDocument.java:781) ~[?:?]
	at javax.swing.text.AbstractDocument.insertString(AbstractDocument.java:740) ~[?:?]
	at javax.swing.text.PlainDocument.insertString(PlainDocument.java:131) ~[?:?]
	at javax.swing.text.AbstractDocument.replace(AbstractDocument.java:699) ~[?:?]
	at javax.swing.text.JTextComponent.setText(JTextComponent.java:1725) ~[?:?]
	at com.st.microxplorer.plugins.projectmanager.gui.ProjectChoiceTab.createHeapStackFields(ProjectChoiceTab.java:979) ~[filemanager.jar:?]
	at com.st.microxplorer.plugins.projectmanager.gui.ProjectChoiceTab.buildLinkSettingsPanel(ProjectChoiceTab.java:3766) ~[filemanager.jar:?]
	at com.st.microxplorer.plugins.projectmanager.gui.ProjectChoiceTab.defineWindowsFields(ProjectChoiceTab.java:1962) ~[filemanager.jar:?]
	at com.st.microxplorer.plugins.projectmanager.gui.ProjectChoiceTab.updateSettings(ProjectChoiceTab.java:555) ~[filemanager.jar:?]
	at com.st.microxplorer.plugins.projectmanager.gui.ProjectSettingsPanel.UpdateDialog(ProjectSettingsPanel.java:245) ~[filemanager.jar:?]
	at com.st.microxplorer.plugins.projectmanager.ProjectManagerView.propertyChange(ProjectManagerView.java:392) ~[filemanager.jar:?]
	at java.beans.PropertyChangeSupport.fire(PropertyChangeSupport.java:343) ~[?:?]
	at java.beans.PropertyChangeSupport.firePropertyChange(PropertyChangeSupport.java:335) ~[?:?]
	at java.beans.PropertyChangeSupport.firePropertyChange(PropertyChangeSupport.java:268) ~[?:?]
	at com.st.microxplorer.util.MXPropertyChangeSupport.firePropertyChange(MXPropertyChangeSupport.java:54) ~[STM32CubeMX.jar:?]
	at com.st.microxplorer.mxsystem.MxSystem.closeConfig(MxSystem.java:899) ~[STM32CubeMX.jar:?]
	at com.st.microxplorer.maingui.MainPanel.closeConfig(MainPanel.java:789) ~[STM32CubeMX.jar:?]
	at com.st.microxplorer.plugins.filemanager.engine.OpenFileManager.loadConfigurationFile(OpenFileManager.java:287) ~[filemanager.jar:?]
	at com.st.microxplorer.plugins.filemanager.engine.MainFileManager.userLoadConfig(MainFileManager.java:341) ~[filemanager.jar:?]
	at com.st.microxplorer.plugins.filemanager.FileManagerView.getSpecificTask(FileManagerView.java:250) ~[filemanager.jar:?]
	at com.st.stm32cube.common.mx.editor.CubeMxEditor.getMxTabbedPaneInstance(CubeMxEditor.java:1191) ~[com.st.stm32cube.common.mx_6.14.1.202504091515/:?]
	at com.st.stm32cube.common.mx.editor.CubeMxEditor$12$1.createSwingComponent(CubeMxEditor.java:1068) ~[com.st.stm32cube.common.mx_6.14.1.202504091515/:?]
	at com.st.stm32cube.common.mx.oss.core.awtswtbridge.EmbeddedSwingComposite.doComponentCreation(EmbeddedSwingComposite.java:492) ~[com.st.stm32cube.common.mx.oss_6.14.1.202504091515/:?]
	at com.st.stm32cube.common.mx.oss.core.awtswtbridge.EmbeddedSwingComposite$4.run(EmbeddedSwingComposite.java:291) ~[com.st.stm32cube.common.mx.oss_6.14.1.202504091515/:?]
	at com.st.stm32cube.common.mx.oss.core.awtswtbridge.AwtEnvironment$2.run(AwtEnvironment.java:166) ~[com.st.stm32cube.common.mx.oss_6.14.1.202504091515/:?]
	at java.awt.event.InvocationEvent.dispatch(InvocationEvent.java:318) ~[?:?]
	at java.awt.EventQueue.dispatchEventImpl(EventQueue.java:773) ~[?:?]
	at java.awt.EventQueue$4.run(EventQueue.java:720) ~[?:?]
	at java.awt.EventQueue$4.run(EventQueue.java:714) ~[?:?]
	at java.security.AccessController.doPrivileged(AccessController.java:400) ~[?:?]
	at java.security.ProtectionDomain$JavaSecurityAccessImpl.doIntersectionPrivilege(ProtectionDomain.java:87) ~[?:?]
	at java.awt.EventQueue.dispatchEvent(EventQueue.java:742) ~[?:?]
	at java.awt.EventDispatchThread.pumpOneEventForFilters(EventDispatchThread.java:203) ~[?:?]
	at java.awt.EventDispatchThread.pumpEventsForFilter(EventDispatchThread.java:124) ~[?:?]
	at java.awt.EventDispatchThread.pumpEventsForHierarchy(EventDispatchThread.java:113) ~[?:?]
	at java.awt.EventDispatchThread.pumpEvents(EventDispatchThread.java:109) ~[?:?]
	at java.awt.EventDispatchThread.pumpEvents(EventDispatchThread.java:101) ~[?:?]
	at java.awt.EventDispatchThread.run(EventDispatchThread.java:90) ~[?:?]
2026-05-16 22:00:51,012 [WARN] ThirdParty:871 - waiting for thirdparty lock release [close project]
2026-05-16 22:00:51,012 [INFO] ThirdParty:873 - entering critical section [close project]
2026-05-16 22:00:51,012 [INFO] ThirdParty:883 - exiting critical section [close project]
2026-05-16 22:00:51,015 [INFO] PinOutPanel:1589 - setPackage(No Configuration,No Configuration)
2026-05-16 22:00:51,032 [WARN] IpParametersView:155 - Warning: This peripheral hasn't parameters
2026-05-16 22:00:51,043 [WARN] MainPanel:289 - <html><b><center>Warning: This peripheral has no parameters to be configured<br></b></html>
2026-05-16 22:00:51,047 [INFO] UtilMem:75 - Begin LoadConfig() Used Memory: 814356376 Bytes (1073741824)
2026-05-16 22:00:51,049 [INFO] OpenFileManager:354 - Change cursor
2026-05-16 22:00:51,073 [INFO] RulesReader:64 - Compatibility file has been processed (302 Rules)
2026-05-16 22:00:51,077 [INFO] ProjectFactory:442 - No CPN specified for board NUCLEO-F446RE => set CPN to STM32F446RET6
2026-05-16 22:00:51,077 [INFO] Mcu:2011 - Initializing MCU STM32F446R(C-E)Tx STM32F446RETx STM32F446RET6
2026-05-16 22:00:52,398 [INFO] Context:756 - Trying to add GPIOservice into a context  which must be forbidden
2026-05-16 22:00:52,802 [INFO] Rule:225 - rule 117617 - U5Cobra4M][GTZC] default value MPCBB3 and MPCBB5 - Not Secured memory - MPCBB1 is applicable
2026-05-16 22:00:52,802 [INFO] Rule:225 - rule 117617 - U5Cobra4M][GTZC] default value MPCBB3 and MPCBB5 - Not Secured memory - MPCBB1 is applicable
2026-05-16 22:00:52,802 [INFO] Rule:225 - rule 117617 - U5Cobra4M][GTZC] default value MPCBB3 and MPCBB5 - Not Secured memory - MPCBB2 is applicable
2026-05-16 22:00:52,802 [INFO] Rule:225 - rule 117617 - U5Cobra4M][GTZC] default value MPCBB3 and MPCBB5 - Not Secured memory - MPCBB2 is applicable
2026-05-16 22:00:52,802 [INFO] Rule:225 - rule 117617 - U5Cobra4M][GTZC] default value MPCBB3 and MPCBB5 - Not Secured memory - MPCBB3 is applicable
2026-05-16 22:00:52,802 [INFO] Rule:225 - rule 117617 - U5Cobra4M][GTZC] default value MPCBB3 and MPCBB5 - Not Secured memory - MPCBB3 is applicable
2026-05-16 22:00:52,802 [INFO] Rule:225 - rule 117617 - U5Cobra4M][GTZC] default value MPCBB3 and MPCBB5 - Not Secured memory - MPCBB4 is applicable
2026-05-16 22:00:52,802 [INFO] Rule:225 - rule 117617 - U5Cobra4M][GTZC] default value MPCBB3 and MPCBB5 - Not Secured memory - MPCBB4 is applicable
2026-05-16 22:00:52,802 [INFO] Rule:225 - rule 117617 - U5Cobra4M][GTZC] default value MPCBB3 and MPCBB5 - Secured memory - MPCBB1 is applicable
2026-05-16 22:00:52,802 [INFO] Rule:225 - rule 117617 - U5Cobra4M][GTZC] default value MPCBB3 and MPCBB5 - Secured memory - MPCBB2 is applicable
2026-05-16 22:00:52,802 [INFO] Rule:225 - rule 117617 - U5Cobra4M][GTZC] default value MPCBB3 and MPCBB5 - Secured memory - MPCBB3 is applicable
2026-05-16 22:00:52,802 [INFO] Rule:225 - rule 117617 - U5Cobra4M][GTZC] default value MPCBB3 and MPCBB5 - Secured memory - MPCBB4 is applicable
2026-05-16 22:00:52,802 [INFO] Rule:225 - rule 117617 - U5Cobra4M][GTZC] default value MPCBB3 and MPCBB5 - Privileged memory - MPCBB1 is applicable
2026-05-16 22:00:52,802 [INFO] Rule:225 - rule 117617 - U5Cobra4M][GTZC] default value MPCBB3 and MPCBB5 - Privileged memory - MPCBB2 is applicable
2026-05-16 22:00:52,802 [INFO] Rule:225 - rule 117617 - U5Cobra4M][GTZC] default value MPCBB3 and MPCBB5 - Privileged memory - MPCBB3 is applicable
2026-05-16 22:00:52,802 [INFO] Rule:225 - rule 117617 - U5Cobra4M][GTZC] default value MPCBB3 and MPCBB5 - Privileged memory - MPCBB4 is applicable
2026-05-16 22:00:52,802 [INFO] Rule:225 - rule 117617 - U5Cobra4M][GTZC] default value MPCBB3 and MPCBB5 - Not Privileged memory - MPCBB1 is applicable
2026-05-16 22:00:52,802 [INFO] Rule:225 - rule 117617 - U5Cobra4M][GTZC] default value MPCBB3 and MPCBB5 - Not Privileged memory - MPCBB2 is applicable
2026-05-16 22:00:52,803 [INFO] Rule:225 - rule 117617 - U5Cobra4M][GTZC] default value MPCBB3 and MPCBB5 - Not Privileged memory - MPCBB3 is applicable
2026-05-16 22:00:52,803 [INFO] Rule:225 - rule 117617 - U5Cobra4M][GTZC] default value MPCBB3 and MPCBB5 - Not Privileged memory - MPCBB4 is applicable
2026-05-16 22:00:52,803 [INFO] Rule:225 - rule 117617 - U5Cobra4M][GTZC] default value MPCBB3 and MPCBB5 - Privileged memory - MPCBB1 is applicable
2026-05-16 22:00:52,803 [INFO] Rule:225 - rule 117617 - U5Cobra4M][GTZC] default value MPCBB3 and MPCBB5 - Privileged memory - MPCBB2 is applicable
2026-05-16 22:00:52,803 [INFO] Rule:225 - rule 117617 - U5Cobra4M][GTZC] default value MPCBB3 and MPCBB5 - Privileged memory - MPCBB3 is applicable
2026-05-16 22:00:52,803 [INFO] Rule:225 - rule 117617 - U5Cobra4M][GTZC] default value MPCBB3 and MPCBB5 - Privileged memory - MPCBB4 is applicable
2026-05-16 22:00:52,803 [INFO] Rule:225 - rule 117617 - U5Cobra4M][GTZC] default value MPCBB3 and MPCBB5 - Privileged memory - MPCBB1 is applicable
2026-05-16 22:00:52,803 [INFO] Rule:225 - rule 117617 - U5Cobra4M][GTZC] default value MPCBB3 and MPCBB5 - Privileged memory - MPCBB2 is applicable
2026-05-16 22:00:52,803 [INFO] Rule:225 - rule 117617 - U5Cobra4M][GTZC] default value MPCBB3 and MPCBB5 - Privileged memory - MPCBB3 is applicable
2026-05-16 22:00:52,803 [INFO] Rule:225 - rule 117617 - U5Cobra4M][GTZC] default value MPCBB3 and MPCBB5 - Privileged memory - MPCBB4 is applicable
2026-05-16 22:00:52,803 [INFO] Rule:225 - rule 117617 - U5Cobra4M][GTZC] default value MPCBB3 and MPCBB5 - Not Privileged memory - MPCBB1 is applicable
2026-05-16 22:00:52,803 [INFO] Rule:225 - rule 117617 - U5Cobra4M][GTZC] default value MPCBB3 and MPCBB5 - Not Privileged memory - MPCBB2 is applicable
2026-05-16 22:00:52,803 [INFO] Rule:225 - rule 117617 - U5Cobra4M][GTZC] default value MPCBB3 and MPCBB5 - Not Privileged memory - MPCBB3 is applicable
2026-05-16 22:00:52,803 [INFO] Rule:225 - rule 117617 - U5Cobra4M][GTZC] default value MPCBB3 and MPCBB5 - Not Privileged memory - MPCBB4 is applicable
2026-05-16 22:00:52,803 [INFO] Rule:225 - rule 117617 - U5Cobra4M][GTZC] default value MPCBB3 and MPCBB5 - Privileged memory - MPCBB1 is applicable
2026-05-16 22:00:52,803 [INFO] Rule:225 - rule 117617 - U5Cobra4M][GTZC] default value MPCBB3 and MPCBB5 - Privileged memory - MPCBB2 is applicable
2026-05-16 22:00:52,803 [INFO] Rule:225 - rule 117617 - U5Cobra4M][GTZC] default value MPCBB3 and MPCBB5 - Privileged memory - MPCBB3 is applicable
2026-05-16 22:00:52,803 [INFO] Rule:225 - rule 117617 - U5Cobra4M][GTZC] default value MPCBB3 and MPCBB5 - Privileged memory - MPCBB4 is applicable
2026-05-16 22:00:52,803 [INFO] Rule:225 - rule Rename SubGHz_Phy SUBGHZ_APPLICATION SUBGHZ_PINGPONG to SUBGHZ_ADV_APPLICATION is applicable
2026-05-16 22:00:52,803 [INFO] Rule:225 - rule Rename Enabled to IBEACON is applicable
2026-05-16 22:00:52,803 [INFO] Rule:225 - rule GTZC_S instance for project manager is applicable
2026-05-16 22:00:52,803 [INFO] Rule:225 - rule GTZC_S instance for context M33S is applicable
2026-05-16 22:00:52,803 [INFO] Rule:225 - rule GTZC_S instance value for IP GTZC is applicable
2026-05-16 22:00:52,804 [INFO] Rule:225 - rule GTZC_S instance for mcu.IP is applicable
2026-05-16 22:00:52,804 [INFO] Rule:225 - rule GTZC_S instance for VP is applicable
2026-05-16 22:00:52,804 [INFO] Rule:225 - rule GTZC_S instance for signal is applicable
2026-05-16 22:00:52,804 [INFO] Rule:225 - rule GTZC_S instance for mcu.Pin is applicable
2026-05-16 22:00:52,804 [INFO] Rule:225 - rule GTZC_S instance for VP is applicable
2026-05-16 22:00:52,804 [INFO] Rule:225 - rule GTZC_S instance for signal is applicable
2026-05-16 22:00:52,804 [INFO] Rule:225 - rule GTZC_S instance for mcu is applicable
2026-05-16 22:00:52,804 [INFO] Rule:225 - rule GTZC_S instance for mcu.Pin is applicable
2026-05-16 22:00:52,804 [INFO] Rule:225 - rule GTZC_S instance value for IP GTZC is applicable
2026-05-16 22:00:52,804 [INFO] Rule:225 - rule GTZC_S instance for project manager is applicable
2026-05-16 22:00:52,804 [INFO] Rule:225 - rule GTZC_S instance for context M33S is applicable
2026-05-16 22:00:52,804 [INFO] Rule:225 - rule GTZC_S instance for VP is applicable
2026-05-16 22:00:52,804 [INFO] Rule:225 - rule GTZC_S instance for signal is applicable
2026-05-16 22:00:52,804 [INFO] Rule:225 - rule SPDIFRX instance for mcu is applicable
2026-05-16 22:00:52,804 [INFO] Rule:225 - rule Rename Tracer Mode is applicable
2026-05-16 22:00:52,804 [INFO] Rule:225 - rule SPDIFRX instance value for IP SPDIFRX is applicable
2026-05-16 22:00:52,804 [INFO] Rule:225 - rule SPDIFRX instance for signal is applicable
2026-05-16 22:00:52,804 [INFO] Rule:225 - rule SPDIFRX instance for project manager is applicable
2026-05-16 22:00:52,804 [INFO] Rule:225 - rule SPDIFRX instance for project manager is applicable
2026-05-16 22:00:52,804 [INFO] Rule:225 - rule ADC Scan  fix with FW F7 is applicable
2026-05-16 22:00:52,804 [INFO] Rule:225 - rule ADC Scan  fix with FW F7 is applicable
2026-05-16 22:00:52,804 [INFO] Rule:225 - rule WakeUp0 Mode is applicable
2026-05-16 22:00:52,804 [INFO] Rule:225 - rule WakeUp0 SIGNAL is applicable
2026-05-16 22:00:52,804 [INFO] Rule:225 - rule WakeUp1 Mode is applicable
2026-05-16 22:00:52,804 [INFO] Rule:225 - rule WakeUp1 SIGNAL is applicable
2026-05-16 22:00:52,805 [INFO] Rule:225 - rule WakeUp2 Mode is applicable
2026-05-16 22:00:52,805 [INFO] Rule:225 - rule WakeUp2 SIGNAL is applicable
2026-05-16 22:00:52,805 [INFO] Rule:225 - rule WakeUp4 Mode is applicable
2026-05-16 22:00:52,805 [INFO] Rule:225 - rule WakeUp4 SIGNAL is applicable
2026-05-16 22:00:52,805 [INFO] Rule:225 - rule WakeUp5 Mode is applicable
2026-05-16 22:00:52,805 [INFO] Rule:225 - rule WakeUp5 SIGNAL is applicable
2026-05-16 22:00:52,805 [INFO] Rule:225 - rule Add RTC Activate Clock Source is applicable
2026-05-16 22:00:52,805 [INFO] Rule:225 - rule Add RTC Activate Calendar 1 is applicable
2026-05-16 22:00:52,805 [INFO] Rule:225 - rule Add RTC Activate Calendar 2 is applicable
2026-05-16 22:00:52,805 [INFO] Rule:225 - rule Add RTC Activate Calendar 3 is applicable
2026-05-16 22:00:52,805 [INFO] Rule:225 - rule UART/USART TX Mode is applicable
2026-05-16 22:00:52,805 [INFO] Rule:225 - rule UART/USART RX Mode is applicable
2026-05-16 22:00:52,805 [INFO] Rule:225 - rule UART/USART RX TX Mode is applicable
2026-05-16 22:00:52,805 [INFO] Rule:225 - rule UART/USART PARITY NONE is applicable
2026-05-16 22:00:52,805 [INFO] Rule:225 - rule UART/USART PARITY EVEN is applicable
2026-05-16 22:00:52,805 [INFO] Rule:225 - rule UART/USART PARITY ODD is applicable
2026-05-16 22:00:52,805 [INFO] Rule:225 - rule USART StopBits 1 is applicable
2026-05-16 22:00:52,805 [INFO] Rule:225 - rule USART StopBits 2 is applicable
2026-05-16 22:00:52,805 [INFO] Rule:225 - rule USART StopBits 1.5 is applicable
2026-05-16 22:00:52,805 [INFO] Rule:225 - rule USART StopBits 0.5 is applicable
2026-05-16 22:00:52,805 [INFO] Rule:225 - rule UART/USART WORD LENGTH 7 is applicable
2026-05-16 22:00:52,805 [INFO] Rule:225 - rule UART/USART WORD LENGTH 8 is applicable
2026-05-16 22:00:52,805 [INFO] Rule:225 - rule UART/USART WORD LENGTH 9 is applicable
2026-05-16 22:00:52,805 [INFO] Rule:225 - rule Rename FMC NAND NCE signal is applicable
2026-05-16 22:00:52,805 [INFO] Rule:225 - rule Rename FMC NAND INT signal is applicable
2026-05-16 22:00:52,805 [INFO] Rule:225 - rule Change Default Value for LSE Drive Capability for WB family is applicable
2026-05-16 22:00:52,805 [INFO] Rule:225 - rule Change Default Value for ADC Clock Prescaler G0 family is applicable
2026-05-16 22:00:52,806 [INFO] Rule:225 - rule Change Default Value for ADC ExternalTrigConv L4 family is applicable
2026-05-16 22:00:52,806 [INFO] Rule:225 - rule Change Default Value for ADC ExternalTrigInjecConv L4 family is applicable
2026-05-16 22:00:52,806 [INFO] Rule:225 - rule Change Default Value for ADC ExternalTrigConv F3 family is applicable
2026-05-16 22:00:52,806 [INFO] Rule:225 - rule Change Default Value for ADC ExternalTrigInjecConv F3 family is applicable
2026-05-16 22:00:52,806 [INFO] Rule:225 - rule Change Default Value for ADC ExternalTrigConv Goldfish serie is applicable
2026-05-16 22:00:52,806 [INFO] Rule:225 - rule Change Default Value for ADC ExternalTrigInjecConv Goldfish serie is applicable
2026-05-16 22:00:52,806 [INFO] Rule:225 - rule Change Default Value for ADC ExternalTrigConv L0 family is applicable
2026-05-16 22:00:52,806 [INFO] Rule:225 - rule Change Default Value for ADC ExternalTrigConv F0 family is applicable
2026-05-16 22:00:52,806 [INFO] Rule:225 - rule Change Default Value for ADC ExternalTrigConvn L1 family is applicable
2026-05-16 22:00:52,806 [INFO] Rule:225 - rule Change Default Value for ADC ExternalTrigInjecConv L1 family is applicable
2026-05-16 22:00:52,806 [INFO] Rule:225 - rule Change Default Value for ADC ExternalTrigConv F1 family is applicable
2026-05-16 22:00:52,806 [INFO] Rule:225 - rule Change Default Value for ADC ExternalTrigInjecConv F1 family is applicable
2026-05-16 22:00:52,806 [INFO] Rule:225 - rule Change Default Value for ADC ExternalTrigConv F7 family is applicable
2026-05-16 22:00:52,806 [INFO] Rule:225 - rule Change Default Value for ADC ExternalTrigInjecConv F7 family is applicable
2026-05-16 22:00:52,806 [INFO] Rule:225 - rule Change Default Value for ADC ExternalTrigConv F4 and F2 family is applicable
2026-05-16 22:00:52,806 [INFO] Rule:225 - rule Change Default Value for ADC ExternalTrigInjecConv F4 and F2 family is applicable
2026-05-16 22:00:52,806 [INFO] Rule:225 - rule ADC SamplingTime fix with FW L0  is applicable
2026-05-16 22:00:52,806 [INFO] Rule:225 - rule ADC SamplingTime fix with FW L0  is applicable
2026-05-16 22:00:52,806 [INFO] Rule:225 - rule ADC SamplingTime fix with FW L0 is applicable
2026-05-16 22:00:52,806 [INFO] Rule:225 - rule ADC SamplingTime fix with FW L0 is applicable
2026-05-16 22:00:52,806 [INFO] Rule:225 - rule ADC SamplingTime fix with FW L0  is applicable
2026-05-16 22:00:52,806 [INFO] Rule:225 - rule ADC SamplingTime fix with FW L0 is applicable
2026-05-16 22:00:52,806 [INFO] Rule:225 - rule Rename USB_OE Signal is applicable
2026-05-16 22:00:52,806 [INFO] Rule:225 - rule Rename Activate_OE Mode is applicable
2026-05-16 22:00:52,806 [INFO] Rule:225 - rule Rename DIE462/DIE415 pin PC14/OSC32_IN -> PC14-OSC32_IN (PC14) is applicable
2026-05-16 22:00:52,806 [INFO] Rule:225 - rule Rename DIE462/DIE415 pin PC15/OSC32_OUT -> PC15-OSC32_OUT (PC15) is applicable
2026-05-16 22:00:52,806 [INFO] Rule:225 - rule Rename DIE462/DIE415 pin PH0/OSC_IN -> PH0-OSC_IN (PH0) is applicable
2026-05-16 22:00:52,806 [INFO] Rule:225 - rule Rename DIE462/DIE415 pin PH1/OSC_OUT -> PH1-OSC_OUT (PH1) is applicable
2026-05-16 22:00:52,806 [INFO] Rule:225 - rule Rename DIE462 pin PA13 -> PA13 (JTMS/SWDIO) is applicable
2026-05-16 22:00:52,806 [INFO] Rule:225 - rule Rename DIE415 pin PA13 -> PA13 (JTMS/SWDIO) is applicable
2026-05-16 22:00:52,807 [INFO] Rule:225 - rule Rename DIE462 pin PA14 -> PA14 (JTCK/SWCLK) is applicable
2026-05-16 22:00:52,807 [INFO] Rule:225 - rule Rename DIE415 pin PA14 -> PA14 (JTCK/SWCLK) is applicable
2026-05-16 22:00:52,807 [INFO] Rule:225 - rule Rename DIE462/DIE415 pin PA15 -> PA15 (JTDI) is applicable
2026-05-16 22:00:52,807 [INFO] Rule:225 - rule Rename DIE462 pin PB3 -> PB3 (JTD0/TRACESWO) is applicable
2026-05-16 22:00:52,807 [INFO] Rule:225 - rule Rename DIE415 pin PB3 -> PB3 (JTD0-TRACESWO) is applicable
2026-05-16 22:00:52,807 [INFO] Rule:225 - rule Rename DIE462/DIE415 pin PB4 -> PB4 (NJTRST) is applicable
2026-05-16 22:00:52,807 [INFO] Rule:225 - rule Rename DIE462 pin PH3/BOOT0 -> PH3-BOOT0 (BOOT0) is applicable
2026-05-16 22:00:52,807 [INFO] Rule:225 - rule Rename CRYP DataEncryptionTypesList to Algorithm is applicable
2026-05-16 22:00:52,807 [INFO] Rule:225 - rule Rename AES DataEncryptionTypesList to Algorithm is applicable
2026-05-16 22:00:52,807 [INFO] Rule:225 - rule Rename TDESECB to CRYP_TDES_ECB is applicable
2026-05-16 22:00:52,807 [INFO] Rule:225 - rule Rename TDESCBC to CRYP_TDES_CBC is applicable
2026-05-16 22:00:52,807 [INFO] Rule:225 - rule Rename DESECB to CRYP_DES_ECB is applicable
2026-05-16 22:00:52,807 [INFO] Rule:225 - rule Rename DESCBC to CRYP_DES_CBC is applicable
2026-05-16 22:00:52,807 [INFO] Rule:225 - rule Rename AESECB to CRYP_AES_ECB is applicable
2026-05-16 22:00:52,807 [INFO] Rule:225 - rule Rename AESCBC to CRYP_AES_CBC is applicable
2026-05-16 22:00:52,807 [INFO] Rule:225 - rule Rename AESCTR to CRYP_AES_CTR is applicable
2026-05-16 22:00:52,807 [INFO] Rule:225 - rule Rename AESGCM to CRYP_AES_GCM is applicable
2026-05-16 22:00:52,807 [INFO] Rule:225 - rule Rename AESCCM to CRYP_AES_CCM is applicable
2026-05-16 22:00:52,807 [INFO] Rule:225 - rule Rename CAN TimeSeg1 to BS1 is applicable
2026-05-16 22:00:52,807 [INFO] Rule:225 - rule Rename CAN TimeSeg2 to BS2 is applicable
2026-05-16 22:00:52,807 [INFO] Rule:225 - rule Rename CAN SyncJumpWidth to SJW is applicable
2026-05-16 22:00:52,807 [INFO] Rule:225 - rule TimeTriggeredMode to TTCM is applicable
2026-05-16 22:00:52,807 [INFO] Rule:225 - rule Rename CAN AutoBusOff to ABOM is applicable
2026-05-16 22:00:52,807 [INFO] Rule:225 - rule Rename CAN AutoWakeUp to AWUM is applicable
2026-05-16 22:00:52,807 [INFO] Rule:225 - rule Rename CAN AutoRetransmission to NART is applicable
2026-05-16 22:00:52,807 [INFO] Rule:225 - rule Rename CAN ReceiveFifoLocked to RFLM is applicable
2026-05-16 22:00:52,807 [INFO] Rule:225 - rule Rename CAN TransmitFifoPriority to TXFP is applicable
2026-05-16 22:00:52,807 [INFO] Rule:225 - rule Rename HRTIMER HRTIM_OUTPUTFAULTLEVEL_HIGH in HRTIMER HRTIM_OUTPUTFAULTLEVEL_HIGHZ is applicable
2026-05-16 22:00:52,807 [INFO] Rule:225 - rule Rename TIMER TIM_CLEARINPUTSOURCE_OCREFCLR in  TIMER TIM_CLEARINPUTSOURCE_NONE for F7 family is applicable
2026-05-16 22:00:52,807 [INFO] Rule:225 - rule FDCAN_R1 - Rename FDCAN mode Master into Classic is applicable
2026-05-16 22:00:52,807 [INFO] Rule:225 - rule FDCAN_R2 - Rename FDCAN mode Slave into Classic is applicable
2026-05-16 22:00:52,807 [INFO] Rule:225 - rule FDCAN1_R3 - if PA10.Mode=FullDuplex, add Pin PA12 is applicable
2026-05-16 22:00:52,808 [INFO] Rule:225 - rule FDCAN1_R3 - if PA9.Mode=FullDuplex, add Pin PA11 is applicable
2026-05-16 22:00:52,808 [INFO] Rule:225 - rule FDCAN1_R3 - Alternatepin_1 - if PE1.Mode=FullDuplex, add Pin PB9 is applicable
2026-05-16 22:00:52,808 [INFO] Rule:225 - rule FDCAN1_R3 - Alternatepin_1 - if PE0.Mode=FullDuplex, add Pin PB8 is applicable
2026-05-16 22:00:52,808 [INFO] Rule:225 - rule FDCAN1_R3 - Alternatepin_2 - if PD5.Mode=FullDuplex, add Pin PD1 is applicable
2026-05-16 22:00:52,808 [INFO] Rule:225 - rule FDCAN1_R3 - Alternatepin_2 - if PD4.Mode=FullDuplex, add Pin PD0 is applicable
2026-05-16 22:00:52,808 [INFO] Rule:225 - rule FDCAN1_R4 - Rename Mode FullDuplex into Enable FDCAN_TXFD for pin PA10 is applicable
2026-05-16 22:00:52,808 [INFO] Rule:225 - rule FDCAN1_R4 - Rename Mode FullDuplex into Enable FDCAN_TXFD for pin PA9 is applicable
2026-05-16 22:00:52,808 [INFO] Rule:225 - rule FDCAN1_R4 - Alternatepin_1 - Rename Mode FullDuplex into Enable FDCAN_TXFD for pin PE1 is applicable
2026-05-16 22:00:52,808 [INFO] Rule:225 - rule FDCAN1_R4 - Alternatepin_1 - Rename Mode FullDuplex into Enable FDCAN_TXFD for pin PE0 is applicable
2026-05-16 22:00:52,808 [INFO] Rule:225 - rule FDCAN1_R4 - Alternatepin_2 - Rename Mode FullDuplex into Enable FDCAN_TXFD for pin PD5 is applicable
2026-05-16 22:00:52,808 [INFO] Rule:225 - rule FDCAN1_R4 - Alternatepin_2 - Rename Mode FullDuplex into Enable FDCAN_TXFD for pin PD4 is applicable
2026-05-16 22:00:52,808 [INFO] Rule:225 - rule FDCAN2_R3 - if PD10.Mode=FullDuplex, add Pin PB13 is applicable
2026-05-16 22:00:52,808 [INFO] Rule:225 - rule FDCAN2_R3 - if PD9.Mode=FullDuplex, add Pin PB12 is applicable
2026-05-16 22:00:52,808 [INFO] Rule:225 - rule FDCAN2_R3 - Alternatepin_1 - if PB7.Mode=FullDuplex, add Pin PB6 is applicable
2026-05-16 22:00:52,808 [INFO] Rule:225 - rule FDCAN2_R3 - Alternatepin_1 - if PD9.Mode=FullDuplex, add Pin PB12 is applicable
2026-05-16 22:00:52,808 [INFO] Rule:225 - rule FDCAN2_R4 - Rename Mode FullDuplex into Enable FDCAN_TXFD for pin PD10 is applicable
2026-05-16 22:00:52,808 [INFO] Rule:225 - rule FDCAN2_R4 - Rename Mode FullDuplex into Enable FDCAN_TXFD for pin PD9 is applicable
2026-05-16 22:00:52,808 [INFO] Rule:225 - rule FDCAN2_R4 - Alternatepin_1 - Rename Mode FullDuplex into Enable FDCAN_TXFD for pin PB7 is applicable
2026-05-16 22:00:52,808 [INFO] Rule:225 - rule FDCAN2_R4 - Alternatepin_1 - Rename Mode FullDuplex into Enable FDCAN_TXFD for pin PD6 is applicable
2026-05-16 22:00:52,808 [INFO] Rule:225 - rule USART TxPinLevelInvertParam Mode is applicable
2026-05-16 22:00:52,808 [INFO] Rule:225 - rule USART RxPinLevelInvertParam Mode is applicable
2026-05-16 22:00:52,808 [INFO] Rule:225 - rule USART DataInvertParam Mode is applicable
2026-05-16 22:00:52,808 [INFO] Rule:225 - rule USART SwapParam Mode is applicable
2026-05-16 22:00:52,808 [INFO] Rule:225 - rule USART OverrunDisableParam Mode is applicable
2026-05-16 22:00:52,808 [INFO] Rule:225 - rule USART DMADisableonRxErrorParam Mode is applicable
2026-05-16 22:00:52,808 [INFO] Rule:225 - rule USART MSBFirstParam Mode is applicable
2026-05-16 22:00:52,808 [INFO] Rule:225 - rule Update MwName for USB_DEVICE is applicable
2026-05-16 22:00:52,808 [INFO] Rule:225 - rule Change PWR_Regulator_Voltage_Scale Default Value for RCC  H7 family is applicable
2026-05-16 22:00:52,808 [INFO] Rule:225 - rule UART/USART IPParameter rename Prescaler parameter to ClockPrescaler is applicable
2026-05-16 22:00:52,808 [INFO] Rule:225 - rule UART/USART Prescaler rename Prescaler parameter to ClockPrescaler is applicable
2026-05-16 22:00:52,808 [INFO] Rule:225 - rule TIM1CLockSelection is applicable
2026-05-16 22:00:52,808 [INFO] Rule:225 - rule TIM15CLockSelection is applicable
2026-05-16 22:00:52,808 [INFO] Rule:225 - rule align RCC SDMMC3CLockSelection default value on MP1 is applicable
2026-05-16 22:00:52,808 [INFO] Rule:225 - rule align RCC SDMMC12CLockSelection default value on MP1 is applicable
2026-05-16 22:00:52,808 [INFO] Rule:225 - rule align RCC QSPICLockSelection default value on MP1 is applicable
2026-05-16 22:00:52,808 [INFO] Rule:225 - rule align RCC QSPICLockSelection default value on MP1 is applicable
2026-05-16 22:00:52,808 [INFO] Rule:225 - rule align RCC SPI6CLockSelection default value on MP1 is applicable
2026-05-16 22:00:52,808 [INFO] Rule:225 - rule align RCC LPTIM23CLockSelection default value on MP1 is applicable
2026-05-16 22:00:52,808 [INFO] Rule:225 - rule align RCC LPTIM1CLockSelection default value on MP1 is applicable
2026-05-16 22:00:52,808 [INFO] Rule:225 - rule align RCC USART1CLockSelection default value on MP1 is applicable
2026-05-16 22:00:52,808 [INFO] Rule:225 - rule align RCC USART24CLockSelection default value on MP1 is applicable
2026-05-16 22:00:52,808 [INFO] Rule:225 - rule align RCC USART6CLockSelection default value on MP1 is applicable
2026-05-16 22:00:52,809 [INFO] Rule:225 - rule align RCC UART78CLockSelection default value on MP1 is applicable
2026-05-16 22:00:52,809 [INFO] Rule:225 - rule align RCC USART35CLockSelection default value on MP1 is applicable
2026-05-16 22:00:52,809 [INFO] Rule:225 - rule align RCC SPI45CLockSelection default value on MP1 is applicable
2026-05-16 22:00:52,809 [INFO] Rule:225 - rule align RCC I2C46CLockSelection BCLK value on MP1 is applicable
2026-05-16 22:00:52,809 [INFO] Rule:225 - rule align RCC SPI45CLockSelection default value on MP1 is applicable
2026-05-16 22:00:52,809 [INFO] Rule:225 - rule align RCC I2C12CLockSelection default value on MP1 is applicable
2026-05-16 22:00:52,809 [INFO] Rule:225 - rule align RCC I2C35CLockSelection default value on MP1 is applicable
2026-05-16 22:00:52,809 [INFO] Rule:225 - rule align RCC LPTIM45CLockSelection default value on MP1 is applicable
2026-05-16 22:00:52,809 [INFO] Rule:225 - rule Rename DCMI PIXCK signal is applicable
2026-05-16 22:00:52,809 [INFO] Rule:225 - rule Change Default Value for I2C46CLockSelection MP1 family is applicable
2026-05-16 22:00:52,809 [INFO] Rule:225 - rule Change Default Value for UART for G4, G0 and WB families is applicable
2026-05-16 22:00:52,809 [INFO] Rule:225 - rule Change Default Value for USART for G4, G0 and WB families is applicable
2026-05-16 22:00:52,809 [INFO] Rule:225 - rule Change Default Value for USART for G4 family is applicable
2026-05-16 22:00:52,809 [INFO] Rule:225 - rule Change USART1CLockSelection refparam name for MP1 is applicable
2026-05-16 22:00:52,809 [INFO] Rule:225 - rule Change USART2CLockSelection refparam name for MP1 is applicable
2026-05-16 22:00:52,809 [INFO] Rule:225 - rule Change USART3CLockSelection refparam name for MP1 is applicable
2026-05-16 22:00:52,809 [INFO] Rule:225 - rule Change UART4CLockSelection refparam name for MP1 is applicable
2026-05-16 22:00:52,809 [INFO] Rule:225 - rule Change UART5CLockSelection refparam name for MP1 is applicable
2026-05-16 22:00:52,809 [INFO] Rule:225 - rule Change LPUART1CLockSelection refparam name for MP1 is applicable
2026-05-16 22:00:52,809 [INFO] Rule:225 - rule Change LPTIM1CLockSelection refparam name for MP1 is applicable
2026-05-16 22:00:52,809 [INFO] Rule:225 - rule Change LPTIM2CLockSelection refparam name for MP1 is applicable
2026-05-16 22:00:52,809 [INFO] Rule:225 - rule Change RCC_MCO1Source refparam name for MP1 is applicable
2026-05-16 22:00:52,809 [INFO] Rule:225 - rule Change LSCOSource1 refparam name for MP1 is applicable
2026-05-16 22:00:52,809 [INFO] Rule:225 - rule Change SMPSCLockSelection refparam name for MP1 is applicable
2026-05-16 22:00:52,809 [INFO] Rule:225 - rule Change LPTIM3CLockSelection refparam name for MP1 is applicable
2026-05-16 22:00:52,809 [INFO] Rule:225 - rule Change MPCBB* Default Template Mode to Parameters is applicable
2026-05-16 22:00:52,809 [INFO] Rule:225 - rule Change MPCWM* or MPCBB* Secure Mode to Parameters is applicable
2026-05-16 22:00:52,809 [INFO] Rule:225 - rule Change MPCWM* or MPCBB* No Secure Mode to Parameters is applicable
2026-05-16 22:00:52,809 [INFO] Rule:225 - rule Change TZSC IP Secure Mode to Parameters is applicable
2026-05-16 22:00:52,809 [INFO] Rule:225 - rule Change TZSC IP No Secure Mode to Parameters is applicable
2026-05-16 22:00:52,809 [INFO] Rule:225 - rule Change TZSC IP Privilege Mode to Parameters is applicable
2026-05-16 22:00:52,809 [INFO] Rule:225 - rule Change TZSC IP No Privilege Mode to Parameters is applicable
2026-05-16 22:00:52,809 [INFO] Rule:225 - rule Change TZIC IT Secure Mode to Parameters is applicable
2026-05-16 22:00:52,809 [INFO] Rule:225 - rule Change TZIC IT No Secure Mode to Parameters is applicable
2026-05-16 22:00:52,809 [INFO] Rule:225 - rule Add MPCBB1_NonSecureArea_Start_Address value with referenced to MPCBB1_NonSecureArea_Start value is applicable
2026-05-16 22:00:52,809 [INFO] Rule:225 - rule Add MPCBB2_NonSecureArea_Start_Address value with referenced to MPCBB2_NonSecureArea_Start value is applicable
2026-05-16 22:00:52,809 [INFO] Rule:225 - rule Add MPCWM1_NonSecureArea*_Start_Address value with referenced to MPCWM1_NonSecureArea*_Start value is applicable
2026-05-16 22:00:52,809 [INFO] Rule:225 - rule Add MPCWM2_NonSecureArea*_Start_Address value with referenced to MPCWM2_NonSecureArea*_Start value is applicable
2026-05-16 22:00:52,809 [INFO] Rule:225 - rule Add MPCWM3_NonSecureArea_Start_Address value with referenced to MPCWM3_NonSecureArea_Start value is applicable
2026-05-16 22:00:52,809 [INFO] Rule:225 - rule Change Default Value for PLL1UserDefinedConfig is applicable
2026-05-16 22:00:52,809 [INFO] Rule:225 - rule Change GPIO_PuPd Default Value for USART in async mode is applicable
2026-05-16 22:00:52,809 [INFO] Rule:225 - rule Change SMPSDivider Default Value is applicable
2026-05-16 22:00:52,809 [INFO] Rule:225 - rule OPAMP is applicable
2026-05-16 22:00:52,810 [INFO] Rule:225 - rule LPUART IPParameter rename Prescaler parameter to ClockPrescaler for STM32H7 is applicable
2026-05-16 22:00:52,810 [INFO] Rule:225 - rule LPUART IPParameter rename Prescaler parameter to ClockPrescaler for STM32H7 is applicable
2026-05-16 22:00:52,810 [INFO] Rule:225 - rule LPUART IPParameter rename Prescaler parameter to ClockPrescaler for STM32WB is applicable
2026-05-16 22:00:52,810 [INFO] Rule:225 - rule LPUART IPParameter rename Prescaler parameter to ClockPrescaler for STM32WB is applicable
2026-05-16 22:00:52,810 [INFO] Rule:225 - rule LPUART IPParameter rename Prescaler parameter to ClockPrescaler for STM32G4 is applicable
2026-05-16 22:00:52,810 [INFO] Rule:225 - rule LPUART IPParameter rename Prescaler parameter to ClockPrescaler for STM32G4 is applicable
2026-05-16 22:00:52,810 [INFO] Rule:225 - rule LPUART IPParameter rename Prescaler parameter to ClockPrescaler for STM32L5 is applicable
2026-05-16 22:00:52,810 [INFO] Rule:225 - rule LPUART IPParameter rename Prescaler parameter to ClockPrescaler for STM32L5 is applicable
2026-05-16 22:00:52,810 [INFO] Rule:225 - rule LPUART IPParameter rename Prescaler parameter to ClockPrescaler for STM32G4 is applicable
2026-05-16 22:00:52,810 [INFO] Rule:225 - rule LPUART IPParameter rename Prescaler parameter to ClockPrescaler for STM32G4 is applicable
2026-05-16 22:00:52,810 [INFO] Rule:225 - rule USB device lib V2.5.3 for L0 rename USBD_SUPPORT_USER_STRING parameter to USBD_SUPPORT_USER_STRING_DESC4 is applicable
2026-05-16 22:00:52,810 [INFO] Rule:225 - rule I2SCLockSelection clock entry align is applicable
2026-05-16 22:00:52,810 [INFO] Rule:225 - rule Assign TIMx context if used as SYS timebase is applicable
2026-05-16 22:00:52,810 [INFO] Rule:225 - rule Change GPIO_Pu Default Value for I2C is applicable
2026-05-16 22:00:52,810 [INFO] Rule:225 - rule Change GPIO_Pu Default Value for SMBus is applicable
2026-05-16 22:00:52,810 [INFO] Rule:225 - rule change FDCAN default value is applicable
2026-05-16 22:00:52,810 [INFO] Rule:225 - rule Change mode sai is applicable
2026-05-16 22:00:52,810 [INFO] Rule:225 - rule **Change sai mode is applicable
2026-05-16 22:00:52,810 [INFO] Rule:225 - rule Rename STM32WPAN CFG_BLE_IRK to CFG_BLE_IR is applicable
2026-05-16 22:00:52,810 [INFO] Rule:225 - rule Rename STM32WPAN CFG_BLE_ERK to CFG_BLE_ER is applicable
2026-05-16 22:00:52,810 [INFO] Rule:225 - rule Rename STM32WPAN CFG_BLE_IRK_HEX to CFG_BLE_IR_HEX is applicable
2026-05-16 22:00:52,810 [INFO] Rule:225 - rule Rename STM32WPAN CFG_BLE_ERK_HEX to CFG_BLE_ER_HEX is applicable
2026-05-16 22:00:52,810 [INFO] Rule:225 - rule Adapt Old IOC before rework replace old CORTEX_M33/CORTEX_M55 attributes by the new one. is applicable
2026-05-16 22:00:52,810 [INFO] Rule:225 - rule Rename parametre of RCC RCC_APBDBG_DIV2 to RCC_TIMPRES_DIV2 is applicable
2026-05-16 22:00:52,810 [INFO] Rule:225 - rule Rename DIE493 pin PA10 [PA12] -> PA10 is applicable
2026-05-16 22:00:52,810 [INFO] Rule:225 - rule Rename DIE493 pin PA9 [PA11] -> PA9 is applicable
2026-05-16 22:00:52,810 [INFO] Rule:225 - rule Adapt Old IOC CSI. is applicable
2026-05-16 22:00:52,818 [INFO] DbConfProperties:307 - Apply Compatibility (49/267 Rules)
2026-05-16 22:00:52,827 [INFO] ImportTextPane:218 - (OptionalMessage_ERROR) Unable to find key (Mcu.ThirdPartyNb) in loaded IOC file
2026-05-16 22:00:52,828 [INFO] ImportTextPane:218 - (OptionalMessage_ERROR) Pin12 (VP_RIF_VS_RIF1) cannot be retrieved for this MCU
2026-05-16 22:00:52,860 [INFO] RtosManager:558 - Registered RTOS mode: class=CMSIS, group=RTOS, mode=CMSIS_V1, owner=FREERTOS
2026-05-16 22:00:52,860 [INFO] RtosManager:558 - Registered RTOS mode: class=CMSIS, group=RTOS2, mode=CMSIS_V2, owner=FREERTOS
2026-05-16 22:00:52,860 [INFO] RtosManager:558 - Registered RTOS mode: class=RTOS, group=Core, mode=CMSIS_V1, owner=FREERTOS
2026-05-16 22:00:52,860 [INFO] RtosManager:558 - Registered RTOS mode: class=RTOS, group=Core, mode=CMSIS_V2, owner=FREERTOS
2026-05-16 22:00:52,860 [WARN] ModelIntegratedComponent:184 - Missing modes for component STMicroelectronics:FreeRTOS:0.0.1:STMicroelectronics:RTOS:FreeRTOS:Core:::10.2.0:
2026-05-16 22:00:52,874 [WARN] ModelIntegratedComponent:63 - No mode defined for component null
2026-05-16 22:00:52,874 [WARN] ModelIntegratedComponent:63 - No mode defined for component null
2026-05-16 22:00:52,874 [WARN] ModelIntegratedComponent:63 - No mode defined for component null
2026-05-16 22:00:52,874 [WARN] ModelIntegratedComponent:63 - No mode defined for component null
2026-05-16 22:00:52,874 [WARN] ModelIntegratedComponent:63 - No mode defined for component null
2026-05-16 22:00:52,874 [WARN] ModelIntegratedComponent:63 - No mode defined for component null
2026-05-16 22:00:52,874 [WARN] ModelIntegratedComponent:63 - No mode defined for component null
2026-05-16 22:00:52,874 [WARN] ModelIntegratedComponent:63 - No mode defined for component null
2026-05-16 22:00:52,874 [WARN] ModelIntegratedComponent:63 - No mode defined for component null
2026-05-16 22:00:52,874 [WARN] ModelIntegratedComponent:63 - No mode defined for component null
2026-05-16 22:00:52,874 [WARN] ModelIntegratedComponent:63 - No mode defined for component null
2026-05-16 22:00:52,874 [WARN] ModelIntegratedComponent:63 - No mode defined for component null
2026-05-16 22:00:52,874 [WARN] ModelIntegratedComponent:63 - No mode defined for component null
2026-05-16 22:00:52,874 [WARN] ModelIntegratedComponent:63 - No mode defined for component null
2026-05-16 22:00:52,874 [WARN] ModelIntegratedComponent:63 - No mode defined for component null
2026-05-16 22:00:52,874 [WARN] ModelIntegratedComponent:63 - No mode defined for component null
2026-05-16 22:00:52,874 [WARN] ModelIntegratedComponent:63 - No mode defined for component null
2026-05-16 22:00:52,874 [WARN] ModelIntegratedComponent:63 - No mode defined for component null
2026-05-16 22:00:52,874 [WARN] ModelIntegratedComponent:63 - No mode defined for component null
2026-05-16 22:00:52,874 [WARN] ModelIntegratedComponent:63 - No mode defined for component null
2026-05-16 22:00:52,874 [WARN] ModelIntegratedComponent:63 - No mode defined for component null
2026-05-16 22:00:52,874 [WARN] ModelIntegratedComponent:63 - No mode defined for component null
2026-05-16 22:00:52,875 [WARN] ModelIntegratedComponent:63 - No mode defined for component null
2026-05-16 22:00:52,875 [WARN] ModelIntegratedComponent:63 - No mode defined for component null
2026-05-16 22:00:52,875 [WARN] ModelIntegratedComponent:63 - No mode defined for component null
2026-05-16 22:00:52,875 [WARN] ModelIntegratedComponent:63 - No mode defined for component null
2026-05-16 22:00:52,875 [WARN] ModelIntegratedComponent:63 - No mode defined for component null
2026-05-16 22:00:52,875 [WARN] ModelIntegratedComponent:63 - No mode defined for component null
2026-05-16 22:00:52,875 [WARN] ModelIntegratedComponent:63 - No mode defined for component null
2026-05-16 22:00:52,875 [WARN] ModelIntegratedComponent:63 - No mode defined for component null
2026-05-16 22:00:52,875 [WARN] ModelIntegratedComponent:63 - No mode defined for component null
2026-05-16 22:00:52,875 [WARN] ModelIntegratedComponent:63 - No mode defined for component null
2026-05-16 22:00:52,875 [WARN] ModelIntegratedComponent:63 - No mode defined for component null
2026-05-16 22:00:52,875 [WARN] ModelIntegratedComponent:63 - No mode defined for component null
2026-05-16 22:00:52,875 [WARN] ModelIntegratedComponent:63 - No mode defined for component null
2026-05-16 22:00:52,875 [WARN] ModelPack:524 - Component already loaded: STMicroelectronics:HAL Drivers:0.0.0:STMicroelectronics:Device:STMicro_Driver:XSPI:HAL::0.0.1:HAL_XSPI
2026-05-16 22:00:52,960 [INFO] ThirdPartyModel:298 - Start build external matchings
2026-05-16 22:00:53,190 [INFO] ThirdPartyModel:316 - End build external matchings
2026-05-16 22:00:53,200 [INFO] ImportTextPane:218 - (OptionalMessage_ERROR) IP (RCC) : Invalid parameter (48MHZClocksFreq_Value)
2026-05-16 22:00:53,201 [INFO] ImportTextPane:218 - (OptionalMessage_ERROR) IP (RCC) : Invalid parameter (EthernetFreq_Value)
2026-05-16 22:00:53,201 [INFO] ImportTextPane:218 - (OptionalMessage_ERROR) IP (RCC) : Parameter (FLatency) has Id (AdvancedSettings) currently not set
2026-05-16 22:00:53,201 [INFO] ImportTextPane:218 - (OptionalMessage_ERROR) IP (RCC) : Invalid parameter (FamilyName)
2026-05-16 22:00:53,201 [INFO] ImportTextPane:218 - (OptionalMessage_ERROR) IP (RCC) : Invalid parameter (I2SClocksFreq_Value)
2026-05-16 22:00:53,202 [INFO] ImportTextPane:218 - (OptionalMessage_ERROR) IP (RCC) : Parameter (SDIOFreq_Value) has invalid value (168000000)
2026-05-16 22:00:53,202 [INFO] ImportTextPane:218 - (OptionalMessage_ERROR) IP (RCC) : Parameter (USBFreq_Value) has invalid value (168000000)
2026-05-16 22:00:53,202 [INFO] ImportTextPane:218 - (OptionalMessage_ERROR) IP (RCC) : Invalid parameter (VCOInputMFreq_Value)
2026-05-16 22:00:53,202 [INFO] ImportTextPane:218 - (OptionalMessage_ERROR) IP (RCC) : Invalid parameter (VcooutputI2S)
2026-05-16 22:00:53,516 [INFO] UtilMem:75 - End LoadConfig() Used Memory: 811805192 Bytes (1073741824)
2026-05-16 22:00:53,613 [WARN] ThirdParty:833 - waiting for thirdparty lock release [change project]
2026-05-16 22:00:53,614 [INFO] ThirdParty:835 - entering critical section [change project]
2026-05-16 22:00:53,614 [INFO] ThirdParty:1030 - CMSIS Pack Vendor :STMicroelectronics X-CUBE-AZRTOS-H7 3.5.0
2026-05-16 22:00:53,614 [INFO] ThirdParty:1030 - CMSIS Pack Vendor :STMicroelectronics X-CUBE-PM33A1 1.0.0
2026-05-16 22:00:53,614 [INFO] ThirdParty:1030 - CMSIS Pack Vendor :STMicroelectronics USBPD 4.1
2026-05-16 22:00:53,614 [INFO] ThirdParty:1030 - CMSIS Pack Vendor :STMicroelectronics X-CUBE-NFC9 1.0.0
2026-05-16 22:00:53,614 [INFO] ThirdParty:1030 - CMSIS Pack Vendor :STMicroelectronics USB_HOST 2.0.0
2026-05-16 22:00:53,614 [INFO] ThirdParty:1030 - CMSIS Pack Vendor :STMicroelectronics X-CUBE-AZRTOS-F4 1.1.0
2026-05-16 22:00:53,614 [INFO] ThirdParty:1030 - CMSIS Pack Vendor :STMicroelectronics LIBJPEG 8.0.0
2026-05-16 22:00:53,614 [INFO] ThirdParty:1030 - CMSIS Pack Vendor :STMicroelectronics FP-ATR-ASTRA1 2.0.2
2026-05-16 22:00:53,614 [INFO] ThirdParty:1030 - CMSIS Pack Vendor :STMicroelectronics X-CUBE-BLE1 7.1.0
2026-05-16 22:00:53,614 [INFO] ThirdParty:1030 - CMSIS Pack Vendor :STMicroelectronics X-CUBE-SMBUS 2.1.0
2026-05-16 22:00:53,614 [INFO] ThirdParty:1030 - CMSIS Pack Vendor :wolfSSL I-CUBE-wolfMQTT 1.19.2
2026-05-16 22:00:53,614 [INFO] ThirdParty:1030 - CMSIS Pack Vendor :STMicroelectronics USB_DEVICE 3.0.0
2026-05-16 22:00:53,614 [INFO] ThirdParty:1030 - CMSIS Pack Vendor :STMicroelectronics X-CUBE-ISPU 2.1.0
2026-05-16 22:00:53,614 [INFO] ThirdParty:1030 - CMSIS Pack Vendor :STMicroelectronics X-CUBE-EEPRMA1 5.2.0
2026-05-16 22:00:53,614 [INFO] ThirdParty:1030 - CMSIS Pack Vendor :STMicroelectronics X-CUBE-BLEMGR 4.1.0
2026-05-16 22:00:53,614 [INFO] ThirdParty:1030 - CMSIS Pack Vendor :STMicroelectronics eDS-WB_DPC_TT-BIDIR 2.1.1
2026-05-16 22:00:53,614 [INFO] ThirdParty:1030 - CMSIS Pack Vendor :STMicroelectronics X-CUBE-AZRTOS-WB 2.0.0
2026-05-16 22:00:53,614 [INFO] ThirdParty:1030 - CMSIS Pack Vendor :STMicroelectronics X-CUBE-NFC12 1.0.0
2026-05-16 22:00:53,614 [INFO] ThirdParty:1030 - CMSIS Pack Vendor :STMicroelectronics X-CUBE-AZRTOS-F7 1.1.0
2026-05-16 22:00:53,614 [INFO] ThirdParty:1030 - CMSIS Pack Vendor :STMicroelectronics X-CUBE-AZRTOS-L5 2.0.0
2026-05-16 22:00:53,614 [INFO] ThirdParty:1030 - CMSIS Pack Vendor :STMicroelectronics USB_DEVICE 2.0.0
2026-05-16 22:00:53,614 [INFO] ThirdParty:1030 - CMSIS Pack Vendor :quantropi X-CUBE-qispace-sdk-base 2.1.0
2026-05-16 22:00:53,614 [INFO] ThirdParty:1030 - CMSIS Pack Vendor :STMicroelectronics X-CUBE-STSE01 2.0.0
2026-05-16 22:00:53,614 [INFO] ThirdParty:1030 - CMSIS Pack Vendor :STMicroelectronics FreeRTOS 0.0.1
2026-05-16 22:00:53,614 [INFO] ThirdParty:1030 - CMSIS Pack Vendor :STMicroelectronics X-CUBE-AZRTOS-G0 1.1.0
2026-05-16 22:00:53,614 [INFO] ThirdParty:1030 - CMSIS Pack Vendor :STMicroelectronics X-CUBE-NFC4 3.0.0
2026-05-16 22:00:53,614 [INFO] ThirdParty:1030 - CMSIS Pack Vendor :STMicroelectronics X-CUBE-SUBG2 5.0.0
2026-05-16 22:00:53,614 [INFO] ThirdParty:1030 - CMSIS Pack Vendor :STMicroelectronics STM32_WPAN 1.0.0
2026-05-16 22:00:53,614 [INFO] ThirdParty:1030 - CMSIS Pack Vendor :STMicroelectronics eDS-WB_DPC_VIENNA 1.2.0
2026-05-16 22:00:53,614 [INFO] ThirdParty:1030 - CMSIS Pack Vendor :EmbeddedOffice I-CUBE-FS-RTOS 1.0.1
2026-05-16 22:00:53,614 [INFO] ThirdParty:1030 - CMSIS Pack Vendor :STMicroelectronics lwIP 2.0.3
2026-05-16 22:00:53,614 [INFO] ThirdParty:1030 - CMSIS Pack Vendor :STMicroelectronics eDS-WB_DPC_3PH2L-BIDIR 1.1.1
2026-05-16 22:00:53,614 [INFO] ThirdParty:1030 - CMSIS Pack Vendor :STMicroelectronics USB_HOST 1.0.0
2026-05-16 22:00:53,614 [INFO] ThirdParty:1030 - CMSIS Pack Vendor :STMicroelectronics X-CUBE-AZRTOS-G4 2.0.0
2026-05-16 22:00:53,614 [INFO] ThirdParty:1030 - CMSIS Pack Vendor :STMicroelectronics PDM2PCM 3.1.0
2026-05-16 22:00:53,614 [INFO] ThirdParty:1030 - CMSIS Pack Vendor :STMicroelectronics PDM2PCM 3.3.0
2026-05-16 22:00:53,615 [INFO] ThirdParty:1030 - CMSIS Pack Vendor :wolfSSL I-CUBE-wolfTPM 3.8.0
2026-05-16 22:00:53,615 [INFO] ThirdParty:1030 - CMSIS Pack Vendor :STMicroelectronics X-CUBE-DISPLAY 3.0.0
2026-05-16 22:00:53,615 [INFO] ThirdParty:1030 - CMSIS Pack Vendor :wolfSSL I-CUBE-wolfSSH 1.4.20
2026-05-16 22:00:53,615 [INFO] ThirdParty:1030 - CMSIS Pack Vendor :STMicroelectronics X-CUBE-NFC7 2.0.0
2026-05-16 22:00:53,615 [INFO] ThirdParty:1030 - CMSIS Pack Vendor :STMicroelectronics X-CUBE-GNSS1 7.1.1
2026-05-16 22:00:53,615 [INFO] ThirdParty:1030 - CMSIS Pack Vendor :STMicroelectronics X-CUBE-TCPP 4.2.0
2026-05-16 22:00:53,615 [INFO] ThirdParty:1030 - CMSIS Pack Vendor :RealThread X-CUBE-RT-Thread_Nano 4.1.1
2026-05-16 22:00:53,615 [INFO] ThirdParty:1030 - CMSIS Pack Vendor :wolfSSL I-CUBE-wolfSSL 5.9.1
2026-05-16 22:00:53,615 [INFO] ThirdParty:1030 - CMSIS Pack Vendor :STMicroelectronics FP-ATR-SIGFOX1 3.2.0
2026-05-16 22:00:53,615 [INFO] ThirdParty:1030 - CMSIS Pack Vendor :STMicroelectronics X-CUBE-NFC10 1.0.0
2026-05-16 22:00:53,615 [INFO] ThirdParty:1030 - CMSIS Pack Vendor :STMicroelectronics HAL Drivers 0.0.0
2026-05-16 22:00:53,615 [INFO] ThirdParty:1030 - CMSIS Pack Vendor :STMicroelectronics MBEDTLS 2.16.2
2026-05-16 22:00:53,615 [INFO] ThirdParty:1030 - CMSIS Pack Vendor :STMicroelectronics X-CUBE-ST60 1.1.0
2026-05-16 22:00:53,615 [INFO] ThirdParty:1030 - CMSIS Pack Vendor :STMicroelectronics X-CUBE-ALS 1.0.2
2026-05-16 22:00:53,615 [INFO] ThirdParty:1030 - CMSIS Pack Vendor :emotas I-CUBE-CANOPEN 1.3.0
2026-05-16 22:00:53,615 [INFO] ThirdParty:1030 - CMSIS Pack Vendor :STMicroelectronics MBEDTLS 2.14.1
2026-05-16 22:00:53,615 [INFO] ThirdParty:1030 - CMSIS Pack Vendor :ITTIA_DB I-CUBE-ITTIADB 8.9.0
2026-05-16 22:00:53,615 [INFO] ThirdParty:1030 - CMSIS Pack Vendor :Cesanta I-CUBE-Mongoose 7.21.7
2026-05-16 22:00:53,615 [INFO] ThirdParty:1030 - CMSIS Pack Vendor :STMicroelectronics X-CUBE-TOUCHGFX 4.26.1
2026-05-16 22:00:53,615 [INFO] ThirdParty:1030 - CMSIS Pack Vendor :STMicroelectronics X-CUBE-NFC6 3.2.0
2026-05-16 22:00:53,615 [INFO] ThirdParty:1030 - CMSIS Pack Vendor :STMicroelectronics X-CUBE-AI 10.2.0
2026-05-16 22:00:53,615 [INFO] ThirdParty:1030 - CMSIS Pack Vendor :STMicroelectronics ThreadX 1.0.0
2026-05-16 22:00:53,615 [INFO] ThirdParty:1030 - CMSIS Pack Vendor :STMicroelectronics FP-SNS-SMARTAG2 1.2.0
2026-05-16 22:00:53,615 [INFO] ThirdParty:1030 - CMSIS Pack Vendor :STMicroelectronics X-CUBE-MEMS1 12.1.0
2026-05-16 22:00:53,615 [INFO] ThirdParty:1030 - CMSIS Pack Vendor :STMicroelectronics FP-SNS-FLIGHT1 5.1.0
2026-05-16 22:00:53,615 [INFO] ThirdParty:1030 - CMSIS Pack Vendor :STMicroelectronics X-CUBE-AZRTOS-WL 2.0.0
2026-05-16 22:00:53,615 [INFO] ThirdParty:1030 - CMSIS Pack Vendor :SEGGER I-CUBE-embOS 1.3.1
2026-05-16 22:00:53,615 [INFO] ThirdParty:1030 - CMSIS Pack Vendor :STMicroelectronics X-CUBE-ALGOBUILD 1.4.0
2026-05-16 22:00:53,615 [INFO] ThirdParty:1030 - CMSIS Pack Vendor :STMicroelectronics X-CUBE-DPower 1.3.0
2026-05-16 22:00:53,615 [INFO] ThirdParty:1030 - CMSIS Pack Vendor :STMicroelectronics USB_DEVICE 1.0.0
2026-05-16 22:00:53,615 [INFO] ThirdParty:1030 - CMSIS Pack Vendor :STMicroelectronics X-CUBE-AZRTOS-H7RS 1.2.0
2026-05-16 22:00:53,615 [INFO] ThirdParty:1030 - CMSIS Pack Vendor :STMicroelectronics X-CUBE-AZRTOS-L4 2.0.0
2026-05-16 22:00:53,615 [INFO] ThirdParty:1030 - CMSIS Pack Vendor :STMicroelectronics ThreadX 0.0.2
2026-05-16 22:00:53,615 [INFO] ThirdParty:1030 - CMSIS Pack Vendor :STMicroelectronics lwIP 2.1.2
2026-05-16 22:00:53,615 [INFO] ThirdParty:1030 - CMSIS Pack Vendor :STMicroelectronics X-CUBE-SFXS2LP1 4.0.0
2026-05-16 22:00:53,615 [INFO] ThirdParty:1030 - CMSIS Pack Vendor :STMicroelectronics X-CUBE-BLE2 3.3.0
2026-05-16 22:00:53,615 [INFO] ThirdParty:1030 - CMSIS Pack Vendor :Avnet-IOTCONNECT X-CUBE-iotc-st67-sdk 1.0.0
2026-05-16 22:00:53,615 [INFO] ThirdParty:1030 - CMSIS Pack Vendor :STMicroelectronics X-CUBE-TOF1 3.4.3
2026-05-16 22:00:53,615 [INFO] ThirdParty:1030 - CMSIS Pack Vendor :Infineon AIROC-Wi-Fi-Bluetooth-STM32 1.8.0
2026-05-16 22:00:53,615 [INFO] ThirdParty:1030 - CMSIS Pack Vendor :STMicroelectronics PDM2PCM 3.2.0
2026-05-16 22:00:53,615 [INFO] ThirdParty:1030 - CMSIS Pack Vendor :STMicroelectronics X-CUBE-WB05N 2.1.0
2026-05-16 22:00:53,615 [INFO] ThirdParty:841 - exiting critical section [change project]
2026-05-16 22:00:53,795 [INFO] PinOutPanel:1589 - setPackage(No Configuration,No Configuration)
2026-05-16 22:00:53,796 [INFO] PinOutPanel:1589 - setPackage(STM32F446RETx,LQFP64)
2026-05-16 22:00:54,093 [INFO] UtilMem:75 - Before build in PCC Used Memory: 816264208 Bytes (1073741824)
2026-05-16 22:00:54,272 [INFO] UtilMem:75 - After build in PCC Used Memory: 865547280 Bytes (1073741824)
2026-05-16 22:00:54,287 [INFO] IPUIPlugin:80 - create IPUIPlugin
2026-05-16 22:00:54,287 [INFO] IPUIPlugin:80 - create IPUIPlugin
2026-05-16 22:00:54,287 [INFO] IPUIPlugin:80 - create IPUIPlugin
2026-05-16 22:00:54,288 [INFO] IPUIPlugin:80 - create IPUIPlugin
2026-05-16 22:00:54,288 [INFO] IPUIPlugin:80 - create IPUIPlugin
2026-05-16 22:00:54,288 [INFO] IPUIPlugin:80 - create IPUIPlugin
2026-05-16 22:00:54,288 [INFO] IPUIPlugin:80 - create IPUIPlugin
2026-05-16 22:00:54,288 [INFO] IPUIPlugin:80 - create IPUIPlugin
2026-05-16 22:00:54,288 [INFO] IPUIPlugin:80 - create IPUIPlugin
2026-05-16 22:00:54,288 [INFO] IPUIPlugin:80 - create IPUIPlugin
2026-05-16 22:00:54,288 [INFO] IPUIPlugin:80 - create IPUIPlugin
2026-05-16 22:00:54,288 [INFO] IPUIPlugin:80 - create IPUIPlugin
2026-05-16 22:00:54,288 [INFO] IPUIPlugin:80 - create IPUIPlugin
2026-05-16 22:00:54,289 [INFO] IPUIPlugin:80 - create IPUIPlugin
2026-05-16 22:00:54,289 [INFO] IPUIPlugin:80 - create IPUIPlugin
2026-05-16 22:00:54,289 [INFO] IPUIPlugin:80 - create IPUIPlugin
2026-05-16 22:00:54,289 [INFO] IPUIPlugin:80 - create IPUIPlugin
2026-05-16 22:00:54,289 [INFO] IPUIPlugin:80 - create IPUIPlugin
2026-05-16 22:00:54,289 [INFO] IPUIPlugin:80 - create IPUIPlugin
2026-05-16 22:00:54,289 [INFO] IPUIPlugin:80 - create IPUIPlugin
2026-05-16 22:00:54,289 [INFO] IPUIPlugin:80 - create IPUIPlugin
2026-05-16 22:00:54,289 [INFO] IPUIPlugin:80 - create IPUIPlugin
2026-05-16 22:00:54,289 [INFO] IPUIPlugin:80 - create IPUIPlugin
2026-05-16 22:00:54,290 [INFO] IPUIPlugin:80 - create IPUIPlugin
2026-05-16 22:00:54,290 [INFO] IPUIPlugin:80 - create IPUIPlugin
2026-05-16 22:00:54,290 [INFO] IPUIPlugin:80 - create IPUIPlugin
2026-05-16 22:00:54,290 [INFO] IPUIPlugin:80 - create IPUIPlugin
2026-05-16 22:00:54,290 [INFO] IPUIPlugin:80 - create IPUIPlugin
2026-05-16 22:00:54,290 [INFO] IPUIPlugin:80 - create IPUIPlugin
2026-05-16 22:00:54,290 [INFO] IPUIPlugin:80 - create IPUIPlugin
2026-05-16 22:00:54,291 [INFO] IPUIPlugin:80 - create IPUIPlugin
2026-05-16 22:00:54,291 [INFO] IPUIPlugin:80 - create IPUIPlugin
2026-05-16 22:00:54,291 [INFO] IPUIPlugin:80 - create IPUIPlugin
2026-05-16 22:00:54,291 [INFO] IPUIPlugin:80 - create IPUIPlugin
2026-05-16 22:00:54,291 [INFO] IPUIPlugin:80 - create IPUIPlugin
2026-05-16 22:00:54,291 [INFO] IPUIPlugin:80 - create IPUIPlugin
2026-05-16 22:00:54,291 [INFO] IPUIPlugin:80 - create IPUIPlugin
2026-05-16 22:00:54,291 [INFO] IPUIPlugin:80 - create IPUIPlugin
2026-05-16 22:00:54,292 [INFO] IPUIPlugin:80 - create IPUIPlugin
2026-05-16 22:00:54,292 [INFO] IPUIPlugin:80 - create IPUIPlugin
2026-05-16 22:00:54,292 [INFO] IPUIPlugin:80 - create IPUIPlugin
2026-05-16 22:00:54,292 [INFO] IPUIPlugin:80 - create IPUIPlugin
2026-05-16 22:00:54,292 [INFO] IPUIPlugin:80 - create IPUIPlugin
2026-05-16 22:00:54,292 [INFO] IPUIPlugin:80 - create IPUIPlugin
2026-05-16 22:00:54,293 [INFO] IPUIPlugin:80 - create IPUIPlugin
2026-05-16 22:00:54,293 [INFO] IPUIPlugin:80 - create IPUIPlugin
2026-05-16 22:00:54,293 [INFO] IPUIPlugin:80 - create IPUIPlugin
2026-05-16 22:00:54,293 [INFO] IPUIPlugin:80 - create IPUIPlugin
2026-05-16 22:00:54,293 [INFO] IPUIPlugin:80 - create IPUIPlugin
2026-05-16 22:00:54,294 [INFO] IPUIPlugin:80 - create IPUIPlugin
2026-05-16 22:00:54,294 [INFO] IPUIPlugin:80 - create IPUIPlugin
2026-05-16 22:00:54,294 [INFO] IPUIPlugin:80 - create IPUIPlugin
2026-05-16 22:00:54,294 [INFO] IPUIPlugin:80 - create IPUIPlugin
2026-05-16 22:00:54,294 [INFO] IPUIPlugin:80 - create IPUIPlugin
2026-05-16 22:00:54,294 [INFO] IPUIPlugin:80 - create IPUIPlugin
2026-05-16 22:00:54,295 [INFO] IPUIPlugin:80 - create IPUIPlugin
2026-05-16 22:00:54,295 [INFO] IPUIPlugin:80 - create IPUIPlugin
2026-05-16 22:00:54,295 [INFO] IPUIPlugin:80 - create IPUIPlugin
2026-05-16 22:00:54,295 [INFO] IPUIPlugin:80 - create IPUIPlugin
2026-05-16 22:00:54,296 [INFO] IPUIPlugin:80 - create IPUIPlugin
2026-05-16 22:00:54,301 [INFO] ApiDbMcu:508 - Load IP Config File for PDM2PCM
2026-05-16 22:00:54,335 [INFO] CADModel:165 - CPN selected for project levelSTM32F446RET6
2026-05-16 22:00:54,335 [INFO] CADModel:114 - Register for checkConnection events
2026-05-16 22:00:54,396 [INFO] OpenFileManager:385 - Restore cursor
2026-05-16 22:00:54,835 [INFO] UtilMem:75 - End SaveConfig() Used Memory: 834581920 Bytes (1073741824)
2026-05-16 22:00:54,901 [INFO] UtilMem:75 - End SaveConfig() Used Memory: 856601960 Bytes (1073741824)
2026-05-16 22:00:55,140 [INFO] BlockDiagram:2775 - set Specific Code input for plugin: SYS
2026-05-16 22:00:55,140 [INFO] BlockDiagram:2775 - set Specific Code input for plugin: RCC
2026-05-16 22:00:55,140 [INFO] BlockDiagram:2775 - set Specific Code input for plugin: NVIC
2026-05-16 22:00:55,140 [INFO] BlockDiagram:2775 - set Specific Code input for plugin: USART
2026-05-16 22:00:55,140 [INFO] BlockDiagram:2775 - set Specific Code input for plugin: GPIO
2026-05-16 22:00:55,141 [INFO] CodeGenerator:882 - code generatio: config db path: B:\ST\STM32CubeIDE_1.18.1\STM32CubeIDE\plugins\com.st.stm32cube.common.mx_6.14.1.202504091515\\db\
2026-05-16 22:00:55,218 [INFO] CodeEngine:263 - oldGeneratedFile, B:\stm32\EXIT\MXTmpFiles\license.tmp_save
2026-05-16 22:00:55,479 [INFO] CodeEngine:287 - Generated code: B:\stm32\EXIT\MXTmpFiles\license.tmp
2026-05-16 22:00:55,499 [INFO] CodeEngine:263 - oldGeneratedFile, B:\stm32\EXIT\MXTmpFiles\gpio.tmp_save
2026-05-16 22:00:55,628 [INFO] CodeEngine:287 - Generated code: B:\stm32\EXIT\MXTmpFiles\gpio.tmp
2026-05-16 22:00:55,669 [INFO] CodeEngine:263 - oldGeneratedFile, B:\stm32\EXIT\Core\Src\stm32f4xx_it.c_save
2026-05-16 22:00:55,870 [INFO] CodeEngine:287 - Generated code: B:\stm32\EXIT\Core\Src\stm32f4xx_it.c
2026-05-16 22:00:55,873 [INFO] CodeEngine:263 - oldGeneratedFile, B:\stm32\EXIT\Core\Inc\stm32f4xx_it.h_save
2026-05-16 22:00:55,925 [INFO] CodeEngine:287 - Generated code: B:\stm32\EXIT\Core\Inc\stm32f4xx_it.h
2026-05-16 22:00:55,934 [INFO] CodeEngine:263 - oldGeneratedFile, B:\stm32\EXIT\Core\Src\stm32f4xx_hal_msp.c_save
2026-05-16 22:00:56,015 [INFO] CodeEngine:287 - Generated code: B:\stm32\EXIT\Core\Src\stm32f4xx_hal_msp.c
2026-05-16 22:00:56,019 [INFO] CodeEngine:263 - oldGeneratedFile, B:\stm32\EXIT\MXTmpFiles\system.tmp_save
2026-05-16 22:00:56,062 [INFO] CodeEngine:287 - Generated code: B:\stm32\EXIT\MXTmpFiles\system.tmp
2026-05-16 22:00:56,070 [INFO] CodeEngine:319 - oldGeneratedFile, B:\stm32\EXIT\Core\Inc\stm32f4xx_hal_conf.h_save
2026-05-16 22:00:56,126 [INFO] CodeEngine:343 - Generated code: B:\stm32\EXIT\Core\Inc\stm32f4xx_hal_conf.h
2026-05-16 22:00:56,141 [WARN] IPConfigManager:3217 - Warning: the RefConfig PLL2P_FOR_MCO is not available in your config.xml file
2026-05-16 22:00:56,144 [INFO] ApiDbMcu:508 - Load IP Config File for USART2
2026-05-16 22:00:56,146 [INFO] ApiDbMcu:508 - Load IP Config File for RCC
2026-05-16 22:00:56,152 [INFO] CodeEngine:263 - oldGeneratedFile, B:\stm32\EXIT\Core\Inc\main.h_save
2026-05-16 22:00:56,215 [INFO] CodeEngine:287 - Generated code: B:\stm32\EXIT\Core\Inc\main.h
2026-05-16 22:00:56,219 [INFO] CodeEngine:263 - oldGeneratedFile, B:\stm32\EXIT\Core\Src\main.c_save
2026-05-16 22:00:56,285 [INFO] CodeEngine:287 - Generated code: B:\stm32\EXIT\Core\Src\main.c
2026-05-16 22:00:56,605 [INFO] ProjectBuilder:3324 - Time for Copy HAL[1] : 180mS.
2026-05-16 22:00:56,608 [INFO] ProjectBuilder:4912 - Project Generator version: 4.6.0.1-B1
2026-05-16 22:00:56,664 [INFO] ConfigFileManager:1590 - The Die is : DIE421
2026-05-16 22:00:56,666 [INFO] ApiDbMcu:508 - Load IP Config File for FATFS
2026-05-16 22:00:56,668 [INFO] ApiDbMcu:508 - Load IP Config File for FREERTOS
2026-05-16 22:00:56,669 [INFO] ApiDbMcu:508 - Load IP Config File for LIBJPEG
2026-05-16 22:00:56,672 [INFO] ApiDbMcu:508 - Load IP Config File for MBEDTLS
2026-05-16 22:00:56,675 [INFO] ApiDbMcu:508 - Load IP Config File for USB_DEVICE
2026-05-16 22:00:56,677 [INFO] ApiDbMcu:508 - Load IP Config File for USB_HOST
2026-05-16 22:00:58,130 [INFO] ProjectBuilder:5191 - Time for Generating toolchain IDE Files: 1522mS.
2026-05-16 22:00:58,131 [INFO] ProjectBuilder:3181 - Time for Copy CMSIS : 0mS.
2026-05-16 22:00:58,133 [INFO] ProjectBuilder:3181 - Time for Copy CMSIS : 0mS.
2026-05-16 22:00:59,515 [INFO] McuFinderGlobals:76 - Set McuFinderConnectedMode to true
2026-05-16 22:00:59,518 [INFO] ApiDb:448 - Save user favorites file C:\Users\moonc/.stm32cubeide/favorites.mcus.txt: 0 item(s)
2026-05-16 22:00:59,518 [INFO] ApiDb:452 - User favorites MCUs=[]
2026-05-16 22:00:59,519 [INFO] ApiDb:448 - Save user favorites file C:\Users\moonc/.stm32cubeide/favorites.boards.txt: 1 item(s)
2026-05-16 22:00:59,519 [INFO] ApiDb:452 - User favorites Boards=[NUCLEO-F446RE]
2026-05-16 22:01:09,819 [INFO] Gpio:277 - dependency for GPIO [SYS, USART2]
2026-05-16 22:02:45,808 [INFO] Gpio:277 - dependency for GPIO [SYS, USART2]
2026-05-16 22:02:51,606 [INFO] Gpio:277 - dependency for GPIO [SYS, USART2]
2026-05-16 22:02:55,841 [INFO] NvicIntPanel:101 - NVIC parent = com.st.microxplorer.plugins.ip.nvic.MultiNvicIntPanel[,2,28,703x629,layout=javax.swing.BoxLayout,alignmentX=0.0,alignmentY=0.0,border=,flags=9,maximumSize=,minimumSize=,preferredSize=]
2026-05-16 22:03:01,376 [INFO] Gpio:277 - dependency for GPIO [SYS, USART2]
2026-05-16 22:03:01,780 [INFO] Gpio:277 - dependency for GPIO [SYS, USART2]
2026-05-16 22:03:02,580 [INFO] Gpio:277 - dependency for GPIO [SYS, USART2]
2026-05-16 22:03:50,569 [INFO] UtilMem:75 - End SaveConfig() Used Memory: 824308280 Bytes (1073741824)
2026-05-16 22:03:54,549 [INFO] UtilMem:75 - End SaveConfig() Used Memory: 955906616 Bytes (1073741824)
2026-05-16 22:03:54,906 [INFO] BlockDiagram:2775 - set Specific Code input for plugin: SYS
2026-05-16 22:03:54,906 [INFO] BlockDiagram:2775 - set Specific Code input for plugin: RCC
2026-05-16 22:03:54,906 [INFO] BlockDiagram:2775 - set Specific Code input for plugin: NVIC
2026-05-16 22:03:54,906 [INFO] BlockDiagram:2775 - set Specific Code input for plugin: USART
2026-05-16 22:03:54,907 [INFO] BlockDiagram:2775 - set Specific Code input for plugin: GPIO
2026-05-16 22:03:54,908 [INFO] CodeGenerator:882 - code generatio: config db path: B:\ST\STM32CubeIDE_1.18.1\STM32CubeIDE\plugins\com.st.stm32cube.common.mx_6.14.1.202504091515\\db\
2026-05-16 22:03:54,970 [INFO] CodeEngine:263 - oldGeneratedFile, B:\stm32\EXIT\MXTmpFiles\license.tmp_save
2026-05-16 22:03:55,150 [INFO] CodeEngine:287 - Generated code: B:\stm32\EXIT\MXTmpFiles\license.tmp
2026-05-16 22:03:55,174 [INFO] CodeEngine:263 - oldGeneratedFile, B:\stm32\EXIT\MXTmpFiles\gpio.tmp_save
2026-05-16 22:03:55,281 [INFO] CodeEngine:287 - Generated code: B:\stm32\EXIT\MXTmpFiles\gpio.tmp
2026-05-16 22:03:55,328 [INFO] CodeEngine:263 - oldGeneratedFile, B:\stm32\EXIT\Core\Src\stm32f4xx_it.c_save
2026-05-16 22:03:55,427 [INFO] CodeEngine:287 - Generated code: B:\stm32\EXIT\Core\Src\stm32f4xx_it.c
2026-05-16 22:03:55,432 [INFO] CodeEngine:263 - oldGeneratedFile, B:\stm32\EXIT\Core\Inc\stm32f4xx_it.h_save
2026-05-16 22:03:55,495 [INFO] CodeEngine:287 - Generated code: B:\stm32\EXIT\Core\Inc\stm32f4xx_it.h
2026-05-16 22:03:55,506 [INFO] CodeEngine:263 - oldGeneratedFile, B:\stm32\EXIT\Core\Src\stm32f4xx_hal_msp.c_save
2026-05-16 22:03:55,585 [INFO] CodeEngine:287 - Generated code: B:\stm32\EXIT\Core\Src\stm32f4xx_hal_msp.c
2026-05-16 22:03:55,589 [INFO] CodeEngine:263 - oldGeneratedFile, B:\stm32\EXIT\MXTmpFiles\system.tmp_save
2026-05-16 22:03:55,636 [INFO] CodeEngine:287 - Generated code: B:\stm32\EXIT\MXTmpFiles\system.tmp
2026-05-16 22:03:55,646 [INFO] CodeEngine:319 - oldGeneratedFile, B:\stm32\EXIT\Core\Inc\stm32f4xx_hal_conf.h_save
2026-05-16 22:03:55,699 [INFO] CodeEngine:343 - Generated code: B:\stm32\EXIT\Core\Inc\stm32f4xx_hal_conf.h
2026-05-16 22:03:55,715 [WARN] IPConfigManager:3217 - Warning: the RefConfig PLL2P_FOR_MCO is not available in your config.xml file
2026-05-16 22:03:55,725 [INFO] CodeEngine:263 - oldGeneratedFile, B:\stm32\EXIT\Core\Inc\main.h_save
2026-05-16 22:03:55,782 [INFO] CodeEngine:287 - Generated code: B:\stm32\EXIT\Core\Inc\main.h
2026-05-16 22:03:55,787 [INFO] CodeEngine:263 - oldGeneratedFile, B:\stm32\EXIT\Core\Src\main.c_save
2026-05-16 22:03:55,863 [INFO] CodeEngine:287 - Generated code: B:\stm32\EXIT\Core\Src\main.c
2026-05-16 22:03:56,167 [INFO] ProjectBuilder:3324 - Time for Copy HAL[1] : 182mS.
2026-05-16 22:03:56,170 [INFO] ProjectBuilder:4912 - Project Generator version: 4.6.0.1-B1
2026-05-16 22:03:56,238 [INFO] ConfigFileManager:1590 - The Die is : DIE421
2026-05-16 22:03:56,896 [INFO] ProjectBuilder:5191 - Time for Generating toolchain IDE Files: 726mS.
2026-05-16 22:03:56,897 [INFO] ProjectBuilder:3181 - Time for Copy CMSIS : 1mS.
2026-05-16 22:03:56,898 [INFO] ProjectBuilder:3181 - Time for Copy CMSIS : 0mS.
2026-05-16 22:08:09,974 [INFO] UtilMem:75 - End SaveConfig() Used Memory: 864362048 Bytes (1073741824)
2026-05-16 22:08:10,075 [INFO] BlockDiagram:2775 - set Specific Code input for plugin: SYS
2026-05-16 22:08:10,075 [INFO] BlockDiagram:2775 - set Specific Code input for plugin: RCC
2026-05-16 22:08:10,075 [INFO] BlockDiagram:2775 - set Specific Code input for plugin: NVIC
2026-05-16 22:08:10,075 [INFO] BlockDiagram:2775 - set Specific Code input for plugin: USART
2026-05-16 22:08:10,075 [INFO] BlockDiagram:2775 - set Specific Code input for plugin: GPIO
2026-05-16 22:08:10,076 [INFO] CodeGenerator:882 - code generatio: config db path: B:\ST\STM32CubeIDE_1.18.1\STM32CubeIDE\plugins\com.st.stm32cube.common.mx_6.14.1.202504091515\\db\
2026-05-16 22:08:10,133 [INFO] CodeEngine:263 - oldGeneratedFile, B:\stm32\EXIT\MXTmpFiles\license.tmp_save
2026-05-16 22:08:10,176 [INFO] CodeEngine:287 - Generated code: B:\stm32\EXIT\MXTmpFiles\license.tmp
2026-05-16 22:08:10,188 [INFO] CodeEngine:263 - oldGeneratedFile, B:\stm32\EXIT\MXTmpFiles\gpio.tmp_save
2026-05-16 22:08:10,230 [INFO] CodeEngine:287 - Generated code: B:\stm32\EXIT\MXTmpFiles\gpio.tmp
2026-05-16 22:08:10,254 [INFO] CodeEngine:263 - oldGeneratedFile, B:\stm32\EXIT\Core\Src\stm32f4xx_it.c_save
2026-05-16 22:08:10,303 [INFO] CodeEngine:287 - Generated code: B:\stm32\EXIT\Core\Src\stm32f4xx_it.c
2026-05-16 22:08:10,307 [INFO] CodeEngine:263 - oldGeneratedFile, B:\stm32\EXIT\Core\Inc\stm32f4xx_it.h_save
2026-05-16 22:08:10,350 [INFO] CodeEngine:287 - Generated code: B:\stm32\EXIT\Core\Inc\stm32f4xx_it.h
2026-05-16 22:08:10,359 [INFO] CodeEngine:263 - oldGeneratedFile, B:\stm32\EXIT\Core\Src\stm32f4xx_hal_msp.c_save
2026-05-16 22:08:10,426 [INFO] CodeEngine:287 - Generated code: B:\stm32\EXIT\Core\Src\stm32f4xx_hal_msp.c
2026-05-16 22:08:10,429 [INFO] CodeEngine:263 - oldGeneratedFile, B:\stm32\EXIT\MXTmpFiles\system.tmp_save
2026-05-16 22:08:10,469 [INFO] CodeEngine:287 - Generated code: B:\stm32\EXIT\MXTmpFiles\system.tmp
2026-05-16 22:08:10,477 [INFO] CodeEngine:319 - oldGeneratedFile, B:\stm32\EXIT\Core\Inc\stm32f4xx_hal_conf.h_save
2026-05-16 22:08:10,524 [INFO] CodeEngine:343 - Generated code: B:\stm32\EXIT\Core\Inc\stm32f4xx_hal_conf.h
2026-05-16 22:08:10,535 [WARN] IPConfigManager:3217 - Warning: the RefConfig PLL2P_FOR_MCO is not available in your config.xml file
2026-05-16 22:08:10,542 [INFO] CodeEngine:263 - oldGeneratedFile, B:\stm32\EXIT\Core\Inc\main.h_save
2026-05-16 22:08:10,587 [INFO] CodeEngine:287 - Generated code: B:\stm32\EXIT\Core\Inc\main.h
2026-05-16 22:08:10,592 [INFO] CodeEngine:263 - oldGeneratedFile, B:\stm32\EXIT\Core\Src\main.c_save
2026-05-16 22:08:10,661 [INFO] CodeEngine:287 - Generated code: B:\stm32\EXIT\Core\Src\main.c
2026-05-16 22:08:10,994 [INFO] ProjectBuilder:3324 - Time for Copy HAL[1] : 201mS.
2026-05-16 22:08:10,996 [INFO] ProjectBuilder:4912 - Project Generator version: 4.6.0.1-B1
2026-05-16 22:08:11,052 [INFO] ConfigFileManager:1590 - The Die is : DIE421
2026-05-16 22:08:11,522 [INFO] ProjectBuilder:5191 - Time for Generating toolchain IDE Files: 526mS.
2026-05-16 22:08:11,523 [INFO] ProjectBuilder:3181 - Time for Copy CMSIS : 1mS.
2026-05-16 22:08:11,524 [INFO] ProjectBuilder:3181 - Time for Copy CMSIS : 0mS.
2026-05-16 22:15:25,540 [INFO] UtilMem:75 - End SaveConfig() Used Memory: 1004167840 Bytes (1073741824)
2026-05-16 22:15:26,036 [INFO] UtilMem:75 - End SaveConfig() Used Memory: 813687400 Bytes (1073741824)
2026-05-16 22:15:26,338 [INFO] BlockDiagram:2775 - set Specific Code input for plugin: SYS
2026-05-16 22:15:26,338 [INFO] BlockDiagram:2775 - set Specific Code input for plugin: RCC
2026-05-16 22:15:26,338 [INFO] BlockDiagram:2775 - set Specific Code input for plugin: NVIC
2026-05-16 22:15:26,338 [INFO] BlockDiagram:2775 - set Specific Code input for plugin: USART
2026-05-16 22:15:26,338 [INFO] BlockDiagram:2775 - set Specific Code input for plugin: GPIO
2026-05-16 22:15:26,339 [INFO] CodeGenerator:882 - code generatio: config db path: B:\ST\STM32CubeIDE_1.18.1\STM32CubeIDE\plugins\com.st.stm32cube.common.mx_6.14.1.202504091515\\db\
2026-05-16 22:15:26,401 [INFO] CodeEngine:263 - oldGeneratedFile, B:\stm32\EXIT\MXTmpFiles\license.tmp_save
2026-05-16 22:15:26,638 [INFO] CodeEngine:287 - Generated code: B:\stm32\EXIT\MXTmpFiles\license.tmp
2026-05-16 22:15:26,660 [INFO] CodeEngine:263 - oldGeneratedFile, B:\stm32\EXIT\MXTmpFiles\gpio.tmp_save
2026-05-16 22:15:26,773 [INFO] CodeEngine:287 - Generated code: B:\stm32\EXIT\MXTmpFiles\gpio.tmp
2026-05-16 22:15:26,834 [INFO] CodeEngine:263 - oldGeneratedFile, B:\stm32\EXIT\Core\Src\stm32f4xx_it.c_save
2026-05-16 22:15:27,068 [INFO] CodeEngine:287 - Generated code: B:\stm32\EXIT\Core\Src\stm32f4xx_it.c
2026-05-16 22:15:27,072 [INFO] CodeEngine:263 - oldGeneratedFile, B:\stm32\EXIT\Core\Inc\stm32f4xx_it.h_save
2026-05-16 22:15:27,127 [INFO] CodeEngine:287 - Generated code: B:\stm32\EXIT\Core\Inc\stm32f4xx_it.h
2026-05-16 22:15:27,137 [INFO] CodeEngine:263 - oldGeneratedFile, B:\stm32\EXIT\Core\Src\stm32f4xx_hal_msp.c_save
2026-05-16 22:15:27,223 [INFO] CodeEngine:287 - Generated code: B:\stm32\EXIT\Core\Src\stm32f4xx_hal_msp.c
2026-05-16 22:15:27,227 [INFO] CodeEngine:263 - oldGeneratedFile, B:\stm32\EXIT\MXTmpFiles\system.tmp_save
2026-05-16 22:15:27,277 [INFO] CodeEngine:287 - Generated code: B:\stm32\EXIT\MXTmpFiles\system.tmp
2026-05-16 22:15:27,287 [INFO] CodeEngine:319 - oldGeneratedFile, B:\stm32\EXIT\Core\Inc\stm32f4xx_hal_conf.h_save
2026-05-16 22:15:27,340 [INFO] CodeEngine:343 - Generated code: B:\stm32\EXIT\Core\Inc\stm32f4xx_hal_conf.h
2026-05-16 22:15:27,357 [WARN] IPConfigManager:3217 - Warning: the RefConfig PLL2P_FOR_MCO is not available in your config.xml file
2026-05-16 22:15:27,366 [INFO] CodeEngine:263 - oldGeneratedFile, B:\stm32\EXIT\Core\Inc\main.h_save
2026-05-16 22:15:27,430 [INFO] CodeEngine:287 - Generated code: B:\stm32\EXIT\Core\Inc\main.h
2026-05-16 22:15:27,435 [INFO] CodeEngine:263 - oldGeneratedFile, B:\stm32\EXIT\Core\Src\main.c_save
2026-05-16 22:15:27,528 [INFO] CodeEngine:287 - Generated code: B:\stm32\EXIT\Core\Src\main.c
2026-05-16 22:15:27,863 [INFO] ProjectBuilder:3324 - Time for Copy HAL[1] : 169mS.
2026-05-16 22:15:27,866 [INFO] ProjectBuilder:4912 - Project Generator version: 4.6.0.1-B1
2026-05-16 22:15:27,922 [INFO] ConfigFileManager:1590 - The Die is : DIE421
2026-05-16 22:15:28,603 [INFO] ProjectBuilder:5191 - Time for Generating toolchain IDE Files: 737mS.
2026-05-16 22:15:28,605 [INFO] ProjectBuilder:3181 - Time for Copy CMSIS : 0mS.
2026-05-16 22:15:28,607 [INFO] ProjectBuilder:3181 - Time for Copy CMSIS : 0mS.
