2026-05-17 07:40:25,735 [INFO] Activator:176 - 


2026-05-17 07:40:25,739 [INFO] Activator:177 - !SESSION log4j initialized
2026-05-17 07:40:30,318 [INFO] LogOutputStream:77 - [STDOUT_REDIRECT] 
2026-05-17 07:40:31,566 [INFO] ApplicationProperties:184 - Using Application install path: B:\ST\STM32CubeIDE_1.18.1\STM32CubeIDE\plugins\com.st.stm32cube.common.mx_6.14.1.202504091515
2026-05-17 07:40:31,581 [INFO] DbMcusXml:78 - Set database path to: B:\ST\STM32CubeIDE_1.18.1\STM32CubeIDE\plugins\com.st.stm32cube.common.mx_6.14.1.202504091515\\db\/mcu/
2026-05-17 07:40:31,582 [INFO] ApiDb:274 - Set plugin database path to: B:\ST\STM32CubeIDE_1.18.1\STM32CubeIDE\plugins\com.st.stm32cube.common.mx_6.14.1.202504091515\\db\/plugins/boardmanager/
2026-05-17 07:40:31,582 [WARN] ApiDb:259 - Overriding images path with different value:  => B:\ST\STM32CubeIDE_1.18.1\STM32CubeIDE\plugins\com.st.stm32cube.common.mx_6.14.1.202504091515\\db\/plugins/mcufinder/images/
2026-05-17 07:40:31,588 [INFO] ApiDb:250 - Set database path to: C:\Users\moonc\.stmcufinder\plugins\mcufinder//mcu/
2026-05-17 07:40:31,590 [INFO] DbMcusAds:125 - Set database path to: C:\Users\moonc\.stmcufinder\plugins\mcufinder//mcu/
2026-05-17 07:40:31,592 [INFO] CrossReferenceDbSqlite:203 - Set database path to: C:\Users\moonc\.stmcufinder\plugins\mcufinder//mcu/cs/
2026-05-17 07:40:31,684 [INFO] RulesReader:64 - Compatibility file has been processed (302 Rules)
2026-05-17 07:40:31,772 [INFO] DbMcusXml:78 - Set database path to: B:\ST\STM32CubeIDE_1.18.1\STM32CubeIDE\plugins\com.st.stm32cube.common.mx_6.14.1.202504091515\\db\/mcu/
2026-05-17 07:40:31,772 [INFO] ApiDb:274 - Set plugin database path to: B:\ST\STM32CubeIDE_1.18.1\STM32CubeIDE\plugins\com.st.stm32cube.common.mx_6.14.1.202504091515\\db\/plugins/boardmanager/
2026-05-17 07:40:31,772 [INFO] ApiDb:261 - Set plugin images path to: B:\ST\STM32CubeIDE_1.18.1\STM32CubeIDE\plugins\com.st.stm32cube.common.mx_6.14.1.202504091515\\db\/plugins/mcufinder/images/
2026-05-17 07:40:31,772 [WARN] DbFile:41 - Overriding database path with different value: C:\Users\moonc\.stmcufinder\plugins\mcufinder/ => C:\Users\moonc\.stmcufinder\plugins\mcufinder
2026-05-17 07:40:31,772 [INFO] ApiDb:250 - Set database path to: C:\Users\moonc\.stmcufinder\plugins\mcufinder//mcu/
2026-05-17 07:40:31,772 [WARN] DbFile:41 - Overriding database path with different value: C:\Users\moonc\.stmcufinder\plugins\mcufinder/ => C:\Users\moonc\.stmcufinder\plugins\mcufinder
2026-05-17 07:40:31,772 [INFO] DbMcusAds:125 - Set database path to: C:\Users\moonc\.stmcufinder\plugins\mcufinder//mcu/
2026-05-17 07:40:31,772 [WARN] DbFile:41 - Overriding database path with different value: C:\Users\moonc\.stmcufinder\plugins\mcufinder/ => C:\Users\moonc\.stmcufinder\plugins\mcufinder
2026-05-17 07:40:31,773 [WARN] DbFile:41 - Overriding database path with different value: C:\Users\moonc\.stmcufinder\plugins\mcufinder/ => C:\Users\moonc\.stmcufinder\plugins\mcufinder
2026-05-17 07:40:31,773 [INFO] CrossReferenceDbSqlite:203 - Set database path to: C:\Users\moonc\.stmcufinder\plugins\mcufinder//mcu/cs/
2026-05-17 07:40:31,839 [INFO] MainPanel:272 - HeapMemory: 268435456
2026-05-17 07:40:31,922 [INFO] DbMcusXml:78 - Set database path to: B:\ST\STM32CubeIDE_1.18.1\STM32CubeIDE\plugins\com.st.stm32cube.common.mx_6.14.1.202504091515\\db\/mcu/
2026-05-17 07:40:31,922 [INFO] ApiDb:274 - Set plugin database path to: B:\ST\STM32CubeIDE_1.18.1\STM32CubeIDE\plugins\com.st.stm32cube.common.mx_6.14.1.202504091515\\db\/plugins/boardmanager/
2026-05-17 07:40:31,922 [INFO] ApiDb:261 - Set plugin images path to: B:\ST\STM32CubeIDE_1.18.1\STM32CubeIDE\plugins\com.st.stm32cube.common.mx_6.14.1.202504091515\\db\/plugins/mcufinder/images/
2026-05-17 07:40:31,923 [WARN] DbFile:41 - Overriding database path with different value: C:\Users\moonc\.stmcufinder\plugins\mcufinder/ => C:\Users\moonc\.stmcufinder\plugins\mcufinder
2026-05-17 07:40:31,923 [INFO] ApiDb:250 - Set database path to: C:\Users\moonc\.stmcufinder\plugins\mcufinder//mcu/
2026-05-17 07:40:31,923 [WARN] DbFile:41 - Overriding database path with different value: C:\Users\moonc\.stmcufinder\plugins\mcufinder/ => C:\Users\moonc\.stmcufinder\plugins\mcufinder
2026-05-17 07:40:31,923 [INFO] DbMcusAds:125 - Set database path to: C:\Users\moonc\.stmcufinder\plugins\mcufinder//mcu/
2026-05-17 07:40:31,923 [WARN] DbFile:41 - Overriding database path with different value: C:\Users\moonc\.stmcufinder\plugins\mcufinder/ => C:\Users\moonc\.stmcufinder\plugins\mcufinder
2026-05-17 07:40:31,923 [WARN] DbFile:41 - Overriding database path with different value: C:\Users\moonc\.stmcufinder\plugins\mcufinder/ => C:\Users\moonc\.stmcufinder\plugins\mcufinder
2026-05-17 07:40:31,923 [INFO] CrossReferenceDbSqlite:203 - Set database path to: C:\Users\moonc\.stmcufinder\plugins\mcufinder//mcu/cs/
2026-05-17 07:40:31,940 [INFO] ApplicationProperties:184 - Using Application install path: B:\ST\STM32CubeIDE_1.18.1\STM32CubeIDE\plugins\com.st.stm32cube.common.mx_6.14.1.202504091515
2026-05-17 07:40:31,941 [INFO] PluginManage:196 - Search for loadable plugins [exclusion list=, ]
2026-05-17 07:40:31,942 [INFO] PluginManage:310 - Check plugin analytics
2026-05-17 07:40:32,088 [INFO] AnalyticsPlugin:253 - Accepted Software Licenses: 
2026-05-17 07:40:32,088 [INFO] AnalyticsPlugin:255 - Accepted CMSIS Pack Licenses: 
2026-05-17 07:40:32,088 [INFO] AnalyticsPlugin:257 - Accepted Firmware Licenses: FW.F7.1.17.0,FW.F4.1.28.0
2026-05-17 07:40:32,090 [INFO] PluginManage:359 - Loaded plugin analytics (category:tool,tabindex:-1)
2026-05-17 07:40:32,091 [INFO] PluginManage:310 - Check plugin cadmodel
2026-05-17 07:40:32,095 [INFO] CADModel:105 - Init CAD model plugin
2026-05-17 07:40:32,095 [INFO] PluginManage:359 - Loaded plugin cadmodel (category:power,tabindex:5)
2026-05-17 07:40:32,095 [INFO] PluginManage:310 - Check plugin clock
2026-05-17 07:40:32,104 [INFO] PluginManage:359 - Loaded plugin clock (category:base,tabindex:2)
2026-05-17 07:40:32,104 [INFO] PluginManage:310 - Check plugin ddr
2026-05-17 07:40:32,106 [INFO] PluginManage:359 - Loaded plugin ddr (category:tool,tabindex:6)
2026-05-17 07:40:32,106 [INFO] PluginManage:310 - Check plugin filemanager
2026-05-17 07:40:32,231 [INFO] PluginManage:359 - Loaded plugin filemanager (category:base,tabindex:10)
2026-05-17 07:40:32,231 [INFO] PluginManage:310 - Check plugin ipmanager
2026-05-17 07:40:32,240 [INFO] PluginManage:359 - Loaded plugin ipmanager (category:base,tabindex:5)
2026-05-17 07:40:32,240 [INFO] PluginManage:310 - Check plugin lpbam
2026-05-17 07:40:32,247 [INFO] PluginManage:359 - Loaded plugin lpbam (category:base,tabindex:0)
2026-05-17 07:40:32,247 [INFO] PluginManage:310 - Check plugin memorymap
2026-05-17 07:40:32,259 [INFO] PluginManage:359 - Loaded plugin memorymap (category:base,tabindex:4)
2026-05-17 07:40:32,259 [INFO] PluginManage:310 - Check plugin pinoutandconfiguration
2026-05-17 07:40:32,266 [INFO] PluginManage:359 - Loaded plugin pinoutandconfiguration (category:base,tabindex:1)
2026-05-17 07:40:32,266 [INFO] PluginManage:310 - Check plugin pinoutconfig
2026-05-17 07:40:32,336 [WARN] SupportedApi:132 - Cannot load RTOS API schema: s4s-elt-must-match.1: The content of 'definitions' must match (annotation?, (simpleType | complexType)?, (unique | key | keyref)*)). A problem was found starting at: attribute.
2026-05-17 07:40:32,436 [INFO] PluginManage:359 - Loaded plugin pinoutconfig (category:base,tabindex:0)
2026-05-17 07:40:32,436 [INFO] PluginManage:310 - Check plugin power
2026-05-17 07:40:32,443 [INFO] PluginManage:359 - Loaded plugin power (category:power,tabindex:4)
2026-05-17 07:40:32,443 [INFO] PluginManage:310 - Check plugin projectmanager
2026-05-17 07:40:32,454 [INFO] PluginManage:359 - Loaded plugin projectmanager (category:projectmanager,tabindex:4)
2026-05-17 07:40:32,454 [INFO] PluginManage:310 - Check plugin rif
2026-05-17 07:40:32,460 [INFO] PluginManage:359 - Loaded plugin rif (category:base,tabindex:3)
2026-05-17 07:40:32,460 [INFO] PluginManage:310 - Check plugin thirdparty
2026-05-17 07:40:32,556 [INFO] PluginManage:359 - Loaded plugin thirdparty (category:base,tabindex:-1)
2026-05-17 07:40:32,556 [WARN] IntegrityCheckThread:84 - waiting for thirdparty lock release [integrity check]
2026-05-17 07:40:32,556 [INFO] PluginManage:310 - Check plugin tools
2026-05-17 07:40:32,556 [INFO] IntegrityCheckThread:86 - entering critical section [integrity check]
2026-05-17 07:40:32,556 [INFO] ThirdPartyUpdaterWithRetryManager:70 - Updater plugin not ready yet. [1/15]
2026-05-17 07:40:32,558 [INFO] PluginManage:359 - Loaded plugin tools (category:base,tabindex:7)
2026-05-17 07:40:32,558 [INFO] PluginManage:310 - Check plugin tutovideos
2026-05-17 07:40:32,683 [INFO] PluginManage:359 - Loaded plugin tutovideos (category:base,tabindex:-1)
2026-05-17 07:40:32,684 [INFO] PluginManage:310 - Check plugin updater
2026-05-17 07:40:32,701 [INFO] PluginManage:359 - Loaded plugin updater (category:base,tabindex:12)
2026-05-17 07:40:32,701 [INFO] PluginManage:310 - Check plugin userauth
2026-05-17 07:40:32,704 [INFO] UserAuth:118 - Init User Auth plugin
2026-05-17 07:40:32,705 [INFO] PluginManage:359 - Loaded plugin userauth (category:base,tabindex:14)
2026-05-17 07:40:32,705 [INFO] PluginManage:283 - PluginManage : Loaded plugins [18]
2026-05-17 07:40:32,898 [INFO] PinOutPanel:1589 - setPackage(No Configuration,No Configuration)
2026-05-17 07:40:32,985 [INFO] CADModel:165 - CPN selected for project level
2026-05-17 07:40:32,985 [INFO] CADModel:114 - Register for checkConnection events
2026-05-17 07:40:32,998 [INFO] IPUIPlugin:80 - create IPUIPlugin
2026-05-17 07:40:32,998 [INFO] PluginManager:220 - loadIPPluginJar : add adc
2026-05-17 07:40:33,000 [INFO] IPUIPlugin:80 - create IPUIPlugin
2026-05-17 07:40:33,000 [INFO] PluginManager:220 - loadIPPluginJar : add aes
2026-05-17 07:40:33,002 [INFO] IPUIPlugin:80 - create IPUIPlugin
2026-05-17 07:40:33,002 [INFO] PluginManager:220 - loadIPPluginJar : add can
2026-05-17 07:40:33,003 [INFO] IPUIPlugin:80 - create IPUIPlugin
2026-05-17 07:40:33,003 [INFO] PluginManager:220 - loadIPPluginJar : add comp
2026-05-17 07:40:33,005 [INFO] IPUIPlugin:80 - create IPUIPlugin
2026-05-17 07:40:33,005 [INFO] PluginManager:220 - loadIPPluginJar : add cryp
2026-05-17 07:40:33,007 [INFO] IPUIPlugin:80 - create IPUIPlugin
2026-05-17 07:40:33,008 [INFO] PluginManager:220 - loadIPPluginJar : add ddr_ctrl_phy
2026-05-17 07:40:33,009 [INFO] IPUIPlugin:80 - create IPUIPlugin
2026-05-17 07:40:33,009 [INFO] PluginManager:220 - loadIPPluginJar : add dfsdm
2026-05-17 07:40:33,013 [INFO] IPUIPlugin:80 - create IPUIPlugin
2026-05-17 07:40:33,013 [INFO] PluginManager:220 - loadIPPluginJar : add dma
2026-05-17 07:40:33,015 [INFO] IPUIPlugin:80 - create IPUIPlugin
2026-05-17 07:40:33,015 [INFO] PluginManager:220 - loadIPPluginJar : add dma3
2026-05-17 07:40:33,017 [INFO] IPUIPlugin:80 - create IPUIPlugin
2026-05-17 07:40:33,017 [INFO] PluginManager:220 - loadIPPluginJar : add extmemmanager
2026-05-17 07:40:33,018 [INFO] IPUIPlugin:80 - create IPUIPlugin
2026-05-17 07:40:33,018 [INFO] PluginManager:220 - loadIPPluginJar : add fatfs
2026-05-17 07:40:33,021 [INFO] IPUIPlugin:80 - create IPUIPlugin
2026-05-17 07:40:33,021 [INFO] PluginManager:220 - loadIPPluginJar : add fmc
2026-05-17 07:40:33,026 [INFO] IPUIPlugin:80 - create IPUIPlugin
2026-05-17 07:40:33,026 [INFO] PluginManager:220 - loadIPPluginJar : add freertos
2026-05-17 07:40:33,027 [INFO] IPUIPlugin:80 - create IPUIPlugin
2026-05-17 07:40:33,027 [INFO] PluginManager:220 - loadIPPluginJar : add genericplugin
2026-05-17 07:40:33,028 [INFO] IPUIPlugin:80 - create IPUIPlugin
2026-05-17 07:40:33,028 [INFO] PluginManager:220 - loadIPPluginJar : add gfxmmu
2026-05-17 07:40:33,032 [INFO] IPUIPlugin:80 - create IPUIPlugin
2026-05-17 07:40:33,032 [INFO] PluginManager:220 - loadIPPluginJar : add gic
2026-05-17 07:40:33,034 [INFO] IPUIPlugin:80 - create IPUIPlugin
2026-05-17 07:40:33,034 [INFO] PluginManager:220 - loadIPPluginJar : add gpio
2026-05-17 07:40:33,036 [INFO] IPUIPlugin:80 - create IPUIPlugin
2026-05-17 07:40:33,036 [INFO] PluginManager:220 - loadIPPluginJar : add gtzc
2026-05-17 07:40:33,038 [INFO] IPUIPlugin:80 - create IPUIPlugin
2026-05-17 07:40:33,038 [INFO] PluginManager:220 - loadIPPluginJar : add hash
2026-05-17 07:40:33,040 [INFO] IPUIPlugin:80 - create IPUIPlugin
2026-05-17 07:40:33,040 [INFO] PluginManager:220 - loadIPPluginJar : add i2c
2026-05-17 07:40:33,041 [INFO] IPUIPlugin:80 - create IPUIPlugin
2026-05-17 07:40:33,041 [INFO] PluginManager:220 - loadIPPluginJar : add i2s
2026-05-17 07:40:33,043 [INFO] IPUIPlugin:80 - create IPUIPlugin
2026-05-17 07:40:33,043 [INFO] PluginManager:220 - loadIPPluginJar : add i3c
2026-05-17 07:40:33,045 [INFO] IPUIPlugin:80 - create IPUIPlugin
2026-05-17 07:40:33,046 [INFO] PluginManager:220 - loadIPPluginJar : add ipddr
2026-05-17 07:40:33,050 [INFO] IPUIPlugin:80 - create IPUIPlugin
2026-05-17 07:40:33,050 [INFO] PluginManager:220 - loadIPPluginJar : add linkedlist
2026-05-17 07:40:33,052 [INFO] IPUIPlugin:80 - create IPUIPlugin
2026-05-17 07:40:33,052 [INFO] PluginManager:220 - loadIPPluginJar : add lorawan
2026-05-17 07:40:33,054 [INFO] IPUIPlugin:80 - create IPUIPlugin
2026-05-17 07:40:33,054 [INFO] PluginManager:220 - loadIPPluginJar : add ltdc
2026-05-17 07:40:33,057 [INFO] IPUIPlugin:80 - create IPUIPlugin
2026-05-17 07:40:33,057 [INFO] PluginManager:220 - loadIPPluginJar : add mdma
2026-05-17 07:40:33,059 [INFO] IPUIPlugin:80 - create IPUIPlugin
2026-05-17 07:40:33,059 [INFO] PluginManager:220 - loadIPPluginJar : add nvic
2026-05-17 07:40:33,061 [INFO] IPUIPlugin:80 - create IPUIPlugin
2026-05-17 07:40:33,061 [INFO] PluginManager:220 - loadIPPluginJar : add opamp
2026-05-17 07:40:33,064 [INFO] IPUIPlugin:80 - create IPUIPlugin
2026-05-17 07:40:33,064 [INFO] PluginManager:220 - loadIPPluginJar : add openamp
2026-05-17 07:40:33,066 [INFO] IPUIPlugin:80 - create IPUIPlugin
2026-05-17 07:40:33,066 [INFO] PluginManager:220 - loadIPPluginJar : add pdm2pcm
2026-05-17 07:40:33,069 [INFO] IPUIPlugin:80 - create IPUIPlugin
2026-05-17 07:40:33,071 [INFO] PluginManager:220 - loadIPPluginJar : add plateformsettings
2026-05-17 07:40:33,072 [INFO] IPUIPlugin:80 - create IPUIPlugin
2026-05-17 07:40:33,072 [INFO] PluginManager:220 - loadIPPluginJar : add quadspi
2026-05-17 07:40:33,073 [INFO] IPUIPlugin:80 - create IPUIPlugin
2026-05-17 07:40:33,073 [INFO] PluginManager:220 - loadIPPluginJar : add radio
2026-05-17 07:40:33,076 [INFO] IPUIPlugin:80 - create IPUIPlugin
2026-05-17 07:40:33,076 [INFO] PluginManager:220 - loadIPPluginJar : add resmgrutility
2026-05-17 07:40:33,078 [INFO] IPUIPlugin:80 - create IPUIPlugin
2026-05-17 07:40:33,078 [INFO] PluginManager:220 - loadIPPluginJar : add sai
2026-05-17 07:40:33,080 [INFO] IPUIPlugin:80 - create IPUIPlugin
2026-05-17 07:40:33,080 [INFO] PluginManager:220 - loadIPPluginJar : add spi
2026-05-17 07:40:33,084 [INFO] IPUIPlugin:80 - create IPUIPlugin
2026-05-17 07:40:33,084 [INFO] PluginManager:220 - loadIPPluginJar : add stm32_wpan
2026-05-17 07:40:33,085 [INFO] IPUIPlugin:80 - create IPUIPlugin
2026-05-17 07:40:33,085 [INFO] PluginManager:220 - loadIPPluginJar : add tim
2026-05-17 07:40:33,087 [INFO] IPUIPlugin:80 - create IPUIPlugin
2026-05-17 07:40:33,087 [INFO] PluginManager:220 - loadIPPluginJar : add touchsensing
2026-05-17 07:40:33,089 [INFO] IPUIPlugin:80 - create IPUIPlugin
2026-05-17 07:40:33,089 [INFO] PluginManager:220 - loadIPPluginJar : add tracer_emb
2026-05-17 07:40:33,090 [INFO] IPUIPlugin:80 - create IPUIPlugin
2026-05-17 07:40:33,091 [INFO] PluginManager:220 - loadIPPluginJar : add ts
2026-05-17 07:40:33,092 [INFO] IPUIPlugin:80 - create IPUIPlugin
2026-05-17 07:40:33,092 [INFO] PluginManager:220 - loadIPPluginJar : add tsc
2026-05-17 07:40:33,093 [INFO] IPUIPlugin:80 - create IPUIPlugin
2026-05-17 07:40:33,093 [INFO] PluginManager:220 - loadIPPluginJar : add ucpd
2026-05-17 07:40:33,095 [INFO] IPUIPlugin:80 - create IPUIPlugin
2026-05-17 07:40:33,095 [INFO] PluginManager:220 - loadIPPluginJar : add usart
2026-05-17 07:40:33,097 [INFO] IPUIPlugin:80 - create IPUIPlugin
2026-05-17 07:40:33,097 [INFO] PluginManager:220 - loadIPPluginJar : add usbx
2026-05-17 07:40:33,223 [FATAL] Updater:351 - Updater called before beeing initialized
2026-05-17 07:40:33,241 [INFO] RulesReader:64 - Compatibility file has been processed (302 Rules)
2026-05-17 07:40:33,248 [INFO] RulesReader:64 - Compatibility file has been processed (302 Rules)
2026-05-17 07:40:33,254 [INFO] CADModel:165 - CPN selected for project level
2026-05-17 07:40:33,254 [INFO] CADModel:114 - Register for checkConnection events
2026-05-17 07:40:33,254 [FATAL] Updater:351 - Updater called before beeing initialized
2026-05-17 07:40:33,254 [ERROR] CADModel:125 - Updater not yet initialized, retry later 
2026-05-17 07:40:33,379 [FATAL] Updater:351 - Updater called before beeing initialized
2026-05-17 07:40:33,381 [INFO] CADModel:165 - CPN selected for project level
2026-05-17 07:40:33,381 [INFO] CADModel:114 - Register for checkConnection events
2026-05-17 07:40:33,381 [FATAL] Updater:351 - Updater called before beeing initialized
2026-05-17 07:40:33,381 [ERROR] CADModel:125 - Updater not yet initialized, retry later 
2026-05-17 07:40:33,384 [FATAL] Updater:351 - Updater called before beeing initialized
2026-05-17 07:40:33,471 [FATAL] Updater:351 - Updater called before beeing initialized
2026-05-17 07:40:33,474 [INFO] DbMcusAds:53 - JSON generation date=Mon Apr 27 17:14:29 KST 2026 (1777277669683)
2026-05-17 07:40:33,474 [FATAL] Updater:351 - Updater called before beeing initialized
2026-05-17 07:40:33,503 [WARN] DetailPanel:346 - Failed to get advertising image, set to default
2026-05-17 07:40:33,737 [FATAL] Updater:351 - Updater called before beeing initialized
2026-05-17 07:40:33,740 [FATAL] Updater:351 - Updater called before beeing initialized
2026-05-17 07:40:33,740 [FATAL] Updater:351 - Updater called before beeing initialized
2026-05-17 07:40:33,740 [WARN] DetailPanel:346 - Failed to get advertising image, set to default
2026-05-17 07:40:33,741 [FATAL] Updater:351 - Updater called before beeing initialized
2026-05-17 07:40:33,781 [ERROR] Updater:1198 - MainUpdater not yet initialized. External WinMGr cannot be set.
2026-05-17 07:40:33,782 [INFO] Updater:1134 - Updater Version found : 6.14.1
2026-05-17 07:40:33,795 [INFO] ApplicationProperties:184 - Using Application install path: B:\ST\STM32CubeIDE_1.18.1\STM32CubeIDE\plugins\com.st.stm32cube.common.mx_6.14.1.202504091515
2026-05-17 07:40:34,114 [INFO] MainUpdater:2872 - connection check result : 10
2026-05-17 07:40:34,115 [INFO] MainUpdater:289 - Updater Check For Update Now.
2026-05-17 07:40:34,115 [INFO] MicroXplorer:498 - Change Database Version : DB.6.0.141
2026-05-17 07:40:34,120 [INFO] McuFinderGlobals:63 - Set McuFinder mode to 2 (CubeIDE integrated)
2026-05-17 07:40:34,120 [INFO] UserAuth:171 - activating auth plugin
2026-05-17 07:40:34,122 [INFO] UserAuth:484 - Internet connection configuration mode: 1
2026-05-17 07:40:34,137 [INFO] JxBrowserEngine:152 - Initiate JxBrowser Engine with user profile folder
2026-05-17 07:40:34,275 [INFO] CheckServerUpdateThread:120 - End of CheckServer Thread
2026-05-17 07:40:35,213 [INFO] WebApp:169 - Instantiating new browser for Auth
2026-05-17 07:40:35,826 [INFO] WebApp:463 - Apply proxy settings
2026-05-17 07:40:35,826 [INFO] WebApp:548 - Chromium requires no authentication
2026-05-17 07:40:35,833 [INFO] WebApp:491 - Direct internet connection detected
2026-05-17 07:40:35,853 [INFO] WebApp:894 - Register for checkConnection events
2026-05-17 07:40:35,854 [INFO] WebApp:463 - Apply proxy settings
2026-05-17 07:40:35,854 [INFO] WebApp:548 - Chromium requires no authentication
2026-05-17 07:40:35,854 [INFO] WebApp:491 - Direct internet connection detected
2026-05-17 07:40:35,934 [WARN] PackLoader:240 - Cannot read IP mode file for STMicroelectronics.X-CUBE-AZRTOS-H7.3.5.0
2026-05-17 07:40:35,945 [WARN] PackLoader:240 - Cannot read IP mode file for STMicroelectronics.FP-ATR-ASTRA1.2.0.2
2026-05-17 07:40:35,961 [WARN] PackLoader:240 - Cannot read IP mode file for STMicroelectronics.X-CUBE-SMBUS.2.1.0
2026-05-17 07:40:35,981 [WARN] PackLoader:240 - Cannot read IP mode file for STMicroelectronics.X-CUBE-AZRTOS-F7.1.1.0
2026-05-17 07:40:35,986 [ERROR] Engine:466 - C:\Users\moonc\.stm32cubemx\thirdparties\pdsc\STMicroelectronics.FP-SNS-MOTENV1.5.1.0.pdsc: PDSC version is not supported
2026-05-17 07:40:35,993 [ERROR] Engine:466 - C:\Users\moonc\.stm32cubemx\thirdparties\pdsc\WES.I-CUBE-Cesium.1.4.0.pdsc: PDSC version is not supported
2026-05-17 07:40:36,000 [WARN] PackLoader:240 - Cannot read IP mode file for STMicroelectronics.X-CUBE-DISPLAY.3.0.0
2026-05-17 07:40:36,012 [WARN] PackLoader:240 - Cannot read IP mode file for STMicroelectronics.X-CUBE-GNSS1.7.1.1
2026-05-17 07:40:36,022 [ERROR] Engine:466 - C:\Users\moonc\.stm32cubemx\thirdparties\pdsc\STMicroelectronics.FP-SNS-MOTENVWB1.1.5.0.pdsc: PDSC version is not supported
2026-05-17 07:40:36,030 [WARN] PackLoader:240 - Cannot read IP mode file for wolfSSL.I-CUBE-wolfSSL.5.9.1
2026-05-17 07:40:36,040 [WARN] PackLoader:240 - Cannot read IP mode file for STMicroelectronics.X-CUBE-NFC10.1.0.0
2026-05-17 07:40:36,046 [WARN] PackLoader:240 - Cannot read IP mode file for STMicroelectronics.X-CUBE-ST60.1.1.0
2026-05-17 07:40:36,051 [WARN] PackLoader:240 - Cannot read IP mode file for emotas.I-CUBE-CANOPEN.1.3.0
2026-05-17 07:40:36,058 [ERROR] Engine:466 - C:\Users\moonc\.stm32cubemx\thirdparties\pdsc\STMicroelectronics.FP-SNS-STBOX1.2.1.0.pdsc: PDSC version is not supported
2026-05-17 07:40:36,064 [INFO] WebApp:225 - Starting web application
2026-05-17 07:40:36,064 [INFO] WebApp:593 - Web application path used B:\ST\STM32CubeIDE_1.18.1\STM32CubeIDE\plugins\com.st.stm32cube.common.mx_6.14.1.202504091515\db\plugins\mcufinder\reactClient1\index.html
2026-05-17 07:40:36,070 [WARN] PackLoader:240 - Cannot read IP mode file for STMicroelectronics.FP-SNS-SMARTAG2.1.2.0
2026-05-17 07:40:36,077 [WARN] PackLoader:240 - Cannot read IP mode file for STMicroelectronics.FP-SNS-FLIGHT1.5.1.0
2026-05-17 07:40:36,089 [INFO] LogOutputStream:77 - [STDOUT_REDIRECT] 1 : Invalid condition id : UX_CORESTACK_Condition cause : null
2026-05-17 07:40:36,090 [INFO] LogOutputStream:77 - [STDOUT_REDIRECT] 1 : Invalid condition id : UX_CORESTACK_Condition cause : null
2026-05-17 07:40:36,090 [INFO] LogOutputStream:77 - [STDOUT_REDIRECT] 1 : Invalid condition id : UX_CORESTACK_Condition cause : null
2026-05-17 07:40:36,091 [INFO] LogOutputStream:77 - [STDOUT_REDIRECT] 1 : Invalid condition id : UX_CORESTACK_Condition cause : null
2026-05-17 07:40:36,092 [INFO] LogOutputStream:77 - [STDOUT_REDIRECT] 1 : Invalid condition id : UX_CORESTACK_Condition cause : null
2026-05-17 07:40:36,094 [WARN] PackLoader:240 - Cannot read IP mode file for STMicroelectronics.X-CUBE-AZRTOS-WL.2.0.0
2026-05-17 07:40:36,114 [WARN] PackLoader:240 - Cannot read IP mode file for STMicroelectronics.X-CUBE-AZRTOS-H7RS.1.2.0
2026-05-17 07:40:36,163 [WARN] PackLoader:240 - Cannot read IP mode file for STMicroelectronics.X-CUBE-BLE2.3.3.0
2026-05-17 07:40:36,221 [WARN] PackLoader:240 - Cannot read IP mode file for Infineon.AIROC-Wi-Fi-Bluetooth-STM32.1.8.0
2026-05-17 07:40:36,223 [INFO] WebApp:191 - Connection restablished
2026-05-17 07:40:36,231 [WARN] PackLoader:240 - Cannot read IP mode file for STMicroelectronics.X-CUBE-NFC9.1.0.0
2026-05-17 07:40:36,237 [WARN] PackLoader:240 - Cannot read IP mode file for STMicroelectronics.X-CUBE-BLE1.7.1.0
2026-05-17 07:40:36,241 [WARN] PackLoader:240 - Cannot read IP mode file for wolfSSL.I-CUBE-wolfMQTT.1.19.2
2026-05-17 07:40:36,246 [WARN] PackLoader:240 - Cannot read IP mode file for STMicroelectronics.X-CUBE-EEPRMA1.5.2.0
2026-05-17 07:40:36,249 [ERROR] Engine:466 - C:\Users\moonc\.stm32cubemx\thirdparties\pdsc\STMicroelectronics.FP-SNS-STAIOTCFT.1.1.0.pdsc: PDSC version is not supported
2026-05-17 07:40:36,257 [WARN] PackLoader:240 - Cannot read IP mode file for STMicroelectronics.X-CUBE-AZRTOS-G0.1.1.0
2026-05-17 07:40:36,263 [WARN] PackLoader:240 - Cannot read IP mode file for STMicroelectronics.X-CUBE-NFC4.3.0.0
2026-05-17 07:40:36,270 [WARN] PackLoader:240 - Cannot read IP mode file for EmbeddedOffice.I-CUBE-FS-RTOS.1.0.1
2026-05-17 07:40:36,275 [WARN] PackLoader:240 - Cannot read IP mode file for wolfSSL.I-CUBE-wolfTPM.3.8.0
2026-05-17 07:40:36,280 [WARN] PackLoader:240 - Cannot read IP mode file for STMicroelectronics.X-CUBE-TCPP.4.2.0
2026-05-17 07:40:36,294 [WARN] PackLoader:240 - Cannot read IP mode file for RealThread.X-CUBE-RT-Thread_Nano.4.1.1
2026-05-17 07:40:36,300 [WARN] PackLoader:240 - Cannot read IP mode file for STMicroelectronics.FP-ATR-SIGFOX1.3.2.0
2026-05-17 07:40:36,302 [ERROR] Engine:466 - C:\Users\moonc\.stm32cubemx\thirdparties\pdsc\STMicroelectronics.X-CUBE-FREERTOS.1.5.0.pdsc: PDSC version is not supported
2026-05-17 07:40:36,308 [WARN] PackLoader:240 - Cannot read IP mode file for ITTIA_DB.I-CUBE-ITTIADB.8.9.0
2026-05-17 07:40:36,333 [WARN] PackLoader:240 - Cannot read IP mode file for Cesanta.I-CUBE-Mongoose.7.21.7
2026-05-17 07:40:36,341 [WARN] PackLoader:240 - Cannot read IP mode file for STMicroelectronics.X-CUBE-NFC6.3.2.0
2026-05-17 07:40:36,349 [WARN] PackLoader:240 - Cannot read IP mode file for STMicroelectronics.X-CUBE-AI.10.2.0
2026-05-17 07:40:36,371 [WARN] PackLoader:240 - Cannot read IP mode file for STMicroelectronics.X-CUBE-MEMS1.12.1.0
2026-05-17 07:40:36,425 [WARN] PackLoader:240 - Cannot read IP mode file for SEGGER.I-CUBE-embOS.1.3.1
2026-05-17 07:40:36,452 [WARN] PackLoader:240 - Cannot read IP mode file for STMicroelectronics.X-CUBE-ALGOBUILD.1.4.0
2026-05-17 07:40:36,457 [WARN] PackLoader:240 - Cannot read IP mode file for STMicroelectronics.X-CUBE-PM33A1.1.0.0
2026-05-17 07:40:36,467 [WARN] PackLoader:240 - Cannot read IP mode file for STMicroelectronics.X-CUBE-AZRTOS-F4.1.1.0
2026-05-17 07:40:36,474 [WARN] PackLoader:240 - Cannot read IP mode file for STMicroelectronics.X-CUBE-ISPU.2.1.0
2026-05-17 07:40:36,478 [ERROR] Engine:466 - C:\Users\moonc\.stm32cubemx\thirdparties\pdsc\STMicroelectronics.X-CUBE-IPS.3.2.0.pdsc: PDSC version is not supported
2026-05-17 07:40:36,483 [WARN] PackLoader:240 - Cannot read IP mode file for STMicroelectronics.eDS-WB_DPC_TT-BIDIR.2.1.1
2026-05-17 07:40:36,489 [WARN] PackLoader:240 - Cannot read IP mode file for STMicroelectronics.X-CUBE-NFC12.1.0.0
2026-05-17 07:40:36,499 [WARN] PackLoader:240 - Cannot read IP mode file for STMicroelectronics.X-CUBE-AZRTOS-L5.2.0.0
2026-05-17 07:40:36,505 [WARN] PackLoader:240 - Cannot read IP mode file for STMicroelectronics.eDS-WB_DPC_VIENNA.1.2.0
2026-05-17 07:40:36,510 [WARN] PackLoader:240 - Cannot read IP mode file for STMicroelectronics.eDS-WB_DPC_3PH2L-BIDIR.1.1.1
2026-05-17 07:40:36,512 [ERROR] Engine:466 - C:\Users\moonc\.stm32cubemx\thirdparties\pdsc\STMicroelectronics.X-CUBE-ST67W61.1.3.0.pdsc: PDSC version is not supported
2026-05-17 07:40:36,519 [WARN] PackLoader:240 - Cannot read IP mode file for STMicroelectronics.X-CUBE-TOUCHGFX.4.26.1
2026-05-17 07:40:36,524 [WARN] PackLoader:240 - Cannot read IP mode file for STMicroelectronics.X-CUBE-DPower.1.3.0
2026-05-17 07:40:36,533 [WARN] ConditionMgr:438 - getConditionDescription Invalid condition id : LAN8742 Phy interface Condition cause : null
2026-05-17 07:40:36,534 [WARN] PackLoader:240 - Cannot read IP mode file for STMicroelectronics.X-CUBE-AZRTOS-L4.2.0.0
2026-05-17 07:40:36,534 [WARN] ConditionMgr:1044 - genDependencies : Invalid condition id : LAN8742 Phy interface Condition cause : null
2026-05-17 07:40:36,534 [WARN] ConditionMgr:1044 - genDependencies : Invalid condition id : LAN8742 Phy interface Condition cause : null
2026-05-17 07:40:36,535 [WARN] ConditionMgr:1044 - genDependencies : Invalid condition id : LAN8742 Phy interface Condition cause : null
2026-05-17 07:40:36,542 [WARN] PackLoader:240 - Cannot read IP mode file for STMicroelectronics.X-CUBE-SFXS2LP1.4.0.0
2026-05-17 07:40:36,547 [WARN] PackLoader:240 - Cannot read IP mode file for STMicroelectronics.X-CUBE-WB05N.2.1.0
2026-05-17 07:40:36,560 [WARN] PackLoader:240 - Cannot read IP mode file for STMicroelectronics.X-CUBE-BLEMGR.4.1.0
2026-05-17 07:40:36,571 [WARN] ConditionMgr:438 - getConditionDescription Invalid condition id : UX DEVICE CLASS RTOS Condition cause : null
2026-05-17 07:40:36,571 [WARN] ConditionMgr:438 - getConditionDescription Invalid condition id : UX DEVICE CLASS RTOS Condition cause : null
2026-05-17 07:40:36,572 [WARN] PackLoader:240 - Cannot read IP mode file for STMicroelectronics.X-CUBE-AZRTOS-WB.2.0.0
2026-05-17 07:40:36,573 [WARN] ConditionMgr:1044 - genDependencies : Invalid condition id : UX DEVICE CLASS RTOS Condition cause : null
2026-05-17 07:40:36,573 [WARN] ConditionMgr:1044 - genDependencies : Invalid condition id : UX DEVICE CLASS RTOS Condition cause : null
2026-05-17 07:40:36,573 [WARN] ConditionMgr:1044 - genDependencies : Invalid condition id : UX DEVICE CLASS RTOS Condition cause : null
2026-05-17 07:40:36,573 [WARN] ConditionMgr:1044 - genDependencies : Invalid condition id : UX DEVICE CLASS RTOS Condition cause : null
2026-05-17 07:40:36,573 [WARN] ConditionMgr:1044 - genDependencies : Invalid condition id : UX DEVICE CLASS RTOS Condition cause : null
2026-05-17 07:40:36,579 [WARN] ConditionMgr:438 - getConditionDescription Invalid condition id : Cortex-A Device cause : null
2026-05-17 07:40:36,586 [WARN] ConditionMgr:1044 - genDependencies : Invalid condition id : Cortex-A Device cause : null
2026-05-17 07:40:36,586 [WARN] ConditionMgr:1044 - genDependencies : Invalid condition id : Cortex-A Device cause : null
2026-05-17 07:40:36,586 [WARN] ConditionMgr:1044 - genDependencies : Invalid condition id : Cortex-A Device cause : null
2026-05-17 07:40:36,595 [WARN] PackLoader:240 - Cannot read IP mode file for STMicroelectronics.X-CUBE-STSE01.2.0.0
2026-05-17 07:40:36,602 [WARN] PackLoader:240 - Cannot read IP mode file for STMicroelectronics.X-CUBE-SUBG2.5.0.0
2026-05-17 07:40:36,612 [WARN] PackLoader:240 - Cannot read IP mode file for STMicroelectronics.X-CUBE-AZRTOS-G4.2.0.0
2026-05-17 07:40:36,619 [WARN] PackLoader:240 - Cannot read IP mode file for wolfSSL.I-CUBE-wolfSSH.1.4.20
2026-05-17 07:40:36,623 [WARN] PackLoader:240 - Cannot read IP mode file for STMicroelectronics.X-CUBE-NFC7.2.0.0
2026-05-17 07:40:36,628 [WARN] PackLoader:240 - Cannot read IP mode file for STMicroelectronics.X-CUBE-ALS.1.0.2
2026-05-17 07:40:36,635 [WARN] PackLoader:240 - Cannot read IP mode file for STMicroelectronics.X-CUBE-TOF1.3.4.3
2026-05-17 07:40:36,640 [INFO] ThirdParty:978 - Integrity check success = true
2026-05-17 07:40:36,640 [INFO] IntegrityCheckThread:100 - exiting critical section [integrity check]
2026-05-17 07:40:36,640 [INFO] IntegrityCheckThread:103 - End integrity checks thread
2026-05-17 08:13:57,503 [INFO] McuFinderGlobals:63 - Set McuFinder mode to 2 (CubeIDE integrated)
2026-05-17 08:13:57,506 [INFO] MainUpdater:2872 - connection check result : 10
2026-05-17 08:13:57,508 [INFO] McuFinderGlobals:76 - Set McuFinderConnectedMode to true
2026-05-17 08:13:57,756 [INFO] ServerAccessManage:473 - Download File mcusAds.json._tmp_
2026-05-17 08:13:57,865 [INFO] LoadUrlFilesThread:156 - End of LoadUrlFiles Thread
2026-05-17 08:13:59,489 [INFO] ServerAccessManage:473 - Download File cube-finder-db.zip
2026-05-17 08:14:02,247 [INFO] FileExtend:242 - Unzip File : cube-finder-db.zip
2026-05-17 08:14:02,247 [INFO] FileExtend:257 - Standard Zip Deflate
2026-05-17 08:14:02,868 [INFO] LoadUrlFilesThread:156 - End of LoadUrlFiles Thread
2026-05-17 08:14:04,084 [INFO] ServerAccessManage:473 - Download File crdb.zip
2026-05-17 08:14:05,483 [INFO] FileExtend:242 - Unzip File : crdb.zip
2026-05-17 08:14:05,484 [INFO] FileExtend:257 - Standard Zip Deflate
2026-05-17 08:14:05,600 [INFO] LoadUrlFilesThread:156 - End of LoadUrlFiles Thread
2026-05-17 08:14:06,646 [INFO] ServerAccessManage:473 - Download File tutoVideoDB.zip
2026-05-17 08:14:06,661 [INFO] FileExtend:242 - Unzip File : tutoVideoDB.zip
2026-05-17 08:14:06,661 [INFO] FileExtend:257 - Standard Zip Deflate
2026-05-17 08:14:06,770 [INFO] LoadUrlFilesThread:156 - End of LoadUrlFiles Thread
2026-05-17 08:14:06,772 [WARN] DbFile:41 - Overriding database path with different value: C:\Users\moonc\.stmcufinder\plugins\mcufinder/ => C:\Users\moonc\.stmcufinder\plugins\mcufinder
2026-05-17 08:14:07,553 [ERROR] ServerAccessManage:1089 - Problem, file not found on Server
2026-05-17 08:14:07,554 [ERROR] ServerAccessManage:651 - Problem, file not found on Server : api_config.json.
2026-05-17 08:14:21,877 [INFO] LoadUrlFilesThread:156 - End of LoadUrlFiles Thread
2026-05-17 08:14:23,039 [INFO] DbMcusAds:53 - JSON generation date=Mon Apr 27 17:14:29 KST 2026 (1777277669683)
2026-05-17 08:14:23,058 [ERROR] TargetSelectorAdapter:267 - Unable to refresh data
2026-05-17 08:14:23,228 [INFO] ApiDb:581 - Connected to CubeFinder SQLite database (C:\Users\moonc\.stmcufinder\plugins\mcufinder\mcu\cube-finder-db.db)
2026-05-17 08:14:23,304 [INFO] ApiDb:668 - CubeFinder database Data Model version=2.1
2026-05-17 08:14:23,304 [INFO] ApiDb:669 - CubeFinder database Configuration version=3.0.42
2026-05-17 08:14:23,305 [INFO] ApiDb:670 - CubeFinder database generation date=2026-05-06 (1778060171)
2026-05-17 08:14:23,306 [INFO] ApiDb:671 - CubeFinder database FW Pack versions=[FP-ATR-ASTRA1_V2.0.0, FP-SNS-FLIGHT1_V5.1.0, FP-SNS-MOTENV1_V5.1.0, FP-SNS-MOTENVWB1_V1.5.0, FP-SNS-SMARTAG2_V1.2.0, FP-SNS-STBOX1_V2.1.0, STM32Cube_FW_C0_V1.4.0, STM32Cube_FW_F4_V1.28.3, STM32Cube_FW_F7_V1.17.4, STM32Cube_FW_G0_V1.6.3, STM32Cube_FW_G4_V1.6.2, STM32Cube_FW_H5_V1.6.0, STM32Cube_FW_H7RS_V1.3.0, STM32Cube_FW_H7_V1.13.0, STM32Cube_FW_L0_V1.12.2, STM32Cube_FW_L4_V1.18.2, STM32Cube_FW_L5_V1.6.0, STM32Cube_FW_N6_V1.3.0, STM32Cube_FW_U0_V1.3.0, STM32Cube_FW_U3_V1.3.0, STM32Cube_FW_U5_V1.8.0, STM32Cube_FW_WB0_V1.4.0, STM32Cube_FW_WBA_V1.9.0, STM32Cube_FW_WB_V1.24.0, STM32Cube_FW_WL3_V1.4.0, STM32Cube_FW_WL_V1.5.0, X-CUBE-ALGOBUILD_V1.4.0, X-CUBE-ALS_V1.0.2, X-CUBE-AZRTOS-F4_V1.1.0, X-CUBE-AZRTOS-F7_V1.1.0, X-CUBE-AZRTOS-G0_V1.1.0, X-CUBE-AZRTOS-G4_V2.0.0, X-CUBE-AZRTOS-H7RS_V1.1.0, X-CUBE-AZRTOS-H7_V3.5.0, X-CUBE-AZRTOS-L4_V2.0.0, X-CUBE-AZRTOS-L5_V2.0.0, X-CUBE-AZRTOS-WB_V2.0.0, X-CUBE-AZRTOS-WL_V2.0.0, X-CUBE-BLE1_V7.1.0, X-CUBE-BLE2_V3.3.0, X-CUBE-BLEMGR_V4.1.0, X-CUBE-EEPRMA1_V5.2.0, X-CUBE-FREERTOS_V1.5.0, X-CUBE-GNSS1_V6.0.0, X-CUBE-MEMS1_V12.0.0, X-CUBE-NFC4_V3.0.0, X-CUBE-NFC7_V2.0.0, X-CUBE-SFXS2LP1_V4.0.0, X-CUBE-ST67W61_V1.2.0, X-CUBE-SUBG2_V5.0.0, X-CUBE-TOF1_V3.4.3]
2026-05-17 08:14:23,353 [INFO] DbBoardsSqlite:226 - include board P-NUCLEO-WB55-NUCLEO as a kit item of type 'Nucleo-64'
2026-05-17 08:14:23,354 [INFO] DbBoardsSqlite:226 - include board P-NUCLEO-WB55-USBDONGLE as a kit item of type 'Nucleo USB Dongle'
2026-05-17 08:14:23,354 [INFO] DbBoardsSqlite:226 - include board STEVAL-IDP005V1 as a kit item of type 'Evaluation Board'
2026-05-17 08:14:23,354 [INFO] DbBoardsSqlite:226 - include board STEVAL-IDP005V2 as a kit item of type 'Evaluation Board'
2026-05-17 08:14:23,419 [INFO] ApiDb:240 - Found 895 in-development CPN: [B-G473E-ZEST1S, B-WB1M-WPAN1, B-WBA5M-WPAN, B-WL5M-SUBG1, NUCLEO-C031C6, NUCLEO-C051C8, NUCLEO-C071RB, NUCLEO-C092RC, NUCLEO-H503RB, NUCLEO-H533RE, NUCLEO-H563ZI, NUCLEO-H7S3L8, NUCLEO-N657X0-Q, NUCLEO-U031R8, NUCLEO-U083RC, NUCLEO-U385RG-Q, NUCLEO-U545RE-Q, NUCLEO-U5A5ZJ-Q, NUCLEO-WB05KZ, NUCLEO-WB07CC, NUCLEO-WB09KE, NUCLEO-WBA52CG, NUCLEO-WBA55CG, NUCLEO-WBA65RI, NUCLEO-WL33CC1, NUCLEO-WL33CC2, STEVAL-PROTEUS1, STEVAL-SMARTAG2, STEVAL-STWINBX1, STM320518-EVAL, STM32C0116-DK, STM32C011D6Y3TR, STM32C011D6Y6TR, STM32C011F4P3, STM32C011F4P6, STM32C011F4U3, STM32C011F4U6TR, STM32C011F6P3, STM32C011F6P6, STM32C011F6U3, STM32C011F6U6TR, STM32C011J4M3, STM32C011J4M6, STM32C011J6M3, STM32C011J6M6, STM32C0316-DK, STM32C031C4T3, STM32C031C4T6, STM32C031C4U3, STM32C031C4U6, STM32C031C6T3, STM32C031C6T6, STM32C031C6U3, STM32C031C6U6, STM32C031F4P3, STM32C031F4P6, STM32C031F6P3, STM32C031F6P6, STM32C031G4U3, STM32C031G4U6, STM32C031G6U3, STM32C031G6U6, STM32C031K4T3, STM32C031K4T6, STM32C031K4U3, STM32C031K4U6, STM32C031K6T3, STM32C031K6T6, STM32C031K6U3, STM32C031K6U6, STM32C051C6T6, STM32C051C6U6, STM32C051C8T6, STM32C051C8U6, STM32C051D8Y6TR, STM32C051F6P6, STM32C051F8P6, STM32C051G6U6, STM32C051G8U6, STM32C051K6T6, STM32C051K6U6, STM32C051K8T6, STM32C071C8T6, STM32C071C8T6N, STM32C071C8U6, STM32C071C8U6N, STM32C071CBT6, STM32C071CBT6N, STM32C071CBU6, STM32C071CBU6N, STM32C071F8P6, STM32C071F8P6N, STM32C071FBP6, STM32C071FBP6N, STM32C071FBY6TR, STM32C071G8U6, STM32C071G8U6N, STM32C071GBU6, STM32C071GBU6N, STM32C071K8T6, STM32C071K8T6N, STM32C071K8U6, STM32C071K8U6N, STM32C071KBT6, STM32C071KBT6N, STM32C071KBU6, STM32C071KBU6N, STM32C071R8T6, STM32C071R8T6N, STM32C071RBI6N, STM32C071RBT6, STM32C071RBT6N, STM32C091CBT6, STM32C091CBU6, STM32C091CCT6, STM32C091CCU6, STM32C091ECY6TR, STM32C091FBP6, STM32C091FCP6, STM32C091GBU6, STM32C091GCU6, STM32C091KBT6, STM32C091KBU6, STM32C091KCT6, STM32C091KCU6, STM32C091RBT6, STM32C091RCI6, STM32C091RCT6, STM32C092CBT6, STM32C092CBU6, STM32C092CCT6, STM32C092CCU6, STM32C092ECY6TR, STM32C092FBP6, STM32C092FCP6, STM32C092GBU6, STM32C092GCU6, STM32C092KBT6, STM32C092KBU6, STM32C092KCT6, STM32C092KCU6, STM32C092RBT6, STM32C092RCI6, STM32C092RCT6, STM32G071K8TXN, STM32G071K8UXN, STM32G081GBU6N, STM32G081KBT6N, STM32G081KBUXN, STM32G0B1CCT6N, STM32G0B1KCT6, STM32G0B1NEY6TR, STM32G0B1RCT6N, STM32G0C1CCT6, STM32G0C1CCT6N, STM32G0C1CCU6N, STM32G0C1CET6N, STM32G0C1CEU6N, STM32G0C1KCT6, STM32G0C1NEY6TR, STM32G0C1RCI6N, STM32G0C1RCT6N, STM32G0C1REI6N, STM32G0C1RET6N, STM32G0C1VCI6, STM32G0C1VEI6, STM32G411C6T3, STM32G411C6T6, STM32G411C6U3, STM32G411C6U6, STM32G411C8T3, STM32G411C8T6, STM32G411C8U3, STM32G411C8U6, STM32G411CBT3, STM32G411CBT6, STM32G411CBU3, STM32G411CBU6, STM32G411CCT3, STM32G411CCT6, STM32G411CCU3, STM32G411CCU6, STM32G411K6T3, STM32G411K6T6, STM32G411K6U3, STM32G411K6U6, STM32G411K8T3, STM32G411K8T6, STM32G411K8U3, STM32G411K8U6, STM32G411KBT3, STM32G411KBT6, STM32G411KBU3, STM32G411KBU6, STM32G411M6T3, STM32G411M6T6, STM32G411M8T3, STM32G411M8T6, STM32G411MBT3, STM32G411MBT6, STM32G411MCT3, STM32G411MCT6, STM32G411R6T3, STM32G411R6T6, STM32G411R8T3, STM32G411R8T6, STM32G411RBT3, STM32G411RBT6, STM32G411RCT3, STM32G411RCT6, STM32G414CBT3, STM32G414CBT6, STM32G414CBU3, STM32G414CBU6, STM32G414CCT3, STM32G414CCT6, STM32G414CCU3, STM32G414CCU6, STM32G414MBT3, STM32G414MBT6, STM32G414MCT3, STM32G414MCT6, STM32G414RBT3, STM32G414RBT6, STM32G414RCT3, STM32G414RCT6, STM32G414VBT3, STM32G414VBT6, STM32G414VCT3, STM32G414VCT6, STM32G431CBT3Z, STM32G431RBT3Z, STM32G471CCT6, STM32G471CCU6, STM32G471CET3, STM32G471CET6, STM32G471CEU3, STM32G471CEU6, STM32G471MCT6, STM32G471MET3, STM32G471MET6, STM32G471MEY6TR, STM32G471QCT6, STM32G471QET3, STM32G471RCT6, STM32G471RET3, STM32G471RET6, STM32G471VCH6, STM32G471VCI6, STM32G471VCT6, STM32G471VEH3, STM32G471VEH6, STM32G471VEI3, STM32G471VEI6, STM32G471VET3, STM32G471VET6, STM32G473QET3Z, STM32G473RET3Z, STM32G474CCT6, STM32G491RET3Z, STM32H503CBT6, STM32H503CBU6, STM32H503EBY6TR, STM32H503KBU6, STM32H503RBT6, STM32H523CCT6, STM32H523CCU6, STM32H523CET6, STM32H523CEU6, STM32H523HEY6TR, STM32H523RCT6, STM32H523RET6, STM32H523VCI6, STM32H523VCT6, STM32H523VEI6, STM32H523VET6, STM32H523ZCJ6, STM32H523ZCT6, STM32H523ZEJ6, STM32H523ZET6, STM32H533CET6, STM32H533CEU6, STM32H533HEY6TR, STM32H533RET6, STM32H533VEI6, STM32H533VET6, STM32H533ZEJ6, STM32H533ZET6, STM32H562AGI6, STM32H562AII6, STM32H562IGK6, STM32H562IGT6, STM32H562IIK6, STM32H562IIT6, STM32H562RGT6, STM32H562RGV6, STM32H562RIT6, STM32H562RIV6, STM32H562VGT6, STM32H562VIT6, STM32H562ZGT6, STM32H562ZIT6, STM32H563AGI6, STM32H563AII3Q, STM32H563AII6, STM32H563IGK6, STM32H563IGT6, STM32H563IIK3Q, STM32H563IIK6, STM32H563IIT3Q, STM32H563IIT6, STM32H563MIY3QTR, STM32H563RGT6, STM32H563RGV6, STM32H563RIT6, STM32H563RIV6, STM32H563VGT6, STM32H563VIT3Q, STM32H563VIT6, STM32H563ZGT6, STM32H563ZIT3Q, STM32H563ZIT6, STM32H573AII3Q, STM32H573AII6, STM32H573I-DK, STM32H573IIK3Q, STM32H573IIK6, STM32H573IIT3Q, STM32H573IIT6, STM32H573MIY3QTR, STM32H573RIT6, STM32H573RIV6, STM32H573VIT3Q, STM32H573VIT6, STM32H573ZIT3Q, STM32H573ZIT6, STM32H7R3A8I6, STM32H7R3I8K6, STM32H7R3I8T6, STM32H7R3L8H6, STM32H7R3L8H6H, STM32H7R3R8V6, STM32H7R3V8H6, STM32H7R3V8T6, STM32H7R3V8Y6TR, STM32H7R3Z8J6, STM32H7R3Z8T6, STM32H7R7A8I6, STM32H7R7I8K6, STM32H7R7I8T6, STM32H7R7L8H6, STM32H7R7L8H6H, STM32H7R7Z8J6, STM32H7S3A8I6, STM32H7S3I8K6, STM32H7S3I8T6, STM32H7S3L8H6, STM32H7S3L8H6H, STM32H7S3R8V6, STM32H7S3V8H6, STM32H7S3V8T6, STM32H7S3V8Y6TR, STM32H7S3Z8J6, STM32H7S3Z8T6, STM32H7S78-DK, STM32H7S7A8I6, STM32H7S7I8K6, STM32H7S7I8T6, STM32H7S7L8H6, STM32H7S7L8H6H, STM32H7S7Z8J6, STM32L4R5QGI6STR, STM32MP131AAE3, STM32MP131AAF3, STM32MP131AAG3, STM32MP131CAE3, STM32MP131CAF3, STM32MP131CAG3, STM32MP131DAE7, STM32MP131DAF7, STM32MP131DAG7, STM32MP131FAE7, STM32MP131FAF7, STM32MP131FAG7, STM32MP133AAE3, STM32MP133AAF3, STM32MP133AAG3, STM32MP133CAE3, STM32MP133CAF3, STM32MP133CAG3, STM32MP133DAE7, STM32MP133DAF7, STM32MP133DAG7, STM32MP133FAE7, STM32MP133FAF7, STM32MP133FAG7, STM32MP135AAE3, STM32MP135AAF3, STM32MP135AAG3, STM32MP135CAE3, STM32MP135CAF3, STM32MP135CAG3, STM32MP135DAE7, STM32MP135DAF7, STM32MP135DAG7, STM32MP135F-DK, STM32MP135FAE7, STM32MP135FAF7, STM32MP135FAF7T, STM32MP135FAF7U, STM32MP135FAG7, STM32MP231AAJ3, STM32MP231AAK3, STM32MP231AAL3, STM32MP231CAJ3, STM32MP231CAK3, STM32MP231CAL3, STM32MP231DAJ3, STM32MP231DAK3, STM32MP231DAL3, STM32MP231FAJ3, STM32MP231FAK3, STM32MP231FAL3, STM32MP233AAJ3, STM32MP233AAK3, STM32MP233AAL3, STM32MP233CAJ3, STM32MP233CAK3, STM32MP233CAL3, STM32MP233DAJ3, STM32MP233DAK3, STM32MP233DAL3, STM32MP233FAJ3, STM32MP233FAK3, STM32MP233FAL3, STM32MP235AAJ3, STM32MP235AAK3, STM32MP235AAL3, STM32MP235CAJ3, STM32MP235CAK3, STM32MP235CAL3, STM32MP235DAJ3, STM32MP235DAK3, STM32MP235DAL3, STM32MP235FAJ3, STM32MP235FAK3, STM32MP235FAL3, STM32MP251AAI3, STM32MP251AAJ3, STM32MP251AAK3, STM32MP251AAL3, STM32MP251CAI3, STM32MP251CAJ3, STM32MP251CAK3, STM32MP251CAL3, STM32MP251DAI3, STM32MP251DAJ3, STM32MP251DAK3, STM32MP251DAL3, STM32MP251FAI3, STM32MP251FAJ3, STM32MP251FAK3, STM32MP251FAL3, STM32MP253AAI3, STM32MP253AAJ3, STM32MP253AAK3, STM32MP253AAL3, STM32MP253CAI3, STM32MP253CAJ3, STM32MP253CAK3, STM32MP253CAL3, STM32MP253DAI3, STM32MP253DAJ3, STM32MP253DAK3, STM32MP253DAL3, STM32MP253FAI3, STM32MP253FAJ3, STM32MP253FAK3, STM32MP253FAL3, STM32MP255AAI3, STM32MP255AAJ3, STM32MP255AAK3, STM32MP255AAL3, STM32MP255CAI3, STM32MP255CAJ3, STM32MP255CAK3, STM32MP255CAL3, STM32MP255DAI3, STM32MP255DAJ3, STM32MP255DAK3, STM32MP255DAL3, STM32MP255FAI3, STM32MP255FAJ3, STM32MP255FAK3, STM32MP255FAL3, STM32MP257AAI3, STM32MP257AAJ3, STM32MP257AAK3, STM32MP257AAL3, STM32MP257CAI3, STM32MP257CAJ3, STM32MP257CAK3, STM32MP257CAL3, STM32MP257DAI3, STM32MP257DAJ3, STM32MP257DAK3, STM32MP257DAL3, STM32MP257F-DK, STM32MP257F-EV1, STM32MP257FAI3, STM32MP257FAJ3, STM32MP257FAK3, STM32MP257FAL3, STM32N645A0H3Q, STM32N645B0H3Q, STM32N645I0H3Q, STM32N645L0H3Q, STM32N645X0H3Q, STM32N645Z0H3Q, STM32N647A0H3Q, STM32N647B0H3Q, STM32N647I0H3Q, STM32N647L0H3Q, STM32N647X0H3Q, STM32N647Z0H3Q, STM32N655A0H3Q, STM32N655B0H3Q, STM32N655I0H3Q, STM32N655L0H3Q, STM32N655X0H3Q, STM32N655Z0H3Q, STM32N6570-DK, STM32N657A0H3Q, STM32N657B0H3Q, STM32N657I0H3Q, STM32N657L0H3Q, STM32N657X0H3Q, STM32N657Z0H3Q, STM32U031C6T6, STM32U031C6U6, STM32U031C8T6, STM32U031C8U6, STM32U031F4P6, STM32U031F6P6, STM32U031F8P6, STM32U031G6Y6TR, STM32U031G8Y6TR, STM32U031K4U6, STM32U031K6U6, STM32U031K8U6, STM32U031R6I6, STM32U031R6T6, STM32U031R8I6, STM32U031R8T6, STM32U073C8T6, STM32U073C8U6, STM32U073CBT6, STM32U073CBU6, STM32U073CCT6, STM32U073CCU6, STM32U073H8Y6TR, STM32U073HBY6TR, STM32U073HCY6TR, STM32U073K8U6, STM32U073KBU6, STM32U073KCU6, STM32U073M8I6, STM32U073M8T6, STM32U073MBI6, STM32U073MBT6, STM32U073MCI6, STM32U073MCT6, STM32U073R8I6, STM32U073R8T6, STM32U073RBI6, STM32U073RBT6, STM32U073RCI6, STM32U073RCT6, STM32U083C-DK, STM32U083CCT6, STM32U083CCU6, STM32U083HCY6TR, STM32U083KCU6, STM32U083MCI6, STM32U083MCT6, STM32U083RCI6, STM32U083RCT6, STM32U375CET6, STM32U375CET6Q, STM32U375CEU6, STM32U375CEU6Q, STM32U375CEY6QTR, STM32U375CGT6, STM32U375CGT6Q, STM32U375CGU6, STM32U375CGU6Q, STM32U375CGY6QTR, STM32U375KEU6, STM32U375KGU6, STM32U375REI6, STM32U375REI6Q, STM32U375RET6, STM32U375RET6Q, STM32U375REY6GTR, STM32U375REY6QTR, STM32U375RGI6, STM32U375RGI6Q, STM32U375RGT6, STM32U375RGT6Q, STM32U375RGY6GTR, STM32U375RGY6QTR, STM32U375VEI6, STM32U375VEI6Q, STM32U375VET6, STM32U375VET6Q, STM32U375VGI6, STM32U375VGI6Q, STM32U375VGT6, STM32U375VGT6Q, STM32U385CGT6, STM32U385CGT6Q, STM32U385CGU6, STM32U385CGU6Q, STM32U385CGY6QTR, STM32U385KGU6, STM32U385RGI6, STM32U385RGI6Q, STM32U385RGT6, STM32U385RGT6Q, STM32U385RGY6GTR, STM32U385RGY6QTR, STM32U385VGI6, STM32U385VGI6Q, STM32U385VGT6, STM32U385VGT6Q, STM32U535CBT6, STM32U535CBT6Q, STM32U535CBU6, STM32U535CBU6Q, STM32U535CCT6, STM32U535CCT6Q, STM32U535CCU6, STM32U535CCU6Q, STM32U535CET6, STM32U535CET6Q, STM32U535CEU6, STM32U535CEU6Q, STM32U535JEY6QTR, STM32U535NCY6QTR, STM32U535NEY6QTR, STM32U535RBI6, STM32U535RBI6Q, STM32U535RBT6, STM32U535RBT6Q, STM32U535RCI6, STM32U535RCI6Q, STM32U535RCT6, STM32U535RCT6Q, STM32U535REI6, STM32U535REI6Q, STM32U535RET6, STM32U535RET6Q, STM32U535VCI6, STM32U535VCI6Q, STM32U535VCT6, STM32U535VCT6Q, STM32U535VEI6, STM32U535VEI6Q, STM32U535VET6, STM32U535VET6Q, STM32U545CET6, STM32U545CET6Q, STM32U545CEU6, STM32U545CEU6Q, STM32U545JEY6QTR, STM32U545NEY6QTR, STM32U545REI6, STM32U545REI6Q, STM32U545RET6, STM32U545RET6Q, STM32U545VEI6, STM32U545VEI6Q, STM32U545VET6, STM32U545VET6Q, STM32U595AIH6, STM32U595AIH6Q, STM32U595AJH6, STM32U595AJH6Q, STM32U595QII6, STM32U595QII6Q, STM32U595QJI6, STM32U595QJI6Q, STM32U595RIT6, STM32U595RIT6Q, STM32U595RJT6, STM32U595RJT6Q, STM32U595VIT6, STM32U595VIT6Q, STM32U595VJT6, STM32U595VJT6Q, STM32U595ZIT6, STM32U595ZIT6Q, STM32U595ZIY6QTR, STM32U595ZJT6, STM32U595ZJT6Q, STM32U595ZJY6QTR, STM32U599BJY6QTR, STM32U599NIH6Q, STM32U599NJH6Q, STM32U599VIT6Q, STM32U599VJT6, STM32U599VJT6Q, STM32U599ZIT6Q, STM32U599ZIY6QTR, STM32U599ZJT6Q, STM32U599ZJY6QTR, STM32U5A5AJH6, STM32U5A5AJH6Q, STM32U5A5QII3Q , STM32U5A5QJI6, STM32U5A5QJI6Q, STM32U5A5RJT6, STM32U5A5RJT6Q, STM32U5A5VJT6, STM32U5A5VJT6Q, STM32U5A5ZJT6, STM32U5A5ZJT6Q, STM32U5A5ZJY6QTR, STM32U5A9BJY6QTR, STM32U5A9J-DK, STM32U5A9NJH6Q, STM32U5A9VJT6Q, STM32U5A9ZJT6Q, STM32U5A9ZJY6QTR, STM32U5F7VIT6, STM32U5F7VIT6Q, STM32U5F7VJT6, STM32U5F7VJT6Q, STM32U5F9BJY6QTR, STM32U5F9NJH6Q, STM32U5F9VIT6Q, STM32U5F9VJT6Q, STM32U5F9ZIJ6QTR, STM32U5F9ZIT6Q, STM32U5F9ZJJ6QTR, STM32U5F9ZJT6Q, STM32U5G7VJT6, STM32U5G7VJT6Q, STM32U5G9BJY6QTR, STM32U5G9J-DK1, STM32U5G9J-DK2, STM32U5G9NJH6Q, STM32U5G9VJT6Q, STM32U5G9ZJJ6QTR, STM32U5G9ZJT6Q, STM32WB05KZV6TR, STM32WB05KZV7TR, STM32WB05TZF6TR, STM32WB05TZF7TR, STM32WB06CCF6TR, STM32WB06CCF7TR, STM32WB06CCV6TR, STM32WB06CCV7TR, STM32WB06KCV6TR, STM32WB06KCV7TR, STM32WB07CCF6TR, STM32WB07CCF7TR, STM32WB07CCV6TR, STM32WB07CCV7TR, STM32WB07KCV6TR, STM32WB07KCV7TR, STM32WB09KEV6TR, STM32WB09KEV7TR, STM32WB09TEF6TR, STM32WB09TEF7TR, STM32WB1MMCH6, STM32WBA50KGU6, STM32WBA50KGU6TR, STM32WBA52CEU6, STM32WBA52CEU6TR, STM32WBA52CEU7, STM32WBA52CEU7TR, STM32WBA52CGU6, STM32WBA52CGU6TR, STM32WBA52CGU6U, STM32WBA52CGU7, STM32WBA52CGU7TR, STM32WBA52KEU6, STM32WBA52KEU6TR, STM32WBA52KGU6, STM32WBA52KGU6TR, STM32WBA54CEU6, STM32WBA54CEU6TR, STM32WBA54CEU7, STM32WBA54CEU7TR, STM32WBA54CGU6, STM32WBA54CGU6TR, STM32WBA54CGU7, STM32WBA54CGU7TR, STM32WBA54KEU6, STM32WBA54KEU6TR, STM32WBA54KEU7, STM32WBA54KEU7TR, STM32WBA54KGU6, STM32WBA54KGU6TR, STM32WBA54KGU7, STM32WBA54KGU7TR, STM32WBA55CEU6, STM32WBA55CEU6TR, STM32WBA55CEU7, STM32WBA55CEU7TR, STM32WBA55CGU6, STM32WBA55CGU6TR, STM32WBA55CGU6U, STM32WBA55CGU7, STM32WBA55CGU7TR, STM32WBA55G-DK1, STM32WBA55HEF6, STM32WBA55HEF7, STM32WBA55HGF6, STM32WBA55HGF7, STM32WBA55UEI6, STM32WBA55UEI6TR, STM32WBA55UEI7, STM32WBA55UEI7TR, STM32WBA55UGI6, STM32WBA55UGI6TR, STM32WBA55UGI7, STM32WBA55UGI7TR, STM32WBA5MJGH6TR, STM32WBA62CGU6, STM32WBA62CIU6, STM32WBA62MGF6, STM32WBA62MIF6, STM32WBA62PGI6, STM32WBA62PII6, STM32WBA63CGU6, STM32WBA63CGU7, STM32WBA63CIU6, STM32WBA63CIU7, STM32WBA64CGU6, STM32WBA64CGU7, STM32WBA64CIU6, STM32WBA64CIU7, STM32WBA65CGU6, STM32WBA65CGU7, STM32WBA65CIU6, STM32WBA65CIU7, STM32WBA65I-DK1, STM32WBA65MGF6, STM32WBA65MGF7, STM32WBA65MIF6, STM32WBA65MIF7, STM32WBA65PGI6, STM32WBA65PGI7, STM32WBA65PII6, STM32WBA65PII7, STM32WBA65RGV6, STM32WBA65RGV7, STM32WBA65RIV6, STM32WBA65RIV7, STM32WL30K8V6, STM32WL30KBV6, STM32WL31C8V6, STM32WL31CBV6, STM32WL31K8V6, STM32WL31KBV6, STM32WL33C8V6, STM32WL33C8V6TR, STM32WL33C8V7, STM32WL33C8V7TR, STM32WL33CBV6, STM32WL33CBV6TR, STM32WL33CBV7, STM32WL33CBV7TR, STM32WL33CCV6, STM32WL33CCV6TR, STM32WL33CCV7, STM32WL33CCV7A, STM32WL33CCV7ATR, STM32WL33CCV7TR, STM32WL33K8V6, STM32WL33K8V6TR, STM32WL33K8V7, STM32WL33K8V7TR, STM32WL33KBV6, STM32WL33KBV6TR, STM32WL33KBV7, STM32WL33KBV7TR, STM32WL33KCV6, STM32WL33KCV6TR, STM32WL33KCV7, STM32WL33KCV7TR, STM32WL5MOCH6, STM32WL5MOCH6TR]
2026-05-17 08:14:23,422 [INFO] ApiDb:668 - CubeFinder database Data Model version=2.1
2026-05-17 08:14:23,422 [INFO] ApiDb:669 - CubeFinder database Configuration version=3.0.42
2026-05-17 08:14:23,423 [INFO] ApiDb:670 - CubeFinder database generation date=2026-05-06 (1778060171)
2026-05-17 08:14:23,423 [INFO] ApiDb:671 - CubeFinder database FW Pack versions=[FP-ATR-ASTRA1_V2.0.0, FP-SNS-FLIGHT1_V5.1.0, FP-SNS-MOTENV1_V5.1.0, FP-SNS-MOTENVWB1_V1.5.0, FP-SNS-SMARTAG2_V1.2.0, FP-SNS-STBOX1_V2.1.0, STM32Cube_FW_C0_V1.4.0, STM32Cube_FW_F4_V1.28.3, STM32Cube_FW_F7_V1.17.4, STM32Cube_FW_G0_V1.6.3, STM32Cube_FW_G4_V1.6.2, STM32Cube_FW_H5_V1.6.0, STM32Cube_FW_H7RS_V1.3.0, STM32Cube_FW_H7_V1.13.0, STM32Cube_FW_L0_V1.12.2, STM32Cube_FW_L4_V1.18.2, STM32Cube_FW_L5_V1.6.0, STM32Cube_FW_N6_V1.3.0, STM32Cube_FW_U0_V1.3.0, STM32Cube_FW_U3_V1.3.0, STM32Cube_FW_U5_V1.8.0, STM32Cube_FW_WB0_V1.4.0, STM32Cube_FW_WBA_V1.9.0, STM32Cube_FW_WB_V1.24.0, STM32Cube_FW_WL3_V1.4.0, STM32Cube_FW_WL_V1.5.0, X-CUBE-ALGOBUILD_V1.4.0, X-CUBE-ALS_V1.0.2, X-CUBE-AZRTOS-F4_V1.1.0, X-CUBE-AZRTOS-F7_V1.1.0, X-CUBE-AZRTOS-G0_V1.1.0, X-CUBE-AZRTOS-G4_V2.0.0, X-CUBE-AZRTOS-H7RS_V1.1.0, X-CUBE-AZRTOS-H7_V3.5.0, X-CUBE-AZRTOS-L4_V2.0.0, X-CUBE-AZRTOS-L5_V2.0.0, X-CUBE-AZRTOS-WB_V2.0.0, X-CUBE-AZRTOS-WL_V2.0.0, X-CUBE-BLE1_V7.1.0, X-CUBE-BLE2_V3.3.0, X-CUBE-BLEMGR_V4.1.0, X-CUBE-EEPRMA1_V5.2.0, X-CUBE-FREERTOS_V1.5.0, X-CUBE-GNSS1_V6.0.0, X-CUBE-MEMS1_V12.0.0, X-CUBE-NFC4_V3.0.0, X-CUBE-NFC7_V2.0.0, X-CUBE-SFXS2LP1_V4.0.0, X-CUBE-ST67W61_V1.2.0, X-CUBE-SUBG2_V5.0.0, X-CUBE-TOF1_V3.4.3]
2026-05-17 08:14:25,089 [INFO] ApiDb:240 - Found 895 in-development CPN: [B-G473E-ZEST1S, B-WB1M-WPAN1, B-WBA5M-WPAN, B-WL5M-SUBG1, NUCLEO-C031C6, NUCLEO-C051C8, NUCLEO-C071RB, NUCLEO-C092RC, NUCLEO-H503RB, NUCLEO-H533RE, NUCLEO-H563ZI, NUCLEO-H7S3L8, NUCLEO-N657X0-Q, NUCLEO-U031R8, NUCLEO-U083RC, NUCLEO-U385RG-Q, NUCLEO-U545RE-Q, NUCLEO-U5A5ZJ-Q, NUCLEO-WB05KZ, NUCLEO-WB07CC, NUCLEO-WB09KE, NUCLEO-WBA52CG, NUCLEO-WBA55CG, NUCLEO-WBA65RI, NUCLEO-WL33CC1, NUCLEO-WL33CC2, STEVAL-PROTEUS1, STEVAL-SMARTAG2, STEVAL-STWINBX1, STM320518-EVAL, STM32C0116-DK, STM32C011D6Y3TR, STM32C011D6Y6TR, STM32C011F4P3, STM32C011F4P6, STM32C011F4U3, STM32C011F4U6TR, STM32C011F6P3, STM32C011F6P6, STM32C011F6U3, STM32C011F6U6TR, STM32C011J4M3, STM32C011J4M6, STM32C011J6M3, STM32C011J6M6, STM32C0316-DK, STM32C031C4T3, STM32C031C4T6, STM32C031C4U3, STM32C031C4U6, STM32C031C6T3, STM32C031C6T6, STM32C031C6U3, STM32C031C6U6, STM32C031F4P3, STM32C031F4P6, STM32C031F6P3, STM32C031F6P6, STM32C031G4U3, STM32C031G4U6, STM32C031G6U3, STM32C031G6U6, STM32C031K4T3, STM32C031K4T6, STM32C031K4U3, STM32C031K4U6, STM32C031K6T3, STM32C031K6T6, STM32C031K6U3, STM32C031K6U6, STM32C051C6T6, STM32C051C6U6, STM32C051C8T6, STM32C051C8U6, STM32C051D8Y6TR, STM32C051F6P6, STM32C051F8P6, STM32C051G6U6, STM32C051G8U6, STM32C051K6T6, STM32C051K6U6, STM32C051K8T6, STM32C071C8T6, STM32C071C8T6N, STM32C071C8U6, STM32C071C8U6N, STM32C071CBT6, STM32C071CBT6N, STM32C071CBU6, STM32C071CBU6N, STM32C071F8P6, STM32C071F8P6N, STM32C071FBP6, STM32C071FBP6N, STM32C071FBY6TR, STM32C071G8U6, STM32C071G8U6N, STM32C071GBU6, STM32C071GBU6N, STM32C071K8T6, STM32C071K8T6N, STM32C071K8U6, STM32C071K8U6N, STM32C071KBT6, STM32C071KBT6N, STM32C071KBU6, STM32C071KBU6N, STM32C071R8T6, STM32C071R8T6N, STM32C071RBI6N, STM32C071RBT6, STM32C071RBT6N, STM32C091CBT6, STM32C091CBU6, STM32C091CCT6, STM32C091CCU6, STM32C091ECY6TR, STM32C091FBP6, STM32C091FCP6, STM32C091GBU6, STM32C091GCU6, STM32C091KBT6, STM32C091KBU6, STM32C091KCT6, STM32C091KCU6, STM32C091RBT6, STM32C091RCI6, STM32C091RCT6, STM32C092CBT6, STM32C092CBU6, STM32C092CCT6, STM32C092CCU6, STM32C092ECY6TR, STM32C092FBP6, STM32C092FCP6, STM32C092GBU6, STM32C092GCU6, STM32C092KBT6, STM32C092KBU6, STM32C092KCT6, STM32C092KCU6, STM32C092RBT6, STM32C092RCI6, STM32C092RCT6, STM32G071K8TXN, STM32G071K8UXN, STM32G081GBU6N, STM32G081KBT6N, STM32G081KBUXN, STM32G0B1CCT6N, STM32G0B1KCT6, STM32G0B1NEY6TR, STM32G0B1RCT6N, STM32G0C1CCT6, STM32G0C1CCT6N, STM32G0C1CCU6N, STM32G0C1CET6N, STM32G0C1CEU6N, STM32G0C1KCT6, STM32G0C1NEY6TR, STM32G0C1RCI6N, STM32G0C1RCT6N, STM32G0C1REI6N, STM32G0C1RET6N, STM32G0C1VCI6, STM32G0C1VEI6, STM32G411C6T3, STM32G411C6T6, STM32G411C6U3, STM32G411C6U6, STM32G411C8T3, STM32G411C8T6, STM32G411C8U3, STM32G411C8U6, STM32G411CBT3, STM32G411CBT6, STM32G411CBU3, STM32G411CBU6, STM32G411CCT3, STM32G411CCT6, STM32G411CCU3, STM32G411CCU6, STM32G411K6T3, STM32G411K6T6, STM32G411K6U3, STM32G411K6U6, STM32G411K8T3, STM32G411K8T6, STM32G411K8U3, STM32G411K8U6, STM32G411KBT3, STM32G411KBT6, STM32G411KBU3, STM32G411KBU6, STM32G411M6T3, STM32G411M6T6, STM32G411M8T3, STM32G411M8T6, STM32G411MBT3, STM32G411MBT6, STM32G411MCT3, STM32G411MCT6, STM32G411R6T3, STM32G411R6T6, STM32G411R8T3, STM32G411R8T6, STM32G411RBT3, STM32G411RBT6, STM32G411RCT3, STM32G411RCT6, STM32G414CBT3, STM32G414CBT6, STM32G414CBU3, STM32G414CBU6, STM32G414CCT3, STM32G414CCT6, STM32G414CCU3, STM32G414CCU6, STM32G414MBT3, STM32G414MBT6, STM32G414MCT3, STM32G414MCT6, STM32G414RBT3, STM32G414RBT6, STM32G414RCT3, STM32G414RCT6, STM32G414VBT3, STM32G414VBT6, STM32G414VCT3, STM32G414VCT6, STM32G431CBT3Z, STM32G431RBT3Z, STM32G471CCT6, STM32G471CCU6, STM32G471CET3, STM32G471CET6, STM32G471CEU3, STM32G471CEU6, STM32G471MCT6, STM32G471MET3, STM32G471MET6, STM32G471MEY6TR, STM32G471QCT6, STM32G471QET3, STM32G471RCT6, STM32G471RET3, STM32G471RET6, STM32G471VCH6, STM32G471VCI6, STM32G471VCT6, STM32G471VEH3, STM32G471VEH6, STM32G471VEI3, STM32G471VEI6, STM32G471VET3, STM32G471VET6, STM32G473QET3Z, STM32G473RET3Z, STM32G474CCT6, STM32G491RET3Z, STM32H503CBT6, STM32H503CBU6, STM32H503EBY6TR, STM32H503KBU6, STM32H503RBT6, STM32H523CCT6, STM32H523CCU6, STM32H523CET6, STM32H523CEU6, STM32H523HEY6TR, STM32H523RCT6, STM32H523RET6, STM32H523VCI6, STM32H523VCT6, STM32H523VEI6, STM32H523VET6, STM32H523ZCJ6, STM32H523ZCT6, STM32H523ZEJ6, STM32H523ZET6, STM32H533CET6, STM32H533CEU6, STM32H533HEY6TR, STM32H533RET6, STM32H533VEI6, STM32H533VET6, STM32H533ZEJ6, STM32H533ZET6, STM32H562AGI6, STM32H562AII6, STM32H562IGK6, STM32H562IGT6, STM32H562IIK6, STM32H562IIT6, STM32H562RGT6, STM32H562RGV6, STM32H562RIT6, STM32H562RIV6, STM32H562VGT6, STM32H562VIT6, STM32H562ZGT6, STM32H562ZIT6, STM32H563AGI6, STM32H563AII3Q, STM32H563AII6, STM32H563IGK6, STM32H563IGT6, STM32H563IIK3Q, STM32H563IIK6, STM32H563IIT3Q, STM32H563IIT6, STM32H563MIY3QTR, STM32H563RGT6, STM32H563RGV6, STM32H563RIT6, STM32H563RIV6, STM32H563VGT6, STM32H563VIT3Q, STM32H563VIT6, STM32H563ZGT6, STM32H563ZIT3Q, STM32H563ZIT6, STM32H573AII3Q, STM32H573AII6, STM32H573I-DK, STM32H573IIK3Q, STM32H573IIK6, STM32H573IIT3Q, STM32H573IIT6, STM32H573MIY3QTR, STM32H573RIT6, STM32H573RIV6, STM32H573VIT3Q, STM32H573VIT6, STM32H573ZIT3Q, STM32H573ZIT6, STM32H7R3A8I6, STM32H7R3I8K6, STM32H7R3I8T6, STM32H7R3L8H6, STM32H7R3L8H6H, STM32H7R3R8V6, STM32H7R3V8H6, STM32H7R3V8T6, STM32H7R3V8Y6TR, STM32H7R3Z8J6, STM32H7R3Z8T6, STM32H7R7A8I6, STM32H7R7I8K6, STM32H7R7I8T6, STM32H7R7L8H6, STM32H7R7L8H6H, STM32H7R7Z8J6, STM32H7S3A8I6, STM32H7S3I8K6, STM32H7S3I8T6, STM32H7S3L8H6, STM32H7S3L8H6H, STM32H7S3R8V6, STM32H7S3V8H6, STM32H7S3V8T6, STM32H7S3V8Y6TR, STM32H7S3Z8J6, STM32H7S3Z8T6, STM32H7S78-DK, STM32H7S7A8I6, STM32H7S7I8K6, STM32H7S7I8T6, STM32H7S7L8H6, STM32H7S7L8H6H, STM32H7S7Z8J6, STM32L4R5QGI6STR, STM32MP131AAE3, STM32MP131AAF3, STM32MP131AAG3, STM32MP131CAE3, STM32MP131CAF3, STM32MP131CAG3, STM32MP131DAE7, STM32MP131DAF7, STM32MP131DAG7, STM32MP131FAE7, STM32MP131FAF7, STM32MP131FAG7, STM32MP133AAE3, STM32MP133AAF3, STM32MP133AAG3, STM32MP133CAE3, STM32MP133CAF3, STM32MP133CAG3, STM32MP133DAE7, STM32MP133DAF7, STM32MP133DAG7, STM32MP133FAE7, STM32MP133FAF7, STM32MP133FAG7, STM32MP135AAE3, STM32MP135AAF3, STM32MP135AAG3, STM32MP135CAE3, STM32MP135CAF3, STM32MP135CAG3, STM32MP135DAE7, STM32MP135DAF7, STM32MP135DAG7, STM32MP135F-DK, STM32MP135FAE7, STM32MP135FAF7, STM32MP135FAF7T, STM32MP135FAF7U, STM32MP135FAG7, STM32MP231AAJ3, STM32MP231AAK3, STM32MP231AAL3, STM32MP231CAJ3, STM32MP231CAK3, STM32MP231CAL3, STM32MP231DAJ3, STM32MP231DAK3, STM32MP231DAL3, STM32MP231FAJ3, STM32MP231FAK3, STM32MP231FAL3, STM32MP233AAJ3, STM32MP233AAK3, STM32MP233AAL3, STM32MP233CAJ3, STM32MP233CAK3, STM32MP233CAL3, STM32MP233DAJ3, STM32MP233DAK3, STM32MP233DAL3, STM32MP233FAJ3, STM32MP233FAK3, STM32MP233FAL3, STM32MP235AAJ3, STM32MP235AAK3, STM32MP235AAL3, STM32MP235CAJ3, STM32MP235CAK3, STM32MP235CAL3, STM32MP235DAJ3, STM32MP235DAK3, STM32MP235DAL3, STM32MP235FAJ3, STM32MP235FAK3, STM32MP235FAL3, STM32MP251AAI3, STM32MP251AAJ3, STM32MP251AAK3, STM32MP251AAL3, STM32MP251CAI3, STM32MP251CAJ3, STM32MP251CAK3, STM32MP251CAL3, STM32MP251DAI3, STM32MP251DAJ3, STM32MP251DAK3, STM32MP251DAL3, STM32MP251FAI3, STM32MP251FAJ3, STM32MP251FAK3, STM32MP251FAL3, STM32MP253AAI3, STM32MP253AAJ3, STM32MP253AAK3, STM32MP253AAL3, STM32MP253CAI3, STM32MP253CAJ3, STM32MP253CAK3, STM32MP253CAL3, STM32MP253DAI3, STM32MP253DAJ3, STM32MP253DAK3, STM32MP253DAL3, STM32MP253FAI3, STM32MP253FAJ3, STM32MP253FAK3, STM32MP253FAL3, STM32MP255AAI3, STM32MP255AAJ3, STM32MP255AAK3, STM32MP255AAL3, STM32MP255CAI3, STM32MP255CAJ3, STM32MP255CAK3, STM32MP255CAL3, STM32MP255DAI3, STM32MP255DAJ3, STM32MP255DAK3, STM32MP255DAL3, STM32MP255FAI3, STM32MP255FAJ3, STM32MP255FAK3, STM32MP255FAL3, STM32MP257AAI3, STM32MP257AAJ3, STM32MP257AAK3, STM32MP257AAL3, STM32MP257CAI3, STM32MP257CAJ3, STM32MP257CAK3, STM32MP257CAL3, STM32MP257DAI3, STM32MP257DAJ3, STM32MP257DAK3, STM32MP257DAL3, STM32MP257F-DK, STM32MP257F-EV1, STM32MP257FAI3, STM32MP257FAJ3, STM32MP257FAK3, STM32MP257FAL3, STM32N645A0H3Q, STM32N645B0H3Q, STM32N645I0H3Q, STM32N645L0H3Q, STM32N645X0H3Q, STM32N645Z0H3Q, STM32N647A0H3Q, STM32N647B0H3Q, STM32N647I0H3Q, STM32N647L0H3Q, STM32N647X0H3Q, STM32N647Z0H3Q, STM32N655A0H3Q, STM32N655B0H3Q, STM32N655I0H3Q, STM32N655L0H3Q, STM32N655X0H3Q, STM32N655Z0H3Q, STM32N6570-DK, STM32N657A0H3Q, STM32N657B0H3Q, STM32N657I0H3Q, STM32N657L0H3Q, STM32N657X0H3Q, STM32N657Z0H3Q, STM32U031C6T6, STM32U031C6U6, STM32U031C8T6, STM32U031C8U6, STM32U031F4P6, STM32U031F6P6, STM32U031F8P6, STM32U031G6Y6TR, STM32U031G8Y6TR, STM32U031K4U6, STM32U031K6U6, STM32U031K8U6, STM32U031R6I6, STM32U031R6T6, STM32U031R8I6, STM32U031R8T6, STM32U073C8T6, STM32U073C8U6, STM32U073CBT6, STM32U073CBU6, STM32U073CCT6, STM32U073CCU6, STM32U073H8Y6TR, STM32U073HBY6TR, STM32U073HCY6TR, STM32U073K8U6, STM32U073KBU6, STM32U073KCU6, STM32U073M8I6, STM32U073M8T6, STM32U073MBI6, STM32U073MBT6, STM32U073MCI6, STM32U073MCT6, STM32U073R8I6, STM32U073R8T6, STM32U073RBI6, STM32U073RBT6, STM32U073RCI6, STM32U073RCT6, STM32U083C-DK, STM32U083CCT6, STM32U083CCU6, STM32U083HCY6TR, STM32U083KCU6, STM32U083MCI6, STM32U083MCT6, STM32U083RCI6, STM32U083RCT6, STM32U375CET6, STM32U375CET6Q, STM32U375CEU6, STM32U375CEU6Q, STM32U375CEY6QTR, STM32U375CGT6, STM32U375CGT6Q, STM32U375CGU6, STM32U375CGU6Q, STM32U375CGY6QTR, STM32U375KEU6, STM32U375KGU6, STM32U375REI6, STM32U375REI6Q, STM32U375RET6, STM32U375RET6Q, STM32U375REY6GTR, STM32U375REY6QTR, STM32U375RGI6, STM32U375RGI6Q, STM32U375RGT6, STM32U375RGT6Q, STM32U375RGY6GTR, STM32U375RGY6QTR, STM32U375VEI6, STM32U375VEI6Q, STM32U375VET6, STM32U375VET6Q, STM32U375VGI6, STM32U375VGI6Q, STM32U375VGT6, STM32U375VGT6Q, STM32U385CGT6, STM32U385CGT6Q, STM32U385CGU6, STM32U385CGU6Q, STM32U385CGY6QTR, STM32U385KGU6, STM32U385RGI6, STM32U385RGI6Q, STM32U385RGT6, STM32U385RGT6Q, STM32U385RGY6GTR, STM32U385RGY6QTR, STM32U385VGI6, STM32U385VGI6Q, STM32U385VGT6, STM32U385VGT6Q, STM32U535CBT6, STM32U535CBT6Q, STM32U535CBU6, STM32U535CBU6Q, STM32U535CCT6, STM32U535CCT6Q, STM32U535CCU6, STM32U535CCU6Q, STM32U535CET6, STM32U535CET6Q, STM32U535CEU6, STM32U535CEU6Q, STM32U535JEY6QTR, STM32U535NCY6QTR, STM32U535NEY6QTR, STM32U535RBI6, STM32U535RBI6Q, STM32U535RBT6, STM32U535RBT6Q, STM32U535RCI6, STM32U535RCI6Q, STM32U535RCT6, STM32U535RCT6Q, STM32U535REI6, STM32U535REI6Q, STM32U535RET6, STM32U535RET6Q, STM32U535VCI6, STM32U535VCI6Q, STM32U535VCT6, STM32U535VCT6Q, STM32U535VEI6, STM32U535VEI6Q, STM32U535VET6, STM32U535VET6Q, STM32U545CET6, STM32U545CET6Q, STM32U545CEU6, STM32U545CEU6Q, STM32U545JEY6QTR, STM32U545NEY6QTR, STM32U545REI6, STM32U545REI6Q, STM32U545RET6, STM32U545RET6Q, STM32U545VEI6, STM32U545VEI6Q, STM32U545VET6, STM32U545VET6Q, STM32U595AIH6, STM32U595AIH6Q, STM32U595AJH6, STM32U595AJH6Q, STM32U595QII6, STM32U595QII6Q, STM32U595QJI6, STM32U595QJI6Q, STM32U595RIT6, STM32U595RIT6Q, STM32U595RJT6, STM32U595RJT6Q, STM32U595VIT6, STM32U595VIT6Q, STM32U595VJT6, STM32U595VJT6Q, STM32U595ZIT6, STM32U595ZIT6Q, STM32U595ZIY6QTR, STM32U595ZJT6, STM32U595ZJT6Q, STM32U595ZJY6QTR, STM32U599BJY6QTR, STM32U599NIH6Q, STM32U599NJH6Q, STM32U599VIT6Q, STM32U599VJT6, STM32U599VJT6Q, STM32U599ZIT6Q, STM32U599ZIY6QTR, STM32U599ZJT6Q, STM32U599ZJY6QTR, STM32U5A5AJH6, STM32U5A5AJH6Q, STM32U5A5QII3Q , STM32U5A5QJI6, STM32U5A5QJI6Q, STM32U5A5RJT6, STM32U5A5RJT6Q, STM32U5A5VJT6, STM32U5A5VJT6Q, STM32U5A5ZJT6, STM32U5A5ZJT6Q, STM32U5A5ZJY6QTR, STM32U5A9BJY6QTR, STM32U5A9J-DK, STM32U5A9NJH6Q, STM32U5A9VJT6Q, STM32U5A9ZJT6Q, STM32U5A9ZJY6QTR, STM32U5F7VIT6, STM32U5F7VIT6Q, STM32U5F7VJT6, STM32U5F7VJT6Q, STM32U5F9BJY6QTR, STM32U5F9NJH6Q, STM32U5F9VIT6Q, STM32U5F9VJT6Q, STM32U5F9ZIJ6QTR, STM32U5F9ZIT6Q, STM32U5F9ZJJ6QTR, STM32U5F9ZJT6Q, STM32U5G7VJT6, STM32U5G7VJT6Q, STM32U5G9BJY6QTR, STM32U5G9J-DK1, STM32U5G9J-DK2, STM32U5G9NJH6Q, STM32U5G9VJT6Q, STM32U5G9ZJJ6QTR, STM32U5G9ZJT6Q, STM32WB05KZV6TR, STM32WB05KZV7TR, STM32WB05TZF6TR, STM32WB05TZF7TR, STM32WB06CCF6TR, STM32WB06CCF7TR, STM32WB06CCV6TR, STM32WB06CCV7TR, STM32WB06KCV6TR, STM32WB06KCV7TR, STM32WB07CCF6TR, STM32WB07CCF7TR, STM32WB07CCV6TR, STM32WB07CCV7TR, STM32WB07KCV6TR, STM32WB07KCV7TR, STM32WB09KEV6TR, STM32WB09KEV7TR, STM32WB09TEF6TR, STM32WB09TEF7TR, STM32WB1MMCH6, STM32WBA50KGU6, STM32WBA50KGU6TR, STM32WBA52CEU6, STM32WBA52CEU6TR, STM32WBA52CEU7, STM32WBA52CEU7TR, STM32WBA52CGU6, STM32WBA52CGU6TR, STM32WBA52CGU6U, STM32WBA52CGU7, STM32WBA52CGU7TR, STM32WBA52KEU6, STM32WBA52KEU6TR, STM32WBA52KGU6, STM32WBA52KGU6TR, STM32WBA54CEU6, STM32WBA54CEU6TR, STM32WBA54CEU7, STM32WBA54CEU7TR, STM32WBA54CGU6, STM32WBA54CGU6TR, STM32WBA54CGU7, STM32WBA54CGU7TR, STM32WBA54KEU6, STM32WBA54KEU6TR, STM32WBA54KEU7, STM32WBA54KEU7TR, STM32WBA54KGU6, STM32WBA54KGU6TR, STM32WBA54KGU7, STM32WBA54KGU7TR, STM32WBA55CEU6, STM32WBA55CEU6TR, STM32WBA55CEU7, STM32WBA55CEU7TR, STM32WBA55CGU6, STM32WBA55CGU6TR, STM32WBA55CGU6U, STM32WBA55CGU7, STM32WBA55CGU7TR, STM32WBA55G-DK1, STM32WBA55HEF6, STM32WBA55HEF7, STM32WBA55HGF6, STM32WBA55HGF7, STM32WBA55UEI6, STM32WBA55UEI6TR, STM32WBA55UEI7, STM32WBA55UEI7TR, STM32WBA55UGI6, STM32WBA55UGI6TR, STM32WBA55UGI7, STM32WBA55UGI7TR, STM32WBA5MJGH6TR, STM32WBA62CGU6, STM32WBA62CIU6, STM32WBA62MGF6, STM32WBA62MIF6, STM32WBA62PGI6, STM32WBA62PII6, STM32WBA63CGU6, STM32WBA63CGU7, STM32WBA63CIU6, STM32WBA63CIU7, STM32WBA64CGU6, STM32WBA64CGU7, STM32WBA64CIU6, STM32WBA64CIU7, STM32WBA65CGU6, STM32WBA65CGU7, STM32WBA65CIU6, STM32WBA65CIU7, STM32WBA65I-DK1, STM32WBA65MGF6, STM32WBA65MGF7, STM32WBA65MIF6, STM32WBA65MIF7, STM32WBA65PGI6, STM32WBA65PGI7, STM32WBA65PII6, STM32WBA65PII7, STM32WBA65RGV6, STM32WBA65RGV7, STM32WBA65RIV6, STM32WBA65RIV7, STM32WL30K8V6, STM32WL30KBV6, STM32WL31C8V6, STM32WL31CBV6, STM32WL31K8V6, STM32WL31KBV6, STM32WL33C8V6, STM32WL33C8V6TR, STM32WL33C8V7, STM32WL33C8V7TR, STM32WL33CBV6, STM32WL33CBV6TR, STM32WL33CBV7, STM32WL33CBV7TR, STM32WL33CCV6, STM32WL33CCV6TR, STM32WL33CCV7, STM32WL33CCV7A, STM32WL33CCV7ATR, STM32WL33CCV7TR, STM32WL33K8V6, STM32WL33K8V6TR, STM32WL33K8V7, STM32WL33K8V7TR, STM32WL33KBV6, STM32WL33KBV6TR, STM32WL33KBV7, STM32WL33KBV7TR, STM32WL33KCV6, STM32WL33KCV6TR, STM32WL33KCV7, STM32WL33KCV7TR, STM32WL5MOCH6, STM32WL5MOCH6TR]
2026-05-17 08:14:25,094 [INFO] DbMcus:218 - Found 5082 MCUs, 4964 are supported
2026-05-17 08:14:25,094 [INFO] ApiDb:423 - Load user favorites file C:\Users\moonc/.stm32cubeide/favorites.mcus.txt: 0 item(s)
2026-05-17 08:14:25,095 [INFO] ApiDb:427 - User favorites MCUs=[]
2026-05-17 08:14:25,095 [INFO] DbMcus:224 - Set 0 / 0 favorites MCUs
2026-05-17 08:14:25,591 [INFO] BoardInfo:889 - No configuration file found for board NUCLEO-H5E5ZJ
2026-05-17 08:14:25,591 [INFO] DbBoards:161 - Board is not supported: NUCLEO-H5E5ZJ
2026-05-17 08:14:25,616 [INFO] BoardInfo:889 - No configuration file found for board NUCLEO-U3C5ZI-Q
2026-05-17 08:14:25,616 [INFO] DbBoards:161 - Board is not supported: NUCLEO-U3C5ZI-Q
2026-05-17 08:14:25,623 [INFO] BoardInfo:889 - No configuration file found for board NUCLEO-WBA25CE1
2026-05-17 08:14:25,623 [INFO] DbBoards:161 - Board is not supported: NUCLEO-WBA25CE1
2026-05-17 08:14:25,628 [INFO] BoardInfo:889 - No configuration file found for board NUCLEO-WL3RKB1
2026-05-17 08:14:25,628 [INFO] DbBoards:161 - Board is not supported: NUCLEO-WL3RKB1
2026-05-17 08:14:25,629 [INFO] BoardInfo:889 - No configuration file found for board NUCLEO-WL3RKB2
2026-05-17 08:14:25,629 [INFO] DbBoards:161 - Board is not supported: NUCLEO-WL3RKB2
2026-05-17 08:14:25,634 [INFO] BoardInfo:889 - No configuration file found for board P-NUCLEO-WB55
2026-05-17 08:14:25,634 [INFO] DbBoards:161 - Kit is not supported: P-NUCLEO-WB55
2026-05-17 08:14:25,637 [INFO] BoardInfo:889 - No configuration file found for board STEVAL-BFA001V1B
2026-05-17 08:14:25,637 [INFO] DbBoards:161 - Kit is not supported: STEVAL-BFA001V1B
2026-05-17 08:14:25,638 [INFO] BoardInfo:889 - No configuration file found for board STEVAL-BFA001V2B
2026-05-17 08:14:25,638 [INFO] DbBoards:161 - Kit is not supported: STEVAL-BFA001V2B
2026-05-17 08:14:25,684 [INFO] BoardInfo:889 - No configuration file found for board STM32H5F5J-DK
2026-05-17 08:14:25,684 [INFO] DbBoards:161 - Board is not supported: STM32H5F5J-DK
2026-05-17 08:14:25,711 [INFO] BoardInfo:889 - No configuration file found for board STM32MP215F-DK
2026-05-17 08:14:25,711 [INFO] DbBoards:161 - Board is not supported: STM32MP215F-DK
2026-05-17 08:14:25,722 [INFO] DbBoards:168 - Found 218 boards, 208 are supported
2026-05-17 08:14:25,722 [INFO] DbBoards:169 - Found 218 boards, 43 of them is supported for  Bsp
2026-05-17 08:14:25,727 [INFO] ApiDb:423 - Load user favorites file C:\Users\moonc/.stm32cubeide/favorites.boards.txt: 1 item(s)
2026-05-17 08:14:25,727 [INFO] ApiDb:427 - User favorites Boards=[NUCLEO-F446RE]
2026-05-17 08:14:25,727 [INFO] DbBoards:198 - Set 1 / 1 favorites Boards
2026-05-17 08:14:25,727 [INFO] McuFinderGlobals:76 - Set McuFinderConnectedMode to true
2026-05-17 08:14:25,732 [INFO] MultiScanPanel:200 - Auto-refresh data requested => check proxy status ongoing
2026-05-17 08:14:25,734 [INFO] FinderPluginLoader:95 - Searching for filters in installed packs
2026-05-17 08:14:26,643 [INFO] LoadUrlFilesThread:185 - End of LoadServerUrlFiles without Thread
2026-05-17 08:14:26,659 [INFO] DetailPanel:341 - Set advertising image to C:/Users/moonc/STM32Cube/Repository/\en.prom-stm32wba2-stm32-nucleo-board-0426.png
2026-05-17 08:14:39,316 [INFO] MultiScanPanel:200 - Auto-refresh data requested => check proxy status ongoing
2026-05-17 08:14:39,392 [INFO] LoadUrlFilesThread:185 - End of LoadServerUrlFiles without Thread
2026-05-17 08:14:39,392 [INFO] DetailPanel:341 - Set advertising image to C:/Users/moonc/STM32Cube/Repository/\en.prom-stm32wba2-stm32-nucleo-board-0426.png
2026-05-17 08:14:39,400 [INFO] DbBoards:642 - Loading board mini-images...
2026-05-17 08:14:41,016 [INFO] DbBoards:665 - Loaded 218 board mini-images
2026-05-17 08:15:04,337 [INFO] MainUpdater:2872 - connection check result : 10
2026-05-17 08:15:04,337 [INFO] MainUpdater:2872 - connection check result : 10
2026-05-17 08:15:04,348 [INFO] MicroXplorer:468 - Change Database Path : 
2026-05-17 08:15:04,348 [INFO] MicroXplorer:498 - Change Database Version : DB.6.0.141
2026-05-17 08:15:04,352 [WARN] ThirdParty:871 - waiting for thirdparty lock release [close project]
2026-05-17 08:15:04,352 [INFO] ThirdParty:873 - entering critical section [close project]
2026-05-17 08:15:04,353 [INFO] ThirdParty:883 - exiting critical section [close project]
2026-05-17 08:15:04,354 [INFO] PinOutPanel:1589 - setPackage(No Configuration,No Configuration)
2026-05-17 08:15:04,358 [INFO] UtilMem:75 - Begin LoadConfig() Used Memory: 927727648 Bytes (1073741824)
2026-05-17 08:15:04,361 [INFO] OpenFileManager:354 - Change cursor
2026-05-17 08:15:04,393 [INFO] ProjectFactory:442 - No CPN specified for board NUCLEO-F446RE => set CPN to STM32F446RET6
2026-05-17 08:15:04,394 [INFO] Mcu:2011 - Initializing MCU STM32F446R(C-E)Tx STM32F446RETx STM32F446RET6
2026-05-17 08:15:05,661 [INFO] Context:756 - Trying to add GPIOservice into a context  which must be forbidden
2026-05-17 08:15:05,988 [INFO] Rule:225 - rule 117617 - U5Cobra4M][GTZC] default value MPCBB3 and MPCBB5 - Not Secured memory - MPCBB1 is applicable
2026-05-17 08:15:05,989 [INFO] Rule:225 - rule 117617 - U5Cobra4M][GTZC] default value MPCBB3 and MPCBB5 - Not Secured memory - MPCBB1 is applicable
2026-05-17 08:15:05,989 [INFO] Rule:225 - rule 117617 - U5Cobra4M][GTZC] default value MPCBB3 and MPCBB5 - Not Secured memory - MPCBB2 is applicable
2026-05-17 08:15:05,989 [INFO] Rule:225 - rule 117617 - U5Cobra4M][GTZC] default value MPCBB3 and MPCBB5 - Not Secured memory - MPCBB2 is applicable
2026-05-17 08:15:05,989 [INFO] Rule:225 - rule 117617 - U5Cobra4M][GTZC] default value MPCBB3 and MPCBB5 - Not Secured memory - MPCBB3 is applicable
2026-05-17 08:15:05,989 [INFO] Rule:225 - rule 117617 - U5Cobra4M][GTZC] default value MPCBB3 and MPCBB5 - Not Secured memory - MPCBB3 is applicable
2026-05-17 08:15:05,989 [INFO] Rule:225 - rule 117617 - U5Cobra4M][GTZC] default value MPCBB3 and MPCBB5 - Not Secured memory - MPCBB4 is applicable
2026-05-17 08:15:05,989 [INFO] Rule:225 - rule 117617 - U5Cobra4M][GTZC] default value MPCBB3 and MPCBB5 - Not Secured memory - MPCBB4 is applicable
2026-05-17 08:15:05,989 [INFO] Rule:225 - rule 117617 - U5Cobra4M][GTZC] default value MPCBB3 and MPCBB5 - Secured memory - MPCBB1 is applicable
2026-05-17 08:15:05,989 [INFO] Rule:225 - rule 117617 - U5Cobra4M][GTZC] default value MPCBB3 and MPCBB5 - Secured memory - MPCBB2 is applicable
2026-05-17 08:15:05,989 [INFO] Rule:225 - rule 117617 - U5Cobra4M][GTZC] default value MPCBB3 and MPCBB5 - Secured memory - MPCBB3 is applicable
2026-05-17 08:15:05,989 [INFO] Rule:225 - rule 117617 - U5Cobra4M][GTZC] default value MPCBB3 and MPCBB5 - Secured memory - MPCBB4 is applicable
2026-05-17 08:15:05,989 [INFO] Rule:225 - rule 117617 - U5Cobra4M][GTZC] default value MPCBB3 and MPCBB5 - Privileged memory - MPCBB1 is applicable
2026-05-17 08:15:05,989 [INFO] Rule:225 - rule 117617 - U5Cobra4M][GTZC] default value MPCBB3 and MPCBB5 - Privileged memory - MPCBB2 is applicable
2026-05-17 08:15:05,989 [INFO] Rule:225 - rule 117617 - U5Cobra4M][GTZC] default value MPCBB3 and MPCBB5 - Privileged memory - MPCBB3 is applicable
2026-05-17 08:15:05,989 [INFO] Rule:225 - rule 117617 - U5Cobra4M][GTZC] default value MPCBB3 and MPCBB5 - Privileged memory - MPCBB4 is applicable
2026-05-17 08:15:05,989 [INFO] Rule:225 - rule 117617 - U5Cobra4M][GTZC] default value MPCBB3 and MPCBB5 - Not Privileged memory - MPCBB1 is applicable
2026-05-17 08:15:05,989 [INFO] Rule:225 - rule 117617 - U5Cobra4M][GTZC] default value MPCBB3 and MPCBB5 - Not Privileged memory - MPCBB2 is applicable
2026-05-17 08:15:05,989 [INFO] Rule:225 - rule 117617 - U5Cobra4M][GTZC] default value MPCBB3 and MPCBB5 - Not Privileged memory - MPCBB3 is applicable
2026-05-17 08:15:05,989 [INFO] Rule:225 - rule 117617 - U5Cobra4M][GTZC] default value MPCBB3 and MPCBB5 - Not Privileged memory - MPCBB4 is applicable
2026-05-17 08:15:05,989 [INFO] Rule:225 - rule 117617 - U5Cobra4M][GTZC] default value MPCBB3 and MPCBB5 - Privileged memory - MPCBB1 is applicable
2026-05-17 08:15:05,989 [INFO] Rule:225 - rule 117617 - U5Cobra4M][GTZC] default value MPCBB3 and MPCBB5 - Privileged memory - MPCBB2 is applicable
2026-05-17 08:15:05,989 [INFO] Rule:225 - rule 117617 - U5Cobra4M][GTZC] default value MPCBB3 and MPCBB5 - Privileged memory - MPCBB3 is applicable
2026-05-17 08:15:05,990 [INFO] Rule:225 - rule 117617 - U5Cobra4M][GTZC] default value MPCBB3 and MPCBB5 - Privileged memory - MPCBB4 is applicable
2026-05-17 08:15:05,990 [INFO] Rule:225 - rule 117617 - U5Cobra4M][GTZC] default value MPCBB3 and MPCBB5 - Privileged memory - MPCBB1 is applicable
2026-05-17 08:15:05,990 [INFO] Rule:225 - rule 117617 - U5Cobra4M][GTZC] default value MPCBB3 and MPCBB5 - Privileged memory - MPCBB2 is applicable
2026-05-17 08:15:05,990 [INFO] Rule:225 - rule 117617 - U5Cobra4M][GTZC] default value MPCBB3 and MPCBB5 - Privileged memory - MPCBB3 is applicable
2026-05-17 08:15:05,990 [INFO] Rule:225 - rule 117617 - U5Cobra4M][GTZC] default value MPCBB3 and MPCBB5 - Privileged memory - MPCBB4 is applicable
2026-05-17 08:15:05,990 [INFO] Rule:225 - rule 117617 - U5Cobra4M][GTZC] default value MPCBB3 and MPCBB5 - Not Privileged memory - MPCBB1 is applicable
2026-05-17 08:15:05,990 [INFO] Rule:225 - rule 117617 - U5Cobra4M][GTZC] default value MPCBB3 and MPCBB5 - Not Privileged memory - MPCBB2 is applicable
2026-05-17 08:15:05,990 [INFO] Rule:225 - rule 117617 - U5Cobra4M][GTZC] default value MPCBB3 and MPCBB5 - Not Privileged memory - MPCBB3 is applicable
2026-05-17 08:15:05,990 [INFO] Rule:225 - rule 117617 - U5Cobra4M][GTZC] default value MPCBB3 and MPCBB5 - Not Privileged memory - MPCBB4 is applicable
2026-05-17 08:15:05,990 [INFO] Rule:225 - rule 117617 - U5Cobra4M][GTZC] default value MPCBB3 and MPCBB5 - Privileged memory - MPCBB1 is applicable
2026-05-17 08:15:05,990 [INFO] Rule:225 - rule 117617 - U5Cobra4M][GTZC] default value MPCBB3 and MPCBB5 - Privileged memory - MPCBB2 is applicable
2026-05-17 08:15:05,990 [INFO] Rule:225 - rule 117617 - U5Cobra4M][GTZC] default value MPCBB3 and MPCBB5 - Privileged memory - MPCBB3 is applicable
2026-05-17 08:15:05,990 [INFO] Rule:225 - rule 117617 - U5Cobra4M][GTZC] default value MPCBB3 and MPCBB5 - Privileged memory - MPCBB4 is applicable
2026-05-17 08:15:05,990 [INFO] Rule:225 - rule Rename SubGHz_Phy SUBGHZ_APPLICATION SUBGHZ_PINGPONG to SUBGHZ_ADV_APPLICATION is applicable
2026-05-17 08:15:05,990 [INFO] Rule:225 - rule Rename Enabled to IBEACON is applicable
2026-05-17 08:15:05,990 [INFO] Rule:225 - rule GTZC_S instance for project manager is applicable
2026-05-17 08:15:05,990 [INFO] Rule:225 - rule GTZC_S instance for context M33S is applicable
2026-05-17 08:15:05,990 [INFO] Rule:225 - rule GTZC_S instance value for IP GTZC is applicable
2026-05-17 08:15:05,990 [INFO] Rule:225 - rule GTZC_S instance for mcu.IP is applicable
2026-05-17 08:15:05,991 [INFO] Rule:225 - rule GTZC_S instance for VP is applicable
2026-05-17 08:15:05,991 [INFO] Rule:225 - rule GTZC_S instance for signal is applicable
2026-05-17 08:15:05,991 [INFO] Rule:225 - rule GTZC_S instance for mcu.Pin is applicable
2026-05-17 08:15:05,991 [INFO] Rule:225 - rule GTZC_S instance for VP is applicable
2026-05-17 08:15:05,991 [INFO] Rule:225 - rule GTZC_S instance for signal is applicable
2026-05-17 08:15:05,991 [INFO] Rule:225 - rule GTZC_S instance for mcu is applicable
2026-05-17 08:15:05,991 [INFO] Rule:225 - rule GTZC_S instance for mcu.Pin is applicable
2026-05-17 08:15:05,991 [INFO] Rule:225 - rule GTZC_S instance value for IP GTZC is applicable
2026-05-17 08:15:05,991 [INFO] Rule:225 - rule GTZC_S instance for project manager is applicable
2026-05-17 08:15:05,991 [INFO] Rule:225 - rule GTZC_S instance for context M33S is applicable
2026-05-17 08:15:05,991 [INFO] Rule:225 - rule GTZC_S instance for VP is applicable
2026-05-17 08:15:05,991 [INFO] Rule:225 - rule GTZC_S instance for signal is applicable
2026-05-17 08:15:05,991 [INFO] Rule:225 - rule SPDIFRX instance for mcu is applicable
2026-05-17 08:15:05,991 [INFO] Rule:225 - rule Rename Tracer Mode is applicable
2026-05-17 08:15:05,991 [INFO] Rule:225 - rule SPDIFRX instance value for IP SPDIFRX is applicable
2026-05-17 08:15:05,991 [INFO] Rule:225 - rule SPDIFRX instance for signal is applicable
2026-05-17 08:15:05,991 [INFO] Rule:225 - rule SPDIFRX instance for project manager is applicable
2026-05-17 08:15:05,991 [INFO] Rule:225 - rule SPDIFRX instance for project manager is applicable
2026-05-17 08:15:05,991 [INFO] Rule:225 - rule ADC Scan  fix with FW F7 is applicable
2026-05-17 08:15:05,991 [INFO] Rule:225 - rule ADC Scan  fix with FW F7 is applicable
2026-05-17 08:15:05,991 [INFO] Rule:225 - rule WakeUp0 Mode is applicable
2026-05-17 08:15:05,991 [INFO] Rule:225 - rule WakeUp0 SIGNAL is applicable
2026-05-17 08:15:05,991 [INFO] Rule:225 - rule WakeUp1 Mode is applicable
2026-05-17 08:15:05,991 [INFO] Rule:225 - rule WakeUp1 SIGNAL is applicable
2026-05-17 08:15:05,991 [INFO] Rule:225 - rule WakeUp2 Mode is applicable
2026-05-17 08:15:05,991 [INFO] Rule:225 - rule WakeUp2 SIGNAL is applicable
2026-05-17 08:15:05,991 [INFO] Rule:225 - rule WakeUp4 Mode is applicable
2026-05-17 08:15:05,992 [INFO] Rule:225 - rule WakeUp4 SIGNAL is applicable
2026-05-17 08:15:05,992 [INFO] Rule:225 - rule WakeUp5 Mode is applicable
2026-05-17 08:15:05,992 [INFO] Rule:225 - rule WakeUp5 SIGNAL is applicable
2026-05-17 08:15:05,992 [INFO] Rule:225 - rule Add RTC Activate Clock Source is applicable
2026-05-17 08:15:05,992 [INFO] Rule:225 - rule Add RTC Activate Calendar 1 is applicable
2026-05-17 08:15:05,992 [INFO] Rule:225 - rule Add RTC Activate Calendar 2 is applicable
2026-05-17 08:15:05,992 [INFO] Rule:225 - rule Add RTC Activate Calendar 3 is applicable
2026-05-17 08:15:05,992 [INFO] Rule:225 - rule UART/USART TX Mode is applicable
2026-05-17 08:15:05,992 [INFO] Rule:225 - rule UART/USART RX Mode is applicable
2026-05-17 08:15:05,992 [INFO] Rule:225 - rule UART/USART RX TX Mode is applicable
2026-05-17 08:15:05,992 [INFO] Rule:225 - rule UART/USART PARITY NONE is applicable
2026-05-17 08:15:05,992 [INFO] Rule:225 - rule UART/USART PARITY EVEN is applicable
2026-05-17 08:15:05,992 [INFO] Rule:225 - rule UART/USART PARITY ODD is applicable
2026-05-17 08:15:05,992 [INFO] Rule:225 - rule USART StopBits 1 is applicable
2026-05-17 08:15:05,992 [INFO] Rule:225 - rule USART StopBits 2 is applicable
2026-05-17 08:15:05,992 [INFO] Rule:225 - rule USART StopBits 1.5 is applicable
2026-05-17 08:15:05,992 [INFO] Rule:225 - rule USART StopBits 0.5 is applicable
2026-05-17 08:15:05,992 [INFO] Rule:225 - rule UART/USART WORD LENGTH 7 is applicable
2026-05-17 08:15:05,992 [INFO] Rule:225 - rule UART/USART WORD LENGTH 8 is applicable
2026-05-17 08:15:05,992 [INFO] Rule:225 - rule UART/USART WORD LENGTH 9 is applicable
2026-05-17 08:15:05,992 [INFO] Rule:225 - rule Rename FMC NAND NCE signal is applicable
2026-05-17 08:15:05,992 [INFO] Rule:225 - rule Rename FMC NAND INT signal is applicable
2026-05-17 08:15:05,992 [INFO] Rule:225 - rule Change Default Value for LSE Drive Capability for WB family is applicable
2026-05-17 08:15:05,992 [INFO] Rule:225 - rule Change Default Value for ADC Clock Prescaler G0 family is applicable
2026-05-17 08:15:05,992 [INFO] Rule:225 - rule Change Default Value for ADC ExternalTrigConv L4 family is applicable
2026-05-17 08:15:05,992 [INFO] Rule:225 - rule Change Default Value for ADC ExternalTrigInjecConv L4 family is applicable
2026-05-17 08:15:05,992 [INFO] Rule:225 - rule Change Default Value for ADC ExternalTrigConv F3 family is applicable
2026-05-17 08:15:05,993 [INFO] Rule:225 - rule Change Default Value for ADC ExternalTrigInjecConv F3 family is applicable
2026-05-17 08:15:05,993 [INFO] Rule:225 - rule Change Default Value for ADC ExternalTrigConv Goldfish serie is applicable
2026-05-17 08:15:05,993 [INFO] Rule:225 - rule Change Default Value for ADC ExternalTrigInjecConv Goldfish serie is applicable
2026-05-17 08:15:05,993 [INFO] Rule:225 - rule Change Default Value for ADC ExternalTrigConv L0 family is applicable
2026-05-17 08:15:05,993 [INFO] Rule:225 - rule Change Default Value for ADC ExternalTrigConv F0 family is applicable
2026-05-17 08:15:05,993 [INFO] Rule:225 - rule Change Default Value for ADC ExternalTrigConvn L1 family is applicable
2026-05-17 08:15:05,993 [INFO] Rule:225 - rule Change Default Value for ADC ExternalTrigInjecConv L1 family is applicable
2026-05-17 08:15:05,993 [INFO] Rule:225 - rule Change Default Value for ADC ExternalTrigConv F1 family is applicable
2026-05-17 08:15:05,993 [INFO] Rule:225 - rule Change Default Value for ADC ExternalTrigInjecConv F1 family is applicable
2026-05-17 08:15:05,993 [INFO] Rule:225 - rule Change Default Value for ADC ExternalTrigConv F7 family is applicable
2026-05-17 08:15:05,993 [INFO] Rule:225 - rule Change Default Value for ADC ExternalTrigInjecConv F7 family is applicable
2026-05-17 08:15:05,993 [INFO] Rule:225 - rule Change Default Value for ADC ExternalTrigConv F4 and F2 family is applicable
2026-05-17 08:15:05,993 [INFO] Rule:225 - rule Change Default Value for ADC ExternalTrigInjecConv F4 and F2 family is applicable
2026-05-17 08:15:05,993 [INFO] Rule:225 - rule ADC SamplingTime fix with FW L0  is applicable
2026-05-17 08:15:05,993 [INFO] Rule:225 - rule ADC SamplingTime fix with FW L0  is applicable
2026-05-17 08:15:05,993 [INFO] Rule:225 - rule ADC SamplingTime fix with FW L0 is applicable
2026-05-17 08:15:05,993 [INFO] Rule:225 - rule ADC SamplingTime fix with FW L0 is applicable
2026-05-17 08:15:05,993 [INFO] Rule:225 - rule ADC SamplingTime fix with FW L0  is applicable
2026-05-17 08:15:05,993 [INFO] Rule:225 - rule ADC SamplingTime fix with FW L0 is applicable
2026-05-17 08:15:05,993 [INFO] Rule:225 - rule Rename USB_OE Signal is applicable
2026-05-17 08:15:05,993 [INFO] Rule:225 - rule Rename Activate_OE Mode is applicable
2026-05-17 08:15:05,993 [INFO] Rule:225 - rule Rename DIE462/DIE415 pin PC14/OSC32_IN -> PC14-OSC32_IN (PC14) is applicable
2026-05-17 08:15:05,993 [INFO] Rule:225 - rule Rename DIE462/DIE415 pin PC15/OSC32_OUT -> PC15-OSC32_OUT (PC15) is applicable
2026-05-17 08:15:05,993 [INFO] Rule:225 - rule Rename DIE462/DIE415 pin PH0/OSC_IN -> PH0-OSC_IN (PH0) is applicable
2026-05-17 08:15:05,993 [INFO] Rule:225 - rule Rename DIE462/DIE415 pin PH1/OSC_OUT -> PH1-OSC_OUT (PH1) is applicable
2026-05-17 08:15:05,993 [INFO] Rule:225 - rule Rename DIE462 pin PA13 -> PA13 (JTMS/SWDIO) is applicable
2026-05-17 08:15:05,993 [INFO] Rule:225 - rule Rename DIE415 pin PA13 -> PA13 (JTMS/SWDIO) is applicable
2026-05-17 08:15:05,994 [INFO] Rule:225 - rule Rename DIE462 pin PA14 -> PA14 (JTCK/SWCLK) is applicable
2026-05-17 08:15:05,994 [INFO] Rule:225 - rule Rename DIE415 pin PA14 -> PA14 (JTCK/SWCLK) is applicable
2026-05-17 08:15:05,994 [INFO] Rule:225 - rule Rename DIE462/DIE415 pin PA15 -> PA15 (JTDI) is applicable
2026-05-17 08:15:05,994 [INFO] Rule:225 - rule Rename DIE462 pin PB3 -> PB3 (JTD0/TRACESWO) is applicable
2026-05-17 08:15:05,994 [INFO] Rule:225 - rule Rename DIE415 pin PB3 -> PB3 (JTD0-TRACESWO) is applicable
2026-05-17 08:15:05,994 [INFO] Rule:225 - rule Rename DIE462/DIE415 pin PB4 -> PB4 (NJTRST) is applicable
2026-05-17 08:15:05,994 [INFO] Rule:225 - rule Rename DIE462 pin PH3/BOOT0 -> PH3-BOOT0 (BOOT0) is applicable
2026-05-17 08:15:05,994 [INFO] Rule:225 - rule Rename CRYP DataEncryptionTypesList to Algorithm is applicable
2026-05-17 08:15:05,994 [INFO] Rule:225 - rule Rename AES DataEncryptionTypesList to Algorithm is applicable
2026-05-17 08:15:05,995 [INFO] Rule:225 - rule Rename TDESECB to CRYP_TDES_ECB is applicable
2026-05-17 08:15:05,995 [INFO] Rule:225 - rule Rename TDESCBC to CRYP_TDES_CBC is applicable
2026-05-17 08:15:05,995 [INFO] Rule:225 - rule Rename DESECB to CRYP_DES_ECB is applicable
2026-05-17 08:15:05,995 [INFO] Rule:225 - rule Rename DESCBC to CRYP_DES_CBC is applicable
2026-05-17 08:15:05,995 [INFO] Rule:225 - rule Rename AESECB to CRYP_AES_ECB is applicable
2026-05-17 08:15:05,995 [INFO] Rule:225 - rule Rename AESCBC to CRYP_AES_CBC is applicable
2026-05-17 08:15:05,995 [INFO] Rule:225 - rule Rename AESCTR to CRYP_AES_CTR is applicable
2026-05-17 08:15:05,995 [INFO] Rule:225 - rule Rename AESGCM to CRYP_AES_GCM is applicable
2026-05-17 08:15:05,995 [INFO] Rule:225 - rule Rename AESCCM to CRYP_AES_CCM is applicable
2026-05-17 08:15:05,995 [INFO] Rule:225 - rule Rename CAN TimeSeg1 to BS1 is applicable
2026-05-17 08:15:05,995 [INFO] Rule:225 - rule Rename CAN TimeSeg2 to BS2 is applicable
2026-05-17 08:15:05,995 [INFO] Rule:225 - rule Rename CAN SyncJumpWidth to SJW is applicable
2026-05-17 08:15:05,995 [INFO] Rule:225 - rule TimeTriggeredMode to TTCM is applicable
2026-05-17 08:15:05,995 [INFO] Rule:225 - rule Rename CAN AutoBusOff to ABOM is applicable
2026-05-17 08:15:05,995 [INFO] Rule:225 - rule Rename CAN AutoWakeUp to AWUM is applicable
2026-05-17 08:15:05,995 [INFO] Rule:225 - rule Rename CAN AutoRetransmission to NART is applicable
2026-05-17 08:15:05,995 [INFO] Rule:225 - rule Rename CAN ReceiveFifoLocked to RFLM is applicable
2026-05-17 08:15:05,995 [INFO] Rule:225 - rule Rename CAN TransmitFifoPriority to TXFP is applicable
2026-05-17 08:15:05,995 [INFO] Rule:225 - rule Rename HRTIMER HRTIM_OUTPUTFAULTLEVEL_HIGH in HRTIMER HRTIM_OUTPUTFAULTLEVEL_HIGHZ is applicable
2026-05-17 08:15:05,995 [INFO] Rule:225 - rule Rename TIMER TIM_CLEARINPUTSOURCE_OCREFCLR in  TIMER TIM_CLEARINPUTSOURCE_NONE for F7 family is applicable
2026-05-17 08:15:05,995 [INFO] Rule:225 - rule FDCAN_R1 - Rename FDCAN mode Master into Classic is applicable
2026-05-17 08:15:05,995 [INFO] Rule:225 - rule FDCAN_R2 - Rename FDCAN mode Slave into Classic is applicable
2026-05-17 08:15:05,995 [INFO] Rule:225 - rule FDCAN1_R3 - if PA10.Mode=FullDuplex, add Pin PA12 is applicable
2026-05-17 08:15:05,995 [INFO] Rule:225 - rule FDCAN1_R3 - if PA9.Mode=FullDuplex, add Pin PA11 is applicable
2026-05-17 08:15:05,995 [INFO] Rule:225 - rule FDCAN1_R3 - Alternatepin_1 - if PE1.Mode=FullDuplex, add Pin PB9 is applicable
2026-05-17 08:15:05,995 [INFO] Rule:225 - rule FDCAN1_R3 - Alternatepin_1 - if PE0.Mode=FullDuplex, add Pin PB8 is applicable
2026-05-17 08:15:05,996 [INFO] Rule:225 - rule FDCAN1_R3 - Alternatepin_2 - if PD5.Mode=FullDuplex, add Pin PD1 is applicable
2026-05-17 08:15:05,996 [INFO] Rule:225 - rule FDCAN1_R3 - Alternatepin_2 - if PD4.Mode=FullDuplex, add Pin PD0 is applicable
2026-05-17 08:15:05,996 [INFO] Rule:225 - rule FDCAN1_R4 - Rename Mode FullDuplex into Enable FDCAN_TXFD for pin PA10 is applicable
2026-05-17 08:15:05,996 [INFO] Rule:225 - rule FDCAN1_R4 - Rename Mode FullDuplex into Enable FDCAN_TXFD for pin PA9 is applicable
2026-05-17 08:15:05,996 [INFO] Rule:225 - rule FDCAN1_R4 - Alternatepin_1 - Rename Mode FullDuplex into Enable FDCAN_TXFD for pin PE1 is applicable
2026-05-17 08:15:05,996 [INFO] Rule:225 - rule FDCAN1_R4 - Alternatepin_1 - Rename Mode FullDuplex into Enable FDCAN_TXFD for pin PE0 is applicable
2026-05-17 08:15:05,996 [INFO] Rule:225 - rule FDCAN1_R4 - Alternatepin_2 - Rename Mode FullDuplex into Enable FDCAN_TXFD for pin PD5 is applicable
2026-05-17 08:15:05,996 [INFO] Rule:225 - rule FDCAN1_R4 - Alternatepin_2 - Rename Mode FullDuplex into Enable FDCAN_TXFD for pin PD4 is applicable
2026-05-17 08:15:05,996 [INFO] Rule:225 - rule FDCAN2_R3 - if PD10.Mode=FullDuplex, add Pin PB13 is applicable
2026-05-17 08:15:05,996 [INFO] Rule:225 - rule FDCAN2_R3 - if PD9.Mode=FullDuplex, add Pin PB12 is applicable
2026-05-17 08:15:05,996 [INFO] Rule:225 - rule FDCAN2_R3 - Alternatepin_1 - if PB7.Mode=FullDuplex, add Pin PB6 is applicable
2026-05-17 08:15:05,996 [INFO] Rule:225 - rule FDCAN2_R3 - Alternatepin_1 - if PD9.Mode=FullDuplex, add Pin PB12 is applicable
2026-05-17 08:15:05,996 [INFO] Rule:225 - rule FDCAN2_R4 - Rename Mode FullDuplex into Enable FDCAN_TXFD for pin PD10 is applicable
2026-05-17 08:15:05,996 [INFO] Rule:225 - rule FDCAN2_R4 - Rename Mode FullDuplex into Enable FDCAN_TXFD for pin PD9 is applicable
2026-05-17 08:15:05,996 [INFO] Rule:225 - rule FDCAN2_R4 - Alternatepin_1 - Rename Mode FullDuplex into Enable FDCAN_TXFD for pin PB7 is applicable
2026-05-17 08:15:05,996 [INFO] Rule:225 - rule FDCAN2_R4 - Alternatepin_1 - Rename Mode FullDuplex into Enable FDCAN_TXFD for pin PD6 is applicable
2026-05-17 08:15:05,996 [INFO] Rule:225 - rule USART TxPinLevelInvertParam Mode is applicable
2026-05-17 08:15:05,996 [INFO] Rule:225 - rule USART RxPinLevelInvertParam Mode is applicable
2026-05-17 08:15:05,996 [INFO] Rule:225 - rule USART DataInvertParam Mode is applicable
2026-05-17 08:15:05,996 [INFO] Rule:225 - rule USART SwapParam Mode is applicable
2026-05-17 08:15:05,996 [INFO] Rule:225 - rule USART OverrunDisableParam Mode is applicable
2026-05-17 08:15:05,996 [INFO] Rule:225 - rule USART DMADisableonRxErrorParam Mode is applicable
2026-05-17 08:15:05,996 [INFO] Rule:225 - rule USART MSBFirstParam Mode is applicable
2026-05-17 08:15:05,996 [INFO] Rule:225 - rule Update MwName for USB_DEVICE is applicable
2026-05-17 08:15:05,996 [INFO] Rule:225 - rule Change PWR_Regulator_Voltage_Scale Default Value for RCC  H7 family is applicable
2026-05-17 08:15:05,997 [INFO] Rule:225 - rule UART/USART IPParameter rename Prescaler parameter to ClockPrescaler is applicable
2026-05-17 08:15:05,997 [INFO] Rule:225 - rule UART/USART Prescaler rename Prescaler parameter to ClockPrescaler is applicable
2026-05-17 08:15:05,997 [INFO] Rule:225 - rule TIM1CLockSelection is applicable
2026-05-17 08:15:05,997 [INFO] Rule:225 - rule TIM15CLockSelection is applicable
2026-05-17 08:15:05,997 [INFO] Rule:225 - rule align RCC SDMMC3CLockSelection default value on MP1 is applicable
2026-05-17 08:15:05,997 [INFO] Rule:225 - rule align RCC SDMMC12CLockSelection default value on MP1 is applicable
2026-05-17 08:15:05,997 [INFO] Rule:225 - rule align RCC QSPICLockSelection default value on MP1 is applicable
2026-05-17 08:15:05,997 [INFO] Rule:225 - rule align RCC QSPICLockSelection default value on MP1 is applicable
2026-05-17 08:15:05,997 [INFO] Rule:225 - rule align RCC SPI6CLockSelection default value on MP1 is applicable
2026-05-17 08:15:05,997 [INFO] Rule:225 - rule align RCC LPTIM23CLockSelection default value on MP1 is applicable
2026-05-17 08:15:05,997 [INFO] Rule:225 - rule align RCC LPTIM1CLockSelection default value on MP1 is applicable
2026-05-17 08:15:05,997 [INFO] Rule:225 - rule align RCC USART1CLockSelection default value on MP1 is applicable
2026-05-17 08:15:05,997 [INFO] Rule:225 - rule align RCC USART24CLockSelection default value on MP1 is applicable
2026-05-17 08:15:05,997 [INFO] Rule:225 - rule align RCC USART6CLockSelection default value on MP1 is applicable
2026-05-17 08:15:05,997 [INFO] Rule:225 - rule align RCC UART78CLockSelection default value on MP1 is applicable
2026-05-17 08:15:05,997 [INFO] Rule:225 - rule align RCC USART35CLockSelection default value on MP1 is applicable
2026-05-17 08:15:05,997 [INFO] Rule:225 - rule align RCC SPI45CLockSelection default value on MP1 is applicable
2026-05-17 08:15:05,997 [INFO] Rule:225 - rule align RCC I2C46CLockSelection BCLK value on MP1 is applicable
2026-05-17 08:15:05,997 [INFO] Rule:225 - rule align RCC SPI45CLockSelection default value on MP1 is applicable
2026-05-17 08:15:05,997 [INFO] Rule:225 - rule align RCC I2C12CLockSelection default value on MP1 is applicable
2026-05-17 08:15:05,997 [INFO] Rule:225 - rule align RCC I2C35CLockSelection default value on MP1 is applicable
2026-05-17 08:15:05,997 [INFO] Rule:225 - rule align RCC LPTIM45CLockSelection default value on MP1 is applicable
2026-05-17 08:15:05,997 [INFO] Rule:225 - rule Rename DCMI PIXCK signal is applicable
2026-05-17 08:15:05,997 [INFO] Rule:225 - rule Change Default Value for I2C46CLockSelection MP1 family is applicable
2026-05-17 08:15:05,997 [INFO] Rule:225 - rule Change Default Value for UART for G4, G0 and WB families is applicable
2026-05-17 08:15:05,997 [INFO] Rule:225 - rule Change Default Value for USART for G4, G0 and WB families is applicable
2026-05-17 08:15:05,997 [INFO] Rule:225 - rule Change Default Value for USART for G4 family is applicable
2026-05-17 08:15:05,997 [INFO] Rule:225 - rule Change USART1CLockSelection refparam name for MP1 is applicable
2026-05-17 08:15:05,997 [INFO] Rule:225 - rule Change USART2CLockSelection refparam name for MP1 is applicable
2026-05-17 08:15:05,998 [INFO] Rule:225 - rule Change USART3CLockSelection refparam name for MP1 is applicable
2026-05-17 08:15:05,998 [INFO] Rule:225 - rule Change UART4CLockSelection refparam name for MP1 is applicable
2026-05-17 08:15:05,998 [INFO] Rule:225 - rule Change UART5CLockSelection refparam name for MP1 is applicable
2026-05-17 08:15:05,998 [INFO] Rule:225 - rule Change LPUART1CLockSelection refparam name for MP1 is applicable
2026-05-17 08:15:05,998 [INFO] Rule:225 - rule Change LPTIM1CLockSelection refparam name for MP1 is applicable
2026-05-17 08:15:05,998 [INFO] Rule:225 - rule Change LPTIM2CLockSelection refparam name for MP1 is applicable
2026-05-17 08:15:05,998 [INFO] Rule:225 - rule Change RCC_MCO1Source refparam name for MP1 is applicable
2026-05-17 08:15:05,998 [INFO] Rule:225 - rule Change LSCOSource1 refparam name for MP1 is applicable
2026-05-17 08:15:05,998 [INFO] Rule:225 - rule Change SMPSCLockSelection refparam name for MP1 is applicable
2026-05-17 08:15:05,998 [INFO] Rule:225 - rule Change LPTIM3CLockSelection refparam name for MP1 is applicable
2026-05-17 08:15:05,998 [INFO] Rule:225 - rule Change MPCBB* Default Template Mode to Parameters is applicable
2026-05-17 08:15:05,998 [INFO] Rule:225 - rule Change MPCWM* or MPCBB* Secure Mode to Parameters is applicable
2026-05-17 08:15:05,998 [INFO] Rule:225 - rule Change MPCWM* or MPCBB* No Secure Mode to Parameters is applicable
2026-05-17 08:15:05,998 [INFO] Rule:225 - rule Change TZSC IP Secure Mode to Parameters is applicable
2026-05-17 08:15:05,998 [INFO] Rule:225 - rule Change TZSC IP No Secure Mode to Parameters is applicable
2026-05-17 08:15:05,998 [INFO] Rule:225 - rule Change TZSC IP Privilege Mode to Parameters is applicable
2026-05-17 08:15:05,998 [INFO] Rule:225 - rule Change TZSC IP No Privilege Mode to Parameters is applicable
2026-05-17 08:15:05,998 [INFO] Rule:225 - rule Change TZIC IT Secure Mode to Parameters is applicable
2026-05-17 08:15:05,998 [INFO] Rule:225 - rule Change TZIC IT No Secure Mode to Parameters is applicable
2026-05-17 08:15:05,998 [INFO] Rule:225 - rule Add MPCBB1_NonSecureArea_Start_Address value with referenced to MPCBB1_NonSecureArea_Start value is applicable
2026-05-17 08:15:05,998 [INFO] Rule:225 - rule Add MPCBB2_NonSecureArea_Start_Address value with referenced to MPCBB2_NonSecureArea_Start value is applicable
2026-05-17 08:15:05,998 [INFO] Rule:225 - rule Add MPCWM1_NonSecureArea*_Start_Address value with referenced to MPCWM1_NonSecureArea*_Start value is applicable
2026-05-17 08:15:05,998 [INFO] Rule:225 - rule Add MPCWM2_NonSecureArea*_Start_Address value with referenced to MPCWM2_NonSecureArea*_Start value is applicable
2026-05-17 08:15:05,998 [INFO] Rule:225 - rule Add MPCWM3_NonSecureArea_Start_Address value with referenced to MPCWM3_NonSecureArea_Start value is applicable
2026-05-17 08:15:05,998 [INFO] Rule:225 - rule Change Default Value for PLL1UserDefinedConfig is applicable
2026-05-17 08:15:05,998 [INFO] Rule:225 - rule Change GPIO_PuPd Default Value for USART in async mode is applicable
2026-05-17 08:15:05,998 [INFO] Rule:225 - rule Change SMPSDivider Default Value is applicable
2026-05-17 08:15:05,998 [INFO] Rule:225 - rule OPAMP is applicable
2026-05-17 08:15:05,998 [INFO] Rule:225 - rule LPUART IPParameter rename Prescaler parameter to ClockPrescaler for STM32H7 is applicable
2026-05-17 08:15:05,998 [INFO] Rule:225 - rule LPUART IPParameter rename Prescaler parameter to ClockPrescaler for STM32H7 is applicable
2026-05-17 08:15:05,998 [INFO] Rule:225 - rule LPUART IPParameter rename Prescaler parameter to ClockPrescaler for STM32WB is applicable
2026-05-17 08:15:05,999 [INFO] Rule:225 - rule LPUART IPParameter rename Prescaler parameter to ClockPrescaler for STM32WB is applicable
2026-05-17 08:15:05,999 [INFO] Rule:225 - rule LPUART IPParameter rename Prescaler parameter to ClockPrescaler for STM32G4 is applicable
2026-05-17 08:15:05,999 [INFO] Rule:225 - rule LPUART IPParameter rename Prescaler parameter to ClockPrescaler for STM32G4 is applicable
2026-05-17 08:15:05,999 [INFO] Rule:225 - rule LPUART IPParameter rename Prescaler parameter to ClockPrescaler for STM32L5 is applicable
2026-05-17 08:15:05,999 [INFO] Rule:225 - rule LPUART IPParameter rename Prescaler parameter to ClockPrescaler for STM32L5 is applicable
2026-05-17 08:15:05,999 [INFO] Rule:225 - rule LPUART IPParameter rename Prescaler parameter to ClockPrescaler for STM32G4 is applicable
2026-05-17 08:15:05,999 [INFO] Rule:225 - rule LPUART IPParameter rename Prescaler parameter to ClockPrescaler for STM32G4 is applicable
2026-05-17 08:15:05,999 [INFO] Rule:225 - rule USB device lib V2.5.3 for L0 rename USBD_SUPPORT_USER_STRING parameter to USBD_SUPPORT_USER_STRING_DESC4 is applicable
2026-05-17 08:15:05,999 [INFO] Rule:225 - rule I2SCLockSelection clock entry align is applicable
2026-05-17 08:15:05,999 [INFO] Rule:225 - rule Assign TIMx context if used as SYS timebase is applicable
2026-05-17 08:15:05,999 [INFO] Rule:225 - rule Change GPIO_Pu Default Value for I2C is applicable
2026-05-17 08:15:05,999 [INFO] Rule:225 - rule Change GPIO_Pu Default Value for SMBus is applicable
2026-05-17 08:15:06,000 [INFO] Rule:225 - rule change FDCAN default value is applicable
2026-05-17 08:15:06,000 [INFO] Rule:225 - rule Change mode sai is applicable
2026-05-17 08:15:06,000 [INFO] Rule:225 - rule **Change sai mode is applicable
2026-05-17 08:15:06,000 [INFO] Rule:225 - rule Rename STM32WPAN CFG_BLE_IRK to CFG_BLE_IR is applicable
2026-05-17 08:15:06,000 [INFO] Rule:225 - rule Rename STM32WPAN CFG_BLE_ERK to CFG_BLE_ER is applicable
2026-05-17 08:15:06,000 [INFO] Rule:225 - rule Rename STM32WPAN CFG_BLE_IRK_HEX to CFG_BLE_IR_HEX is applicable
2026-05-17 08:15:06,000 [INFO] Rule:225 - rule Rename STM32WPAN CFG_BLE_ERK_HEX to CFG_BLE_ER_HEX is applicable
2026-05-17 08:15:06,000 [INFO] Rule:225 - rule Adapt Old IOC before rework replace old CORTEX_M33/CORTEX_M55 attributes by the new one. is applicable
2026-05-17 08:15:06,000 [INFO] Rule:225 - rule Rename parametre of RCC RCC_APBDBG_DIV2 to RCC_TIMPRES_DIV2 is applicable
2026-05-17 08:15:06,000 [INFO] Rule:225 - rule Rename DIE493 pin PA10 [PA12] -> PA10 is applicable
2026-05-17 08:15:06,000 [INFO] Rule:225 - rule Rename DIE493 pin PA9 [PA11] -> PA9 is applicable
2026-05-17 08:15:06,000 [INFO] Rule:225 - rule Adapt Old IOC CSI. is applicable
2026-05-17 08:15:06,012 [INFO] DbConfProperties:307 - Apply Compatibility (49/267 Rules)
2026-05-17 08:15:06,025 [INFO] ImportTextPane:218 - (OptionalMessage_ERROR) Unable to find key (Mcu.ThirdPartyNb) in loaded IOC file
2026-05-17 08:15:06,028 [INFO] ImportTextPane:218 - (OptionalMessage_ERROR) Pin12 (VP_RIF_VS_RIF1) cannot be retrieved for this MCU
2026-05-17 08:15:06,119 [INFO] RtosManager:558 - Registered RTOS mode: class=CMSIS, group=RTOS, mode=CMSIS_V1, owner=FREERTOS
2026-05-17 08:15:06,120 [INFO] RtosManager:558 - Registered RTOS mode: class=CMSIS, group=RTOS2, mode=CMSIS_V2, owner=FREERTOS
2026-05-17 08:15:06,120 [INFO] RtosManager:558 - Registered RTOS mode: class=RTOS, group=Core, mode=CMSIS_V1, owner=FREERTOS
2026-05-17 08:15:06,120 [INFO] RtosManager:558 - Registered RTOS mode: class=RTOS, group=Core, mode=CMSIS_V2, owner=FREERTOS
2026-05-17 08:15:06,120 [WARN] ModelIntegratedComponent:184 - Missing modes for component STMicroelectronics:FreeRTOS:0.0.1:STMicroelectronics:RTOS:FreeRTOS:Core:::10.2.0:
2026-05-17 08:15:06,133 [WARN] ModelIntegratedComponent:63 - No mode defined for component null
2026-05-17 08:15:06,133 [WARN] ModelIntegratedComponent:63 - No mode defined for component null
2026-05-17 08:15:06,133 [WARN] ModelIntegratedComponent:63 - No mode defined for component null
2026-05-17 08:15:06,133 [WARN] ModelIntegratedComponent:63 - No mode defined for component null
2026-05-17 08:15:06,133 [WARN] ModelIntegratedComponent:63 - No mode defined for component null
2026-05-17 08:15:06,133 [WARN] ModelIntegratedComponent:63 - No mode defined for component null
2026-05-17 08:15:06,133 [WARN] ModelIntegratedComponent:63 - No mode defined for component null
2026-05-17 08:15:06,133 [WARN] ModelIntegratedComponent:63 - No mode defined for component null
2026-05-17 08:15:06,133 [WARN] ModelIntegratedComponent:63 - No mode defined for component null
2026-05-17 08:15:06,133 [WARN] ModelIntegratedComponent:63 - No mode defined for component null
2026-05-17 08:15:06,133 [WARN] ModelIntegratedComponent:63 - No mode defined for component null
2026-05-17 08:15:06,133 [WARN] ModelIntegratedComponent:63 - No mode defined for component null
2026-05-17 08:15:06,133 [WARN] ModelIntegratedComponent:63 - No mode defined for component null
2026-05-17 08:15:06,133 [WARN] ModelIntegratedComponent:63 - No mode defined for component null
2026-05-17 08:15:06,133 [WARN] ModelIntegratedComponent:63 - No mode defined for component null
2026-05-17 08:15:06,133 [WARN] ModelIntegratedComponent:63 - No mode defined for component null
2026-05-17 08:15:06,133 [WARN] ModelIntegratedComponent:63 - No mode defined for component null
2026-05-17 08:15:06,133 [WARN] ModelIntegratedComponent:63 - No mode defined for component null
2026-05-17 08:15:06,134 [WARN] ModelIntegratedComponent:63 - No mode defined for component null
2026-05-17 08:15:06,134 [WARN] ModelIntegratedComponent:63 - No mode defined for component null
2026-05-17 08:15:06,134 [WARN] ModelIntegratedComponent:63 - No mode defined for component null
2026-05-17 08:15:06,134 [WARN] ModelIntegratedComponent:63 - No mode defined for component null
2026-05-17 08:15:06,134 [WARN] ModelIntegratedComponent:63 - No mode defined for component null
2026-05-17 08:15:06,134 [WARN] ModelIntegratedComponent:63 - No mode defined for component null
2026-05-17 08:15:06,134 [WARN] ModelIntegratedComponent:63 - No mode defined for component null
2026-05-17 08:15:06,134 [WARN] ModelIntegratedComponent:63 - No mode defined for component null
2026-05-17 08:15:06,134 [WARN] ModelIntegratedComponent:63 - No mode defined for component null
2026-05-17 08:15:06,134 [WARN] ModelIntegratedComponent:63 - No mode defined for component null
2026-05-17 08:15:06,134 [WARN] ModelIntegratedComponent:63 - No mode defined for component null
2026-05-17 08:15:06,134 [WARN] ModelIntegratedComponent:63 - No mode defined for component null
2026-05-17 08:15:06,134 [WARN] ModelIntegratedComponent:63 - No mode defined for component null
2026-05-17 08:15:06,134 [WARN] ModelIntegratedComponent:63 - No mode defined for component null
2026-05-17 08:15:06,134 [WARN] ModelIntegratedComponent:63 - No mode defined for component null
2026-05-17 08:15:06,134 [WARN] ModelIntegratedComponent:63 - No mode defined for component null
2026-05-17 08:15:06,134 [WARN] ModelIntegratedComponent:63 - No mode defined for component null
2026-05-17 08:15:06,134 [WARN] ModelPack:524 - Component already loaded: STMicroelectronics:HAL Drivers:0.0.0:STMicroelectronics:Device:STMicro_Driver:XSPI:HAL::0.0.1:HAL_XSPI
2026-05-17 08:15:06,198 [INFO] ThirdPartyModel:298 - Start build external matchings
2026-05-17 08:15:06,444 [INFO] ThirdPartyModel:316 - End build external matchings
2026-05-17 08:15:06,454 [INFO] ImportTextPane:218 - (OptionalMessage_ERROR) IP (RCC) : Invalid parameter (48MHZClocksFreq_Value)
2026-05-17 08:15:06,454 [INFO] ImportTextPane:218 - (OptionalMessage_ERROR) IP (RCC) : Invalid parameter (EthernetFreq_Value)
2026-05-17 08:15:06,455 [INFO] ImportTextPane:218 - (OptionalMessage_ERROR) IP (RCC) : Parameter (FLatency) has Id (AdvancedSettings) currently not set
2026-05-17 08:15:06,455 [INFO] ImportTextPane:218 - (OptionalMessage_ERROR) IP (RCC) : Invalid parameter (FamilyName)
2026-05-17 08:15:06,455 [INFO] ImportTextPane:218 - (OptionalMessage_ERROR) IP (RCC) : Invalid parameter (I2SClocksFreq_Value)
2026-05-17 08:15:06,456 [INFO] ImportTextPane:218 - (OptionalMessage_ERROR) IP (RCC) : Parameter (SDIOFreq_Value) has invalid value (168000000)
2026-05-17 08:15:06,456 [INFO] ImportTextPane:218 - (OptionalMessage_ERROR) IP (RCC) : Parameter (USBFreq_Value) has invalid value (168000000)
2026-05-17 08:15:06,456 [INFO] ImportTextPane:218 - (OptionalMessage_ERROR) IP (RCC) : Invalid parameter (VCOInputMFreq_Value)
2026-05-17 08:15:06,456 [INFO] ImportTextPane:218 - (OptionalMessage_ERROR) IP (RCC) : Invalid parameter (VcooutputI2S)
2026-05-17 08:15:06,693 [INFO] UtilMem:75 - End LoadConfig() Used Memory: 941808616 Bytes (1073741824)
2026-05-17 08:15:06,796 [WARN] ThirdParty:833 - waiting for thirdparty lock release [change project]
2026-05-17 08:15:06,797 [INFO] ThirdParty:835 - entering critical section [change project]
2026-05-17 08:15:06,797 [INFO] ThirdParty:1030 - CMSIS Pack Vendor :STMicroelectronics X-CUBE-AZRTOS-H7 3.5.0
2026-05-17 08:15:06,797 [INFO] ThirdParty:1030 - CMSIS Pack Vendor :STMicroelectronics X-CUBE-PM33A1 1.0.0
2026-05-17 08:15:06,797 [INFO] ThirdParty:1030 - CMSIS Pack Vendor :STMicroelectronics USBPD 4.1
2026-05-17 08:15:06,797 [INFO] ThirdParty:1030 - CMSIS Pack Vendor :STMicroelectronics X-CUBE-NFC9 1.0.0
2026-05-17 08:15:06,797 [INFO] ThirdParty:1030 - CMSIS Pack Vendor :STMicroelectronics USB_HOST 2.0.0
2026-05-17 08:15:06,797 [INFO] ThirdParty:1030 - CMSIS Pack Vendor :STMicroelectronics X-CUBE-AZRTOS-F4 1.1.0
2026-05-17 08:15:06,797 [INFO] ThirdParty:1030 - CMSIS Pack Vendor :STMicroelectronics LIBJPEG 8.0.0
2026-05-17 08:15:06,797 [INFO] ThirdParty:1030 - CMSIS Pack Vendor :STMicroelectronics FP-ATR-ASTRA1 2.0.2
2026-05-17 08:15:06,797 [INFO] ThirdParty:1030 - CMSIS Pack Vendor :STMicroelectronics X-CUBE-BLE1 7.1.0
2026-05-17 08:15:06,797 [INFO] ThirdParty:1030 - CMSIS Pack Vendor :STMicroelectronics X-CUBE-SMBUS 2.1.0
2026-05-17 08:15:06,797 [INFO] ThirdParty:1030 - CMSIS Pack Vendor :wolfSSL I-CUBE-wolfMQTT 1.19.2
2026-05-17 08:15:06,797 [INFO] ThirdParty:1030 - CMSIS Pack Vendor :STMicroelectronics USB_DEVICE 3.0.0
2026-05-17 08:15:06,797 [INFO] ThirdParty:1030 - CMSIS Pack Vendor :STMicroelectronics X-CUBE-ISPU 2.1.0
2026-05-17 08:15:06,797 [INFO] ThirdParty:1030 - CMSIS Pack Vendor :STMicroelectronics X-CUBE-EEPRMA1 5.2.0
2026-05-17 08:15:06,797 [INFO] ThirdParty:1030 - CMSIS Pack Vendor :STMicroelectronics X-CUBE-BLEMGR 4.1.0
2026-05-17 08:15:06,797 [INFO] ThirdParty:1030 - CMSIS Pack Vendor :STMicroelectronics eDS-WB_DPC_TT-BIDIR 2.1.1
2026-05-17 08:15:06,797 [INFO] ThirdParty:1030 - CMSIS Pack Vendor :STMicroelectronics X-CUBE-AZRTOS-WB 2.0.0
2026-05-17 08:15:06,797 [INFO] ThirdParty:1030 - CMSIS Pack Vendor :STMicroelectronics X-CUBE-NFC12 1.0.0
2026-05-17 08:15:06,797 [INFO] ThirdParty:1030 - CMSIS Pack Vendor :STMicroelectronics X-CUBE-AZRTOS-F7 1.1.0
2026-05-17 08:15:06,797 [INFO] ThirdParty:1030 - CMSIS Pack Vendor :STMicroelectronics X-CUBE-AZRTOS-L5 2.0.0
2026-05-17 08:15:06,797 [INFO] ThirdParty:1030 - CMSIS Pack Vendor :STMicroelectronics USB_DEVICE 2.0.0
2026-05-17 08:15:06,797 [INFO] ThirdParty:1030 - CMSIS Pack Vendor :quantropi X-CUBE-qispace-sdk-base 2.1.0
2026-05-17 08:15:06,797 [INFO] ThirdParty:1030 - CMSIS Pack Vendor :STMicroelectronics X-CUBE-STSE01 2.0.0
2026-05-17 08:15:06,797 [INFO] ThirdParty:1030 - CMSIS Pack Vendor :STMicroelectronics FreeRTOS 0.0.1
2026-05-17 08:15:06,797 [INFO] ThirdParty:1030 - CMSIS Pack Vendor :STMicroelectronics X-CUBE-AZRTOS-G0 1.1.0
2026-05-17 08:15:06,797 [INFO] ThirdParty:1030 - CMSIS Pack Vendor :STMicroelectronics X-CUBE-NFC4 3.0.0
2026-05-17 08:15:06,798 [INFO] ThirdParty:1030 - CMSIS Pack Vendor :STMicroelectronics X-CUBE-SUBG2 5.0.0
2026-05-17 08:15:06,798 [INFO] ThirdParty:1030 - CMSIS Pack Vendor :STMicroelectronics STM32_WPAN 1.0.0
2026-05-17 08:15:06,798 [INFO] ThirdParty:1030 - CMSIS Pack Vendor :STMicroelectronics eDS-WB_DPC_VIENNA 1.2.0
2026-05-17 08:15:06,798 [INFO] ThirdParty:1030 - CMSIS Pack Vendor :EmbeddedOffice I-CUBE-FS-RTOS 1.0.1
2026-05-17 08:15:06,798 [INFO] ThirdParty:1030 - CMSIS Pack Vendor :STMicroelectronics lwIP 2.0.3
2026-05-17 08:15:06,798 [INFO] ThirdParty:1030 - CMSIS Pack Vendor :STMicroelectronics eDS-WB_DPC_3PH2L-BIDIR 1.1.1
2026-05-17 08:15:06,798 [INFO] ThirdParty:1030 - CMSIS Pack Vendor :STMicroelectronics USB_HOST 1.0.0
2026-05-17 08:15:06,798 [INFO] ThirdParty:1030 - CMSIS Pack Vendor :STMicroelectronics X-CUBE-AZRTOS-G4 2.0.0
2026-05-17 08:15:06,798 [INFO] ThirdParty:1030 - CMSIS Pack Vendor :STMicroelectronics PDM2PCM 3.1.0
2026-05-17 08:15:06,798 [INFO] ThirdParty:1030 - CMSIS Pack Vendor :STMicroelectronics PDM2PCM 3.3.0
2026-05-17 08:15:06,798 [INFO] ThirdParty:1030 - CMSIS Pack Vendor :wolfSSL I-CUBE-wolfTPM 3.8.0
2026-05-17 08:15:06,798 [INFO] ThirdParty:1030 - CMSIS Pack Vendor :STMicroelectronics X-CUBE-DISPLAY 3.0.0
2026-05-17 08:15:06,798 [INFO] ThirdParty:1030 - CMSIS Pack Vendor :wolfSSL I-CUBE-wolfSSH 1.4.20
2026-05-17 08:15:06,798 [INFO] ThirdParty:1030 - CMSIS Pack Vendor :STMicroelectronics X-CUBE-NFC7 2.0.0
2026-05-17 08:15:06,798 [INFO] ThirdParty:1030 - CMSIS Pack Vendor :STMicroelectronics X-CUBE-GNSS1 7.1.1
2026-05-17 08:15:06,798 [INFO] ThirdParty:1030 - CMSIS Pack Vendor :STMicroelectronics X-CUBE-TCPP 4.2.0
2026-05-17 08:15:06,798 [INFO] ThirdParty:1030 - CMSIS Pack Vendor :RealThread X-CUBE-RT-Thread_Nano 4.1.1
2026-05-17 08:15:06,798 [INFO] ThirdParty:1030 - CMSIS Pack Vendor :wolfSSL I-CUBE-wolfSSL 5.9.1
2026-05-17 08:15:06,798 [INFO] ThirdParty:1030 - CMSIS Pack Vendor :STMicroelectronics FP-ATR-SIGFOX1 3.2.0
2026-05-17 08:15:06,798 [INFO] ThirdParty:1030 - CMSIS Pack Vendor :STMicroelectronics X-CUBE-NFC10 1.0.0
2026-05-17 08:15:06,798 [INFO] ThirdParty:1030 - CMSIS Pack Vendor :STMicroelectronics HAL Drivers 0.0.0
2026-05-17 08:15:06,798 [INFO] ThirdParty:1030 - CMSIS Pack Vendor :STMicroelectronics MBEDTLS 2.16.2
2026-05-17 08:15:06,798 [INFO] ThirdParty:1030 - CMSIS Pack Vendor :STMicroelectronics X-CUBE-ST60 1.1.0
2026-05-17 08:15:06,798 [INFO] ThirdParty:1030 - CMSIS Pack Vendor :STMicroelectronics X-CUBE-ALS 1.0.2
2026-05-17 08:15:06,798 [INFO] ThirdParty:1030 - CMSIS Pack Vendor :emotas I-CUBE-CANOPEN 1.3.0
2026-05-17 08:15:06,798 [INFO] ThirdParty:1030 - CMSIS Pack Vendor :STMicroelectronics MBEDTLS 2.14.1
2026-05-17 08:15:06,798 [INFO] ThirdParty:1030 - CMSIS Pack Vendor :ITTIA_DB I-CUBE-ITTIADB 8.9.0
2026-05-17 08:15:06,798 [INFO] ThirdParty:1030 - CMSIS Pack Vendor :Cesanta I-CUBE-Mongoose 7.21.7
2026-05-17 08:15:06,798 [INFO] ThirdParty:1030 - CMSIS Pack Vendor :STMicroelectronics X-CUBE-TOUCHGFX 4.26.1
2026-05-17 08:15:06,798 [INFO] ThirdParty:1030 - CMSIS Pack Vendor :STMicroelectronics X-CUBE-NFC6 3.2.0
2026-05-17 08:15:06,798 [INFO] ThirdParty:1030 - CMSIS Pack Vendor :STMicroelectronics X-CUBE-AI 10.2.0
2026-05-17 08:15:06,798 [INFO] ThirdParty:1030 - CMSIS Pack Vendor :STMicroelectronics ThreadX 1.0.0
2026-05-17 08:15:06,798 [INFO] ThirdParty:1030 - CMSIS Pack Vendor :STMicroelectronics FP-SNS-SMARTAG2 1.2.0
2026-05-17 08:15:06,798 [INFO] ThirdParty:1030 - CMSIS Pack Vendor :STMicroelectronics X-CUBE-MEMS1 12.1.0
2026-05-17 08:15:06,798 [INFO] ThirdParty:1030 - CMSIS Pack Vendor :STMicroelectronics FP-SNS-FLIGHT1 5.1.0
2026-05-17 08:15:06,798 [INFO] ThirdParty:1030 - CMSIS Pack Vendor :STMicroelectronics X-CUBE-AZRTOS-WL 2.0.0
2026-05-17 08:15:06,798 [INFO] ThirdParty:1030 - CMSIS Pack Vendor :SEGGER I-CUBE-embOS 1.3.1
2026-05-17 08:15:06,798 [INFO] ThirdParty:1030 - CMSIS Pack Vendor :STMicroelectronics X-CUBE-ALGOBUILD 1.4.0
2026-05-17 08:15:06,798 [INFO] ThirdParty:1030 - CMSIS Pack Vendor :STMicroelectronics X-CUBE-DPower 1.3.0
2026-05-17 08:15:06,798 [INFO] ThirdParty:1030 - CMSIS Pack Vendor :STMicroelectronics USB_DEVICE 1.0.0
2026-05-17 08:15:06,798 [INFO] ThirdParty:1030 - CMSIS Pack Vendor :STMicroelectronics X-CUBE-AZRTOS-H7RS 1.2.0
2026-05-17 08:15:06,798 [INFO] ThirdParty:1030 - CMSIS Pack Vendor :STMicroelectronics X-CUBE-AZRTOS-L4 2.0.0
2026-05-17 08:15:06,799 [INFO] ThirdParty:1030 - CMSIS Pack Vendor :STMicroelectronics ThreadX 0.0.2
2026-05-17 08:15:06,799 [INFO] ThirdParty:1030 - CMSIS Pack Vendor :STMicroelectronics lwIP 2.1.2
2026-05-17 08:15:06,799 [INFO] ThirdParty:1030 - CMSIS Pack Vendor :STMicroelectronics X-CUBE-SFXS2LP1 4.0.0
2026-05-17 08:15:06,799 [INFO] ThirdParty:1030 - CMSIS Pack Vendor :STMicroelectronics X-CUBE-BLE2 3.3.0
2026-05-17 08:15:06,799 [INFO] ThirdParty:1030 - CMSIS Pack Vendor :Avnet-IOTCONNECT X-CUBE-iotc-st67-sdk 1.0.0
2026-05-17 08:15:06,799 [INFO] ThirdParty:1030 - CMSIS Pack Vendor :STMicroelectronics X-CUBE-TOF1 3.4.3
2026-05-17 08:15:06,799 [INFO] ThirdParty:1030 - CMSIS Pack Vendor :Infineon AIROC-Wi-Fi-Bluetooth-STM32 1.8.0
2026-05-17 08:15:06,799 [INFO] ThirdParty:1030 - CMSIS Pack Vendor :STMicroelectronics PDM2PCM 3.2.0
2026-05-17 08:15:06,799 [INFO] ThirdParty:1030 - CMSIS Pack Vendor :STMicroelectronics X-CUBE-WB05N 2.1.0
2026-05-17 08:15:06,799 [INFO] ThirdParty:841 - exiting critical section [change project]
2026-05-17 08:15:07,053 [INFO] PinOutPanel:1589 - setPackage(No Configuration,No Configuration)
2026-05-17 08:15:07,054 [INFO] PinOutPanel:1589 - setPackage(STM32F446RETx,LQFP64)
2026-05-17 08:15:07,388 [INFO] UtilMem:75 - Before build in PCC Used Memory: 975669232 Bytes (1073741824)
2026-05-17 08:15:07,923 [INFO] UtilMem:75 - After build in PCC Used Memory: 855406224 Bytes (1073741824)
2026-05-17 08:15:07,944 [INFO] IPUIPlugin:80 - create IPUIPlugin
2026-05-17 08:15:07,944 [INFO] IPUIPlugin:80 - create IPUIPlugin
2026-05-17 08:15:07,944 [INFO] IPUIPlugin:80 - create IPUIPlugin
2026-05-17 08:15:07,944 [INFO] IPUIPlugin:80 - create IPUIPlugin
2026-05-17 08:15:07,944 [INFO] IPUIPlugin:80 - create IPUIPlugin
2026-05-17 08:15:07,944 [INFO] IPUIPlugin:80 - create IPUIPlugin
2026-05-17 08:15:07,944 [INFO] IPUIPlugin:80 - create IPUIPlugin
2026-05-17 08:15:07,944 [INFO] IPUIPlugin:80 - create IPUIPlugin
2026-05-17 08:15:07,944 [INFO] IPUIPlugin:80 - create IPUIPlugin
2026-05-17 08:15:07,944 [INFO] IPUIPlugin:80 - create IPUIPlugin
2026-05-17 08:15:07,944 [INFO] IPUIPlugin:80 - create IPUIPlugin
2026-05-17 08:15:07,944 [INFO] IPUIPlugin:80 - create IPUIPlugin
2026-05-17 08:15:07,945 [INFO] IPUIPlugin:80 - create IPUIPlugin
2026-05-17 08:15:07,945 [INFO] IPUIPlugin:80 - create IPUIPlugin
2026-05-17 08:15:07,945 [INFO] IPUIPlugin:80 - create IPUIPlugin
2026-05-17 08:15:07,945 [INFO] IPUIPlugin:80 - create IPUIPlugin
2026-05-17 08:15:07,945 [INFO] IPUIPlugin:80 - create IPUIPlugin
2026-05-17 08:15:07,945 [INFO] IPUIPlugin:80 - create IPUIPlugin
2026-05-17 08:15:07,945 [INFO] IPUIPlugin:80 - create IPUIPlugin
2026-05-17 08:15:07,945 [INFO] IPUIPlugin:80 - create IPUIPlugin
2026-05-17 08:15:07,945 [INFO] IPUIPlugin:80 - create IPUIPlugin
2026-05-17 08:15:07,945 [INFO] IPUIPlugin:80 - create IPUIPlugin
2026-05-17 08:15:07,945 [INFO] IPUIPlugin:80 - create IPUIPlugin
2026-05-17 08:15:07,945 [INFO] IPUIPlugin:80 - create IPUIPlugin
2026-05-17 08:15:07,946 [INFO] IPUIPlugin:80 - create IPUIPlugin
2026-05-17 08:15:07,946 [INFO] IPUIPlugin:80 - create IPUIPlugin
2026-05-17 08:15:07,946 [INFO] IPUIPlugin:80 - create IPUIPlugin
2026-05-17 08:15:07,946 [INFO] IPUIPlugin:80 - create IPUIPlugin
2026-05-17 08:15:07,946 [INFO] IPUIPlugin:80 - create IPUIPlugin
2026-05-17 08:15:07,946 [INFO] IPUIPlugin:80 - create IPUIPlugin
2026-05-17 08:15:07,946 [INFO] IPUIPlugin:80 - create IPUIPlugin
2026-05-17 08:15:07,947 [INFO] IPUIPlugin:80 - create IPUIPlugin
2026-05-17 08:15:07,947 [INFO] IPUIPlugin:80 - create IPUIPlugin
2026-05-17 08:15:07,947 [INFO] IPUIPlugin:80 - create IPUIPlugin
2026-05-17 08:15:07,947 [INFO] IPUIPlugin:80 - create IPUIPlugin
2026-05-17 08:15:07,947 [INFO] IPUIPlugin:80 - create IPUIPlugin
2026-05-17 08:15:07,947 [INFO] IPUIPlugin:80 - create IPUIPlugin
2026-05-17 08:15:07,947 [INFO] IPUIPlugin:80 - create IPUIPlugin
2026-05-17 08:15:07,947 [INFO] IPUIPlugin:80 - create IPUIPlugin
2026-05-17 08:15:07,947 [INFO] IPUIPlugin:80 - create IPUIPlugin
2026-05-17 08:15:07,948 [INFO] IPUIPlugin:80 - create IPUIPlugin
2026-05-17 08:15:07,948 [INFO] IPUIPlugin:80 - create IPUIPlugin
2026-05-17 08:15:07,948 [INFO] IPUIPlugin:80 - create IPUIPlugin
2026-05-17 08:15:07,948 [INFO] IPUIPlugin:80 - create IPUIPlugin
2026-05-17 08:15:07,948 [INFO] IPUIPlugin:80 - create IPUIPlugin
2026-05-17 08:15:07,948 [INFO] IPUIPlugin:80 - create IPUIPlugin
2026-05-17 08:15:07,948 [INFO] IPUIPlugin:80 - create IPUIPlugin
2026-05-17 08:15:07,949 [INFO] IPUIPlugin:80 - create IPUIPlugin
2026-05-17 08:15:07,949 [INFO] IPUIPlugin:80 - create IPUIPlugin
2026-05-17 08:15:07,949 [INFO] IPUIPlugin:80 - create IPUIPlugin
2026-05-17 08:15:07,949 [INFO] IPUIPlugin:80 - create IPUIPlugin
2026-05-17 08:15:07,949 [INFO] IPUIPlugin:80 - create IPUIPlugin
2026-05-17 08:15:07,949 [INFO] IPUIPlugin:80 - create IPUIPlugin
2026-05-17 08:15:07,949 [INFO] IPUIPlugin:80 - create IPUIPlugin
2026-05-17 08:15:07,950 [INFO] IPUIPlugin:80 - create IPUIPlugin
2026-05-17 08:15:07,950 [INFO] IPUIPlugin:80 - create IPUIPlugin
2026-05-17 08:15:07,950 [INFO] IPUIPlugin:80 - create IPUIPlugin
2026-05-17 08:15:07,950 [INFO] IPUIPlugin:80 - create IPUIPlugin
2026-05-17 08:15:07,950 [INFO] IPUIPlugin:80 - create IPUIPlugin
2026-05-17 08:15:07,951 [INFO] IPUIPlugin:80 - create IPUIPlugin
2026-05-17 08:15:08,002 [INFO] ApiDbMcu:508 - Load IP Config File for PDM2PCM
2026-05-17 08:15:08,117 [INFO] CADModel:165 - CPN selected for project levelSTM32F446RET6
2026-05-17 08:15:08,117 [INFO] CADModel:114 - Register for checkConnection events
2026-05-17 08:15:08,154 [INFO] OpenFileManager:385 - Restore cursor
2026-05-17 08:15:08,680 [INFO] UtilMem:75 - End SaveConfig() Used Memory: 856774528 Bytes (1073741824)
2026-05-17 08:15:08,770 [INFO] UtilMem:75 - End SaveConfig() Used Memory: 878261680 Bytes (1073741824)
2026-05-17 08:15:09,074 [INFO] BlockDiagram:2775 - set Specific Code input for plugin: SYS
2026-05-17 08:15:09,074 [INFO] BlockDiagram:2775 - set Specific Code input for plugin: RCC
2026-05-17 08:15:09,074 [INFO] BlockDiagram:2775 - set Specific Code input for plugin: NVIC
2026-05-17 08:15:09,074 [INFO] BlockDiagram:2775 - set Specific Code input for plugin: USART
2026-05-17 08:15:09,074 [INFO] BlockDiagram:2775 - set Specific Code input for plugin: GPIO
2026-05-17 08:15:09,076 [INFO] CodeGenerator:882 - code generatio: config db path: B:\ST\STM32CubeIDE_1.18.1\STM32CubeIDE\plugins\com.st.stm32cube.common.mx_6.14.1.202504091515\\db\
2026-05-17 08:15:09,205 [INFO] CodeEngine:263 - oldGeneratedFile, B:\stm32\TIM_TimeBase\MXTmpFiles\license.tmp_save
2026-05-17 08:15:09,431 [INFO] CodeEngine:287 - Generated code: B:\stm32\TIM_TimeBase\MXTmpFiles\license.tmp
2026-05-17 08:15:09,471 [INFO] CodeEngine:263 - oldGeneratedFile, B:\stm32\TIM_TimeBase\MXTmpFiles\gpio.tmp_save
2026-05-17 08:15:09,580 [INFO] CodeEngine:287 - Generated code: B:\stm32\TIM_TimeBase\MXTmpFiles\gpio.tmp
2026-05-17 08:15:09,648 [INFO] CodeEngine:263 - oldGeneratedFile, B:\stm32\TIM_TimeBase\Core\Src\stm32f4xx_it.c_save
2026-05-17 08:15:09,746 [INFO] CodeEngine:287 - Generated code: B:\stm32\TIM_TimeBase\Core\Src\stm32f4xx_it.c
2026-05-17 08:15:09,750 [INFO] CodeEngine:263 - oldGeneratedFile, B:\stm32\TIM_TimeBase\Core\Inc\stm32f4xx_it.h_save
2026-05-17 08:15:09,802 [INFO] CodeEngine:287 - Generated code: B:\stm32\TIM_TimeBase\Core\Inc\stm32f4xx_it.h
2026-05-17 08:15:09,811 [INFO] CodeEngine:263 - oldGeneratedFile, B:\stm32\TIM_TimeBase\Core\Src\stm32f4xx_hal_msp.c_save
2026-05-17 08:15:09,899 [INFO] CodeEngine:287 - Generated code: B:\stm32\TIM_TimeBase\Core\Src\stm32f4xx_hal_msp.c
2026-05-17 08:15:09,903 [INFO] CodeEngine:263 - oldGeneratedFile, B:\stm32\TIM_TimeBase\MXTmpFiles\system.tmp_save
2026-05-17 08:15:09,948 [INFO] CodeEngine:287 - Generated code: B:\stm32\TIM_TimeBase\MXTmpFiles\system.tmp
2026-05-17 08:15:09,957 [INFO] CodeEngine:319 - oldGeneratedFile, B:\stm32\TIM_TimeBase\Core\Inc\stm32f4xx_hal_conf.h_save
2026-05-17 08:15:10,009 [INFO] CodeEngine:343 - Generated code: B:\stm32\TIM_TimeBase\Core\Inc\stm32f4xx_hal_conf.h
2026-05-17 08:15:10,033 [WARN] IPConfigManager:3217 - Warning: the RefConfig PLL2P_FOR_MCO is not available in your config.xml file
2026-05-17 08:15:10,048 [INFO] ApiDbMcu:508 - Load IP Config File for USART2
2026-05-17 08:15:10,050 [INFO] ApiDbMcu:508 - Load IP Config File for RCC
2026-05-17 08:15:10,059 [INFO] CodeEngine:263 - oldGeneratedFile, B:\stm32\TIM_TimeBase\Core\Inc\main.h_save
2026-05-17 08:15:10,120 [INFO] CodeEngine:287 - Generated code: B:\stm32\TIM_TimeBase\Core\Inc\main.h
2026-05-17 08:15:10,124 [INFO] CodeEngine:263 - oldGeneratedFile, B:\stm32\TIM_TimeBase\Core\Src\main.c_save
2026-05-17 08:15:10,216 [INFO] CodeEngine:287 - Generated code: B:\stm32\TIM_TimeBase\Core\Src\main.c
2026-05-17 08:15:10,574 [INFO] ProjectBuilder:3324 - Time for Copy HAL[1] : 181mS.
2026-05-17 08:15:10,579 [INFO] ProjectBuilder:4912 - Project Generator version: 4.6.0.1-B1
2026-05-17 08:15:10,634 [INFO] ConfigFileManager:1590 - The Die is : DIE421
2026-05-17 08:15:10,639 [INFO] ApiDbMcu:508 - Load IP Config File for FATFS
2026-05-17 08:15:10,642 [INFO] ApiDbMcu:508 - Load IP Config File for FREERTOS
2026-05-17 08:15:10,644 [INFO] ApiDbMcu:508 - Load IP Config File for LIBJPEG
2026-05-17 08:15:10,648 [INFO] ApiDbMcu:508 - Load IP Config File for MBEDTLS
2026-05-17 08:15:10,652 [INFO] ApiDbMcu:508 - Load IP Config File for USB_DEVICE
2026-05-17 08:15:10,654 [INFO] ApiDbMcu:508 - Load IP Config File for USB_HOST
2026-05-17 08:15:10,929 [INFO] LogOutputStream:77 - [STDOUT_REDIRECT] 
2026-05-17 08:15:12,361 [INFO] ProjectBuilder:5191 - Time for Generating toolchain IDE Files: 1781mS.
2026-05-17 08:15:12,362 [INFO] ProjectBuilder:3181 - Time for Copy CMSIS : 1mS.
2026-05-17 08:15:12,363 [INFO] ProjectBuilder:3181 - Time for Copy CMSIS : 0mS.
2026-05-17 08:15:13,624 [INFO] McuFinderGlobals:76 - Set McuFinderConnectedMode to true
2026-05-17 08:15:13,628 [INFO] ApiDb:448 - Save user favorites file C:\Users\moonc/.stm32cubeide/favorites.mcus.txt: 0 item(s)
2026-05-17 08:15:13,628 [INFO] ApiDb:452 - User favorites MCUs=[]
2026-05-17 08:15:13,630 [INFO] ApiDb:448 - Save user favorites file C:\Users\moonc/.stm32cubeide/favorites.boards.txt: 1 item(s)
2026-05-17 08:15:13,630 [INFO] ApiDb:452 - User favorites Boards=[NUCLEO-F446RE]
2026-05-17 08:18:59,362 [INFO] NvicIntPanel:101 - NVIC parent = com.st.microxplorer.plugins.ip.nvic.MultiNvicIntPanel[,0,0,0x0,invalid,layout=javax.swing.BoxLayout,alignmentX=0.0,alignmentY=0.0,border=,flags=9,maximumSize=,minimumSize=,preferredSize=]
2026-05-17 08:19:08,996 [INFO] NvicIntPanel:101 - NVIC parent = com.st.microxplorer.plugins.ip.nvic.MultiNvicIntPanel[,0,0,0x0,invalid,layout=javax.swing.BoxLayout,alignmentX=0.0,alignmentY=0.0,border=,flags=9,maximumSize=,minimumSize=,preferredSize=]
2026-05-17 08:19:50,989 [INFO] NvicIntPanel:101 - NVIC parent = com.st.microxplorer.plugins.ip.nvic.MultiNvicIntPanel[,0,0,0x0,invalid,layout=javax.swing.BoxLayout,alignmentX=0.0,alignmentY=0.0,border=,flags=9,maximumSize=,minimumSize=,preferredSize=]
2026-05-17 08:20:14,755 [INFO] UtilMem:75 - End SaveConfig() Used Memory: 964947296 Bytes (1073741824)
2026-05-17 08:20:18,287 [INFO] UtilMem:75 - End SaveConfig() Used Memory: 724104744 Bytes (1073741824)
2026-05-17 08:20:18,552 [INFO] BlockDiagram:2775 - set Specific Code input for plugin: TIM1_8
2026-05-17 08:20:18,552 [INFO] BlockDiagram:2775 - set Specific Code input for plugin: SYS
2026-05-17 08:20:18,552 [INFO] BlockDiagram:2775 - set Specific Code input for plugin: RCC
2026-05-17 08:20:18,553 [INFO] BlockDiagram:2775 - set Specific Code input for plugin: NVIC
2026-05-17 08:20:18,553 [INFO] BlockDiagram:2775 - set Specific Code input for plugin: USART
2026-05-17 08:20:18,553 [INFO] BlockDiagram:2775 - set Specific Code input for plugin: GPIO
2026-05-17 08:20:18,554 [INFO] CodeGenerator:882 - code generatio: config db path: B:\ST\STM32CubeIDE_1.18.1\STM32CubeIDE\plugins\com.st.stm32cube.common.mx_6.14.1.202504091515\\db\
2026-05-17 08:20:18,615 [INFO] CodeEngine:263 - oldGeneratedFile, B:\stm32\TIM_TimeBase\MXTmpFiles\license.tmp_save
2026-05-17 08:20:18,747 [INFO] CodeEngine:287 - Generated code: B:\stm32\TIM_TimeBase\MXTmpFiles\license.tmp
2026-05-17 08:20:18,768 [INFO] CodeEngine:263 - oldGeneratedFile, B:\stm32\TIM_TimeBase\MXTmpFiles\gpio.tmp_save
2026-05-17 08:20:18,848 [INFO] CodeEngine:287 - Generated code: B:\stm32\TIM_TimeBase\MXTmpFiles\gpio.tmp
2026-05-17 08:20:18,951 [INFO] CodeEngine:263 - oldGeneratedFile, B:\stm32\TIM_TimeBase\Core\Src\stm32f4xx_it.c_save
2026-05-17 08:20:19,027 [INFO] CodeEngine:287 - Generated code: B:\stm32\TIM_TimeBase\Core\Src\stm32f4xx_it.c
2026-05-17 08:20:19,032 [INFO] CodeEngine:263 - oldGeneratedFile, B:\stm32\TIM_TimeBase\Core\Inc\stm32f4xx_it.h_save
2026-05-17 08:20:19,087 [INFO] CodeEngine:287 - Generated code: B:\stm32\TIM_TimeBase\Core\Inc\stm32f4xx_it.h
2026-05-17 08:20:19,099 [INFO] CodeEngine:263 - oldGeneratedFile, B:\stm32\TIM_TimeBase\Core\Src\stm32f4xx_hal_msp.c_save
2026-05-17 08:20:19,187 [INFO] CodeEngine:287 - Generated code: B:\stm32\TIM_TimeBase\Core\Src\stm32f4xx_hal_msp.c
2026-05-17 08:20:19,191 [INFO] CodeEngine:263 - oldGeneratedFile, B:\stm32\TIM_TimeBase\MXTmpFiles\system.tmp_save
2026-05-17 08:20:19,238 [INFO] CodeEngine:287 - Generated code: B:\stm32\TIM_TimeBase\MXTmpFiles\system.tmp
2026-05-17 08:20:19,247 [INFO] CodeEngine:319 - oldGeneratedFile, B:\stm32\TIM_TimeBase\Core\Inc\stm32f4xx_hal_conf.h_save
2026-05-17 08:20:19,304 [INFO] CodeEngine:343 - Generated code: B:\stm32\TIM_TimeBase\Core\Inc\stm32f4xx_hal_conf.h
2026-05-17 08:20:19,319 [WARN] IPConfigManager:3217 - Warning: the RefConfig PLL2P_FOR_MCO is not available in your config.xml file
2026-05-17 08:20:19,327 [INFO] ApiDbMcu:508 - Load IP Config File for TIM3
2026-05-17 08:20:19,328 [WARN] IPConfigManager:3790 - IP not found : TIM
2026-05-17 08:20:19,329 [WARN] CodeGenerator:4198 - IP not found : null
2026-05-17 08:20:19,336 [INFO] CodeEngine:263 - oldGeneratedFile, B:\stm32\TIM_TimeBase\Core\Inc\main.h_save
2026-05-17 08:20:19,385 [INFO] CodeEngine:287 - Generated code: B:\stm32\TIM_TimeBase\Core\Inc\main.h
2026-05-17 08:20:19,390 [INFO] CodeEngine:263 - oldGeneratedFile, B:\stm32\TIM_TimeBase\Core\Src\main.c_save
2026-05-17 08:20:19,466 [INFO] CodeEngine:287 - Generated code: B:\stm32\TIM_TimeBase\Core\Src\main.c
2026-05-17 08:20:19,773 [INFO] ProjectBuilder:3324 - Time for Copy HAL[1] : 185mS.
2026-05-17 08:20:19,776 [INFO] ProjectBuilder:4912 - Project Generator version: 4.6.0.1-B1
2026-05-17 08:20:19,832 [INFO] ConfigFileManager:1590 - The Die is : DIE421
2026-05-17 08:20:20,558 [INFO] ProjectBuilder:5191 - Time for Generating toolchain IDE Files: 782mS.
2026-05-17 08:20:20,560 [INFO] ProjectBuilder:3181 - Time for Copy CMSIS : 0mS.
2026-05-17 08:20:20,562 [INFO] ProjectBuilder:3181 - Time for Copy CMSIS : 0mS.
2026-05-17 08:28:33,637 [INFO] UtilMem:75 - End SaveConfig() Used Memory: 676088584 Bytes (1073741824)
2026-05-17 08:28:34,402 [INFO] UtilMem:75 - End SaveConfig() Used Memory: 751573152 Bytes (1073741824)
2026-05-17 08:28:34,732 [INFO] BlockDiagram:2775 - set Specific Code input for plugin: TIM1_8
2026-05-17 08:28:34,733 [INFO] BlockDiagram:2775 - set Specific Code input for plugin: SYS
2026-05-17 08:28:34,733 [INFO] BlockDiagram:2775 - set Specific Code input for plugin: RCC
2026-05-17 08:28:34,733 [INFO] BlockDiagram:2775 - set Specific Code input for plugin: NVIC
2026-05-17 08:28:34,733 [INFO] BlockDiagram:2775 - set Specific Code input for plugin: USART
2026-05-17 08:28:34,734 [INFO] BlockDiagram:2775 - set Specific Code input for plugin: GPIO
2026-05-17 08:28:34,735 [INFO] CodeGenerator:882 - code generatio: config db path: B:\ST\STM32CubeIDE_1.18.1\STM32CubeIDE\plugins\com.st.stm32cube.common.mx_6.14.1.202504091515\\db\
2026-05-17 08:28:34,817 [INFO] CodeEngine:263 - oldGeneratedFile, B:\stm32\TIM_TimeBase\MXTmpFiles\license.tmp_save
2026-05-17 08:28:34,970 [INFO] CodeEngine:287 - Generated code: B:\stm32\TIM_TimeBase\MXTmpFiles\license.tmp
2026-05-17 08:28:34,996 [INFO] CodeEngine:263 - oldGeneratedFile, B:\stm32\TIM_TimeBase\MXTmpFiles\gpio.tmp_save
2026-05-17 08:28:35,078 [INFO] CodeEngine:287 - Generated code: B:\stm32\TIM_TimeBase\MXTmpFiles\gpio.tmp
2026-05-17 08:28:35,215 [INFO] CodeEngine:263 - oldGeneratedFile, B:\stm32\TIM_TimeBase\Core\Src\stm32f4xx_it.c_save
2026-05-17 08:28:35,384 [INFO] CodeEngine:287 - Generated code: B:\stm32\TIM_TimeBase\Core\Src\stm32f4xx_it.c
2026-05-17 08:28:35,389 [INFO] CodeEngine:263 - oldGeneratedFile, B:\stm32\TIM_TimeBase\Core\Inc\stm32f4xx_it.h_save
2026-05-17 08:28:35,450 [INFO] CodeEngine:287 - Generated code: B:\stm32\TIM_TimeBase\Core\Inc\stm32f4xx_it.h
2026-05-17 08:28:35,462 [INFO] CodeEngine:263 - oldGeneratedFile, B:\stm32\TIM_TimeBase\Core\Src\stm32f4xx_hal_msp.c_save
2026-05-17 08:28:35,548 [INFO] CodeEngine:287 - Generated code: B:\stm32\TIM_TimeBase\Core\Src\stm32f4xx_hal_msp.c
2026-05-17 08:28:35,552 [INFO] CodeEngine:263 - oldGeneratedFile, B:\stm32\TIM_TimeBase\MXTmpFiles\system.tmp_save
2026-05-17 08:28:35,598 [INFO] CodeEngine:287 - Generated code: B:\stm32\TIM_TimeBase\MXTmpFiles\system.tmp
2026-05-17 08:28:35,607 [INFO] CodeEngine:319 - oldGeneratedFile, B:\stm32\TIM_TimeBase\Core\Inc\stm32f4xx_hal_conf.h_save
2026-05-17 08:28:35,660 [INFO] CodeEngine:343 - Generated code: B:\stm32\TIM_TimeBase\Core\Inc\stm32f4xx_hal_conf.h
2026-05-17 08:28:35,678 [WARN] IPConfigManager:3217 - Warning: the RefConfig PLL2P_FOR_MCO is not available in your config.xml file
2026-05-17 08:28:35,681 [WARN] IPConfigManager:3790 - IP not found : TIM
2026-05-17 08:28:35,681 [WARN] CodeGenerator:4198 - IP not found : null
2026-05-17 08:28:35,688 [INFO] CodeEngine:263 - oldGeneratedFile, B:\stm32\TIM_TimeBase\Core\Inc\main.h_save
2026-05-17 08:28:35,759 [INFO] CodeEngine:287 - Generated code: B:\stm32\TIM_TimeBase\Core\Inc\main.h
2026-05-17 08:28:35,764 [INFO] CodeEngine:263 - oldGeneratedFile, B:\stm32\TIM_TimeBase\Core\Src\main.c_save
2026-05-17 08:28:35,848 [INFO] CodeEngine:287 - Generated code: B:\stm32\TIM_TimeBase\Core\Src\main.c
2026-05-17 08:28:36,167 [INFO] ProjectBuilder:3324 - Time for Copy HAL[1] : 193mS.
2026-05-17 08:28:36,171 [INFO] ProjectBuilder:4912 - Project Generator version: 4.6.0.1-B1
2026-05-17 08:28:36,230 [INFO] ConfigFileManager:1590 - The Die is : DIE421
2026-05-17 08:28:36,970 [INFO] ProjectBuilder:5191 - Time for Generating toolchain IDE Files: 799mS.
2026-05-17 08:28:36,971 [INFO] ProjectBuilder:3181 - Time for Copy CMSIS : 1mS.
2026-05-17 08:28:36,973 [INFO] ProjectBuilder:3181 - Time for Copy CMSIS : 0mS.
2026-05-17 08:36:23,553 [INFO] MainUpdater:2872 - connection check result : 10
2026-05-17 08:36:23,553 [INFO] McuFinderGlobals:76 - Set McuFinderConnectedMode to true
2026-05-17 08:36:23,768 [INFO] ServerAccessManage:473 - Download File mcusAds.json._tmp_
2026-05-17 08:36:23,897 [INFO] LoadUrlFilesThread:156 - End of LoadUrlFiles Thread
2026-05-17 08:36:24,208 [INFO] ServerAccessManage:473 - Download File cube-finder-db.zip
2026-05-17 08:36:26,063 [INFO] FileExtend:242 - Unzip File : cube-finder-db.zip
2026-05-17 08:36:26,064 [INFO] FileExtend:257 - Standard Zip Deflate
2026-05-17 08:36:26,698 [INFO] LoadUrlFilesThread:156 - End of LoadUrlFiles Thread
2026-05-17 08:36:27,867 [INFO] ServerAccessManage:473 - Download File crdb.zip
2026-05-17 08:36:29,272 [INFO] FileExtend:242 - Unzip File : crdb.zip
2026-05-17 08:36:29,272 [INFO] FileExtend:257 - Standard Zip Deflate
2026-05-17 08:36:29,400 [INFO] LoadUrlFilesThread:156 - End of LoadUrlFiles Thread
2026-05-17 08:36:29,544 [INFO] ServerAccessManage:473 - Download File tutoVideoDB.zip
2026-05-17 08:36:29,549 [INFO] FileExtend:242 - Unzip File : tutoVideoDB.zip
2026-05-17 08:36:29,549 [INFO] FileExtend:257 - Standard Zip Deflate
2026-05-17 08:36:29,669 [INFO] LoadUrlFilesThread:156 - End of LoadUrlFiles Thread
2026-05-17 08:36:29,669 [WARN] DbFile:41 - Overriding database path with different value: C:\Users\moonc\.stmcufinder\plugins\mcufinder/ => C:\Users\moonc\.stmcufinder\plugins\mcufinder
2026-05-17 08:36:30,057 [ERROR] ServerAccessManage:1089 - Problem, file not found on Server
2026-05-17 08:36:30,058 [ERROR] ServerAccessManage:651 - Problem, file not found on Server : api_config.json.
2026-05-17 08:36:31,255 [INFO] LoadUrlFilesThread:156 - End of LoadUrlFiles Thread
2026-05-17 08:36:32,013 [INFO] DbMcusAds:53 - JSON generation date=Mon Apr 27 17:14:29 KST 2026 (1777277669683)
2026-05-17 08:36:32,017 [INFO] ApiDb:448 - Save user favorites file C:\Users\moonc/.stm32cubeide/favorites.mcus.txt: 0 item(s)
2026-05-17 08:36:32,017 [INFO] ApiDb:452 - User favorites MCUs=[]
2026-05-17 08:36:32,019 [INFO] ApiDb:581 - Connected to CubeFinder SQLite database (C:\Users\moonc\.stmcufinder\plugins\mcufinder\mcu\cube-finder-db.db)
2026-05-17 08:36:32,093 [INFO] ApiDb:668 - CubeFinder database Data Model version=2.1
2026-05-17 08:36:32,094 [INFO] ApiDb:669 - CubeFinder database Configuration version=3.0.42
2026-05-17 08:36:32,094 [INFO] ApiDb:670 - CubeFinder database generation date=2026-05-06 (1778060171)
2026-05-17 08:36:32,094 [INFO] ApiDb:671 - CubeFinder database FW Pack versions=[FP-ATR-ASTRA1_V2.0.0, FP-SNS-FLIGHT1_V5.1.0, FP-SNS-MOTENV1_V5.1.0, FP-SNS-MOTENVWB1_V1.5.0, FP-SNS-SMARTAG2_V1.2.0, FP-SNS-STBOX1_V2.1.0, STM32Cube_FW_C0_V1.4.0, STM32Cube_FW_F4_V1.28.3, STM32Cube_FW_F7_V1.17.4, STM32Cube_FW_G0_V1.6.3, STM32Cube_FW_G4_V1.6.2, STM32Cube_FW_H5_V1.6.0, STM32Cube_FW_H7RS_V1.3.0, STM32Cube_FW_H7_V1.13.0, STM32Cube_FW_L0_V1.12.2, STM32Cube_FW_L4_V1.18.2, STM32Cube_FW_L5_V1.6.0, STM32Cube_FW_N6_V1.3.0, STM32Cube_FW_U0_V1.3.0, STM32Cube_FW_U3_V1.3.0, STM32Cube_FW_U5_V1.8.0, STM32Cube_FW_WB0_V1.4.0, STM32Cube_FW_WBA_V1.9.0, STM32Cube_FW_WB_V1.24.0, STM32Cube_FW_WL3_V1.4.0, STM32Cube_FW_WL_V1.5.0, X-CUBE-ALGOBUILD_V1.4.0, X-CUBE-ALS_V1.0.2, X-CUBE-AZRTOS-F4_V1.1.0, X-CUBE-AZRTOS-F7_V1.1.0, X-CUBE-AZRTOS-G0_V1.1.0, X-CUBE-AZRTOS-G4_V2.0.0, X-CUBE-AZRTOS-H7RS_V1.1.0, X-CUBE-AZRTOS-H7_V3.5.0, X-CUBE-AZRTOS-L4_V2.0.0, X-CUBE-AZRTOS-L5_V2.0.0, X-CUBE-AZRTOS-WB_V2.0.0, X-CUBE-AZRTOS-WL_V2.0.0, X-CUBE-BLE1_V7.1.0, X-CUBE-BLE2_V3.3.0, X-CUBE-BLEMGR_V4.1.0, X-CUBE-EEPRMA1_V5.2.0, X-CUBE-FREERTOS_V1.5.0, X-CUBE-GNSS1_V6.0.0, X-CUBE-MEMS1_V12.0.0, X-CUBE-NFC4_V3.0.0, X-CUBE-NFC7_V2.0.0, X-CUBE-SFXS2LP1_V4.0.0, X-CUBE-ST67W61_V1.2.0, X-CUBE-SUBG2_V5.0.0, X-CUBE-TOF1_V3.4.3]
2026-05-17 08:36:33,888 [INFO] ApiDb:240 - Found 895 in-development CPN: [B-G473E-ZEST1S, B-WB1M-WPAN1, B-WBA5M-WPAN, B-WL5M-SUBG1, NUCLEO-C031C6, NUCLEO-C051C8, NUCLEO-C071RB, NUCLEO-C092RC, NUCLEO-H503RB, NUCLEO-H533RE, NUCLEO-H563ZI, NUCLEO-H7S3L8, NUCLEO-N657X0-Q, NUCLEO-U031R8, NUCLEO-U083RC, NUCLEO-U385RG-Q, NUCLEO-U545RE-Q, NUCLEO-U5A5ZJ-Q, NUCLEO-WB05KZ, NUCLEO-WB07CC, NUCLEO-WB09KE, NUCLEO-WBA52CG, NUCLEO-WBA55CG, NUCLEO-WBA65RI, NUCLEO-WL33CC1, NUCLEO-WL33CC2, STEVAL-PROTEUS1, STEVAL-SMARTAG2, STEVAL-STWINBX1, STM320518-EVAL, STM32C0116-DK, STM32C011D6Y3TR, STM32C011D6Y6TR, STM32C011F4P3, STM32C011F4P6, STM32C011F4U3, STM32C011F4U6TR, STM32C011F6P3, STM32C011F6P6, STM32C011F6U3, STM32C011F6U6TR, STM32C011J4M3, STM32C011J4M6, STM32C011J6M3, STM32C011J6M6, STM32C0316-DK, STM32C031C4T3, STM32C031C4T6, STM32C031C4U3, STM32C031C4U6, STM32C031C6T3, STM32C031C6T6, STM32C031C6U3, STM32C031C6U6, STM32C031F4P3, STM32C031F4P6, STM32C031F6P3, STM32C031F6P6, STM32C031G4U3, STM32C031G4U6, STM32C031G6U3, STM32C031G6U6, STM32C031K4T3, STM32C031K4T6, STM32C031K4U3, STM32C031K4U6, STM32C031K6T3, STM32C031K6T6, STM32C031K6U3, STM32C031K6U6, STM32C051C6T6, STM32C051C6U6, STM32C051C8T6, STM32C051C8U6, STM32C051D8Y6TR, STM32C051F6P6, STM32C051F8P6, STM32C051G6U6, STM32C051G8U6, STM32C051K6T6, STM32C051K6U6, STM32C051K8T6, STM32C071C8T6, STM32C071C8T6N, STM32C071C8U6, STM32C071C8U6N, STM32C071CBT6, STM32C071CBT6N, STM32C071CBU6, STM32C071CBU6N, STM32C071F8P6, STM32C071F8P6N, STM32C071FBP6, STM32C071FBP6N, STM32C071FBY6TR, STM32C071G8U6, STM32C071G8U6N, STM32C071GBU6, STM32C071GBU6N, STM32C071K8T6, STM32C071K8T6N, STM32C071K8U6, STM32C071K8U6N, STM32C071KBT6, STM32C071KBT6N, STM32C071KBU6, STM32C071KBU6N, STM32C071R8T6, STM32C071R8T6N, STM32C071RBI6N, STM32C071RBT6, STM32C071RBT6N, STM32C091CBT6, STM32C091CBU6, STM32C091CCT6, STM32C091CCU6, STM32C091ECY6TR, STM32C091FBP6, STM32C091FCP6, STM32C091GBU6, STM32C091GCU6, STM32C091KBT6, STM32C091KBU6, STM32C091KCT6, STM32C091KCU6, STM32C091RBT6, STM32C091RCI6, STM32C091RCT6, STM32C092CBT6, STM32C092CBU6, STM32C092CCT6, STM32C092CCU6, STM32C092ECY6TR, STM32C092FBP6, STM32C092FCP6, STM32C092GBU6, STM32C092GCU6, STM32C092KBT6, STM32C092KBU6, STM32C092KCT6, STM32C092KCU6, STM32C092RBT6, STM32C092RCI6, STM32C092RCT6, STM32G071K8TXN, STM32G071K8UXN, STM32G081GBU6N, STM32G081KBT6N, STM32G081KBUXN, STM32G0B1CCT6N, STM32G0B1KCT6, STM32G0B1NEY6TR, STM32G0B1RCT6N, STM32G0C1CCT6, STM32G0C1CCT6N, STM32G0C1CCU6N, STM32G0C1CET6N, STM32G0C1CEU6N, STM32G0C1KCT6, STM32G0C1NEY6TR, STM32G0C1RCI6N, STM32G0C1RCT6N, STM32G0C1REI6N, STM32G0C1RET6N, STM32G0C1VCI6, STM32G0C1VEI6, STM32G411C6T3, STM32G411C6T6, STM32G411C6U3, STM32G411C6U6, STM32G411C8T3, STM32G411C8T6, STM32G411C8U3, STM32G411C8U6, STM32G411CBT3, STM32G411CBT6, STM32G411CBU3, STM32G411CBU6, STM32G411CCT3, STM32G411CCT6, STM32G411CCU3, STM32G411CCU6, STM32G411K6T3, STM32G411K6T6, STM32G411K6U3, STM32G411K6U6, STM32G411K8T3, STM32G411K8T6, STM32G411K8U3, STM32G411K8U6, STM32G411KBT3, STM32G411KBT6, STM32G411KBU3, STM32G411KBU6, STM32G411M6T3, STM32G411M6T6, STM32G411M8T3, STM32G411M8T6, STM32G411MBT3, STM32G411MBT6, STM32G411MCT3, STM32G411MCT6, STM32G411R6T3, STM32G411R6T6, STM32G411R8T3, STM32G411R8T6, STM32G411RBT3, STM32G411RBT6, STM32G411RCT3, STM32G411RCT6, STM32G414CBT3, STM32G414CBT6, STM32G414CBU3, STM32G414CBU6, STM32G414CCT3, STM32G414CCT6, STM32G414CCU3, STM32G414CCU6, STM32G414MBT3, STM32G414MBT6, STM32G414MCT3, STM32G414MCT6, STM32G414RBT3, STM32G414RBT6, STM32G414RCT3, STM32G414RCT6, STM32G414VBT3, STM32G414VBT6, STM32G414VCT3, STM32G414VCT6, STM32G431CBT3Z, STM32G431RBT3Z, STM32G471CCT6, STM32G471CCU6, STM32G471CET3, STM32G471CET6, STM32G471CEU3, STM32G471CEU6, STM32G471MCT6, STM32G471MET3, STM32G471MET6, STM32G471MEY6TR, STM32G471QCT6, STM32G471QET3, STM32G471RCT6, STM32G471RET3, STM32G471RET6, STM32G471VCH6, STM32G471VCI6, STM32G471VCT6, STM32G471VEH3, STM32G471VEH6, STM32G471VEI3, STM32G471VEI6, STM32G471VET3, STM32G471VET6, STM32G473QET3Z, STM32G473RET3Z, STM32G474CCT6, STM32G491RET3Z, STM32H503CBT6, STM32H503CBU6, STM32H503EBY6TR, STM32H503KBU6, STM32H503RBT6, STM32H523CCT6, STM32H523CCU6, STM32H523CET6, STM32H523CEU6, STM32H523HEY6TR, STM32H523RCT6, STM32H523RET6, STM32H523VCI6, STM32H523VCT6, STM32H523VEI6, STM32H523VET6, STM32H523ZCJ6, STM32H523ZCT6, STM32H523ZEJ6, STM32H523ZET6, STM32H533CET6, STM32H533CEU6, STM32H533HEY6TR, STM32H533RET6, STM32H533VEI6, STM32H533VET6, STM32H533ZEJ6, STM32H533ZET6, STM32H562AGI6, STM32H562AII6, STM32H562IGK6, STM32H562IGT6, STM32H562IIK6, STM32H562IIT6, STM32H562RGT6, STM32H562RGV6, STM32H562RIT6, STM32H562RIV6, STM32H562VGT6, STM32H562VIT6, STM32H562ZGT6, STM32H562ZIT6, STM32H563AGI6, STM32H563AII3Q, STM32H563AII6, STM32H563IGK6, STM32H563IGT6, STM32H563IIK3Q, STM32H563IIK6, STM32H563IIT3Q, STM32H563IIT6, STM32H563MIY3QTR, STM32H563RGT6, STM32H563RGV6, STM32H563RIT6, STM32H563RIV6, STM32H563VGT6, STM32H563VIT3Q, STM32H563VIT6, STM32H563ZGT6, STM32H563ZIT3Q, STM32H563ZIT6, STM32H573AII3Q, STM32H573AII6, STM32H573I-DK, STM32H573IIK3Q, STM32H573IIK6, STM32H573IIT3Q, STM32H573IIT6, STM32H573MIY3QTR, STM32H573RIT6, STM32H573RIV6, STM32H573VIT3Q, STM32H573VIT6, STM32H573ZIT3Q, STM32H573ZIT6, STM32H7R3A8I6, STM32H7R3I8K6, STM32H7R3I8T6, STM32H7R3L8H6, STM32H7R3L8H6H, STM32H7R3R8V6, STM32H7R3V8H6, STM32H7R3V8T6, STM32H7R3V8Y6TR, STM32H7R3Z8J6, STM32H7R3Z8T6, STM32H7R7A8I6, STM32H7R7I8K6, STM32H7R7I8T6, STM32H7R7L8H6, STM32H7R7L8H6H, STM32H7R7Z8J6, STM32H7S3A8I6, STM32H7S3I8K6, STM32H7S3I8T6, STM32H7S3L8H6, STM32H7S3L8H6H, STM32H7S3R8V6, STM32H7S3V8H6, STM32H7S3V8T6, STM32H7S3V8Y6TR, STM32H7S3Z8J6, STM32H7S3Z8T6, STM32H7S78-DK, STM32H7S7A8I6, STM32H7S7I8K6, STM32H7S7I8T6, STM32H7S7L8H6, STM32H7S7L8H6H, STM32H7S7Z8J6, STM32L4R5QGI6STR, STM32MP131AAE3, STM32MP131AAF3, STM32MP131AAG3, STM32MP131CAE3, STM32MP131CAF3, STM32MP131CAG3, STM32MP131DAE7, STM32MP131DAF7, STM32MP131DAG7, STM32MP131FAE7, STM32MP131FAF7, STM32MP131FAG7, STM32MP133AAE3, STM32MP133AAF3, STM32MP133AAG3, STM32MP133CAE3, STM32MP133CAF3, STM32MP133CAG3, STM32MP133DAE7, STM32MP133DAF7, STM32MP133DAG7, STM32MP133FAE7, STM32MP133FAF7, STM32MP133FAG7, STM32MP135AAE3, STM32MP135AAF3, STM32MP135AAG3, STM32MP135CAE3, STM32MP135CAF3, STM32MP135CAG3, STM32MP135DAE7, STM32MP135DAF7, STM32MP135DAG7, STM32MP135F-DK, STM32MP135FAE7, STM32MP135FAF7, STM32MP135FAF7T, STM32MP135FAF7U, STM32MP135FAG7, STM32MP231AAJ3, STM32MP231AAK3, STM32MP231AAL3, STM32MP231CAJ3, STM32MP231CAK3, STM32MP231CAL3, STM32MP231DAJ3, STM32MP231DAK3, STM32MP231DAL3, STM32MP231FAJ3, STM32MP231FAK3, STM32MP231FAL3, STM32MP233AAJ3, STM32MP233AAK3, STM32MP233AAL3, STM32MP233CAJ3, STM32MP233CAK3, STM32MP233CAL3, STM32MP233DAJ3, STM32MP233DAK3, STM32MP233DAL3, STM32MP233FAJ3, STM32MP233FAK3, STM32MP233FAL3, STM32MP235AAJ3, STM32MP235AAK3, STM32MP235AAL3, STM32MP235CAJ3, STM32MP235CAK3, STM32MP235CAL3, STM32MP235DAJ3, STM32MP235DAK3, STM32MP235DAL3, STM32MP235FAJ3, STM32MP235FAK3, STM32MP235FAL3, STM32MP251AAI3, STM32MP251AAJ3, STM32MP251AAK3, STM32MP251AAL3, STM32MP251CAI3, STM32MP251CAJ3, STM32MP251CAK3, STM32MP251CAL3, STM32MP251DAI3, STM32MP251DAJ3, STM32MP251DAK3, STM32MP251DAL3, STM32MP251FAI3, STM32MP251FAJ3, STM32MP251FAK3, STM32MP251FAL3, STM32MP253AAI3, STM32MP253AAJ3, STM32MP253AAK3, STM32MP253AAL3, STM32MP253CAI3, STM32MP253CAJ3, STM32MP253CAK3, STM32MP253CAL3, STM32MP253DAI3, STM32MP253DAJ3, STM32MP253DAK3, STM32MP253DAL3, STM32MP253FAI3, STM32MP253FAJ3, STM32MP253FAK3, STM32MP253FAL3, STM32MP255AAI3, STM32MP255AAJ3, STM32MP255AAK3, STM32MP255AAL3, STM32MP255CAI3, STM32MP255CAJ3, STM32MP255CAK3, STM32MP255CAL3, STM32MP255DAI3, STM32MP255DAJ3, STM32MP255DAK3, STM32MP255DAL3, STM32MP255FAI3, STM32MP255FAJ3, STM32MP255FAK3, STM32MP255FAL3, STM32MP257AAI3, STM32MP257AAJ3, STM32MP257AAK3, STM32MP257AAL3, STM32MP257CAI3, STM32MP257CAJ3, STM32MP257CAK3, STM32MP257CAL3, STM32MP257DAI3, STM32MP257DAJ3, STM32MP257DAK3, STM32MP257DAL3, STM32MP257F-DK, STM32MP257F-EV1, STM32MP257FAI3, STM32MP257FAJ3, STM32MP257FAK3, STM32MP257FAL3, STM32N645A0H3Q, STM32N645B0H3Q, STM32N645I0H3Q, STM32N645L0H3Q, STM32N645X0H3Q, STM32N645Z0H3Q, STM32N647A0H3Q, STM32N647B0H3Q, STM32N647I0H3Q, STM32N647L0H3Q, STM32N647X0H3Q, STM32N647Z0H3Q, STM32N655A0H3Q, STM32N655B0H3Q, STM32N655I0H3Q, STM32N655L0H3Q, STM32N655X0H3Q, STM32N655Z0H3Q, STM32N6570-DK, STM32N657A0H3Q, STM32N657B0H3Q, STM32N657I0H3Q, STM32N657L0H3Q, STM32N657X0H3Q, STM32N657Z0H3Q, STM32U031C6T6, STM32U031C6U6, STM32U031C8T6, STM32U031C8U6, STM32U031F4P6, STM32U031F6P6, STM32U031F8P6, STM32U031G6Y6TR, STM32U031G8Y6TR, STM32U031K4U6, STM32U031K6U6, STM32U031K8U6, STM32U031R6I6, STM32U031R6T6, STM32U031R8I6, STM32U031R8T6, STM32U073C8T6, STM32U073C8U6, STM32U073CBT6, STM32U073CBU6, STM32U073CCT6, STM32U073CCU6, STM32U073H8Y6TR, STM32U073HBY6TR, STM32U073HCY6TR, STM32U073K8U6, STM32U073KBU6, STM32U073KCU6, STM32U073M8I6, STM32U073M8T6, STM32U073MBI6, STM32U073MBT6, STM32U073MCI6, STM32U073MCT6, STM32U073R8I6, STM32U073R8T6, STM32U073RBI6, STM32U073RBT6, STM32U073RCI6, STM32U073RCT6, STM32U083C-DK, STM32U083CCT6, STM32U083CCU6, STM32U083HCY6TR, STM32U083KCU6, STM32U083MCI6, STM32U083MCT6, STM32U083RCI6, STM32U083RCT6, STM32U375CET6, STM32U375CET6Q, STM32U375CEU6, STM32U375CEU6Q, STM32U375CEY6QTR, STM32U375CGT6, STM32U375CGT6Q, STM32U375CGU6, STM32U375CGU6Q, STM32U375CGY6QTR, STM32U375KEU6, STM32U375KGU6, STM32U375REI6, STM32U375REI6Q, STM32U375RET6, STM32U375RET6Q, STM32U375REY6GTR, STM32U375REY6QTR, STM32U375RGI6, STM32U375RGI6Q, STM32U375RGT6, STM32U375RGT6Q, STM32U375RGY6GTR, STM32U375RGY6QTR, STM32U375VEI6, STM32U375VEI6Q, STM32U375VET6, STM32U375VET6Q, STM32U375VGI6, STM32U375VGI6Q, STM32U375VGT6, STM32U375VGT6Q, STM32U385CGT6, STM32U385CGT6Q, STM32U385CGU6, STM32U385CGU6Q, STM32U385CGY6QTR, STM32U385KGU6, STM32U385RGI6, STM32U385RGI6Q, STM32U385RGT6, STM32U385RGT6Q, STM32U385RGY6GTR, STM32U385RGY6QTR, STM32U385VGI6, STM32U385VGI6Q, STM32U385VGT6, STM32U385VGT6Q, STM32U535CBT6, STM32U535CBT6Q, STM32U535CBU6, STM32U535CBU6Q, STM32U535CCT6, STM32U535CCT6Q, STM32U535CCU6, STM32U535CCU6Q, STM32U535CET6, STM32U535CET6Q, STM32U535CEU6, STM32U535CEU6Q, STM32U535JEY6QTR, STM32U535NCY6QTR, STM32U535NEY6QTR, STM32U535RBI6, STM32U535RBI6Q, STM32U535RBT6, STM32U535RBT6Q, STM32U535RCI6, STM32U535RCI6Q, STM32U535RCT6, STM32U535RCT6Q, STM32U535REI6, STM32U535REI6Q, STM32U535RET6, STM32U535RET6Q, STM32U535VCI6, STM32U535VCI6Q, STM32U535VCT6, STM32U535VCT6Q, STM32U535VEI6, STM32U535VEI6Q, STM32U535VET6, STM32U535VET6Q, STM32U545CET6, STM32U545CET6Q, STM32U545CEU6, STM32U545CEU6Q, STM32U545JEY6QTR, STM32U545NEY6QTR, STM32U545REI6, STM32U545REI6Q, STM32U545RET6, STM32U545RET6Q, STM32U545VEI6, STM32U545VEI6Q, STM32U545VET6, STM32U545VET6Q, STM32U595AIH6, STM32U595AIH6Q, STM32U595AJH6, STM32U595AJH6Q, STM32U595QII6, STM32U595QII6Q, STM32U595QJI6, STM32U595QJI6Q, STM32U595RIT6, STM32U595RIT6Q, STM32U595RJT6, STM32U595RJT6Q, STM32U595VIT6, STM32U595VIT6Q, STM32U595VJT6, STM32U595VJT6Q, STM32U595ZIT6, STM32U595ZIT6Q, STM32U595ZIY6QTR, STM32U595ZJT6, STM32U595ZJT6Q, STM32U595ZJY6QTR, STM32U599BJY6QTR, STM32U599NIH6Q, STM32U599NJH6Q, STM32U599VIT6Q, STM32U599VJT6, STM32U599VJT6Q, STM32U599ZIT6Q, STM32U599ZIY6QTR, STM32U599ZJT6Q, STM32U599ZJY6QTR, STM32U5A5AJH6, STM32U5A5AJH6Q, STM32U5A5QII3Q , STM32U5A5QJI6, STM32U5A5QJI6Q, STM32U5A5RJT6, STM32U5A5RJT6Q, STM32U5A5VJT6, STM32U5A5VJT6Q, STM32U5A5ZJT6, STM32U5A5ZJT6Q, STM32U5A5ZJY6QTR, STM32U5A9BJY6QTR, STM32U5A9J-DK, STM32U5A9NJH6Q, STM32U5A9VJT6Q, STM32U5A9ZJT6Q, STM32U5A9ZJY6QTR, STM32U5F7VIT6, STM32U5F7VIT6Q, STM32U5F7VJT6, STM32U5F7VJT6Q, STM32U5F9BJY6QTR, STM32U5F9NJH6Q, STM32U5F9VIT6Q, STM32U5F9VJT6Q, STM32U5F9ZIJ6QTR, STM32U5F9ZIT6Q, STM32U5F9ZJJ6QTR, STM32U5F9ZJT6Q, STM32U5G7VJT6, STM32U5G7VJT6Q, STM32U5G9BJY6QTR, STM32U5G9J-DK1, STM32U5G9J-DK2, STM32U5G9NJH6Q, STM32U5G9VJT6Q, STM32U5G9ZJJ6QTR, STM32U5G9ZJT6Q, STM32WB05KZV6TR, STM32WB05KZV7TR, STM32WB05TZF6TR, STM32WB05TZF7TR, STM32WB06CCF6TR, STM32WB06CCF7TR, STM32WB06CCV6TR, STM32WB06CCV7TR, STM32WB06KCV6TR, STM32WB06KCV7TR, STM32WB07CCF6TR, STM32WB07CCF7TR, STM32WB07CCV6TR, STM32WB07CCV7TR, STM32WB07KCV6TR, STM32WB07KCV7TR, STM32WB09KEV6TR, STM32WB09KEV7TR, STM32WB09TEF6TR, STM32WB09TEF7TR, STM32WB1MMCH6, STM32WBA50KGU6, STM32WBA50KGU6TR, STM32WBA52CEU6, STM32WBA52CEU6TR, STM32WBA52CEU7, STM32WBA52CEU7TR, STM32WBA52CGU6, STM32WBA52CGU6TR, STM32WBA52CGU6U, STM32WBA52CGU7, STM32WBA52CGU7TR, STM32WBA52KEU6, STM32WBA52KEU6TR, STM32WBA52KGU6, STM32WBA52KGU6TR, STM32WBA54CEU6, STM32WBA54CEU6TR, STM32WBA54CEU7, STM32WBA54CEU7TR, STM32WBA54CGU6, STM32WBA54CGU6TR, STM32WBA54CGU7, STM32WBA54CGU7TR, STM32WBA54KEU6, STM32WBA54KEU6TR, STM32WBA54KEU7, STM32WBA54KEU7TR, STM32WBA54KGU6, STM32WBA54KGU6TR, STM32WBA54KGU7, STM32WBA54KGU7TR, STM32WBA55CEU6, STM32WBA55CEU6TR, STM32WBA55CEU7, STM32WBA55CEU7TR, STM32WBA55CGU6, STM32WBA55CGU6TR, STM32WBA55CGU6U, STM32WBA55CGU7, STM32WBA55CGU7TR, STM32WBA55G-DK1, STM32WBA55HEF6, STM32WBA55HEF7, STM32WBA55HGF6, STM32WBA55HGF7, STM32WBA55UEI6, STM32WBA55UEI6TR, STM32WBA55UEI7, STM32WBA55UEI7TR, STM32WBA55UGI6, STM32WBA55UGI6TR, STM32WBA55UGI7, STM32WBA55UGI7TR, STM32WBA5MJGH6TR, STM32WBA62CGU6, STM32WBA62CIU6, STM32WBA62MGF6, STM32WBA62MIF6, STM32WBA62PGI6, STM32WBA62PII6, STM32WBA63CGU6, STM32WBA63CGU7, STM32WBA63CIU6, STM32WBA63CIU7, STM32WBA64CGU6, STM32WBA64CGU7, STM32WBA64CIU6, STM32WBA64CIU7, STM32WBA65CGU6, STM32WBA65CGU7, STM32WBA65CIU6, STM32WBA65CIU7, STM32WBA65I-DK1, STM32WBA65MGF6, STM32WBA65MGF7, STM32WBA65MIF6, STM32WBA65MIF7, STM32WBA65PGI6, STM32WBA65PGI7, STM32WBA65PII6, STM32WBA65PII7, STM32WBA65RGV6, STM32WBA65RGV7, STM32WBA65RIV6, STM32WBA65RIV7, STM32WL30K8V6, STM32WL30KBV6, STM32WL31C8V6, STM32WL31CBV6, STM32WL31K8V6, STM32WL31KBV6, STM32WL33C8V6, STM32WL33C8V6TR, STM32WL33C8V7, STM32WL33C8V7TR, STM32WL33CBV6, STM32WL33CBV6TR, STM32WL33CBV7, STM32WL33CBV7TR, STM32WL33CCV6, STM32WL33CCV6TR, STM32WL33CCV7, STM32WL33CCV7A, STM32WL33CCV7ATR, STM32WL33CCV7TR, STM32WL33K8V6, STM32WL33K8V6TR, STM32WL33K8V7, STM32WL33K8V7TR, STM32WL33KBV6, STM32WL33KBV6TR, STM32WL33KBV7, STM32WL33KBV7TR, STM32WL33KCV6, STM32WL33KCV6TR, STM32WL33KCV7, STM32WL33KCV7TR, STM32WL5MOCH6, STM32WL5MOCH6TR]
2026-05-17 08:36:33,891 [INFO] DbMcus:218 - Found 5082 MCUs, 4964 are supported
2026-05-17 08:36:33,892 [INFO] ApiDb:423 - Load user favorites file C:\Users\moonc/.stm32cubeide/favorites.mcus.txt: 0 item(s)
2026-05-17 08:36:33,892 [INFO] ApiDb:427 - User favorites MCUs=[]
2026-05-17 08:36:33,892 [INFO] DbMcus:224 - Set 0 / 0 favorites MCUs
2026-05-17 08:36:34,165 [INFO] ApiDb:448 - Save user favorites file C:\Users\moonc/.stm32cubeide/favorites.boards.txt: 1 item(s)
2026-05-17 08:36:34,165 [INFO] ApiDb:452 - User favorites Boards=[NUCLEO-F446RE]
2026-05-17 08:36:34,167 [INFO] ApiDb:581 - Connected to CubeFinder SQLite database (C:\Users\moonc\.stmcufinder\plugins\mcufinder\mcu\cube-finder-db.db)
2026-05-17 08:36:34,240 [INFO] ApiDb:668 - CubeFinder database Data Model version=2.1
2026-05-17 08:36:34,240 [INFO] ApiDb:669 - CubeFinder database Configuration version=3.0.42
2026-05-17 08:36:34,240 [INFO] ApiDb:670 - CubeFinder database generation date=2026-05-06 (1778060171)
2026-05-17 08:36:34,240 [INFO] ApiDb:671 - CubeFinder database FW Pack versions=[FP-ATR-ASTRA1_V2.0.0, FP-SNS-FLIGHT1_V5.1.0, FP-SNS-MOTENV1_V5.1.0, FP-SNS-MOTENVWB1_V1.5.0, FP-SNS-SMARTAG2_V1.2.0, FP-SNS-STBOX1_V2.1.0, STM32Cube_FW_C0_V1.4.0, STM32Cube_FW_F4_V1.28.3, STM32Cube_FW_F7_V1.17.4, STM32Cube_FW_G0_V1.6.3, STM32Cube_FW_G4_V1.6.2, STM32Cube_FW_H5_V1.6.0, STM32Cube_FW_H7RS_V1.3.0, STM32Cube_FW_H7_V1.13.0, STM32Cube_FW_L0_V1.12.2, STM32Cube_FW_L4_V1.18.2, STM32Cube_FW_L5_V1.6.0, STM32Cube_FW_N6_V1.3.0, STM32Cube_FW_U0_V1.3.0, STM32Cube_FW_U3_V1.3.0, STM32Cube_FW_U5_V1.8.0, STM32Cube_FW_WB0_V1.4.0, STM32Cube_FW_WBA_V1.9.0, STM32Cube_FW_WB_V1.24.0, STM32Cube_FW_WL3_V1.4.0, STM32Cube_FW_WL_V1.5.0, X-CUBE-ALGOBUILD_V1.4.0, X-CUBE-ALS_V1.0.2, X-CUBE-AZRTOS-F4_V1.1.0, X-CUBE-AZRTOS-F7_V1.1.0, X-CUBE-AZRTOS-G0_V1.1.0, X-CUBE-AZRTOS-G4_V2.0.0, X-CUBE-AZRTOS-H7RS_V1.1.0, X-CUBE-AZRTOS-H7_V3.5.0, X-CUBE-AZRTOS-L4_V2.0.0, X-CUBE-AZRTOS-L5_V2.0.0, X-CUBE-AZRTOS-WB_V2.0.0, X-CUBE-AZRTOS-WL_V2.0.0, X-CUBE-BLE1_V7.1.0, X-CUBE-BLE2_V3.3.0, X-CUBE-BLEMGR_V4.1.0, X-CUBE-EEPRMA1_V5.2.0, X-CUBE-FREERTOS_V1.5.0, X-CUBE-GNSS1_V6.0.0, X-CUBE-MEMS1_V12.0.0, X-CUBE-NFC4_V3.0.0, X-CUBE-NFC7_V2.0.0, X-CUBE-SFXS2LP1_V4.0.0, X-CUBE-ST67W61_V1.2.0, X-CUBE-SUBG2_V5.0.0, X-CUBE-TOF1_V3.4.3]
2026-05-17 08:36:34,281 [INFO] DbBoardsSqlite:226 - include board P-NUCLEO-WB55-NUCLEO as a kit item of type 'Nucleo-64'
2026-05-17 08:36:34,281 [INFO] DbBoardsSqlite:226 - include board P-NUCLEO-WB55-USBDONGLE as a kit item of type 'Nucleo USB Dongle'
2026-05-17 08:36:34,281 [INFO] DbBoardsSqlite:226 - include board STEVAL-IDP005V1 as a kit item of type 'Evaluation Board'
2026-05-17 08:36:34,282 [INFO] DbBoardsSqlite:226 - include board STEVAL-IDP005V2 as a kit item of type 'Evaluation Board'
2026-05-17 08:36:34,344 [INFO] ApiDb:240 - Found 895 in-development CPN: [B-G473E-ZEST1S, B-WB1M-WPAN1, B-WBA5M-WPAN, B-WL5M-SUBG1, NUCLEO-C031C6, NUCLEO-C051C8, NUCLEO-C071RB, NUCLEO-C092RC, NUCLEO-H503RB, NUCLEO-H533RE, NUCLEO-H563ZI, NUCLEO-H7S3L8, NUCLEO-N657X0-Q, NUCLEO-U031R8, NUCLEO-U083RC, NUCLEO-U385RG-Q, NUCLEO-U545RE-Q, NUCLEO-U5A5ZJ-Q, NUCLEO-WB05KZ, NUCLEO-WB07CC, NUCLEO-WB09KE, NUCLEO-WBA52CG, NUCLEO-WBA55CG, NUCLEO-WBA65RI, NUCLEO-WL33CC1, NUCLEO-WL33CC2, STEVAL-PROTEUS1, STEVAL-SMARTAG2, STEVAL-STWINBX1, STM320518-EVAL, STM32C0116-DK, STM32C011D6Y3TR, STM32C011D6Y6TR, STM32C011F4P3, STM32C011F4P6, STM32C011F4U3, STM32C011F4U6TR, STM32C011F6P3, STM32C011F6P6, STM32C011F6U3, STM32C011F6U6TR, STM32C011J4M3, STM32C011J4M6, STM32C011J6M3, STM32C011J6M6, STM32C0316-DK, STM32C031C4T3, STM32C031C4T6, STM32C031C4U3, STM32C031C4U6, STM32C031C6T3, STM32C031C6T6, STM32C031C6U3, STM32C031C6U6, STM32C031F4P3, STM32C031F4P6, STM32C031F6P3, STM32C031F6P6, STM32C031G4U3, STM32C031G4U6, STM32C031G6U3, STM32C031G6U6, STM32C031K4T3, STM32C031K4T6, STM32C031K4U3, STM32C031K4U6, STM32C031K6T3, STM32C031K6T6, STM32C031K6U3, STM32C031K6U6, STM32C051C6T6, STM32C051C6U6, STM32C051C8T6, STM32C051C8U6, STM32C051D8Y6TR, STM32C051F6P6, STM32C051F8P6, STM32C051G6U6, STM32C051G8U6, STM32C051K6T6, STM32C051K6U6, STM32C051K8T6, STM32C071C8T6, STM32C071C8T6N, STM32C071C8U6, STM32C071C8U6N, STM32C071CBT6, STM32C071CBT6N, STM32C071CBU6, STM32C071CBU6N, STM32C071F8P6, STM32C071F8P6N, STM32C071FBP6, STM32C071FBP6N, STM32C071FBY6TR, STM32C071G8U6, STM32C071G8U6N, STM32C071GBU6, STM32C071GBU6N, STM32C071K8T6, STM32C071K8T6N, STM32C071K8U6, STM32C071K8U6N, STM32C071KBT6, STM32C071KBT6N, STM32C071KBU6, STM32C071KBU6N, STM32C071R8T6, STM32C071R8T6N, STM32C071RBI6N, STM32C071RBT6, STM32C071RBT6N, STM32C091CBT6, STM32C091CBU6, STM32C091CCT6, STM32C091CCU6, STM32C091ECY6TR, STM32C091FBP6, STM32C091FCP6, STM32C091GBU6, STM32C091GCU6, STM32C091KBT6, STM32C091KBU6, STM32C091KCT6, STM32C091KCU6, STM32C091RBT6, STM32C091RCI6, STM32C091RCT6, STM32C092CBT6, STM32C092CBU6, STM32C092CCT6, STM32C092CCU6, STM32C092ECY6TR, STM32C092FBP6, STM32C092FCP6, STM32C092GBU6, STM32C092GCU6, STM32C092KBT6, STM32C092KBU6, STM32C092KCT6, STM32C092KCU6, STM32C092RBT6, STM32C092RCI6, STM32C092RCT6, STM32G071K8TXN, STM32G071K8UXN, STM32G081GBU6N, STM32G081KBT6N, STM32G081KBUXN, STM32G0B1CCT6N, STM32G0B1KCT6, STM32G0B1NEY6TR, STM32G0B1RCT6N, STM32G0C1CCT6, STM32G0C1CCT6N, STM32G0C1CCU6N, STM32G0C1CET6N, STM32G0C1CEU6N, STM32G0C1KCT6, STM32G0C1NEY6TR, STM32G0C1RCI6N, STM32G0C1RCT6N, STM32G0C1REI6N, STM32G0C1RET6N, STM32G0C1VCI6, STM32G0C1VEI6, STM32G411C6T3, STM32G411C6T6, STM32G411C6U3, STM32G411C6U6, STM32G411C8T3, STM32G411C8T6, STM32G411C8U3, STM32G411C8U6, STM32G411CBT3, STM32G411CBT6, STM32G411CBU3, STM32G411CBU6, STM32G411CCT3, STM32G411CCT6, STM32G411CCU3, STM32G411CCU6, STM32G411K6T3, STM32G411K6T6, STM32G411K6U3, STM32G411K6U6, STM32G411K8T3, STM32G411K8T6, STM32G411K8U3, STM32G411K8U6, STM32G411KBT3, STM32G411KBT6, STM32G411KBU3, STM32G411KBU6, STM32G411M6T3, STM32G411M6T6, STM32G411M8T3, STM32G411M8T6, STM32G411MBT3, STM32G411MBT6, STM32G411MCT3, STM32G411MCT6, STM32G411R6T3, STM32G411R6T6, STM32G411R8T3, STM32G411R8T6, STM32G411RBT3, STM32G411RBT6, STM32G411RCT3, STM32G411RCT6, STM32G414CBT3, STM32G414CBT6, STM32G414CBU3, STM32G414CBU6, STM32G414CCT3, STM32G414CCT6, STM32G414CCU3, STM32G414CCU6, STM32G414MBT3, STM32G414MBT6, STM32G414MCT3, STM32G414MCT6, STM32G414RBT3, STM32G414RBT6, STM32G414RCT3, STM32G414RCT6, STM32G414VBT3, STM32G414VBT6, STM32G414VCT3, STM32G414VCT6, STM32G431CBT3Z, STM32G431RBT3Z, STM32G471CCT6, STM32G471CCU6, STM32G471CET3, STM32G471CET6, STM32G471CEU3, STM32G471CEU6, STM32G471MCT6, STM32G471MET3, STM32G471MET6, STM32G471MEY6TR, STM32G471QCT6, STM32G471QET3, STM32G471RCT6, STM32G471RET3, STM32G471RET6, STM32G471VCH6, STM32G471VCI6, STM32G471VCT6, STM32G471VEH3, STM32G471VEH6, STM32G471VEI3, STM32G471VEI6, STM32G471VET3, STM32G471VET6, STM32G473QET3Z, STM32G473RET3Z, STM32G474CCT6, STM32G491RET3Z, STM32H503CBT6, STM32H503CBU6, STM32H503EBY6TR, STM32H503KBU6, STM32H503RBT6, STM32H523CCT6, STM32H523CCU6, STM32H523CET6, STM32H523CEU6, STM32H523HEY6TR, STM32H523RCT6, STM32H523RET6, STM32H523VCI6, STM32H523VCT6, STM32H523VEI6, STM32H523VET6, STM32H523ZCJ6, STM32H523ZCT6, STM32H523ZEJ6, STM32H523ZET6, STM32H533CET6, STM32H533CEU6, STM32H533HEY6TR, STM32H533RET6, STM32H533VEI6, STM32H533VET6, STM32H533ZEJ6, STM32H533ZET6, STM32H562AGI6, STM32H562AII6, STM32H562IGK6, STM32H562IGT6, STM32H562IIK6, STM32H562IIT6, STM32H562RGT6, STM32H562RGV6, STM32H562RIT6, STM32H562RIV6, STM32H562VGT6, STM32H562VIT6, STM32H562ZGT6, STM32H562ZIT6, STM32H563AGI6, STM32H563AII3Q, STM32H563AII6, STM32H563IGK6, STM32H563IGT6, STM32H563IIK3Q, STM32H563IIK6, STM32H563IIT3Q, STM32H563IIT6, STM32H563MIY3QTR, STM32H563RGT6, STM32H563RGV6, STM32H563RIT6, STM32H563RIV6, STM32H563VGT6, STM32H563VIT3Q, STM32H563VIT6, STM32H563ZGT6, STM32H563ZIT3Q, STM32H563ZIT6, STM32H573AII3Q, STM32H573AII6, STM32H573I-DK, STM32H573IIK3Q, STM32H573IIK6, STM32H573IIT3Q, STM32H573IIT6, STM32H573MIY3QTR, STM32H573RIT6, STM32H573RIV6, STM32H573VIT3Q, STM32H573VIT6, STM32H573ZIT3Q, STM32H573ZIT6, STM32H7R3A8I6, STM32H7R3I8K6, STM32H7R3I8T6, STM32H7R3L8H6, STM32H7R3L8H6H, STM32H7R3R8V6, STM32H7R3V8H6, STM32H7R3V8T6, STM32H7R3V8Y6TR, STM32H7R3Z8J6, STM32H7R3Z8T6, STM32H7R7A8I6, STM32H7R7I8K6, STM32H7R7I8T6, STM32H7R7L8H6, STM32H7R7L8H6H, STM32H7R7Z8J6, STM32H7S3A8I6, STM32H7S3I8K6, STM32H7S3I8T6, STM32H7S3L8H6, STM32H7S3L8H6H, STM32H7S3R8V6, STM32H7S3V8H6, STM32H7S3V8T6, STM32H7S3V8Y6TR, STM32H7S3Z8J6, STM32H7S3Z8T6, STM32H7S78-DK, STM32H7S7A8I6, STM32H7S7I8K6, STM32H7S7I8T6, STM32H7S7L8H6, STM32H7S7L8H6H, STM32H7S7Z8J6, STM32L4R5QGI6STR, STM32MP131AAE3, STM32MP131AAF3, STM32MP131AAG3, STM32MP131CAE3, STM32MP131CAF3, STM32MP131CAG3, STM32MP131DAE7, STM32MP131DAF7, STM32MP131DAG7, STM32MP131FAE7, STM32MP131FAF7, STM32MP131FAG7, STM32MP133AAE3, STM32MP133AAF3, STM32MP133AAG3, STM32MP133CAE3, STM32MP133CAF3, STM32MP133CAG3, STM32MP133DAE7, STM32MP133DAF7, STM32MP133DAG7, STM32MP133FAE7, STM32MP133FAF7, STM32MP133FAG7, STM32MP135AAE3, STM32MP135AAF3, STM32MP135AAG3, STM32MP135CAE3, STM32MP135CAF3, STM32MP135CAG3, STM32MP135DAE7, STM32MP135DAF7, STM32MP135DAG7, STM32MP135F-DK, STM32MP135FAE7, STM32MP135FAF7, STM32MP135FAF7T, STM32MP135FAF7U, STM32MP135FAG7, STM32MP231AAJ3, STM32MP231AAK3, STM32MP231AAL3, STM32MP231CAJ3, STM32MP231CAK3, STM32MP231CAL3, STM32MP231DAJ3, STM32MP231DAK3, STM32MP231DAL3, STM32MP231FAJ3, STM32MP231FAK3, STM32MP231FAL3, STM32MP233AAJ3, STM32MP233AAK3, STM32MP233AAL3, STM32MP233CAJ3, STM32MP233CAK3, STM32MP233CAL3, STM32MP233DAJ3, STM32MP233DAK3, STM32MP233DAL3, STM32MP233FAJ3, STM32MP233FAK3, STM32MP233FAL3, STM32MP235AAJ3, STM32MP235AAK3, STM32MP235AAL3, STM32MP235CAJ3, STM32MP235CAK3, STM32MP235CAL3, STM32MP235DAJ3, STM32MP235DAK3, STM32MP235DAL3, STM32MP235FAJ3, STM32MP235FAK3, STM32MP235FAL3, STM32MP251AAI3, STM32MP251AAJ3, STM32MP251AAK3, STM32MP251AAL3, STM32MP251CAI3, STM32MP251CAJ3, STM32MP251CAK3, STM32MP251CAL3, STM32MP251DAI3, STM32MP251DAJ3, STM32MP251DAK3, STM32MP251DAL3, STM32MP251FAI3, STM32MP251FAJ3, STM32MP251FAK3, STM32MP251FAL3, STM32MP253AAI3, STM32MP253AAJ3, STM32MP253AAK3, STM32MP253AAL3, STM32MP253CAI3, STM32MP253CAJ3, STM32MP253CAK3, STM32MP253CAL3, STM32MP253DAI3, STM32MP253DAJ3, STM32MP253DAK3, STM32MP253DAL3, STM32MP253FAI3, STM32MP253FAJ3, STM32MP253FAK3, STM32MP253FAL3, STM32MP255AAI3, STM32MP255AAJ3, STM32MP255AAK3, STM32MP255AAL3, STM32MP255CAI3, STM32MP255CAJ3, STM32MP255CAK3, STM32MP255CAL3, STM32MP255DAI3, STM32MP255DAJ3, STM32MP255DAK3, STM32MP255DAL3, STM32MP255FAI3, STM32MP255FAJ3, STM32MP255FAK3, STM32MP255FAL3, STM32MP257AAI3, STM32MP257AAJ3, STM32MP257AAK3, STM32MP257AAL3, STM32MP257CAI3, STM32MP257CAJ3, STM32MP257CAK3, STM32MP257CAL3, STM32MP257DAI3, STM32MP257DAJ3, STM32MP257DAK3, STM32MP257DAL3, STM32MP257F-DK, STM32MP257F-EV1, STM32MP257FAI3, STM32MP257FAJ3, STM32MP257FAK3, STM32MP257FAL3, STM32N645A0H3Q, STM32N645B0H3Q, STM32N645I0H3Q, STM32N645L0H3Q, STM32N645X0H3Q, STM32N645Z0H3Q, STM32N647A0H3Q, STM32N647B0H3Q, STM32N647I0H3Q, STM32N647L0H3Q, STM32N647X0H3Q, STM32N647Z0H3Q, STM32N655A0H3Q, STM32N655B0H3Q, STM32N655I0H3Q, STM32N655L0H3Q, STM32N655X0H3Q, STM32N655Z0H3Q, STM32N6570-DK, STM32N657A0H3Q, STM32N657B0H3Q, STM32N657I0H3Q, STM32N657L0H3Q, STM32N657X0H3Q, STM32N657Z0H3Q, STM32U031C6T6, STM32U031C6U6, STM32U031C8T6, STM32U031C8U6, STM32U031F4P6, STM32U031F6P6, STM32U031F8P6, STM32U031G6Y6TR, STM32U031G8Y6TR, STM32U031K4U6, STM32U031K6U6, STM32U031K8U6, STM32U031R6I6, STM32U031R6T6, STM32U031R8I6, STM32U031R8T6, STM32U073C8T6, STM32U073C8U6, STM32U073CBT6, STM32U073CBU6, STM32U073CCT6, STM32U073CCU6, STM32U073H8Y6TR, STM32U073HBY6TR, STM32U073HCY6TR, STM32U073K8U6, STM32U073KBU6, STM32U073KCU6, STM32U073M8I6, STM32U073M8T6, STM32U073MBI6, STM32U073MBT6, STM32U073MCI6, STM32U073MCT6, STM32U073R8I6, STM32U073R8T6, STM32U073RBI6, STM32U073RBT6, STM32U073RCI6, STM32U073RCT6, STM32U083C-DK, STM32U083CCT6, STM32U083CCU6, STM32U083HCY6TR, STM32U083KCU6, STM32U083MCI6, STM32U083MCT6, STM32U083RCI6, STM32U083RCT6, STM32U375CET6, STM32U375CET6Q, STM32U375CEU6, STM32U375CEU6Q, STM32U375CEY6QTR, STM32U375CGT6, STM32U375CGT6Q, STM32U375CGU6, STM32U375CGU6Q, STM32U375CGY6QTR, STM32U375KEU6, STM32U375KGU6, STM32U375REI6, STM32U375REI6Q, STM32U375RET6, STM32U375RET6Q, STM32U375REY6GTR, STM32U375REY6QTR, STM32U375RGI6, STM32U375RGI6Q, STM32U375RGT6, STM32U375RGT6Q, STM32U375RGY6GTR, STM32U375RGY6QTR, STM32U375VEI6, STM32U375VEI6Q, STM32U375VET6, STM32U375VET6Q, STM32U375VGI6, STM32U375VGI6Q, STM32U375VGT6, STM32U375VGT6Q, STM32U385CGT6, STM32U385CGT6Q, STM32U385CGU6, STM32U385CGU6Q, STM32U385CGY6QTR, STM32U385KGU6, STM32U385RGI6, STM32U385RGI6Q, STM32U385RGT6, STM32U385RGT6Q, STM32U385RGY6GTR, STM32U385RGY6QTR, STM32U385VGI6, STM32U385VGI6Q, STM32U385VGT6, STM32U385VGT6Q, STM32U535CBT6, STM32U535CBT6Q, STM32U535CBU6, STM32U535CBU6Q, STM32U535CCT6, STM32U535CCT6Q, STM32U535CCU6, STM32U535CCU6Q, STM32U535CET6, STM32U535CET6Q, STM32U535CEU6, STM32U535CEU6Q, STM32U535JEY6QTR, STM32U535NCY6QTR, STM32U535NEY6QTR, STM32U535RBI6, STM32U535RBI6Q, STM32U535RBT6, STM32U535RBT6Q, STM32U535RCI6, STM32U535RCI6Q, STM32U535RCT6, STM32U535RCT6Q, STM32U535REI6, STM32U535REI6Q, STM32U535RET6, STM32U535RET6Q, STM32U535VCI6, STM32U535VCI6Q, STM32U535VCT6, STM32U535VCT6Q, STM32U535VEI6, STM32U535VEI6Q, STM32U535VET6, STM32U535VET6Q, STM32U545CET6, STM32U545CET6Q, STM32U545CEU6, STM32U545CEU6Q, STM32U545JEY6QTR, STM32U545NEY6QTR, STM32U545REI6, STM32U545REI6Q, STM32U545RET6, STM32U545RET6Q, STM32U545VEI6, STM32U545VEI6Q, STM32U545VET6, STM32U545VET6Q, STM32U595AIH6, STM32U595AIH6Q, STM32U595AJH6, STM32U595AJH6Q, STM32U595QII6, STM32U595QII6Q, STM32U595QJI6, STM32U595QJI6Q, STM32U595RIT6, STM32U595RIT6Q, STM32U595RJT6, STM32U595RJT6Q, STM32U595VIT6, STM32U595VIT6Q, STM32U595VJT6, STM32U595VJT6Q, STM32U595ZIT6, STM32U595ZIT6Q, STM32U595ZIY6QTR, STM32U595ZJT6, STM32U595ZJT6Q, STM32U595ZJY6QTR, STM32U599BJY6QTR, STM32U599NIH6Q, STM32U599NJH6Q, STM32U599VIT6Q, STM32U599VJT6, STM32U599VJT6Q, STM32U599ZIT6Q, STM32U599ZIY6QTR, STM32U599ZJT6Q, STM32U599ZJY6QTR, STM32U5A5AJH6, STM32U5A5AJH6Q, STM32U5A5QII3Q , STM32U5A5QJI6, STM32U5A5QJI6Q, STM32U5A5RJT6, STM32U5A5RJT6Q, STM32U5A5VJT6, STM32U5A5VJT6Q, STM32U5A5ZJT6, STM32U5A5ZJT6Q, STM32U5A5ZJY6QTR, STM32U5A9BJY6QTR, STM32U5A9J-DK, STM32U5A9NJH6Q, STM32U5A9VJT6Q, STM32U5A9ZJT6Q, STM32U5A9ZJY6QTR, STM32U5F7VIT6, STM32U5F7VIT6Q, STM32U5F7VJT6, STM32U5F7VJT6Q, STM32U5F9BJY6QTR, STM32U5F9NJH6Q, STM32U5F9VIT6Q, STM32U5F9VJT6Q, STM32U5F9ZIJ6QTR, STM32U5F9ZIT6Q, STM32U5F9ZJJ6QTR, STM32U5F9ZJT6Q, STM32U5G7VJT6, STM32U5G7VJT6Q, STM32U5G9BJY6QTR, STM32U5G9J-DK1, STM32U5G9J-DK2, STM32U5G9NJH6Q, STM32U5G9VJT6Q, STM32U5G9ZJJ6QTR, STM32U5G9ZJT6Q, STM32WB05KZV6TR, STM32WB05KZV7TR, STM32WB05TZF6TR, STM32WB05TZF7TR, STM32WB06CCF6TR, STM32WB06CCF7TR, STM32WB06CCV6TR, STM32WB06CCV7TR, STM32WB06KCV6TR, STM32WB06KCV7TR, STM32WB07CCF6TR, STM32WB07CCF7TR, STM32WB07CCV6TR, STM32WB07CCV7TR, STM32WB07KCV6TR, STM32WB07KCV7TR, STM32WB09KEV6TR, STM32WB09KEV7TR, STM32WB09TEF6TR, STM32WB09TEF7TR, STM32WB1MMCH6, STM32WBA50KGU6, STM32WBA50KGU6TR, STM32WBA52CEU6, STM32WBA52CEU6TR, STM32WBA52CEU7, STM32WBA52CEU7TR, STM32WBA52CGU6, STM32WBA52CGU6TR, STM32WBA52CGU6U, STM32WBA52CGU7, STM32WBA52CGU7TR, STM32WBA52KEU6, STM32WBA52KEU6TR, STM32WBA52KGU6, STM32WBA52KGU6TR, STM32WBA54CEU6, STM32WBA54CEU6TR, STM32WBA54CEU7, STM32WBA54CEU7TR, STM32WBA54CGU6, STM32WBA54CGU6TR, STM32WBA54CGU7, STM32WBA54CGU7TR, STM32WBA54KEU6, STM32WBA54KEU6TR, STM32WBA54KEU7, STM32WBA54KEU7TR, STM32WBA54KGU6, STM32WBA54KGU6TR, STM32WBA54KGU7, STM32WBA54KGU7TR, STM32WBA55CEU6, STM32WBA55CEU6TR, STM32WBA55CEU7, STM32WBA55CEU7TR, STM32WBA55CGU6, STM32WBA55CGU6TR, STM32WBA55CGU6U, STM32WBA55CGU7, STM32WBA55CGU7TR, STM32WBA55G-DK1, STM32WBA55HEF6, STM32WBA55HEF7, STM32WBA55HGF6, STM32WBA55HGF7, STM32WBA55UEI6, STM32WBA55UEI6TR, STM32WBA55UEI7, STM32WBA55UEI7TR, STM32WBA55UGI6, STM32WBA55UGI6TR, STM32WBA55UGI7, STM32WBA55UGI7TR, STM32WBA5MJGH6TR, STM32WBA62CGU6, STM32WBA62CIU6, STM32WBA62MGF6, STM32WBA62MIF6, STM32WBA62PGI6, STM32WBA62PII6, STM32WBA63CGU6, STM32WBA63CGU7, STM32WBA63CIU6, STM32WBA63CIU7, STM32WBA64CGU6, STM32WBA64CGU7, STM32WBA64CIU6, STM32WBA64CIU7, STM32WBA65CGU6, STM32WBA65CGU7, STM32WBA65CIU6, STM32WBA65CIU7, STM32WBA65I-DK1, STM32WBA65MGF6, STM32WBA65MGF7, STM32WBA65MIF6, STM32WBA65MIF7, STM32WBA65PGI6, STM32WBA65PGI7, STM32WBA65PII6, STM32WBA65PII7, STM32WBA65RGV6, STM32WBA65RGV7, STM32WBA65RIV6, STM32WBA65RIV7, STM32WL30K8V6, STM32WL30KBV6, STM32WL31C8V6, STM32WL31CBV6, STM32WL31K8V6, STM32WL31KBV6, STM32WL33C8V6, STM32WL33C8V6TR, STM32WL33C8V7, STM32WL33C8V7TR, STM32WL33CBV6, STM32WL33CBV6TR, STM32WL33CBV7, STM32WL33CBV7TR, STM32WL33CCV6, STM32WL33CCV6TR, STM32WL33CCV7, STM32WL33CCV7A, STM32WL33CCV7ATR, STM32WL33CCV7TR, STM32WL33K8V6, STM32WL33K8V6TR, STM32WL33K8V7, STM32WL33K8V7TR, STM32WL33KBV6, STM32WL33KBV6TR, STM32WL33KBV7, STM32WL33KBV7TR, STM32WL33KCV6, STM32WL33KCV6TR, STM32WL33KCV7, STM32WL33KCV7TR, STM32WL5MOCH6, STM32WL5MOCH6TR]
2026-05-17 08:36:34,387 [INFO] BoardInfo:889 - No configuration file found for board NUCLEO-H5E5ZJ
2026-05-17 08:36:34,387 [INFO] DbBoards:161 - Board is not supported: NUCLEO-H5E5ZJ
2026-05-17 08:36:34,411 [INFO] BoardInfo:889 - No configuration file found for board NUCLEO-U3C5ZI-Q
2026-05-17 08:36:34,411 [INFO] DbBoards:161 - Board is not supported: NUCLEO-U3C5ZI-Q
2026-05-17 08:36:34,417 [INFO] BoardInfo:889 - No configuration file found for board NUCLEO-WBA25CE1
2026-05-17 08:36:34,418 [INFO] DbBoards:161 - Board is not supported: NUCLEO-WBA25CE1
2026-05-17 08:36:34,422 [INFO] BoardInfo:889 - No configuration file found for board NUCLEO-WL3RKB1
2026-05-17 08:36:34,422 [INFO] DbBoards:161 - Board is not supported: NUCLEO-WL3RKB1
2026-05-17 08:36:34,423 [INFO] BoardInfo:889 - No configuration file found for board NUCLEO-WL3RKB2
2026-05-17 08:36:34,423 [INFO] DbBoards:161 - Board is not supported: NUCLEO-WL3RKB2
2026-05-17 08:36:34,426 [INFO] BoardInfo:889 - No configuration file found for board P-NUCLEO-WB55
2026-05-17 08:36:34,426 [INFO] DbBoards:161 - Kit is not supported: P-NUCLEO-WB55
2026-05-17 08:36:34,429 [INFO] BoardInfo:889 - No configuration file found for board STEVAL-BFA001V1B
2026-05-17 08:36:34,429 [INFO] DbBoards:161 - Kit is not supported: STEVAL-BFA001V1B
2026-05-17 08:36:34,430 [INFO] BoardInfo:889 - No configuration file found for board STEVAL-BFA001V2B
2026-05-17 08:36:34,430 [INFO] DbBoards:161 - Kit is not supported: STEVAL-BFA001V2B
2026-05-17 08:36:34,479 [INFO] BoardInfo:889 - No configuration file found for board STM32H5F5J-DK
2026-05-17 08:36:34,479 [INFO] DbBoards:161 - Board is not supported: STM32H5F5J-DK
2026-05-17 08:36:34,505 [INFO] BoardInfo:889 - No configuration file found for board STM32MP215F-DK
2026-05-17 08:36:34,505 [INFO] DbBoards:161 - Board is not supported: STM32MP215F-DK
2026-05-17 08:36:34,514 [INFO] DbBoards:168 - Found 218 boards, 208 are supported
2026-05-17 08:36:34,515 [INFO] DbBoards:169 - Found 218 boards, 43 of them is supported for  Bsp
2026-05-17 08:36:34,520 [INFO] ApiDb:423 - Load user favorites file C:\Users\moonc/.stm32cubeide/favorites.boards.txt: 1 item(s)
2026-05-17 08:36:34,520 [INFO] ApiDb:427 - User favorites Boards=[NUCLEO-F446RE]
2026-05-17 08:36:34,520 [INFO] DbBoards:198 - Set 1 / 1 favorites Boards
2026-05-17 08:36:34,537 [ERROR] TargetSelectorAdapter:267 - Unable to refresh data
2026-05-17 08:36:34,610 [INFO] McuFinderGlobals:76 - Set McuFinderConnectedMode to true
2026-05-17 08:36:34,611 [INFO] MultiScanPanel:200 - Auto-refresh data requested => check proxy status ongoing
2026-05-17 08:36:34,611 [INFO] FinderPluginLoader:95 - Searching for filters in installed packs
2026-05-17 08:36:35,999 [INFO] LoadUrlFilesThread:185 - End of LoadServerUrlFiles without Thread
2026-05-17 08:36:36,000 [INFO] DetailPanel:341 - Set advertising image to C:/Users/moonc/STM32Cube/Repository/\en.prom-stm32wba2-stm32-nucleo-board-0426.png
2026-05-17 08:36:45,826 [INFO] MultiScanPanel:200 - Auto-refresh data requested => check proxy status ongoing
2026-05-17 08:36:45,874 [INFO] LoadUrlFilesThread:185 - End of LoadServerUrlFiles without Thread
2026-05-17 08:36:45,875 [INFO] DetailPanel:341 - Set advertising image to C:/Users/moonc/STM32Cube/Repository/\en.prom-stm32wba2-stm32-nucleo-board-0426.png
2026-05-17 08:36:45,879 [INFO] DbBoards:642 - Loading board mini-images...
2026-05-17 08:36:47,544 [INFO] DbBoards:665 - Loaded 218 board mini-images
2026-05-17 08:36:55,235 [INFO] ServerAccessManage:473 - Download File DB2196.pdf
2026-05-17 08:36:55,753 [INFO] LoadUrlFilesThread:156 - End of LoadUrlFiles Thread
2026-05-17 08:36:55,892 [INFO] BoardAction:139 - Datasheet
2026-05-17 08:37:12,388 [INFO] BoardAction:75 - Docs & Resources
2026-05-17 08:37:24,240 [INFO] ServerAccessManage:473 - Download File 19167.pdf
2026-05-17 08:37:24,405 [INFO] LoadUrlFilesThread:156 - End of LoadUrlFiles Thread
2026-05-17 08:37:25,913 [INFO] ServerAccessManage:473 - Download File 19168.pdf
2026-05-17 08:37:26,172 [INFO] LoadUrlFilesThread:156 - End of LoadUrlFiles Thread
2026-05-17 08:38:02,100 [INFO] ServerAccessManage:473 - Download File 
2026-05-17 08:38:02,609 [INFO] LoadUrlFilesThread:185 - End of LoadServerUrlFiles without Thread
2026-05-17 08:38:02,624 [INFO] BoardAction:170 - Large Picture
2026-05-17 08:38:06,124 [INFO] BoardAction:48 - Features
2026-05-17 08:38:42,561 [INFO] MainUpdater:2872 - connection check result : 10
2026-05-17 08:38:42,562 [INFO] MainUpdater:2872 - connection check result : 10
2026-05-17 08:38:42,627 [INFO] MicroXplorer:468 - Change Database Path : 
2026-05-17 08:38:42,628 [INFO] MicroXplorer:498 - Change Database Version : DB.6.0.141
2026-05-17 08:38:42,664 [ERROR] ProjectManagerView:395 - 
java.lang.NullPointerException: Cannot invoke "javax.swing.JTextField.getText()" because the return value of "java.util.List.get(int)" is null
	at com.st.microxplorer.plugins.projectmanager.gui.ProjectChoiceTab$9.caretUpdate(ProjectChoiceTab.java:2678) ~[filemanager.jar:?]
	at javax.swing.text.JTextComponent.fireCaretUpdate(JTextComponent.java:408) ~[?:?]
	at javax.swing.text.JTextComponent$MutableCaretEvent.fire(JTextComponent.java:4484) ~[?:?]
	at javax.swing.text.JTextComponent$MutableCaretEvent.stateChanged(JTextComponent.java:4506) ~[?:?]
	at javax.swing.text.DefaultCaret.fireStateChanged(DefaultCaret.java:857) ~[?:?]
	at javax.swing.text.DefaultCaret.changeCaretPosition(DefaultCaret.java:1343) ~[?:?]
	at javax.swing.text.DefaultCaret.handleSetDot(DefaultCaret.java:1242) ~[?:?]
	at javax.swing.text.DefaultCaret.setDot(DefaultCaret.java:1223) ~[?:?]
	at javax.swing.text.DefaultCaret$Handler.insertUpdate(DefaultCaret.java:1819) ~[?:?]
	at javax.swing.text.AbstractDocument.fireInsertUpdate(AbstractDocument.java:227) ~[?:?]
	at javax.swing.text.AbstractDocument.handleInsertString(AbstractDocument.java:781) ~[?:?]
	at javax.swing.text.AbstractDocument.insertString(AbstractDocument.java:740) ~[?:?]
	at javax.swing.text.PlainDocument.insertString(PlainDocument.java:131) ~[?:?]
	at javax.swing.text.AbstractDocument.replace(AbstractDocument.java:699) ~[?:?]
	at javax.swing.text.JTextComponent.setText(JTextComponent.java:1725) ~[?:?]
	at com.st.microxplorer.plugins.projectmanager.gui.ProjectChoiceTab.createHeapStackFields(ProjectChoiceTab.java:979) ~[filemanager.jar:?]
	at com.st.microxplorer.plugins.projectmanager.gui.ProjectChoiceTab.buildLinkSettingsPanel(ProjectChoiceTab.java:3766) ~[filemanager.jar:?]
	at com.st.microxplorer.plugins.projectmanager.gui.ProjectChoiceTab.defineWindowsFields(ProjectChoiceTab.java:1962) ~[filemanager.jar:?]
	at com.st.microxplorer.plugins.projectmanager.gui.ProjectChoiceTab.updateSettings(ProjectChoiceTab.java:555) ~[filemanager.jar:?]
	at com.st.microxplorer.plugins.projectmanager.gui.ProjectSettingsPanel.UpdateDialog(ProjectSettingsPanel.java:245) ~[filemanager.jar:?]
	at com.st.microxplorer.plugins.projectmanager.ProjectManagerView.propertyChange(ProjectManagerView.java:392) ~[filemanager.jar:?]
	at java.beans.PropertyChangeSupport.fire(PropertyChangeSupport.java:343) ~[?:?]
	at java.beans.PropertyChangeSupport.firePropertyChange(PropertyChangeSupport.java:335) ~[?:?]
	at java.beans.PropertyChangeSupport.firePropertyChange(PropertyChangeSupport.java:268) ~[?:?]
	at com.st.microxplorer.util.MXPropertyChangeSupport.firePropertyChange(MXPropertyChangeSupport.java:54) ~[STM32CubeMX.jar:?]
	at com.st.microxplorer.mxsystem.MxSystem.closeConfig(MxSystem.java:899) ~[STM32CubeMX.jar:?]
	at com.st.microxplorer.maingui.MainPanel.closeConfig(MainPanel.java:789) ~[STM32CubeMX.jar:?]
	at com.st.microxplorer.plugins.filemanager.engine.OpenFileManager.loadConfigurationFile(OpenFileManager.java:287) ~[filemanager.jar:?]
	at com.st.microxplorer.plugins.filemanager.engine.MainFileManager.userLoadConfig(MainFileManager.java:341) ~[filemanager.jar:?]
	at com.st.microxplorer.plugins.filemanager.FileManagerView.getSpecificTask(FileManagerView.java:250) ~[filemanager.jar:?]
	at com.st.stm32cube.common.mx.editor.CubeMxEditor.getMxTabbedPaneInstance(CubeMxEditor.java:1191) ~[com.st.stm32cube.common.mx_6.14.1.202504091515/:?]
	at com.st.stm32cube.common.mx.editor.CubeMxEditor$12$1.createSwingComponent(CubeMxEditor.java:1068) ~[com.st.stm32cube.common.mx_6.14.1.202504091515/:?]
	at com.st.stm32cube.common.mx.oss.core.awtswtbridge.EmbeddedSwingComposite.doComponentCreation(EmbeddedSwingComposite.java:492) ~[com.st.stm32cube.common.mx.oss_6.14.1.202504091515/:?]
	at com.st.stm32cube.common.mx.oss.core.awtswtbridge.EmbeddedSwingComposite$4.run(EmbeddedSwingComposite.java:291) ~[com.st.stm32cube.common.mx.oss_6.14.1.202504091515/:?]
	at com.st.stm32cube.common.mx.oss.core.awtswtbridge.AwtEnvironment$2.run(AwtEnvironment.java:166) ~[com.st.stm32cube.common.mx.oss_6.14.1.202504091515/:?]
	at java.awt.event.InvocationEvent.dispatch(InvocationEvent.java:318) ~[?:?]
	at java.awt.EventQueue.dispatchEventImpl(EventQueue.java:773) ~[?:?]
	at java.awt.EventQueue$4.run(EventQueue.java:720) ~[?:?]
	at java.awt.EventQueue$4.run(EventQueue.java:714) ~[?:?]
	at java.security.AccessController.doPrivileged(AccessController.java:400) ~[?:?]
	at java.security.ProtectionDomain$JavaSecurityAccessImpl.doIntersectionPrivilege(ProtectionDomain.java:87) ~[?:?]
	at java.awt.EventQueue.dispatchEvent(EventQueue.java:742) ~[?:?]
	at java.awt.EventDispatchThread.pumpOneEventForFilters(EventDispatchThread.java:203) ~[?:?]
	at java.awt.EventDispatchThread.pumpEventsForFilter(EventDispatchThread.java:124) ~[?:?]
	at java.awt.EventDispatchThread.pumpEventsForHierarchy(EventDispatchThread.java:113) ~[?:?]
	at java.awt.EventDispatchThread.pumpEvents(EventDispatchThread.java:109) ~[?:?]
	at java.awt.EventDispatchThread.pumpEvents(EventDispatchThread.java:101) ~[?:?]
	at java.awt.EventDispatchThread.run(EventDispatchThread.java:90) ~[?:?]
2026-05-17 08:38:42,680 [WARN] ThirdParty:871 - waiting for thirdparty lock release [close project]
2026-05-17 08:38:42,680 [INFO] ThirdParty:873 - entering critical section [close project]
2026-05-17 08:38:42,680 [INFO] ThirdParty:883 - exiting critical section [close project]
2026-05-17 08:38:42,682 [INFO] PinOutPanel:1589 - setPackage(No Configuration,No Configuration)
2026-05-17 08:38:42,697 [WARN] IpParametersView:155 - Warning: This peripheral hasn't parameters
2026-05-17 08:38:42,706 [WARN] MainPanel:289 - <html><b><center>Warning: This peripheral has no parameters to be configured<br></b></html>
2026-05-17 08:38:42,714 [INFO] UtilMem:75 - Begin LoadConfig() Used Memory: 1029166880 Bytes (1073741824)
2026-05-17 08:38:42,715 [INFO] OpenFileManager:354 - Change cursor
2026-05-17 08:38:42,742 [INFO] RulesReader:64 - Compatibility file has been processed (302 Rules)
2026-05-17 08:38:42,748 [INFO] ProjectFactory:442 - No CPN specified for board NUCLEO-F446RE => set CPN to STM32F446RET6
2026-05-17 08:38:42,748 [INFO] Mcu:2011 - Initializing MCU STM32F446R(C-E)Tx STM32F446RETx STM32F446RET6
2026-05-17 08:38:44,143 [INFO] Context:756 - Trying to add GPIOservice into a context  which must be forbidden
2026-05-17 08:38:44,538 [INFO] Rule:225 - rule 117617 - U5Cobra4M][GTZC] default value MPCBB3 and MPCBB5 - Not Secured memory - MPCBB1 is applicable
2026-05-17 08:38:44,538 [INFO] Rule:225 - rule 117617 - U5Cobra4M][GTZC] default value MPCBB3 and MPCBB5 - Not Secured memory - MPCBB1 is applicable
2026-05-17 08:38:44,538 [INFO] Rule:225 - rule 117617 - U5Cobra4M][GTZC] default value MPCBB3 and MPCBB5 - Not Secured memory - MPCBB2 is applicable
2026-05-17 08:38:44,538 [INFO] Rule:225 - rule 117617 - U5Cobra4M][GTZC] default value MPCBB3 and MPCBB5 - Not Secured memory - MPCBB2 is applicable
2026-05-17 08:38:44,538 [INFO] Rule:225 - rule 117617 - U5Cobra4M][GTZC] default value MPCBB3 and MPCBB5 - Not Secured memory - MPCBB3 is applicable
2026-05-17 08:38:44,538 [INFO] Rule:225 - rule 117617 - U5Cobra4M][GTZC] default value MPCBB3 and MPCBB5 - Not Secured memory - MPCBB3 is applicable
2026-05-17 08:38:44,538 [INFO] Rule:225 - rule 117617 - U5Cobra4M][GTZC] default value MPCBB3 and MPCBB5 - Not Secured memory - MPCBB4 is applicable
2026-05-17 08:38:44,538 [INFO] Rule:225 - rule 117617 - U5Cobra4M][GTZC] default value MPCBB3 and MPCBB5 - Not Secured memory - MPCBB4 is applicable
2026-05-17 08:38:44,539 [INFO] Rule:225 - rule 117617 - U5Cobra4M][GTZC] default value MPCBB3 and MPCBB5 - Secured memory - MPCBB1 is applicable
2026-05-17 08:38:44,539 [INFO] Rule:225 - rule 117617 - U5Cobra4M][GTZC] default value MPCBB3 and MPCBB5 - Secured memory - MPCBB2 is applicable
2026-05-17 08:38:44,539 [INFO] Rule:225 - rule 117617 - U5Cobra4M][GTZC] default value MPCBB3 and MPCBB5 - Secured memory - MPCBB3 is applicable
2026-05-17 08:38:44,539 [INFO] Rule:225 - rule 117617 - U5Cobra4M][GTZC] default value MPCBB3 and MPCBB5 - Secured memory - MPCBB4 is applicable
2026-05-17 08:38:44,539 [INFO] Rule:225 - rule 117617 - U5Cobra4M][GTZC] default value MPCBB3 and MPCBB5 - Privileged memory - MPCBB1 is applicable
2026-05-17 08:38:44,539 [INFO] Rule:225 - rule 117617 - U5Cobra4M][GTZC] default value MPCBB3 and MPCBB5 - Privileged memory - MPCBB2 is applicable
2026-05-17 08:38:44,539 [INFO] Rule:225 - rule 117617 - U5Cobra4M][GTZC] default value MPCBB3 and MPCBB5 - Privileged memory - MPCBB3 is applicable
2026-05-17 08:38:44,539 [INFO] Rule:225 - rule 117617 - U5Cobra4M][GTZC] default value MPCBB3 and MPCBB5 - Privileged memory - MPCBB4 is applicable
2026-05-17 08:38:44,539 [INFO] Rule:225 - rule 117617 - U5Cobra4M][GTZC] default value MPCBB3 and MPCBB5 - Not Privileged memory - MPCBB1 is applicable
2026-05-17 08:38:44,539 [INFO] Rule:225 - rule 117617 - U5Cobra4M][GTZC] default value MPCBB3 and MPCBB5 - Not Privileged memory - MPCBB2 is applicable
2026-05-17 08:38:44,539 [INFO] Rule:225 - rule 117617 - U5Cobra4M][GTZC] default value MPCBB3 and MPCBB5 - Not Privileged memory - MPCBB3 is applicable
2026-05-17 08:38:44,539 [INFO] Rule:225 - rule 117617 - U5Cobra4M][GTZC] default value MPCBB3 and MPCBB5 - Not Privileged memory - MPCBB4 is applicable
2026-05-17 08:38:44,539 [INFO] Rule:225 - rule 117617 - U5Cobra4M][GTZC] default value MPCBB3 and MPCBB5 - Privileged memory - MPCBB1 is applicable
2026-05-17 08:38:44,539 [INFO] Rule:225 - rule 117617 - U5Cobra4M][GTZC] default value MPCBB3 and MPCBB5 - Privileged memory - MPCBB2 is applicable
2026-05-17 08:38:44,539 [INFO] Rule:225 - rule 117617 - U5Cobra4M][GTZC] default value MPCBB3 and MPCBB5 - Privileged memory - MPCBB3 is applicable
2026-05-17 08:38:44,539 [INFO] Rule:225 - rule 117617 - U5Cobra4M][GTZC] default value MPCBB3 and MPCBB5 - Privileged memory - MPCBB4 is applicable
2026-05-17 08:38:44,539 [INFO] Rule:225 - rule 117617 - U5Cobra4M][GTZC] default value MPCBB3 and MPCBB5 - Privileged memory - MPCBB1 is applicable
2026-05-17 08:38:44,539 [INFO] Rule:225 - rule 117617 - U5Cobra4M][GTZC] default value MPCBB3 and MPCBB5 - Privileged memory - MPCBB2 is applicable
2026-05-17 08:38:44,539 [INFO] Rule:225 - rule 117617 - U5Cobra4M][GTZC] default value MPCBB3 and MPCBB5 - Privileged memory - MPCBB3 is applicable
2026-05-17 08:38:44,539 [INFO] Rule:225 - rule 117617 - U5Cobra4M][GTZC] default value MPCBB3 and MPCBB5 - Privileged memory - MPCBB4 is applicable
2026-05-17 08:38:44,539 [INFO] Rule:225 - rule 117617 - U5Cobra4M][GTZC] default value MPCBB3 and MPCBB5 - Not Privileged memory - MPCBB1 is applicable
2026-05-17 08:38:44,539 [INFO] Rule:225 - rule 117617 - U5Cobra4M][GTZC] default value MPCBB3 and MPCBB5 - Not Privileged memory - MPCBB2 is applicable
2026-05-17 08:38:44,539 [INFO] Rule:225 - rule 117617 - U5Cobra4M][GTZC] default value MPCBB3 and MPCBB5 - Not Privileged memory - MPCBB3 is applicable
2026-05-17 08:38:44,539 [INFO] Rule:225 - rule 117617 - U5Cobra4M][GTZC] default value MPCBB3 and MPCBB5 - Not Privileged memory - MPCBB4 is applicable
2026-05-17 08:38:44,539 [INFO] Rule:225 - rule 117617 - U5Cobra4M][GTZC] default value MPCBB3 and MPCBB5 - Privileged memory - MPCBB1 is applicable
2026-05-17 08:38:44,539 [INFO] Rule:225 - rule 117617 - U5Cobra4M][GTZC] default value MPCBB3 and MPCBB5 - Privileged memory - MPCBB2 is applicable
2026-05-17 08:38:44,539 [INFO] Rule:225 - rule 117617 - U5Cobra4M][GTZC] default value MPCBB3 and MPCBB5 - Privileged memory - MPCBB3 is applicable
2026-05-17 08:38:44,539 [INFO] Rule:225 - rule 117617 - U5Cobra4M][GTZC] default value MPCBB3 and MPCBB5 - Privileged memory - MPCBB4 is applicable
2026-05-17 08:38:44,539 [INFO] Rule:225 - rule Rename SubGHz_Phy SUBGHZ_APPLICATION SUBGHZ_PINGPONG to SUBGHZ_ADV_APPLICATION is applicable
2026-05-17 08:38:44,539 [INFO] Rule:225 - rule Rename Enabled to IBEACON is applicable
2026-05-17 08:38:44,539 [INFO] Rule:225 - rule GTZC_S instance for project manager is applicable
2026-05-17 08:38:44,539 [INFO] Rule:225 - rule GTZC_S instance for context M33S is applicable
2026-05-17 08:38:44,539 [INFO] Rule:225 - rule GTZC_S instance value for IP GTZC is applicable
2026-05-17 08:38:44,539 [INFO] Rule:225 - rule GTZC_S instance for mcu.IP is applicable
2026-05-17 08:38:44,540 [INFO] Rule:225 - rule GTZC_S instance for VP is applicable
2026-05-17 08:38:44,540 [INFO] Rule:225 - rule GTZC_S instance for signal is applicable
2026-05-17 08:38:44,540 [INFO] Rule:225 - rule GTZC_S instance for mcu.Pin is applicable
2026-05-17 08:38:44,540 [INFO] Rule:225 - rule GTZC_S instance for VP is applicable
2026-05-17 08:38:44,540 [INFO] Rule:225 - rule GTZC_S instance for signal is applicable
2026-05-17 08:38:44,540 [INFO] Rule:225 - rule GTZC_S instance for mcu is applicable
2026-05-17 08:38:44,540 [INFO] Rule:225 - rule GTZC_S instance for mcu.Pin is applicable
2026-05-17 08:38:44,540 [INFO] Rule:225 - rule GTZC_S instance value for IP GTZC is applicable
2026-05-17 08:38:44,540 [INFO] Rule:225 - rule GTZC_S instance for project manager is applicable
2026-05-17 08:38:44,540 [INFO] Rule:225 - rule GTZC_S instance for context M33S is applicable
2026-05-17 08:38:44,540 [INFO] Rule:225 - rule GTZC_S instance for VP is applicable
2026-05-17 08:38:44,540 [INFO] Rule:225 - rule GTZC_S instance for signal is applicable
2026-05-17 08:38:44,540 [INFO] Rule:225 - rule SPDIFRX instance for mcu is applicable
2026-05-17 08:38:44,540 [INFO] Rule:225 - rule Rename Tracer Mode is applicable
2026-05-17 08:38:44,540 [INFO] Rule:225 - rule SPDIFRX instance value for IP SPDIFRX is applicable
2026-05-17 08:38:44,540 [INFO] Rule:225 - rule SPDIFRX instance for signal is applicable
2026-05-17 08:38:44,540 [INFO] Rule:225 - rule SPDIFRX instance for project manager is applicable
2026-05-17 08:38:44,540 [INFO] Rule:225 - rule SPDIFRX instance for project manager is applicable
2026-05-17 08:38:44,540 [INFO] Rule:225 - rule ADC Scan  fix with FW F7 is applicable
2026-05-17 08:38:44,540 [INFO] Rule:225 - rule ADC Scan  fix with FW F7 is applicable
2026-05-17 08:38:44,540 [INFO] Rule:225 - rule WakeUp0 Mode is applicable
2026-05-17 08:38:44,540 [INFO] Rule:225 - rule WakeUp0 SIGNAL is applicable
2026-05-17 08:38:44,540 [INFO] Rule:225 - rule WakeUp1 Mode is applicable
2026-05-17 08:38:44,540 [INFO] Rule:225 - rule WakeUp1 SIGNAL is applicable
2026-05-17 08:38:44,540 [INFO] Rule:225 - rule WakeUp2 Mode is applicable
2026-05-17 08:38:44,540 [INFO] Rule:225 - rule WakeUp2 SIGNAL is applicable
2026-05-17 08:38:44,540 [INFO] Rule:225 - rule WakeUp4 Mode is applicable
2026-05-17 08:38:44,540 [INFO] Rule:225 - rule WakeUp4 SIGNAL is applicable
2026-05-17 08:38:44,540 [INFO] Rule:225 - rule WakeUp5 Mode is applicable
2026-05-17 08:38:44,540 [INFO] Rule:225 - rule WakeUp5 SIGNAL is applicable
2026-05-17 08:38:44,540 [INFO] Rule:225 - rule Add RTC Activate Clock Source is applicable
2026-05-17 08:38:44,540 [INFO] Rule:225 - rule Add RTC Activate Calendar 1 is applicable
2026-05-17 08:38:44,540 [INFO] Rule:225 - rule Add RTC Activate Calendar 2 is applicable
2026-05-17 08:38:44,540 [INFO] Rule:225 - rule Add RTC Activate Calendar 3 is applicable
2026-05-17 08:38:44,541 [INFO] Rule:225 - rule UART/USART TX Mode is applicable
2026-05-17 08:38:44,541 [INFO] Rule:225 - rule UART/USART RX Mode is applicable
2026-05-17 08:38:44,541 [INFO] Rule:225 - rule UART/USART RX TX Mode is applicable
2026-05-17 08:38:44,541 [INFO] Rule:225 - rule UART/USART PARITY NONE is applicable
2026-05-17 08:38:44,541 [INFO] Rule:225 - rule UART/USART PARITY EVEN is applicable
2026-05-17 08:38:44,541 [INFO] Rule:225 - rule UART/USART PARITY ODD is applicable
2026-05-17 08:38:44,541 [INFO] Rule:225 - rule USART StopBits 1 is applicable
2026-05-17 08:38:44,541 [INFO] Rule:225 - rule USART StopBits 2 is applicable
2026-05-17 08:38:44,541 [INFO] Rule:225 - rule USART StopBits 1.5 is applicable
2026-05-17 08:38:44,541 [INFO] Rule:225 - rule USART StopBits 0.5 is applicable
2026-05-17 08:38:44,541 [INFO] Rule:225 - rule UART/USART WORD LENGTH 7 is applicable
2026-05-17 08:38:44,541 [INFO] Rule:225 - rule UART/USART WORD LENGTH 8 is applicable
2026-05-17 08:38:44,541 [INFO] Rule:225 - rule UART/USART WORD LENGTH 9 is applicable
2026-05-17 08:38:44,541 [INFO] Rule:225 - rule Rename FMC NAND NCE signal is applicable
2026-05-17 08:38:44,541 [INFO] Rule:225 - rule Rename FMC NAND INT signal is applicable
2026-05-17 08:38:44,541 [INFO] Rule:225 - rule Change Default Value for LSE Drive Capability for WB family is applicable
2026-05-17 08:38:44,541 [INFO] Rule:225 - rule Change Default Value for ADC Clock Prescaler G0 family is applicable
2026-05-17 08:38:44,541 [INFO] Rule:225 - rule Change Default Value for ADC ExternalTrigConv L4 family is applicable
2026-05-17 08:38:44,541 [INFO] Rule:225 - rule Change Default Value for ADC ExternalTrigInjecConv L4 family is applicable
2026-05-17 08:38:44,541 [INFO] Rule:225 - rule Change Default Value for ADC ExternalTrigConv F3 family is applicable
2026-05-17 08:38:44,541 [INFO] Rule:225 - rule Change Default Value for ADC ExternalTrigInjecConv F3 family is applicable
2026-05-17 08:38:44,541 [INFO] Rule:225 - rule Change Default Value for ADC ExternalTrigConv Goldfish serie is applicable
2026-05-17 08:38:44,541 [INFO] Rule:225 - rule Change Default Value for ADC ExternalTrigInjecConv Goldfish serie is applicable
2026-05-17 08:38:44,541 [INFO] Rule:225 - rule Change Default Value for ADC ExternalTrigConv L0 family is applicable
2026-05-17 08:38:44,541 [INFO] Rule:225 - rule Change Default Value for ADC ExternalTrigConv F0 family is applicable
2026-05-17 08:38:44,541 [INFO] Rule:225 - rule Change Default Value for ADC ExternalTrigConvn L1 family is applicable
2026-05-17 08:38:44,541 [INFO] Rule:225 - rule Change Default Value for ADC ExternalTrigInjecConv L1 family is applicable
2026-05-17 08:38:44,541 [INFO] Rule:225 - rule Change Default Value for ADC ExternalTrigConv F1 family is applicable
2026-05-17 08:38:44,541 [INFO] Rule:225 - rule Change Default Value for ADC ExternalTrigInjecConv F1 family is applicable
2026-05-17 08:38:44,541 [INFO] Rule:225 - rule Change Default Value for ADC ExternalTrigConv F7 family is applicable
2026-05-17 08:38:44,541 [INFO] Rule:225 - rule Change Default Value for ADC ExternalTrigInjecConv F7 family is applicable
2026-05-17 08:38:44,541 [INFO] Rule:225 - rule Change Default Value for ADC ExternalTrigConv F4 and F2 family is applicable
2026-05-17 08:38:44,541 [INFO] Rule:225 - rule Change Default Value for ADC ExternalTrigInjecConv F4 and F2 family is applicable
2026-05-17 08:38:44,541 [INFO] Rule:225 - rule ADC SamplingTime fix with FW L0  is applicable
2026-05-17 08:38:44,541 [INFO] Rule:225 - rule ADC SamplingTime fix with FW L0  is applicable
2026-05-17 08:38:44,541 [INFO] Rule:225 - rule ADC SamplingTime fix with FW L0 is applicable
2026-05-17 08:38:44,542 [INFO] Rule:225 - rule ADC SamplingTime fix with FW L0 is applicable
2026-05-17 08:38:44,542 [INFO] Rule:225 - rule ADC SamplingTime fix with FW L0  is applicable
2026-05-17 08:38:44,542 [INFO] Rule:225 - rule ADC SamplingTime fix with FW L0 is applicable
2026-05-17 08:38:44,542 [INFO] Rule:225 - rule Rename USB_OE Signal is applicable
2026-05-17 08:38:44,542 [INFO] Rule:225 - rule Rename Activate_OE Mode is applicable
2026-05-17 08:38:44,542 [INFO] Rule:225 - rule Rename DIE462/DIE415 pin PC14/OSC32_IN -> PC14-OSC32_IN (PC14) is applicable
2026-05-17 08:38:44,542 [INFO] Rule:225 - rule Rename DIE462/DIE415 pin PC15/OSC32_OUT -> PC15-OSC32_OUT (PC15) is applicable
2026-05-17 08:38:44,542 [INFO] Rule:225 - rule Rename DIE462/DIE415 pin PH0/OSC_IN -> PH0-OSC_IN (PH0) is applicable
2026-05-17 08:38:44,542 [INFO] Rule:225 - rule Rename DIE462/DIE415 pin PH1/OSC_OUT -> PH1-OSC_OUT (PH1) is applicable
2026-05-17 08:38:44,542 [INFO] Rule:225 - rule Rename DIE462 pin PA13 -> PA13 (JTMS/SWDIO) is applicable
2026-05-17 08:38:44,542 [INFO] Rule:225 - rule Rename DIE415 pin PA13 -> PA13 (JTMS/SWDIO) is applicable
2026-05-17 08:38:44,542 [INFO] Rule:225 - rule Rename DIE462 pin PA14 -> PA14 (JTCK/SWCLK) is applicable
2026-05-17 08:38:44,542 [INFO] Rule:225 - rule Rename DIE415 pin PA14 -> PA14 (JTCK/SWCLK) is applicable
2026-05-17 08:38:44,542 [INFO] Rule:225 - rule Rename DIE462/DIE415 pin PA15 -> PA15 (JTDI) is applicable
2026-05-17 08:38:44,542 [INFO] Rule:225 - rule Rename DIE462 pin PB3 -> PB3 (JTD0/TRACESWO) is applicable
2026-05-17 08:38:44,542 [INFO] Rule:225 - rule Rename DIE415 pin PB3 -> PB3 (JTD0-TRACESWO) is applicable
2026-05-17 08:38:44,542 [INFO] Rule:225 - rule Rename DIE462/DIE415 pin PB4 -> PB4 (NJTRST) is applicable
2026-05-17 08:38:44,542 [INFO] Rule:225 - rule Rename DIE462 pin PH3/BOOT0 -> PH3-BOOT0 (BOOT0) is applicable
2026-05-17 08:38:44,542 [INFO] Rule:225 - rule Rename CRYP DataEncryptionTypesList to Algorithm is applicable
2026-05-17 08:38:44,542 [INFO] Rule:225 - rule Rename AES DataEncryptionTypesList to Algorithm is applicable
2026-05-17 08:38:44,542 [INFO] Rule:225 - rule Rename TDESECB to CRYP_TDES_ECB is applicable
2026-05-17 08:38:44,542 [INFO] Rule:225 - rule Rename TDESCBC to CRYP_TDES_CBC is applicable
2026-05-17 08:38:44,542 [INFO] Rule:225 - rule Rename DESECB to CRYP_DES_ECB is applicable
2026-05-17 08:38:44,542 [INFO] Rule:225 - rule Rename DESCBC to CRYP_DES_CBC is applicable
2026-05-17 08:38:44,542 [INFO] Rule:225 - rule Rename AESECB to CRYP_AES_ECB is applicable
2026-05-17 08:38:44,542 [INFO] Rule:225 - rule Rename AESCBC to CRYP_AES_CBC is applicable
2026-05-17 08:38:44,542 [INFO] Rule:225 - rule Rename AESCTR to CRYP_AES_CTR is applicable
2026-05-17 08:38:44,542 [INFO] Rule:225 - rule Rename AESGCM to CRYP_AES_GCM is applicable
2026-05-17 08:38:44,542 [INFO] Rule:225 - rule Rename AESCCM to CRYP_AES_CCM is applicable
2026-05-17 08:38:44,542 [INFO] Rule:225 - rule Rename CAN TimeSeg1 to BS1 is applicable
2026-05-17 08:38:44,542 [INFO] Rule:225 - rule Rename CAN TimeSeg2 to BS2 is applicable
2026-05-17 08:38:44,542 [INFO] Rule:225 - rule Rename CAN SyncJumpWidth to SJW is applicable
2026-05-17 08:38:44,542 [INFO] Rule:225 - rule TimeTriggeredMode to TTCM is applicable
2026-05-17 08:38:44,542 [INFO] Rule:225 - rule Rename CAN AutoBusOff to ABOM is applicable
2026-05-17 08:38:44,542 [INFO] Rule:225 - rule Rename CAN AutoWakeUp to AWUM is applicable
2026-05-17 08:38:44,542 [INFO] Rule:225 - rule Rename CAN AutoRetransmission to NART is applicable
2026-05-17 08:38:44,543 [INFO] Rule:225 - rule Rename CAN ReceiveFifoLocked to RFLM is applicable
2026-05-17 08:38:44,543 [INFO] Rule:225 - rule Rename CAN TransmitFifoPriority to TXFP is applicable
2026-05-17 08:38:44,543 [INFO] Rule:225 - rule Rename HRTIMER HRTIM_OUTPUTFAULTLEVEL_HIGH in HRTIMER HRTIM_OUTPUTFAULTLEVEL_HIGHZ is applicable
2026-05-17 08:38:44,543 [INFO] Rule:225 - rule Rename TIMER TIM_CLEARINPUTSOURCE_OCREFCLR in  TIMER TIM_CLEARINPUTSOURCE_NONE for F7 family is applicable
2026-05-17 08:38:44,543 [INFO] Rule:225 - rule FDCAN_R1 - Rename FDCAN mode Master into Classic is applicable
2026-05-17 08:38:44,543 [INFO] Rule:225 - rule FDCAN_R2 - Rename FDCAN mode Slave into Classic is applicable
2026-05-17 08:38:44,543 [INFO] Rule:225 - rule FDCAN1_R3 - if PA10.Mode=FullDuplex, add Pin PA12 is applicable
2026-05-17 08:38:44,543 [INFO] Rule:225 - rule FDCAN1_R3 - if PA9.Mode=FullDuplex, add Pin PA11 is applicable
2026-05-17 08:38:44,543 [INFO] Rule:225 - rule FDCAN1_R3 - Alternatepin_1 - if PE1.Mode=FullDuplex, add Pin PB9 is applicable
2026-05-17 08:38:44,543 [INFO] Rule:225 - rule FDCAN1_R3 - Alternatepin_1 - if PE0.Mode=FullDuplex, add Pin PB8 is applicable
2026-05-17 08:38:44,543 [INFO] Rule:225 - rule FDCAN1_R3 - Alternatepin_2 - if PD5.Mode=FullDuplex, add Pin PD1 is applicable
2026-05-17 08:38:44,543 [INFO] Rule:225 - rule FDCAN1_R3 - Alternatepin_2 - if PD4.Mode=FullDuplex, add Pin PD0 is applicable
2026-05-17 08:38:44,543 [INFO] Rule:225 - rule FDCAN1_R4 - Rename Mode FullDuplex into Enable FDCAN_TXFD for pin PA10 is applicable
2026-05-17 08:38:44,543 [INFO] Rule:225 - rule FDCAN1_R4 - Rename Mode FullDuplex into Enable FDCAN_TXFD for pin PA9 is applicable
2026-05-17 08:38:44,543 [INFO] Rule:225 - rule FDCAN1_R4 - Alternatepin_1 - Rename Mode FullDuplex into Enable FDCAN_TXFD for pin PE1 is applicable
2026-05-17 08:38:44,543 [INFO] Rule:225 - rule FDCAN1_R4 - Alternatepin_1 - Rename Mode FullDuplex into Enable FDCAN_TXFD for pin PE0 is applicable
2026-05-17 08:38:44,543 [INFO] Rule:225 - rule FDCAN1_R4 - Alternatepin_2 - Rename Mode FullDuplex into Enable FDCAN_TXFD for pin PD5 is applicable
2026-05-17 08:38:44,543 [INFO] Rule:225 - rule FDCAN1_R4 - Alternatepin_2 - Rename Mode FullDuplex into Enable FDCAN_TXFD for pin PD4 is applicable
2026-05-17 08:38:44,543 [INFO] Rule:225 - rule FDCAN2_R3 - if PD10.Mode=FullDuplex, add Pin PB13 is applicable
2026-05-17 08:38:44,543 [INFO] Rule:225 - rule FDCAN2_R3 - if PD9.Mode=FullDuplex, add Pin PB12 is applicable
2026-05-17 08:38:44,543 [INFO] Rule:225 - rule FDCAN2_R3 - Alternatepin_1 - if PB7.Mode=FullDuplex, add Pin PB6 is applicable
2026-05-17 08:38:44,543 [INFO] Rule:225 - rule FDCAN2_R3 - Alternatepin_1 - if PD9.Mode=FullDuplex, add Pin PB12 is applicable
2026-05-17 08:38:44,543 [INFO] Rule:225 - rule FDCAN2_R4 - Rename Mode FullDuplex into Enable FDCAN_TXFD for pin PD10 is applicable
2026-05-17 08:38:44,543 [INFO] Rule:225 - rule FDCAN2_R4 - Rename Mode FullDuplex into Enable FDCAN_TXFD for pin PD9 is applicable
2026-05-17 08:38:44,543 [INFO] Rule:225 - rule FDCAN2_R4 - Alternatepin_1 - Rename Mode FullDuplex into Enable FDCAN_TXFD for pin PB7 is applicable
2026-05-17 08:38:44,543 [INFO] Rule:225 - rule FDCAN2_R4 - Alternatepin_1 - Rename Mode FullDuplex into Enable FDCAN_TXFD for pin PD6 is applicable
2026-05-17 08:38:44,543 [INFO] Rule:225 - rule USART TxPinLevelInvertParam Mode is applicable
2026-05-17 08:38:44,543 [INFO] Rule:225 - rule USART RxPinLevelInvertParam Mode is applicable
2026-05-17 08:38:44,543 [INFO] Rule:225 - rule USART DataInvertParam Mode is applicable
2026-05-17 08:38:44,543 [INFO] Rule:225 - rule USART SwapParam Mode is applicable
2026-05-17 08:38:44,543 [INFO] Rule:225 - rule USART OverrunDisableParam Mode is applicable
2026-05-17 08:38:44,543 [INFO] Rule:225 - rule USART DMADisableonRxErrorParam Mode is applicable
2026-05-17 08:38:44,543 [INFO] Rule:225 - rule USART MSBFirstParam Mode is applicable
2026-05-17 08:38:44,543 [INFO] Rule:225 - rule Update MwName for USB_DEVICE is applicable
2026-05-17 08:38:44,543 [INFO] Rule:225 - rule Change PWR_Regulator_Voltage_Scale Default Value for RCC  H7 family is applicable
2026-05-17 08:38:44,543 [INFO] Rule:225 - rule UART/USART IPParameter rename Prescaler parameter to ClockPrescaler is applicable
2026-05-17 08:38:44,543 [INFO] Rule:225 - rule UART/USART Prescaler rename Prescaler parameter to ClockPrescaler is applicable
2026-05-17 08:38:44,543 [INFO] Rule:225 - rule TIM1CLockSelection is applicable
2026-05-17 08:38:44,544 [INFO] Rule:225 - rule TIM15CLockSelection is applicable
2026-05-17 08:38:44,544 [INFO] Rule:225 - rule align RCC SDMMC3CLockSelection default value on MP1 is applicable
2026-05-17 08:38:44,544 [INFO] Rule:225 - rule align RCC SDMMC12CLockSelection default value on MP1 is applicable
2026-05-17 08:38:44,544 [INFO] Rule:225 - rule align RCC QSPICLockSelection default value on MP1 is applicable
2026-05-17 08:38:44,544 [INFO] Rule:225 - rule align RCC QSPICLockSelection default value on MP1 is applicable
2026-05-17 08:38:44,544 [INFO] Rule:225 - rule align RCC SPI6CLockSelection default value on MP1 is applicable
2026-05-17 08:38:44,544 [INFO] Rule:225 - rule align RCC LPTIM23CLockSelection default value on MP1 is applicable
2026-05-17 08:38:44,544 [INFO] Rule:225 - rule align RCC LPTIM1CLockSelection default value on MP1 is applicable
2026-05-17 08:38:44,544 [INFO] Rule:225 - rule align RCC USART1CLockSelection default value on MP1 is applicable
2026-05-17 08:38:44,544 [INFO] Rule:225 - rule align RCC USART24CLockSelection default value on MP1 is applicable
2026-05-17 08:38:44,544 [INFO] Rule:225 - rule align RCC USART6CLockSelection default value on MP1 is applicable
2026-05-17 08:38:44,544 [INFO] Rule:225 - rule align RCC UART78CLockSelection default value on MP1 is applicable
2026-05-17 08:38:44,544 [INFO] Rule:225 - rule align RCC USART35CLockSelection default value on MP1 is applicable
2026-05-17 08:38:44,544 [INFO] Rule:225 - rule align RCC SPI45CLockSelection default value on MP1 is applicable
2026-05-17 08:38:44,544 [INFO] Rule:225 - rule align RCC I2C46CLockSelection BCLK value on MP1 is applicable
2026-05-17 08:38:44,544 [INFO] Rule:225 - rule align RCC SPI45CLockSelection default value on MP1 is applicable
2026-05-17 08:38:44,544 [INFO] Rule:225 - rule align RCC I2C12CLockSelection default value on MP1 is applicable
2026-05-17 08:38:44,544 [INFO] Rule:225 - rule align RCC I2C35CLockSelection default value on MP1 is applicable
2026-05-17 08:38:44,544 [INFO] Rule:225 - rule align RCC LPTIM45CLockSelection default value on MP1 is applicable
2026-05-17 08:38:44,544 [INFO] Rule:225 - rule Rename DCMI PIXCK signal is applicable
2026-05-17 08:38:44,545 [INFO] Rule:225 - rule Change Default Value for I2C46CLockSelection MP1 family is applicable
2026-05-17 08:38:44,545 [INFO] Rule:225 - rule Change Default Value for UART for G4, G0 and WB families is applicable
2026-05-17 08:38:44,545 [INFO] Rule:225 - rule Change Default Value for USART for G4, G0 and WB families is applicable
2026-05-17 08:38:44,545 [INFO] Rule:225 - rule Change Default Value for USART for G4 family is applicable
2026-05-17 08:38:44,545 [INFO] Rule:225 - rule Change USART1CLockSelection refparam name for MP1 is applicable
2026-05-17 08:38:44,545 [INFO] Rule:225 - rule Change USART2CLockSelection refparam name for MP1 is applicable
2026-05-17 08:38:44,545 [INFO] Rule:225 - rule Change USART3CLockSelection refparam name for MP1 is applicable
2026-05-17 08:38:44,545 [INFO] Rule:225 - rule Change UART4CLockSelection refparam name for MP1 is applicable
2026-05-17 08:38:44,545 [INFO] Rule:225 - rule Change UART5CLockSelection refparam name for MP1 is applicable
2026-05-17 08:38:44,545 [INFO] Rule:225 - rule Change LPUART1CLockSelection refparam name for MP1 is applicable
2026-05-17 08:38:44,545 [INFO] Rule:225 - rule Change LPTIM1CLockSelection refparam name for MP1 is applicable
2026-05-17 08:38:44,545 [INFO] Rule:225 - rule Change LPTIM2CLockSelection refparam name for MP1 is applicable
2026-05-17 08:38:44,545 [INFO] Rule:225 - rule Change RCC_MCO1Source refparam name for MP1 is applicable
2026-05-17 08:38:44,545 [INFO] Rule:225 - rule Change LSCOSource1 refparam name for MP1 is applicable
2026-05-17 08:38:44,545 [INFO] Rule:225 - rule Change SMPSCLockSelection refparam name for MP1 is applicable
2026-05-17 08:38:44,545 [INFO] Rule:225 - rule Change LPTIM3CLockSelection refparam name for MP1 is applicable
2026-05-17 08:38:44,545 [INFO] Rule:225 - rule Change MPCBB* Default Template Mode to Parameters is applicable
2026-05-17 08:38:44,545 [INFO] Rule:225 - rule Change MPCWM* or MPCBB* Secure Mode to Parameters is applicable
2026-05-17 08:38:44,545 [INFO] Rule:225 - rule Change MPCWM* or MPCBB* No Secure Mode to Parameters is applicable
2026-05-17 08:38:44,545 [INFO] Rule:225 - rule Change TZSC IP Secure Mode to Parameters is applicable
2026-05-17 08:38:44,545 [INFO] Rule:225 - rule Change TZSC IP No Secure Mode to Parameters is applicable
2026-05-17 08:38:44,545 [INFO] Rule:225 - rule Change TZSC IP Privilege Mode to Parameters is applicable
2026-05-17 08:38:44,545 [INFO] Rule:225 - rule Change TZSC IP No Privilege Mode to Parameters is applicable
2026-05-17 08:38:44,545 [INFO] Rule:225 - rule Change TZIC IT Secure Mode to Parameters is applicable
2026-05-17 08:38:44,545 [INFO] Rule:225 - rule Change TZIC IT No Secure Mode to Parameters is applicable
2026-05-17 08:38:44,545 [INFO] Rule:225 - rule Add MPCBB1_NonSecureArea_Start_Address value with referenced to MPCBB1_NonSecureArea_Start value is applicable
2026-05-17 08:38:44,545 [INFO] Rule:225 - rule Add MPCBB2_NonSecureArea_Start_Address value with referenced to MPCBB2_NonSecureArea_Start value is applicable
2026-05-17 08:38:44,545 [INFO] Rule:225 - rule Add MPCWM1_NonSecureArea*_Start_Address value with referenced to MPCWM1_NonSecureArea*_Start value is applicable
2026-05-17 08:38:44,545 [INFO] Rule:225 - rule Add MPCWM2_NonSecureArea*_Start_Address value with referenced to MPCWM2_NonSecureArea*_Start value is applicable
2026-05-17 08:38:44,545 [INFO] Rule:225 - rule Add MPCWM3_NonSecureArea_Start_Address value with referenced to MPCWM3_NonSecureArea_Start value is applicable
2026-05-17 08:38:44,545 [INFO] Rule:225 - rule Change Default Value for PLL1UserDefinedConfig is applicable
2026-05-17 08:38:44,545 [INFO] Rule:225 - rule Change GPIO_PuPd Default Value for USART in async mode is applicable
2026-05-17 08:38:44,545 [INFO] Rule:225 - rule Change SMPSDivider Default Value is applicable
2026-05-17 08:38:44,545 [INFO] Rule:225 - rule OPAMP is applicable
2026-05-17 08:38:44,545 [INFO] Rule:225 - rule LPUART IPParameter rename Prescaler parameter to ClockPrescaler for STM32H7 is applicable
2026-05-17 08:38:44,545 [INFO] Rule:225 - rule LPUART IPParameter rename Prescaler parameter to ClockPrescaler for STM32H7 is applicable
2026-05-17 08:38:44,545 [INFO] Rule:225 - rule LPUART IPParameter rename Prescaler parameter to ClockPrescaler for STM32WB is applicable
2026-05-17 08:38:44,545 [INFO] Rule:225 - rule LPUART IPParameter rename Prescaler parameter to ClockPrescaler for STM32WB is applicable
2026-05-17 08:38:44,545 [INFO] Rule:225 - rule LPUART IPParameter rename Prescaler parameter to ClockPrescaler for STM32G4 is applicable
2026-05-17 08:38:44,545 [INFO] Rule:225 - rule LPUART IPParameter rename Prescaler parameter to ClockPrescaler for STM32G4 is applicable
2026-05-17 08:38:44,545 [INFO] Rule:225 - rule LPUART IPParameter rename Prescaler parameter to ClockPrescaler for STM32L5 is applicable
2026-05-17 08:38:44,545 [INFO] Rule:225 - rule LPUART IPParameter rename Prescaler parameter to ClockPrescaler for STM32L5 is applicable
2026-05-17 08:38:44,546 [INFO] Rule:225 - rule LPUART IPParameter rename Prescaler parameter to ClockPrescaler for STM32G4 is applicable
2026-05-17 08:38:44,546 [INFO] Rule:225 - rule LPUART IPParameter rename Prescaler parameter to ClockPrescaler for STM32G4 is applicable
2026-05-17 08:38:44,546 [INFO] Rule:225 - rule USB device lib V2.5.3 for L0 rename USBD_SUPPORT_USER_STRING parameter to USBD_SUPPORT_USER_STRING_DESC4 is applicable
2026-05-17 08:38:44,546 [INFO] Rule:225 - rule I2SCLockSelection clock entry align is applicable
2026-05-17 08:38:44,546 [INFO] Rule:225 - rule Assign TIMx context if used as SYS timebase is applicable
2026-05-17 08:38:44,546 [INFO] Rule:225 - rule Change GPIO_Pu Default Value for I2C is applicable
2026-05-17 08:38:44,546 [INFO] Rule:225 - rule Change GPIO_Pu Default Value for SMBus is applicable
2026-05-17 08:38:44,546 [INFO] Rule:225 - rule change FDCAN default value is applicable
2026-05-17 08:38:44,546 [INFO] Rule:225 - rule Change mode sai is applicable
2026-05-17 08:38:44,546 [INFO] Rule:225 - rule **Change sai mode is applicable
2026-05-17 08:38:44,546 [INFO] Rule:225 - rule Rename STM32WPAN CFG_BLE_IRK to CFG_BLE_IR is applicable
2026-05-17 08:38:44,546 [INFO] Rule:225 - rule Rename STM32WPAN CFG_BLE_ERK to CFG_BLE_ER is applicable
2026-05-17 08:38:44,546 [INFO] Rule:225 - rule Rename STM32WPAN CFG_BLE_IRK_HEX to CFG_BLE_IR_HEX is applicable
2026-05-17 08:38:44,546 [INFO] Rule:225 - rule Rename STM32WPAN CFG_BLE_ERK_HEX to CFG_BLE_ER_HEX is applicable
2026-05-17 08:38:44,546 [INFO] Rule:225 - rule Adapt Old IOC before rework replace old CORTEX_M33/CORTEX_M55 attributes by the new one. is applicable
2026-05-17 08:38:44,546 [INFO] Rule:225 - rule Rename parametre of RCC RCC_APBDBG_DIV2 to RCC_TIMPRES_DIV2 is applicable
2026-05-17 08:38:44,546 [INFO] Rule:225 - rule Rename DIE493 pin PA10 [PA12] -> PA10 is applicable
2026-05-17 08:38:44,546 [INFO] Rule:225 - rule Rename DIE493 pin PA9 [PA11] -> PA9 is applicable
2026-05-17 08:38:44,546 [INFO] Rule:225 - rule Adapt Old IOC CSI. is applicable
2026-05-17 08:38:44,553 [INFO] DbConfProperties:307 - Apply Compatibility (49/267 Rules)
2026-05-17 08:38:44,562 [INFO] ImportTextPane:218 - (OptionalMessage_ERROR) Unable to find key (Mcu.ThirdPartyNb) in loaded IOC file
2026-05-17 08:38:44,562 [INFO] ImportTextPane:218 - (OptionalMessage_ERROR) Pin12 (VP_RIF_VS_RIF1) cannot be retrieved for this MCU
2026-05-17 08:38:44,594 [INFO] RtosManager:558 - Registered RTOS mode: class=CMSIS, group=RTOS, mode=CMSIS_V1, owner=FREERTOS
2026-05-17 08:38:44,594 [INFO] RtosManager:558 - Registered RTOS mode: class=CMSIS, group=RTOS2, mode=CMSIS_V2, owner=FREERTOS
2026-05-17 08:38:44,594 [INFO] RtosManager:558 - Registered RTOS mode: class=RTOS, group=Core, mode=CMSIS_V1, owner=FREERTOS
2026-05-17 08:38:44,594 [INFO] RtosManager:558 - Registered RTOS mode: class=RTOS, group=Core, mode=CMSIS_V2, owner=FREERTOS
2026-05-17 08:38:44,594 [WARN] ModelIntegratedComponent:184 - Missing modes for component STMicroelectronics:FreeRTOS:0.0.1:STMicroelectronics:RTOS:FreeRTOS:Core:::10.2.0:
2026-05-17 08:38:44,607 [WARN] ModelIntegratedComponent:63 - No mode defined for component null
2026-05-17 08:38:44,607 [WARN] ModelIntegratedComponent:63 - No mode defined for component null
2026-05-17 08:38:44,607 [WARN] ModelIntegratedComponent:63 - No mode defined for component null
2026-05-17 08:38:44,607 [WARN] ModelIntegratedComponent:63 - No mode defined for component null
2026-05-17 08:38:44,607 [WARN] ModelIntegratedComponent:63 - No mode defined for component null
2026-05-17 08:38:44,607 [WARN] ModelIntegratedComponent:63 - No mode defined for component null
2026-05-17 08:38:44,607 [WARN] ModelIntegratedComponent:63 - No mode defined for component null
2026-05-17 08:38:44,607 [WARN] ModelIntegratedComponent:63 - No mode defined for component null
2026-05-17 08:38:44,607 [WARN] ModelIntegratedComponent:63 - No mode defined for component null
2026-05-17 08:38:44,607 [WARN] ModelIntegratedComponent:63 - No mode defined for component null
2026-05-17 08:38:44,607 [WARN] ModelIntegratedComponent:63 - No mode defined for component null
2026-05-17 08:38:44,607 [WARN] ModelIntegratedComponent:63 - No mode defined for component null
2026-05-17 08:38:44,607 [WARN] ModelIntegratedComponent:63 - No mode defined for component null
2026-05-17 08:38:44,607 [WARN] ModelIntegratedComponent:63 - No mode defined for component null
2026-05-17 08:38:44,607 [WARN] ModelIntegratedComponent:63 - No mode defined for component null
2026-05-17 08:38:44,607 [WARN] ModelIntegratedComponent:63 - No mode defined for component null
2026-05-17 08:38:44,607 [WARN] ModelIntegratedComponent:63 - No mode defined for component null
2026-05-17 08:38:44,607 [WARN] ModelIntegratedComponent:63 - No mode defined for component null
2026-05-17 08:38:44,607 [WARN] ModelIntegratedComponent:63 - No mode defined for component null
2026-05-17 08:38:44,607 [WARN] ModelIntegratedComponent:63 - No mode defined for component null
2026-05-17 08:38:44,607 [WARN] ModelIntegratedComponent:63 - No mode defined for component null
2026-05-17 08:38:44,607 [WARN] ModelIntegratedComponent:63 - No mode defined for component null
2026-05-17 08:38:44,607 [WARN] ModelIntegratedComponent:63 - No mode defined for component null
2026-05-17 08:38:44,607 [WARN] ModelIntegratedComponent:63 - No mode defined for component null
2026-05-17 08:38:44,607 [WARN] ModelIntegratedComponent:63 - No mode defined for component null
2026-05-17 08:38:44,607 [WARN] ModelIntegratedComponent:63 - No mode defined for component null
2026-05-17 08:38:44,607 [WARN] ModelIntegratedComponent:63 - No mode defined for component null
2026-05-17 08:38:44,607 [WARN] ModelIntegratedComponent:63 - No mode defined for component null
2026-05-17 08:38:44,607 [WARN] ModelIntegratedComponent:63 - No mode defined for component null
2026-05-17 08:38:44,607 [WARN] ModelIntegratedComponent:63 - No mode defined for component null
2026-05-17 08:38:44,607 [WARN] ModelIntegratedComponent:63 - No mode defined for component null
2026-05-17 08:38:44,607 [WARN] ModelIntegratedComponent:63 - No mode defined for component null
2026-05-17 08:38:44,607 [WARN] ModelIntegratedComponent:63 - No mode defined for component null
2026-05-17 08:38:44,607 [WARN] ModelIntegratedComponent:63 - No mode defined for component null
2026-05-17 08:38:44,608 [WARN] ModelIntegratedComponent:63 - No mode defined for component null
2026-05-17 08:38:44,608 [WARN] ModelPack:524 - Component already loaded: STMicroelectronics:HAL Drivers:0.0.0:STMicroelectronics:Device:STMicro_Driver:XSPI:HAL::0.0.1:HAL_XSPI
2026-05-17 08:38:44,672 [INFO] ThirdPartyModel:298 - Start build external matchings
2026-05-17 08:38:44,888 [INFO] ThirdPartyModel:316 - End build external matchings
2026-05-17 08:38:44,899 [INFO] ImportTextPane:218 - (OptionalMessage_ERROR) IP (RCC) : Invalid parameter (48MHZClocksFreq_Value)
2026-05-17 08:38:44,899 [INFO] ImportTextPane:218 - (OptionalMessage_ERROR) IP (RCC) : Invalid parameter (EthernetFreq_Value)
2026-05-17 08:38:44,900 [INFO] ImportTextPane:218 - (OptionalMessage_ERROR) IP (RCC) : Parameter (FLatency) has Id (AdvancedSettings) currently not set
2026-05-17 08:38:44,900 [INFO] ImportTextPane:218 - (OptionalMessage_ERROR) IP (RCC) : Invalid parameter (FamilyName)
2026-05-17 08:38:44,900 [INFO] ImportTextPane:218 - (OptionalMessage_ERROR) IP (RCC) : Invalid parameter (I2SClocksFreq_Value)
2026-05-17 08:38:44,900 [INFO] ImportTextPane:218 - (OptionalMessage_ERROR) IP (RCC) : Parameter (SDIOFreq_Value) has invalid value (168000000)
2026-05-17 08:38:44,901 [INFO] ImportTextPane:218 - (OptionalMessage_ERROR) IP (RCC) : Parameter (USBFreq_Value) has invalid value (168000000)
2026-05-17 08:38:44,901 [INFO] ImportTextPane:218 - (OptionalMessage_ERROR) IP (RCC) : Invalid parameter (VCOInputMFreq_Value)
2026-05-17 08:38:44,901 [INFO] ImportTextPane:218 - (OptionalMessage_ERROR) IP (RCC) : Invalid parameter (VcooutputI2S)
2026-05-17 08:38:45,161 [INFO] UtilMem:75 - End LoadConfig() Used Memory: 810746000 Bytes (1073741824)
2026-05-17 08:38:45,259 [WARN] ThirdParty:833 - waiting for thirdparty lock release [change project]
2026-05-17 08:38:45,260 [INFO] ThirdParty:835 - entering critical section [change project]
2026-05-17 08:38:45,260 [INFO] ThirdParty:1030 - CMSIS Pack Vendor :STMicroelectronics X-CUBE-AZRTOS-H7 3.5.0
2026-05-17 08:38:45,260 [INFO] ThirdParty:1030 - CMSIS Pack Vendor :STMicroelectronics X-CUBE-PM33A1 1.0.0
2026-05-17 08:38:45,260 [INFO] ThirdParty:1030 - CMSIS Pack Vendor :STMicroelectronics USBPD 4.1
2026-05-17 08:38:45,260 [INFO] ThirdParty:1030 - CMSIS Pack Vendor :STMicroelectronics X-CUBE-NFC9 1.0.0
2026-05-17 08:38:45,260 [INFO] ThirdParty:1030 - CMSIS Pack Vendor :STMicroelectronics USB_HOST 2.0.0
2026-05-17 08:38:45,260 [INFO] ThirdParty:1030 - CMSIS Pack Vendor :STMicroelectronics X-CUBE-AZRTOS-F4 1.1.0
2026-05-17 08:38:45,260 [INFO] ThirdParty:1030 - CMSIS Pack Vendor :STMicroelectronics LIBJPEG 8.0.0
2026-05-17 08:38:45,260 [INFO] ThirdParty:1030 - CMSIS Pack Vendor :STMicroelectronics FP-ATR-ASTRA1 2.0.2
2026-05-17 08:38:45,260 [INFO] ThirdParty:1030 - CMSIS Pack Vendor :STMicroelectronics X-CUBE-BLE1 7.1.0
2026-05-17 08:38:45,260 [INFO] ThirdParty:1030 - CMSIS Pack Vendor :STMicroelectronics X-CUBE-SMBUS 2.1.0
2026-05-17 08:38:45,260 [INFO] ThirdParty:1030 - CMSIS Pack Vendor :wolfSSL I-CUBE-wolfMQTT 1.19.2
2026-05-17 08:38:45,260 [INFO] ThirdParty:1030 - CMSIS Pack Vendor :STMicroelectronics USB_DEVICE 3.0.0
2026-05-17 08:38:45,260 [INFO] ThirdParty:1030 - CMSIS Pack Vendor :STMicroelectronics X-CUBE-ISPU 2.1.0
2026-05-17 08:38:45,260 [INFO] ThirdParty:1030 - CMSIS Pack Vendor :STMicroelectronics X-CUBE-EEPRMA1 5.2.0
2026-05-17 08:38:45,260 [INFO] ThirdParty:1030 - CMSIS Pack Vendor :STMicroelectronics X-CUBE-BLEMGR 4.1.0
2026-05-17 08:38:45,260 [INFO] ThirdParty:1030 - CMSIS Pack Vendor :STMicroelectronics eDS-WB_DPC_TT-BIDIR 2.1.1
2026-05-17 08:38:45,260 [INFO] ThirdParty:1030 - CMSIS Pack Vendor :STMicroelectronics X-CUBE-AZRTOS-WB 2.0.0
2026-05-17 08:38:45,260 [INFO] ThirdParty:1030 - CMSIS Pack Vendor :STMicroelectronics X-CUBE-NFC12 1.0.0
2026-05-17 08:38:45,260 [INFO] ThirdParty:1030 - CMSIS Pack Vendor :STMicroelectronics X-CUBE-AZRTOS-F7 1.1.0
2026-05-17 08:38:45,260 [INFO] ThirdParty:1030 - CMSIS Pack Vendor :STMicroelectronics X-CUBE-AZRTOS-L5 2.0.0
2026-05-17 08:38:45,260 [INFO] ThirdParty:1030 - CMSIS Pack Vendor :STMicroelectronics USB_DEVICE 2.0.0
2026-05-17 08:38:45,260 [INFO] ThirdParty:1030 - CMSIS Pack Vendor :quantropi X-CUBE-qispace-sdk-base 2.1.0
2026-05-17 08:38:45,260 [INFO] ThirdParty:1030 - CMSIS Pack Vendor :STMicroelectronics X-CUBE-STSE01 2.0.0
2026-05-17 08:38:45,260 [INFO] ThirdParty:1030 - CMSIS Pack Vendor :STMicroelectronics FreeRTOS 0.0.1
2026-05-17 08:38:45,260 [INFO] ThirdParty:1030 - CMSIS Pack Vendor :STMicroelectronics X-CUBE-AZRTOS-G0 1.1.0
2026-05-17 08:38:45,260 [INFO] ThirdParty:1030 - CMSIS Pack Vendor :STMicroelectronics X-CUBE-NFC4 3.0.0
2026-05-17 08:38:45,260 [INFO] ThirdParty:1030 - CMSIS Pack Vendor :STMicroelectronics X-CUBE-SUBG2 5.0.0
2026-05-17 08:38:45,260 [INFO] ThirdParty:1030 - CMSIS Pack Vendor :STMicroelectronics STM32_WPAN 1.0.0
2026-05-17 08:38:45,260 [INFO] ThirdParty:1030 - CMSIS Pack Vendor :STMicroelectronics eDS-WB_DPC_VIENNA 1.2.0
2026-05-17 08:38:45,260 [INFO] ThirdParty:1030 - CMSIS Pack Vendor :EmbeddedOffice I-CUBE-FS-RTOS 1.0.1
2026-05-17 08:38:45,260 [INFO] ThirdParty:1030 - CMSIS Pack Vendor :STMicroelectronics lwIP 2.0.3
2026-05-17 08:38:45,260 [INFO] ThirdParty:1030 - CMSIS Pack Vendor :STMicroelectronics eDS-WB_DPC_3PH2L-BIDIR 1.1.1
2026-05-17 08:38:45,260 [INFO] ThirdParty:1030 - CMSIS Pack Vendor :STMicroelectronics USB_HOST 1.0.0
2026-05-17 08:38:45,260 [INFO] ThirdParty:1030 - CMSIS Pack Vendor :STMicroelectronics X-CUBE-AZRTOS-G4 2.0.0
2026-05-17 08:38:45,260 [INFO] ThirdParty:1030 - CMSIS Pack Vendor :STMicroelectronics PDM2PCM 3.1.0
2026-05-17 08:38:45,260 [INFO] ThirdParty:1030 - CMSIS Pack Vendor :STMicroelectronics PDM2PCM 3.3.0
2026-05-17 08:38:45,260 [INFO] ThirdParty:1030 - CMSIS Pack Vendor :wolfSSL I-CUBE-wolfTPM 3.8.0
2026-05-17 08:38:45,260 [INFO] ThirdParty:1030 - CMSIS Pack Vendor :STMicroelectronics X-CUBE-DISPLAY 3.0.0
2026-05-17 08:38:45,261 [INFO] ThirdParty:1030 - CMSIS Pack Vendor :wolfSSL I-CUBE-wolfSSH 1.4.20
2026-05-17 08:38:45,261 [INFO] ThirdParty:1030 - CMSIS Pack Vendor :STMicroelectronics X-CUBE-NFC7 2.0.0
2026-05-17 08:38:45,261 [INFO] ThirdParty:1030 - CMSIS Pack Vendor :STMicroelectronics X-CUBE-GNSS1 7.1.1
2026-05-17 08:38:45,261 [INFO] ThirdParty:1030 - CMSIS Pack Vendor :STMicroelectronics X-CUBE-TCPP 4.2.0
2026-05-17 08:38:45,261 [INFO] ThirdParty:1030 - CMSIS Pack Vendor :RealThread X-CUBE-RT-Thread_Nano 4.1.1
2026-05-17 08:38:45,261 [INFO] ThirdParty:1030 - CMSIS Pack Vendor :wolfSSL I-CUBE-wolfSSL 5.9.1
2026-05-17 08:38:45,261 [INFO] ThirdParty:1030 - CMSIS Pack Vendor :STMicroelectronics FP-ATR-SIGFOX1 3.2.0
2026-05-17 08:38:45,261 [INFO] ThirdParty:1030 - CMSIS Pack Vendor :STMicroelectronics X-CUBE-NFC10 1.0.0
2026-05-17 08:38:45,261 [INFO] ThirdParty:1030 - CMSIS Pack Vendor :STMicroelectronics HAL Drivers 0.0.0
2026-05-17 08:38:45,261 [INFO] ThirdParty:1030 - CMSIS Pack Vendor :STMicroelectronics MBEDTLS 2.16.2
2026-05-17 08:38:45,261 [INFO] ThirdParty:1030 - CMSIS Pack Vendor :STMicroelectronics X-CUBE-ST60 1.1.0
2026-05-17 08:38:45,261 [INFO] ThirdParty:1030 - CMSIS Pack Vendor :STMicroelectronics X-CUBE-ALS 1.0.2
2026-05-17 08:38:45,261 [INFO] ThirdParty:1030 - CMSIS Pack Vendor :emotas I-CUBE-CANOPEN 1.3.0
2026-05-17 08:38:45,261 [INFO] ThirdParty:1030 - CMSIS Pack Vendor :STMicroelectronics MBEDTLS 2.14.1
2026-05-17 08:38:45,261 [INFO] ThirdParty:1030 - CMSIS Pack Vendor :ITTIA_DB I-CUBE-ITTIADB 8.9.0
2026-05-17 08:38:45,261 [INFO] ThirdParty:1030 - CMSIS Pack Vendor :Cesanta I-CUBE-Mongoose 7.21.7
2026-05-17 08:38:45,261 [INFO] ThirdParty:1030 - CMSIS Pack Vendor :STMicroelectronics X-CUBE-TOUCHGFX 4.26.1
2026-05-17 08:38:45,261 [INFO] ThirdParty:1030 - CMSIS Pack Vendor :STMicroelectronics X-CUBE-NFC6 3.2.0
2026-05-17 08:38:45,261 [INFO] ThirdParty:1030 - CMSIS Pack Vendor :STMicroelectronics X-CUBE-AI 10.2.0
2026-05-17 08:38:45,261 [INFO] ThirdParty:1030 - CMSIS Pack Vendor :STMicroelectronics ThreadX 1.0.0
2026-05-17 08:38:45,261 [INFO] ThirdParty:1030 - CMSIS Pack Vendor :STMicroelectronics FP-SNS-SMARTAG2 1.2.0
2026-05-17 08:38:45,261 [INFO] ThirdParty:1030 - CMSIS Pack Vendor :STMicroelectronics X-CUBE-MEMS1 12.1.0
2026-05-17 08:38:45,261 [INFO] ThirdParty:1030 - CMSIS Pack Vendor :STMicroelectronics FP-SNS-FLIGHT1 5.1.0
2026-05-17 08:38:45,261 [INFO] ThirdParty:1030 - CMSIS Pack Vendor :STMicroelectronics X-CUBE-AZRTOS-WL 2.0.0
2026-05-17 08:38:45,261 [INFO] ThirdParty:1030 - CMSIS Pack Vendor :SEGGER I-CUBE-embOS 1.3.1
2026-05-17 08:38:45,261 [INFO] ThirdParty:1030 - CMSIS Pack Vendor :STMicroelectronics X-CUBE-ALGOBUILD 1.4.0
2026-05-17 08:38:45,261 [INFO] ThirdParty:1030 - CMSIS Pack Vendor :STMicroelectronics X-CUBE-DPower 1.3.0
2026-05-17 08:38:45,261 [INFO] ThirdParty:1030 - CMSIS Pack Vendor :STMicroelectronics USB_DEVICE 1.0.0
2026-05-17 08:38:45,261 [INFO] ThirdParty:1030 - CMSIS Pack Vendor :STMicroelectronics X-CUBE-AZRTOS-H7RS 1.2.0
2026-05-17 08:38:45,261 [INFO] ThirdParty:1030 - CMSIS Pack Vendor :STMicroelectronics X-CUBE-AZRTOS-L4 2.0.0
2026-05-17 08:38:45,261 [INFO] ThirdParty:1030 - CMSIS Pack Vendor :STMicroelectronics ThreadX 0.0.2
2026-05-17 08:38:45,261 [INFO] ThirdParty:1030 - CMSIS Pack Vendor :STMicroelectronics lwIP 2.1.2
2026-05-17 08:38:45,261 [INFO] ThirdParty:1030 - CMSIS Pack Vendor :STMicroelectronics X-CUBE-SFXS2LP1 4.0.0
2026-05-17 08:38:45,261 [INFO] ThirdParty:1030 - CMSIS Pack Vendor :STMicroelectronics X-CUBE-BLE2 3.3.0
2026-05-17 08:38:45,261 [INFO] ThirdParty:1030 - CMSIS Pack Vendor :Avnet-IOTCONNECT X-CUBE-iotc-st67-sdk 1.0.0
2026-05-17 08:38:45,261 [INFO] ThirdParty:1030 - CMSIS Pack Vendor :STMicroelectronics X-CUBE-TOF1 3.4.3
2026-05-17 08:38:45,261 [INFO] ThirdParty:1030 - CMSIS Pack Vendor :Infineon AIROC-Wi-Fi-Bluetooth-STM32 1.8.0
2026-05-17 08:38:45,261 [INFO] ThirdParty:1030 - CMSIS Pack Vendor :STMicroelectronics PDM2PCM 3.2.0
2026-05-17 08:38:45,261 [INFO] ThirdParty:1030 - CMSIS Pack Vendor :STMicroelectronics X-CUBE-WB05N 2.1.0
2026-05-17 08:38:45,261 [INFO] ThirdParty:841 - exiting critical section [change project]
2026-05-17 08:38:45,408 [INFO] PinOutPanel:1589 - setPackage(No Configuration,No Configuration)
2026-05-17 08:38:45,409 [INFO] PinOutPanel:1589 - setPackage(STM32F446RETx,LQFP64)
2026-05-17 08:38:45,713 [INFO] UtilMem:75 - Before build in PCC Used Memory: 750848232 Bytes (1073741824)
2026-05-17 08:38:45,932 [INFO] UtilMem:75 - After build in PCC Used Memory: 801179880 Bytes (1073741824)
2026-05-17 08:38:45,946 [INFO] IPUIPlugin:80 - create IPUIPlugin
2026-05-17 08:38:45,946 [INFO] IPUIPlugin:80 - create IPUIPlugin
2026-05-17 08:38:45,946 [INFO] IPUIPlugin:80 - create IPUIPlugin
2026-05-17 08:38:45,947 [INFO] IPUIPlugin:80 - create IPUIPlugin
2026-05-17 08:38:45,947 [INFO] IPUIPlugin:80 - create IPUIPlugin
2026-05-17 08:38:45,947 [INFO] IPUIPlugin:80 - create IPUIPlugin
2026-05-17 08:38:45,947 [INFO] IPUIPlugin:80 - create IPUIPlugin
2026-05-17 08:38:45,947 [INFO] IPUIPlugin:80 - create IPUIPlugin
2026-05-17 08:38:45,947 [INFO] IPUIPlugin:80 - create IPUIPlugin
2026-05-17 08:38:45,947 [INFO] IPUIPlugin:80 - create IPUIPlugin
2026-05-17 08:38:45,947 [INFO] IPUIPlugin:80 - create IPUIPlugin
2026-05-17 08:38:45,947 [INFO] IPUIPlugin:80 - create IPUIPlugin
2026-05-17 08:38:45,947 [INFO] IPUIPlugin:80 - create IPUIPlugin
2026-05-17 08:38:45,947 [INFO] IPUIPlugin:80 - create IPUIPlugin
2026-05-17 08:38:45,947 [INFO] IPUIPlugin:80 - create IPUIPlugin
2026-05-17 08:38:45,947 [INFO] IPUIPlugin:80 - create IPUIPlugin
2026-05-17 08:38:45,948 [INFO] IPUIPlugin:80 - create IPUIPlugin
2026-05-17 08:38:45,948 [INFO] IPUIPlugin:80 - create IPUIPlugin
2026-05-17 08:38:45,948 [INFO] IPUIPlugin:80 - create IPUIPlugin
2026-05-17 08:38:45,948 [INFO] IPUIPlugin:80 - create IPUIPlugin
2026-05-17 08:38:45,948 [INFO] IPUIPlugin:80 - create IPUIPlugin
2026-05-17 08:38:45,948 [INFO] IPUIPlugin:80 - create IPUIPlugin
2026-05-17 08:38:45,948 [INFO] IPUIPlugin:80 - create IPUIPlugin
2026-05-17 08:38:45,948 [INFO] IPUIPlugin:80 - create IPUIPlugin
2026-05-17 08:38:45,948 [INFO] IPUIPlugin:80 - create IPUIPlugin
2026-05-17 08:38:45,948 [INFO] IPUIPlugin:80 - create IPUIPlugin
2026-05-17 08:38:45,949 [INFO] IPUIPlugin:80 - create IPUIPlugin
2026-05-17 08:38:45,949 [INFO] IPUIPlugin:80 - create IPUIPlugin
2026-05-17 08:38:45,949 [INFO] IPUIPlugin:80 - create IPUIPlugin
2026-05-17 08:38:45,949 [INFO] IPUIPlugin:80 - create IPUIPlugin
2026-05-17 08:38:45,949 [INFO] IPUIPlugin:80 - create IPUIPlugin
2026-05-17 08:38:45,949 [INFO] IPUIPlugin:80 - create IPUIPlugin
2026-05-17 08:38:45,949 [INFO] IPUIPlugin:80 - create IPUIPlugin
2026-05-17 08:38:45,949 [INFO] IPUIPlugin:80 - create IPUIPlugin
2026-05-17 08:38:45,950 [INFO] IPUIPlugin:80 - create IPUIPlugin
2026-05-17 08:38:45,950 [INFO] IPUIPlugin:80 - create IPUIPlugin
2026-05-17 08:38:45,950 [INFO] IPUIPlugin:80 - create IPUIPlugin
2026-05-17 08:38:45,950 [INFO] IPUIPlugin:80 - create IPUIPlugin
2026-05-17 08:38:45,950 [INFO] IPUIPlugin:80 - create IPUIPlugin
2026-05-17 08:38:45,950 [INFO] IPUIPlugin:80 - create IPUIPlugin
2026-05-17 08:38:45,950 [INFO] IPUIPlugin:80 - create IPUIPlugin
2026-05-17 08:38:45,950 [INFO] IPUIPlugin:80 - create IPUIPlugin
2026-05-17 08:38:45,951 [INFO] IPUIPlugin:80 - create IPUIPlugin
2026-05-17 08:38:45,951 [INFO] IPUIPlugin:80 - create IPUIPlugin
2026-05-17 08:38:45,951 [INFO] IPUIPlugin:80 - create IPUIPlugin
2026-05-17 08:38:45,951 [INFO] IPUIPlugin:80 - create IPUIPlugin
2026-05-17 08:38:45,951 [INFO] IPUIPlugin:80 - create IPUIPlugin
2026-05-17 08:38:45,951 [INFO] IPUIPlugin:80 - create IPUIPlugin
2026-05-17 08:38:45,951 [INFO] IPUIPlugin:80 - create IPUIPlugin
2026-05-17 08:38:45,952 [INFO] IPUIPlugin:80 - create IPUIPlugin
2026-05-17 08:38:45,952 [INFO] IPUIPlugin:80 - create IPUIPlugin
2026-05-17 08:38:45,952 [INFO] IPUIPlugin:80 - create IPUIPlugin
2026-05-17 08:38:45,952 [INFO] IPUIPlugin:80 - create IPUIPlugin
2026-05-17 08:38:45,952 [INFO] IPUIPlugin:80 - create IPUIPlugin
2026-05-17 08:38:45,952 [INFO] IPUIPlugin:80 - create IPUIPlugin
2026-05-17 08:38:45,953 [INFO] IPUIPlugin:80 - create IPUIPlugin
2026-05-17 08:38:45,953 [INFO] IPUIPlugin:80 - create IPUIPlugin
2026-05-17 08:38:45,953 [INFO] IPUIPlugin:80 - create IPUIPlugin
2026-05-17 08:38:45,953 [INFO] IPUIPlugin:80 - create IPUIPlugin
2026-05-17 08:38:45,953 [INFO] IPUIPlugin:80 - create IPUIPlugin
2026-05-17 08:38:45,959 [INFO] ApiDbMcu:508 - Load IP Config File for PDM2PCM
2026-05-17 08:38:45,994 [INFO] CADModel:165 - CPN selected for project levelSTM32F446RET6
2026-05-17 08:38:45,994 [INFO] CADModel:114 - Register for checkConnection events
2026-05-17 08:38:46,041 [INFO] OpenFileManager:385 - Restore cursor
2026-05-17 08:38:46,465 [INFO] UtilMem:75 - End SaveConfig() Used Memory: 962144680 Bytes (1073741824)
2026-05-17 08:38:46,550 [INFO] UtilMem:75 - End SaveConfig() Used Memory: 983481624 Bytes (1073741824)
2026-05-17 08:38:46,852 [INFO] BlockDiagram:2775 - set Specific Code input for plugin: SYS
2026-05-17 08:38:46,852 [INFO] BlockDiagram:2775 - set Specific Code input for plugin: RCC
2026-05-17 08:38:46,852 [INFO] BlockDiagram:2775 - set Specific Code input for plugin: NVIC
2026-05-17 08:38:46,852 [INFO] BlockDiagram:2775 - set Specific Code input for plugin: USART
2026-05-17 08:38:46,852 [INFO] BlockDiagram:2775 - set Specific Code input for plugin: GPIO
2026-05-17 08:38:46,854 [INFO] CodeGenerator:882 - code generatio: config db path: B:\ST\STM32CubeIDE_1.18.1\STM32CubeIDE\plugins\com.st.stm32cube.common.mx_6.14.1.202504091515\\db\
2026-05-17 08:38:46,922 [INFO] CodeEngine:263 - oldGeneratedFile, B:\stm32\ADC_Temperature_Sencsor\MXTmpFiles\license.tmp_save
2026-05-17 08:38:47,146 [INFO] CodeEngine:287 - Generated code: B:\stm32\ADC_Temperature_Sencsor\MXTmpFiles\license.tmp
2026-05-17 08:38:47,172 [INFO] CodeEngine:263 - oldGeneratedFile, B:\stm32\ADC_Temperature_Sencsor\MXTmpFiles\gpio.tmp_save
2026-05-17 08:38:47,282 [INFO] CodeEngine:287 - Generated code: B:\stm32\ADC_Temperature_Sencsor\MXTmpFiles\gpio.tmp
2026-05-17 08:38:47,318 [INFO] CodeEngine:263 - oldGeneratedFile, B:\stm32\ADC_Temperature_Sencsor\Core\Src\stm32f4xx_it.c_save
2026-05-17 08:38:47,501 [INFO] CodeEngine:287 - Generated code: B:\stm32\ADC_Temperature_Sencsor\Core\Src\stm32f4xx_it.c
2026-05-17 08:38:47,504 [INFO] CodeEngine:263 - oldGeneratedFile, B:\stm32\ADC_Temperature_Sencsor\Core\Inc\stm32f4xx_it.h_save
2026-05-17 08:38:47,559 [INFO] CodeEngine:287 - Generated code: B:\stm32\ADC_Temperature_Sencsor\Core\Inc\stm32f4xx_it.h
2026-05-17 08:38:47,568 [INFO] CodeEngine:263 - oldGeneratedFile, B:\stm32\ADC_Temperature_Sencsor\Core\Src\stm32f4xx_hal_msp.c_save
2026-05-17 08:38:47,651 [INFO] CodeEngine:287 - Generated code: B:\stm32\ADC_Temperature_Sencsor\Core\Src\stm32f4xx_hal_msp.c
2026-05-17 08:38:47,654 [INFO] CodeEngine:263 - oldGeneratedFile, B:\stm32\ADC_Temperature_Sencsor\MXTmpFiles\system.tmp_save
2026-05-17 08:38:47,700 [INFO] CodeEngine:287 - Generated code: B:\stm32\ADC_Temperature_Sencsor\MXTmpFiles\system.tmp
2026-05-17 08:38:47,708 [INFO] CodeEngine:319 - oldGeneratedFile, B:\stm32\ADC_Temperature_Sencsor\Core\Inc\stm32f4xx_hal_conf.h_save
2026-05-17 08:38:47,758 [INFO] CodeEngine:343 - Generated code: B:\stm32\ADC_Temperature_Sencsor\Core\Inc\stm32f4xx_hal_conf.h
2026-05-17 08:38:47,776 [WARN] IPConfigManager:3217 - Warning: the RefConfig PLL2P_FOR_MCO is not available in your config.xml file
2026-05-17 08:38:47,780 [INFO] ApiDbMcu:508 - Load IP Config File for USART2
2026-05-17 08:38:47,782 [INFO] ApiDbMcu:508 - Load IP Config File for RCC
2026-05-17 08:38:47,789 [INFO] CodeEngine:263 - oldGeneratedFile, B:\stm32\ADC_Temperature_Sencsor\Core\Inc\main.h_save
2026-05-17 08:38:47,864 [INFO] CodeEngine:287 - Generated code: B:\stm32\ADC_Temperature_Sencsor\Core\Inc\main.h
2026-05-17 08:38:47,868 [INFO] CodeEngine:263 - oldGeneratedFile, B:\stm32\ADC_Temperature_Sencsor\Core\Src\main.c_save
2026-05-17 08:38:47,937 [INFO] CodeEngine:287 - Generated code: B:\stm32\ADC_Temperature_Sencsor\Core\Src\main.c
2026-05-17 08:38:48,230 [INFO] ProjectBuilder:3324 - Time for Copy HAL[1] : 152mS.
2026-05-17 08:38:48,233 [INFO] ProjectBuilder:4912 - Project Generator version: 4.6.0.1-B1
2026-05-17 08:38:48,288 [INFO] ConfigFileManager:1590 - The Die is : DIE421
2026-05-17 08:38:48,290 [INFO] ApiDbMcu:508 - Load IP Config File for FATFS
2026-05-17 08:38:48,294 [INFO] ApiDbMcu:508 - Load IP Config File for FREERTOS
2026-05-17 08:38:48,295 [INFO] ApiDbMcu:508 - Load IP Config File for LIBJPEG
2026-05-17 08:38:48,298 [INFO] ApiDbMcu:508 - Load IP Config File for MBEDTLS
2026-05-17 08:38:48,302 [INFO] ApiDbMcu:508 - Load IP Config File for USB_DEVICE
2026-05-17 08:38:48,304 [INFO] ApiDbMcu:508 - Load IP Config File for USB_HOST
2026-05-17 08:38:49,821 [INFO] ProjectBuilder:5191 - Time for Generating toolchain IDE Files: 1588mS.
2026-05-17 08:38:49,822 [INFO] ProjectBuilder:3181 - Time for Copy CMSIS : 0mS.
2026-05-17 08:38:49,823 [INFO] ProjectBuilder:3181 - Time for Copy CMSIS : 0mS.
2026-05-17 08:38:50,728 [INFO] McuFinderGlobals:76 - Set McuFinderConnectedMode to true
2026-05-17 08:38:50,730 [INFO] ApiDb:448 - Save user favorites file C:\Users\moonc/.stm32cubeide/favorites.mcus.txt: 0 item(s)
2026-05-17 08:38:50,730 [INFO] ApiDb:452 - User favorites MCUs=[]
2026-05-17 08:38:50,732 [INFO] ApiDb:448 - Save user favorites file C:\Users\moonc/.stm32cubeide/favorites.boards.txt: 1 item(s)
2026-05-17 08:38:50,732 [INFO] ApiDb:452 - User favorites Boards=[NUCLEO-F446RE]
2026-05-17 08:40:02,017 [INFO] ParamManager:896 - [Generic UI] PropertyChangeEvent: TAB_STATUS_CHANGED , "dont care", "never mind"
2026-05-17 08:40:02,032 [INFO] ParamManager:896 - [Generic UI] PropertyChangeEvent: TAB_STATUS_CHANGED , "dont care", "never mind"
2026-05-17 08:40:02,039 [INFO] ADCParametersView:116 -                Rank 1 : false
2026-05-17 08:40:02,057 [INFO] ADCParametersView:116 -                Rank 1 : false
2026-05-17 08:40:02,057 [INFO] ADCParametersView:116 -                Rank 1 : false
2026-05-17 08:40:02,057 [INFO] ADCParametersView:116 -                Rank 1 : false
2026-05-17 08:40:02,058 [INFO] ADCParametersView:116 -                Rank 1 : false
2026-05-17 08:40:02,058 [INFO] ADCParametersView:116 -                Rank 1 : false
2026-05-17 08:40:02,058 [INFO] ADCParametersView:116 -                Rank 1 : false
2026-05-17 08:40:02,058 [INFO] ADCParametersView:116 -                Rank 1 : false
2026-05-17 08:40:02,058 [INFO] ADCParametersView:116 -                Rank 1 : false
2026-05-17 08:40:02,058 [INFO] ADCParametersView:116 -                Rank 1 : false
2026-05-17 08:40:02,058 [INFO] ADCParametersView:116 -                Rank 1 : false
2026-05-17 08:40:02,058 [INFO] ADCParametersView:116 -                Rank 1 : false
2026-05-17 08:40:02,058 [INFO] ADCParametersView:116 -                Rank 1 : false
2026-05-17 08:40:02,058 [INFO] ADCParametersView:116 -                Rank 1 : false
2026-05-17 08:40:02,059 [INFO] ADCParametersView:116 -                Rank 1 : false
2026-05-17 08:40:02,065 [INFO] ADCParametersView:116 -                Rank 1 : false
2026-05-17 08:40:02,132 [INFO] NvicIntPanel:101 - NVIC parent = com.st.microxplorer.plugins.ip.nvic.MultiNvicIntPanel[,0,0,0x0,invalid,layout=javax.swing.BoxLayout,alignmentX=0.0,alignmentY=0.0,border=,flags=9,maximumSize=,minimumSize=,preferredSize=]
2026-05-17 08:40:02,189 [INFO] NvicIntPanel:101 - NVIC parent = com.st.microxplorer.plugins.ip.nvic.MultiNvicIntPanel[,0,0,0x0,invalid,layout=javax.swing.BoxLayout,alignmentX=0.0,alignmentY=0.0,border=,flags=9,maximumSize=,minimumSize=,preferredSize=]
2026-05-17 08:40:02,224 [INFO] ADCParametersView:116 -                Rank 1 : false
2026-05-17 08:40:02,225 [INFO] ADCParametersView:116 -                Rank 1 : false
2026-05-17 08:40:02,225 [INFO] ADCParametersView:116 -                Rank 1 : false
2026-05-17 08:40:02,225 [INFO] ADCParametersView:116 -                Rank 1 : false
2026-05-17 08:40:02,225 [INFO] ADCParametersView:116 -                Rank 1 : false
2026-05-17 08:40:02,225 [INFO] ADCParametersView:116 -                Rank 1 : false
2026-05-17 08:40:02,225 [INFO] ADCParametersView:116 -                Rank 1 : false
2026-05-17 08:40:02,225 [INFO] ADCParametersView:116 -                Rank 1 : false
2026-05-17 08:40:02,225 [INFO] ADCParametersView:116 -                Rank 1 : false
2026-05-17 08:40:02,225 [INFO] ADCParametersView:116 -                Rank 1 : false
2026-05-17 08:40:02,226 [INFO] ADCParametersView:116 -                Rank 1 : false
2026-05-17 08:40:02,226 [INFO] ADCParametersView:116 -                Rank 1 : false
2026-05-17 08:40:02,226 [INFO] ADCParametersView:116 -                Rank 1 : false
2026-05-17 08:40:02,226 [INFO] ADCParametersView:116 -                Rank 1 : false
2026-05-17 08:40:02,245 [INFO] ADCParametersView:116 -                Rank 1 : false
2026-05-17 08:40:02,268 [INFO] ADCParametersView:116 -                Rank 1 : false
2026-05-17 08:40:02,268 [INFO] ADCParametersView:116 -                Rank 1 : false
2026-05-17 08:40:02,268 [INFO] ADCParametersView:116 -                Rank 1 : false
2026-05-17 08:40:02,269 [INFO] ADCParametersView:116 -                Rank 1 : false
2026-05-17 08:40:02,269 [INFO] ADCParametersView:116 -                Rank 1 : false
2026-05-17 08:40:02,269 [INFO] ADCParametersView:116 -                Rank 1 : false
2026-05-17 08:40:02,269 [INFO] ADCParametersView:116 -                Rank 1 : false
2026-05-17 08:40:02,269 [INFO] ADCParametersView:116 -                Rank 1 : false
2026-05-17 08:40:02,269 [INFO] ADCParametersView:116 -                Rank 1 : false
2026-05-17 08:40:02,269 [INFO] ADCParametersView:116 -                Rank 1 : false
2026-05-17 08:40:02,269 [INFO] ADCParametersView:116 -                Rank 1 : false
2026-05-17 08:40:02,269 [INFO] ADCParametersView:116 -                Rank 1 : false
2026-05-17 08:40:02,269 [INFO] ADCParametersView:116 -                Rank 1 : false
2026-05-17 08:40:02,269 [INFO] ADCParametersView:116 -                Rank 1 : false
2026-05-17 08:40:02,288 [INFO] ADCParametersView:116 -                Rank 1 : false
2026-05-17 08:40:14,639 [INFO] ADCParametersView:116 -                Rank 1 : false
2026-05-17 08:40:14,642 [INFO] ADCParametersView:116 -                Rank 1 : false
2026-05-17 08:40:14,643 [INFO] ADCParametersView:116 -                Rank 1 : false
2026-05-17 08:40:14,643 [INFO] ADCParametersView:116 -                Rank 1 : false
2026-05-17 08:40:14,643 [INFO] ADCParametersView:116 -                Rank 1 : false
2026-05-17 08:40:14,643 [INFO] ADCParametersView:116 -                Rank 1 : false
2026-05-17 08:40:14,643 [INFO] ADCParametersView:116 -                Rank 1 : false
2026-05-17 08:40:14,643 [INFO] ADCParametersView:116 -                Rank 1 : false
2026-05-17 08:40:14,644 [INFO] ADCParametersView:116 -                Rank 1 : false
2026-05-17 08:40:14,644 [INFO] ADCParametersView:116 -                Rank 1 : false
2026-05-17 08:40:14,644 [INFO] ADCParametersView:116 -                Rank 1 : false
2026-05-17 08:40:14,644 [INFO] ADCParametersView:116 -                Rank 1 : false
2026-05-17 08:40:14,644 [INFO] ADCParametersView:116 -                Rank 1 : false
2026-05-17 08:40:14,644 [INFO] ADCParametersView:116 -                Rank 1 : false
2026-05-17 08:40:14,651 [INFO] ADCParametersView:116 -                Rank 1 : false
2026-05-17 08:40:14,662 [INFO] ADCParametersView:116 -                Rank 1 : false
2026-05-17 08:40:14,663 [INFO] ADCParametersView:116 -                Rank 1 : false
2026-05-17 08:40:14,663 [INFO] ADCParametersView:116 -                Rank 1 : false
2026-05-17 08:40:14,663 [INFO] ADCParametersView:116 -                Rank 1 : false
2026-05-17 08:40:14,663 [INFO] ADCParametersView:116 -                Rank 1 : false
2026-05-17 08:40:14,663 [INFO] ADCParametersView:116 -                Rank 1 : false
2026-05-17 08:40:14,664 [INFO] ADCParametersView:116 -                Rank 1 : false
2026-05-17 08:40:14,664 [INFO] ADCParametersView:116 -                Rank 1 : false
2026-05-17 08:40:14,664 [INFO] ADCParametersView:116 -                Rank 1 : false
2026-05-17 08:40:14,664 [INFO] ADCParametersView:116 -                Rank 1 : false
2026-05-17 08:40:14,664 [INFO] ADCParametersView:116 -                Rank 1 : false
2026-05-17 08:40:14,664 [INFO] ADCParametersView:116 -                Rank 1 : false
2026-05-17 08:40:14,664 [INFO] ADCParametersView:116 -                Rank 1 : false
2026-05-17 08:40:14,664 [INFO] ADCParametersView:116 -                Rank 1 : false
2026-05-17 08:40:14,670 [INFO] ADCParametersView:116 -                Rank 1 : false
2026-05-17 08:40:14,696 [INFO] ADCParametersView:116 -                Rank 1 : false
2026-05-17 08:40:14,697 [INFO] ADCParametersView:116 -                Rank 1 : false
2026-05-17 08:40:14,697 [INFO] ADCParametersView:116 -                Rank 1 : false
2026-05-17 08:40:14,697 [INFO] ADCParametersView:116 -                Rank 1 : false
2026-05-17 08:40:14,697 [INFO] ADCParametersView:116 -                Rank 1 : false
2026-05-17 08:40:14,697 [INFO] ADCParametersView:116 -                Rank 1 : false
2026-05-17 08:40:14,697 [INFO] ADCParametersView:116 -                Rank 1 : false
2026-05-17 08:40:14,697 [INFO] ADCParametersView:116 -                Rank 1 : false
2026-05-17 08:40:14,697 [INFO] ADCParametersView:116 -                Rank 1 : false
2026-05-17 08:40:14,697 [INFO] ADCParametersView:116 -                Rank 1 : false
2026-05-17 08:40:14,697 [INFO] ADCParametersView:116 -                Rank 1 : false
2026-05-17 08:40:14,697 [INFO] ADCParametersView:116 -                Rank 1 : false
2026-05-17 08:40:14,697 [INFO] ADCParametersView:116 -                Rank 1 : false
2026-05-17 08:40:14,697 [INFO] ADCParametersView:116 -                Rank 1 : false
2026-05-17 08:40:14,715 [INFO] ADCParametersView:116 -                Rank 1 : false
2026-05-17 08:40:32,779 [INFO] NvicIntPanel:101 - NVIC parent = com.st.microxplorer.plugins.ip.nvic.MultiNvicIntPanel[,0,0,586x466,layout=javax.swing.BoxLayout,alignmentX=0.0,alignmentY=0.0,border=,flags=9,maximumSize=,minimumSize=,preferredSize=]
2026-05-17 08:40:36,111 [INFO] ADCParametersView:116 -                Rank 1 : false
2026-05-17 08:40:36,112 [INFO] ADCParametersView:116 -                Rank 1 : false
2026-05-17 08:40:36,112 [INFO] ADCParametersView:116 -                Rank 1 : false
2026-05-17 08:40:36,112 [INFO] ADCParametersView:116 -                Rank 1 : false
2026-05-17 08:40:36,112 [INFO] ADCParametersView:116 -                Rank 1 : false
2026-05-17 08:40:36,112 [INFO] ADCParametersView:116 -                Rank 1 : false
2026-05-17 08:40:36,112 [INFO] ADCParametersView:116 -                Rank 1 : false
2026-05-17 08:40:36,112 [INFO] ADCParametersView:116 -                Rank 1 : false
2026-05-17 08:40:36,112 [INFO] ADCParametersView:116 -                Rank 1 : false
2026-05-17 08:40:36,112 [INFO] ADCParametersView:116 -                Rank 1 : false
2026-05-17 08:40:36,112 [INFO] ADCParametersView:116 -                Rank 1 : false
2026-05-17 08:40:36,112 [INFO] ADCParametersView:116 -                Rank 1 : false
2026-05-17 08:40:36,112 [INFO] ADCParametersView:116 -                Rank 1 : false
2026-05-17 08:40:36,112 [INFO] ADCParametersView:116 -                Rank 1 : false
2026-05-17 08:40:36,130 [INFO] ADCParametersView:116 -                Rank 1 : false
2026-05-17 08:41:12,310 [INFO] ADCParametersView:116 -                Rank 1 : true
2026-05-17 08:41:21,822 [INFO] NvicIntPanel:101 - NVIC parent = com.st.microxplorer.plugins.ip.nvic.MultiNvicIntPanel[,0,0,0x0,invalid,layout=javax.swing.BoxLayout,alignmentX=0.0,alignmentY=0.0,border=,flags=9,maximumSize=,minimumSize=,preferredSize=]
2026-05-17 08:41:21,850 [INFO] ADCParametersView:116 -                Rank 1 : true
2026-05-17 08:41:21,851 [INFO] ADCParametersView:116 -                Rank 1 : true
2026-05-17 08:41:21,851 [INFO] ADCParametersView:116 -                Rank 1 : true
2026-05-17 08:41:21,851 [INFO] ADCParametersView:116 -                Rank 1 : true
2026-05-17 08:41:21,851 [INFO] ADCParametersView:116 -                Rank 1 : true
2026-05-17 08:41:21,851 [INFO] ADCParametersView:116 -                Rank 1 : true
2026-05-17 08:41:21,851 [INFO] ADCParametersView:116 -                Rank 1 : true
2026-05-17 08:41:21,851 [INFO] ADCParametersView:116 -                Rank 1 : true
2026-05-17 08:41:21,851 [INFO] ADCParametersView:116 -                Rank 1 : true
2026-05-17 08:41:21,851 [INFO] ADCParametersView:116 -                Rank 1 : true
2026-05-17 08:41:21,852 [INFO] ADCParametersView:116 -                Rank 1 : true
2026-05-17 08:41:21,852 [INFO] ADCParametersView:116 -                Rank 1 : true
2026-05-17 08:41:21,852 [INFO] ADCParametersView:116 -                Rank 1 : true
2026-05-17 08:41:21,852 [INFO] ADCParametersView:116 -                Rank 1 : true
2026-05-17 08:41:21,870 [INFO] ADCParametersView:116 -                Rank 1 : true
2026-05-17 08:41:46,701 [INFO] ADCParametersView:116 -                Rank 1 : true
2026-05-17 08:41:46,702 [INFO] ADCParametersView:116 -                Rank 1 : true
2026-05-17 08:41:46,702 [INFO] ADCParametersView:116 -                Rank 1 : true
2026-05-17 08:41:46,702 [INFO] ADCParametersView:116 -                Rank 1 : true
2026-05-17 08:41:46,702 [INFO] ADCParametersView:116 -                Rank 1 : true
2026-05-17 08:41:46,702 [INFO] ADCParametersView:116 -                Rank 1 : true
2026-05-17 08:41:46,702 [INFO] ADCParametersView:116 -                Rank 1 : true
2026-05-17 08:41:46,702 [INFO] ADCParametersView:116 -                Rank 1 : true
2026-05-17 08:41:46,702 [INFO] ADCParametersView:116 -                Rank 1 : true
2026-05-17 08:41:46,702 [INFO] ADCParametersView:116 -                Rank 1 : true
2026-05-17 08:41:46,702 [INFO] ADCParametersView:116 -                Rank 1 : true
2026-05-17 08:41:46,702 [INFO] ADCParametersView:116 -                Rank 1 : true
2026-05-17 08:41:46,702 [INFO] ADCParametersView:116 -                Rank 1 : true
2026-05-17 08:41:46,703 [INFO] ADCParametersView:116 -                Rank 1 : true
2026-05-17 08:41:46,721 [INFO] ADCParametersView:116 -                Rank 1 : true
2026-05-17 08:41:46,743 [INFO] ADCParametersView:116 -                Rank 1 : true
2026-05-17 08:41:46,744 [INFO] ADCParametersView:116 -                Rank 1 : true
2026-05-17 08:41:46,744 [INFO] ADCParametersView:116 -                Rank 1 : true
2026-05-17 08:41:46,744 [INFO] ADCParametersView:116 -                Rank 1 : true
2026-05-17 08:41:46,744 [INFO] ADCParametersView:116 -                Rank 1 : true
2026-05-17 08:41:46,744 [INFO] ADCParametersView:116 -                Rank 1 : true
2026-05-17 08:41:46,744 [INFO] ADCParametersView:116 -                Rank 1 : true
2026-05-17 08:41:46,744 [INFO] ADCParametersView:116 -                Rank 1 : true
2026-05-17 08:41:46,744 [INFO] ADCParametersView:116 -                Rank 1 : true
2026-05-17 08:41:46,744 [INFO] ADCParametersView:116 -                Rank 1 : true
2026-05-17 08:41:46,744 [INFO] ADCParametersView:116 -                Rank 1 : true
2026-05-17 08:41:46,744 [INFO] ADCParametersView:116 -                Rank 1 : true
2026-05-17 08:41:46,745 [INFO] ADCParametersView:116 -                Rank 1 : true
2026-05-17 08:41:46,745 [INFO] ADCParametersView:116 -                Rank 1 : true
2026-05-17 08:41:46,762 [INFO] ADCParametersView:116 -                Rank 1 : true
2026-05-17 08:41:49,540 [INFO] NvicIntPanel:101 - NVIC parent = com.st.microxplorer.plugins.ip.nvic.MultiNvicIntPanel[,0,0,0x0,invalid,layout=javax.swing.BoxLayout,alignmentX=0.0,alignmentY=0.0,border=,flags=9,maximumSize=,minimumSize=,preferredSize=]
2026-05-17 08:41:49,568 [INFO] ADCParametersView:116 -                Rank 1 : true
2026-05-17 08:41:49,569 [INFO] ADCParametersView:116 -                Rank 1 : true
2026-05-17 08:41:49,569 [INFO] ADCParametersView:116 -                Rank 1 : true
2026-05-17 08:41:49,569 [INFO] ADCParametersView:116 -                Rank 1 : true
2026-05-17 08:41:49,569 [INFO] ADCParametersView:116 -                Rank 1 : true
2026-05-17 08:41:49,569 [INFO] ADCParametersView:116 -                Rank 1 : true
2026-05-17 08:41:49,569 [INFO] ADCParametersView:116 -                Rank 1 : true
2026-05-17 08:41:49,569 [INFO] ADCParametersView:116 -                Rank 1 : true
2026-05-17 08:41:49,569 [INFO] ADCParametersView:116 -                Rank 1 : true
2026-05-17 08:41:49,569 [INFO] ADCParametersView:116 -                Rank 1 : true
2026-05-17 08:41:49,569 [INFO] ADCParametersView:116 -                Rank 1 : true
2026-05-17 08:41:49,569 [INFO] ADCParametersView:116 -                Rank 1 : true
2026-05-17 08:41:49,569 [INFO] ADCParametersView:116 -                Rank 1 : true
2026-05-17 08:41:49,569 [INFO] ADCParametersView:116 -                Rank 1 : true
2026-05-17 08:41:49,599 [INFO] ADCParametersView:116 -                Rank 1 : true
2026-05-17 08:41:54,053 [INFO] ADCParametersView:116 -                Rank 1 : true
2026-05-17 08:41:54,054 [INFO] ADCParametersView:116 -                Rank 1 : true
2026-05-17 08:41:54,054 [INFO] ADCParametersView:116 -                Rank 1 : true
2026-05-17 08:41:54,054 [INFO] ADCParametersView:116 -                Rank 1 : true
2026-05-17 08:41:54,054 [INFO] ADCParametersView:116 -                Rank 1 : true
2026-05-17 08:41:54,054 [INFO] ADCParametersView:116 -                Rank 1 : true
2026-05-17 08:41:54,054 [INFO] ADCParametersView:116 -                Rank 1 : true
2026-05-17 08:41:54,054 [INFO] ADCParametersView:116 -                Rank 1 : true
2026-05-17 08:41:54,054 [INFO] ADCParametersView:116 -                Rank 1 : true
2026-05-17 08:41:54,054 [INFO] ADCParametersView:116 -                Rank 1 : true
2026-05-17 08:41:54,054 [INFO] ADCParametersView:116 -                Rank 1 : true
2026-05-17 08:41:54,054 [INFO] ADCParametersView:116 -                Rank 1 : true
2026-05-17 08:41:54,054 [INFO] ADCParametersView:116 -                Rank 1 : true
2026-05-17 08:41:54,054 [INFO] ADCParametersView:116 -                Rank 1 : true
2026-05-17 08:41:54,073 [INFO] ADCParametersView:116 -                Rank 1 : true
2026-05-17 08:41:54,094 [INFO] ADCParametersView:116 -                Rank 1 : true
2026-05-17 08:41:54,095 [INFO] ADCParametersView:116 -                Rank 1 : true
2026-05-17 08:41:54,095 [INFO] ADCParametersView:116 -                Rank 1 : true
2026-05-17 08:41:54,095 [INFO] ADCParametersView:116 -                Rank 1 : true
2026-05-17 08:41:54,095 [INFO] ADCParametersView:116 -                Rank 1 : true
2026-05-17 08:41:54,095 [INFO] ADCParametersView:116 -                Rank 1 : true
2026-05-17 08:41:54,095 [INFO] ADCParametersView:116 -                Rank 1 : true
2026-05-17 08:41:54,095 [INFO] ADCParametersView:116 -                Rank 1 : true
2026-05-17 08:41:54,095 [INFO] ADCParametersView:116 -                Rank 1 : true
2026-05-17 08:41:54,095 [INFO] ADCParametersView:116 -                Rank 1 : true
2026-05-17 08:41:54,096 [INFO] ADCParametersView:116 -                Rank 1 : true
2026-05-17 08:41:54,096 [INFO] ADCParametersView:116 -                Rank 1 : true
2026-05-17 08:41:54,096 [INFO] ADCParametersView:116 -                Rank 1 : true
2026-05-17 08:41:54,096 [INFO] ADCParametersView:116 -                Rank 1 : true
2026-05-17 08:41:54,115 [INFO] ADCParametersView:116 -                Rank 1 : true
2026-05-17 08:41:57,089 [INFO] NvicIntPanel:101 - NVIC parent = com.st.microxplorer.plugins.ip.nvic.MultiNvicIntPanel[,0,0,0x0,invalid,layout=javax.swing.BoxLayout,alignmentX=0.0,alignmentY=0.0,border=,flags=9,maximumSize=,minimumSize=,preferredSize=]
2026-05-17 08:41:57,116 [INFO] ADCParametersView:116 -                Rank 1 : true
2026-05-17 08:41:57,117 [INFO] ADCParametersView:116 -                Rank 1 : true
2026-05-17 08:41:57,117 [INFO] ADCParametersView:116 -                Rank 1 : true
2026-05-17 08:41:57,117 [INFO] ADCParametersView:116 -                Rank 1 : true
2026-05-17 08:41:57,117 [INFO] ADCParametersView:116 -                Rank 1 : true
2026-05-17 08:41:57,117 [INFO] ADCParametersView:116 -                Rank 1 : true
2026-05-17 08:41:57,117 [INFO] ADCParametersView:116 -                Rank 1 : true
2026-05-17 08:41:57,117 [INFO] ADCParametersView:116 -                Rank 1 : true
2026-05-17 08:41:57,117 [INFO] ADCParametersView:116 -                Rank 1 : true
2026-05-17 08:41:57,117 [INFO] ADCParametersView:116 -                Rank 1 : true
2026-05-17 08:41:57,117 [INFO] ADCParametersView:116 -                Rank 1 : true
2026-05-17 08:41:57,117 [INFO] ADCParametersView:116 -                Rank 1 : true
2026-05-17 08:41:57,118 [INFO] ADCParametersView:116 -                Rank 1 : true
2026-05-17 08:41:57,118 [INFO] ADCParametersView:116 -                Rank 1 : true
2026-05-17 08:41:57,135 [INFO] ADCParametersView:116 -                Rank 1 : true
2026-05-17 08:42:14,516 [INFO] ADCParametersView:116 -                Rank 1 : true
2026-05-17 08:42:14,517 [INFO] ADCParametersView:116 -                Rank 1 : true
2026-05-17 08:42:14,517 [INFO] ADCParametersView:116 -                Rank 1 : true
2026-05-17 08:42:14,518 [INFO] ADCParametersView:116 -                Rank 1 : true
2026-05-17 08:42:14,518 [INFO] ADCParametersView:116 -                Rank 1 : true
2026-05-17 08:42:14,518 [INFO] ADCParametersView:116 -                Rank 1 : true
2026-05-17 08:42:14,518 [INFO] ADCParametersView:116 -                Rank 1 : true
2026-05-17 08:42:14,518 [INFO] ADCParametersView:116 -                Rank 1 : true
2026-05-17 08:42:14,518 [INFO] ADCParametersView:116 -                Rank 1 : true
2026-05-17 08:42:14,518 [INFO] ADCParametersView:116 -                Rank 1 : true
2026-05-17 08:42:14,518 [INFO] ADCParametersView:116 -                Rank 1 : true
2026-05-17 08:42:14,518 [INFO] ADCParametersView:116 -                Rank 1 : true
2026-05-17 08:42:14,518 [INFO] ADCParametersView:116 -                Rank 1 : true
2026-05-17 08:42:14,518 [INFO] ADCParametersView:116 -                Rank 1 : true
2026-05-17 08:42:14,536 [INFO] ADCParametersView:116 -                Rank 1 : true
2026-05-17 08:42:14,558 [INFO] ADCParametersView:116 -                Rank 1 : true
2026-05-17 08:42:14,558 [INFO] ADCParametersView:116 -                Rank 1 : true
2026-05-17 08:42:14,558 [INFO] ADCParametersView:116 -                Rank 1 : true
2026-05-17 08:42:14,558 [INFO] ADCParametersView:116 -                Rank 1 : true
2026-05-17 08:42:14,559 [INFO] ADCParametersView:116 -                Rank 1 : true
2026-05-17 08:42:14,559 [INFO] ADCParametersView:116 -                Rank 1 : true
2026-05-17 08:42:14,559 [INFO] ADCParametersView:116 -                Rank 1 : true
2026-05-17 08:42:14,559 [INFO] ADCParametersView:116 -                Rank 1 : true
2026-05-17 08:42:14,559 [INFO] ADCParametersView:116 -                Rank 1 : true
2026-05-17 08:42:14,559 [INFO] ADCParametersView:116 -                Rank 1 : true
2026-05-17 08:42:14,559 [INFO] ADCParametersView:116 -                Rank 1 : true
2026-05-17 08:42:14,559 [INFO] ADCParametersView:116 -                Rank 1 : true
2026-05-17 08:42:14,559 [INFO] ADCParametersView:116 -                Rank 1 : true
2026-05-17 08:42:14,559 [INFO] ADCParametersView:116 -                Rank 1 : true
2026-05-17 08:42:14,576 [INFO] ADCParametersView:116 -                Rank 1 : true
2026-05-17 08:42:16,875 [INFO] UtilMem:75 - End SaveConfig() Used Memory: 802500904 Bytes (1073741824)
2026-05-17 08:42:17,475 [INFO] UtilMem:75 - End SaveConfig() Used Memory: 882719008 Bytes (1073741824)
2026-05-17 08:42:17,805 [INFO] BlockDiagram:2775 - set Specific Code input for plugin: SYS
2026-05-17 08:42:17,805 [INFO] BlockDiagram:2775 - set Specific Code input for plugin: ADC
2026-05-17 08:42:17,805 [INFO] BlockDiagram:2775 - set Specific Code input for plugin: RCC
2026-05-17 08:42:17,805 [INFO] BlockDiagram:2775 - set Specific Code input for plugin: NVIC
2026-05-17 08:42:17,805 [INFO] BlockDiagram:2775 - set Specific Code input for plugin: USART
2026-05-17 08:42:17,806 [INFO] BlockDiagram:2775 - set Specific Code input for plugin: GPIO
2026-05-17 08:42:17,807 [INFO] CodeGenerator:882 - code generatio: config db path: B:\ST\STM32CubeIDE_1.18.1\STM32CubeIDE\plugins\com.st.stm32cube.common.mx_6.14.1.202504091515\\db\
2026-05-17 08:42:17,898 [INFO] CodeEngine:263 - oldGeneratedFile, B:\stm32\ADC_Temperature_Sencsor\MXTmpFiles\license.tmp_save
2026-05-17 08:42:18,069 [INFO] CodeEngine:287 - Generated code: B:\stm32\ADC_Temperature_Sencsor\MXTmpFiles\license.tmp
2026-05-17 08:42:18,091 [INFO] CodeEngine:263 - oldGeneratedFile, B:\stm32\ADC_Temperature_Sencsor\MXTmpFiles\gpio.tmp_save
2026-05-17 08:42:18,179 [INFO] CodeEngine:287 - Generated code: B:\stm32\ADC_Temperature_Sencsor\MXTmpFiles\gpio.tmp
2026-05-17 08:42:18,257 [INFO] CodeEngine:263 - oldGeneratedFile, B:\stm32\ADC_Temperature_Sencsor\Core\Src\stm32f4xx_it.c_save
2026-05-17 08:42:18,331 [INFO] CodeEngine:287 - Generated code: B:\stm32\ADC_Temperature_Sencsor\Core\Src\stm32f4xx_it.c
2026-05-17 08:42:18,336 [INFO] CodeEngine:263 - oldGeneratedFile, B:\stm32\ADC_Temperature_Sencsor\Core\Inc\stm32f4xx_it.h_save
2026-05-17 08:42:18,403 [INFO] CodeEngine:287 - Generated code: B:\stm32\ADC_Temperature_Sencsor\Core\Inc\stm32f4xx_it.h
2026-05-17 08:42:18,414 [INFO] CodeEngine:263 - oldGeneratedFile, B:\stm32\ADC_Temperature_Sencsor\Core\Src\stm32f4xx_hal_msp.c_save
2026-05-17 08:42:18,519 [INFO] CodeEngine:287 - Generated code: B:\stm32\ADC_Temperature_Sencsor\Core\Src\stm32f4xx_hal_msp.c
2026-05-17 08:42:18,523 [INFO] CodeEngine:263 - oldGeneratedFile, B:\stm32\ADC_Temperature_Sencsor\MXTmpFiles\system.tmp_save
2026-05-17 08:42:18,578 [INFO] CodeEngine:287 - Generated code: B:\stm32\ADC_Temperature_Sencsor\MXTmpFiles\system.tmp
2026-05-17 08:42:18,588 [INFO] CodeEngine:319 - oldGeneratedFile, B:\stm32\ADC_Temperature_Sencsor\Core\Inc\stm32f4xx_hal_conf.h_save
2026-05-17 08:42:18,651 [INFO] CodeEngine:343 - Generated code: B:\stm32\ADC_Temperature_Sencsor\Core\Inc\stm32f4xx_hal_conf.h
2026-05-17 08:42:18,669 [WARN] IPConfigManager:3217 - Warning: the RefConfig PLL2P_FOR_MCO is not available in your config.xml file
2026-05-17 08:42:18,674 [INFO] ApiDbMcu:508 - Load IP Config File for ADC1
2026-05-17 08:42:18,682 [INFO] CodeEngine:263 - oldGeneratedFile, B:\stm32\ADC_Temperature_Sencsor\Core\Inc\main.h_save
2026-05-17 08:42:18,742 [INFO] CodeEngine:287 - Generated code: B:\stm32\ADC_Temperature_Sencsor\Core\Inc\main.h
2026-05-17 08:42:18,747 [INFO] CodeEngine:263 - oldGeneratedFile, B:\stm32\ADC_Temperature_Sencsor\Core\Src\main.c_save
2026-05-17 08:42:18,836 [INFO] CodeEngine:287 - Generated code: B:\stm32\ADC_Temperature_Sencsor\Core\Src\main.c
2026-05-17 08:42:19,165 [INFO] ProjectBuilder:3324 - Time for Copy HAL[1] : 204mS.
2026-05-17 08:42:19,168 [INFO] ProjectBuilder:4912 - Project Generator version: 4.6.0.1-B1
2026-05-17 08:42:19,227 [INFO] ConfigFileManager:1590 - The Die is : DIE421
2026-05-17 08:42:19,834 [INFO] ProjectBuilder:5191 - Time for Generating toolchain IDE Files: 666mS.
2026-05-17 08:42:19,834 [INFO] ProjectBuilder:3181 - Time for Copy CMSIS : 0mS.
2026-05-17 08:42:19,836 [INFO] ProjectBuilder:3181 - Time for Copy CMSIS : 0mS.
2026-05-17 08:43:21,428 [INFO] ADCParametersView:116 -                Rank 1 : true
2026-05-17 08:43:21,429 [INFO] ADCParametersView:116 -                Rank 1 : true
2026-05-17 08:43:21,429 [INFO] ADCParametersView:116 -                Rank 1 : true
2026-05-17 08:43:21,429 [INFO] ADCParametersView:116 -                Rank 1 : true
2026-05-17 08:43:21,429 [INFO] ADCParametersView:116 -                Rank 1 : true
2026-05-17 08:43:21,429 [INFO] ADCParametersView:116 -                Rank 1 : true
2026-05-17 08:43:21,429 [INFO] ADCParametersView:116 -                Rank 1 : true
2026-05-17 08:43:21,430 [INFO] ADCParametersView:116 -                Rank 1 : true
2026-05-17 08:43:21,430 [INFO] ADCParametersView:116 -                Rank 1 : true
2026-05-17 08:43:21,430 [INFO] ADCParametersView:116 -                Rank 1 : true
2026-05-17 08:43:21,430 [INFO] ADCParametersView:116 -                Rank 1 : true
2026-05-17 08:43:21,430 [INFO] ADCParametersView:116 -                Rank 1 : true
2026-05-17 08:43:21,430 [INFO] ADCParametersView:116 -                Rank 1 : true
2026-05-17 08:43:21,430 [INFO] ADCParametersView:116 -                Rank 1 : true
2026-05-17 08:43:21,448 [INFO] ADCParametersView:116 -                Rank 1 : true
2026-05-17 08:43:21,469 [INFO] ADCParametersView:116 -                Rank 1 : true
2026-05-17 08:43:21,470 [INFO] ADCParametersView:116 -                Rank 1 : true
2026-05-17 08:43:21,470 [INFO] ADCParametersView:116 -                Rank 1 : true
2026-05-17 08:43:21,470 [INFO] ADCParametersView:116 -                Rank 1 : true
2026-05-17 08:43:21,470 [INFO] ADCParametersView:116 -                Rank 1 : true
2026-05-17 08:43:21,470 [INFO] ADCParametersView:116 -                Rank 1 : true
2026-05-17 08:43:21,470 [INFO] ADCParametersView:116 -                Rank 1 : true
2026-05-17 08:43:21,470 [INFO] ADCParametersView:116 -                Rank 1 : true
2026-05-17 08:43:21,470 [INFO] ADCParametersView:116 -                Rank 1 : true
2026-05-17 08:43:21,470 [INFO] ADCParametersView:116 -                Rank 1 : true
2026-05-17 08:43:21,470 [INFO] ADCParametersView:116 -                Rank 1 : true
2026-05-17 08:43:21,470 [INFO] ADCParametersView:116 -                Rank 1 : true
2026-05-17 08:43:21,470 [INFO] ADCParametersView:116 -                Rank 1 : true
2026-05-17 08:43:21,470 [INFO] ADCParametersView:116 -                Rank 1 : true
2026-05-17 08:43:21,487 [INFO] ADCParametersView:116 -                Rank 1 : true
2026-05-17 08:43:50,357 [INFO] ADCParametersView:116 -                Rank 1 : true
2026-05-17 08:43:50,359 [INFO] ADCParametersView:116 -                Rank 1 : true
2026-05-17 08:43:50,359 [INFO] ADCParametersView:116 -                Rank 1 : true
2026-05-17 08:43:50,359 [INFO] ADCParametersView:116 -                Rank 1 : true
2026-05-17 08:43:50,359 [INFO] ADCParametersView:116 -                Rank 1 : true
2026-05-17 08:43:50,359 [INFO] ADCParametersView:116 -                Rank 1 : true
2026-05-17 08:43:50,359 [INFO] ADCParametersView:116 -                Rank 1 : true
2026-05-17 08:43:50,359 [INFO] ADCParametersView:116 -                Rank 1 : true
2026-05-17 08:43:50,359 [INFO] ADCParametersView:116 -                Rank 1 : true
2026-05-17 08:43:50,359 [INFO] ADCParametersView:116 -                Rank 1 : true
2026-05-17 08:43:50,359 [INFO] ADCParametersView:116 -                Rank 1 : true
2026-05-17 08:43:50,359 [INFO] ADCParametersView:116 -                Rank 1 : true
2026-05-17 08:43:50,359 [INFO] ADCParametersView:116 -                Rank 1 : true
2026-05-17 08:43:50,359 [INFO] ADCParametersView:116 -                Rank 1 : true
2026-05-17 08:43:50,377 [INFO] ADCParametersView:116 -                Rank 1 : true
2026-05-17 08:43:50,398 [INFO] ADCParametersView:116 -                Rank 1 : true
2026-05-17 08:43:50,398 [INFO] ADCParametersView:116 -                Rank 1 : true
2026-05-17 08:43:50,398 [INFO] ADCParametersView:116 -                Rank 1 : true
2026-05-17 08:43:50,399 [INFO] ADCParametersView:116 -                Rank 1 : true
2026-05-17 08:43:50,399 [INFO] ADCParametersView:116 -                Rank 1 : true
2026-05-17 08:43:50,399 [INFO] ADCParametersView:116 -                Rank 1 : true
2026-05-17 08:43:50,399 [INFO] ADCParametersView:116 -                Rank 1 : true
2026-05-17 08:43:50,399 [INFO] ADCParametersView:116 -                Rank 1 : true
2026-05-17 08:43:50,399 [INFO] ADCParametersView:116 -                Rank 1 : true
2026-05-17 08:43:50,399 [INFO] ADCParametersView:116 -                Rank 1 : true
2026-05-17 08:43:50,399 [INFO] ADCParametersView:116 -                Rank 1 : true
2026-05-17 08:43:50,399 [INFO] ADCParametersView:116 -                Rank 1 : true
2026-05-17 08:43:50,399 [INFO] ADCParametersView:116 -                Rank 1 : true
2026-05-17 08:43:50,399 [INFO] ADCParametersView:116 -                Rank 1 : true
2026-05-17 08:43:50,416 [INFO] ADCParametersView:116 -                Rank 1 : true
2026-05-17 08:55:33,945 [INFO] UtilMem:75 - End SaveConfig() Used Memory: 921374648 Bytes (1073741824)
2026-05-17 08:55:34,395 [INFO] BlockDiagram:2775 - set Specific Code input for plugin: SYS
2026-05-17 08:55:34,395 [INFO] BlockDiagram:2775 - set Specific Code input for plugin: ADC
2026-05-17 08:55:34,395 [INFO] BlockDiagram:2775 - set Specific Code input for plugin: RCC
2026-05-17 08:55:34,395 [INFO] BlockDiagram:2775 - set Specific Code input for plugin: NVIC
2026-05-17 08:55:34,395 [INFO] BlockDiagram:2775 - set Specific Code input for plugin: USART
2026-05-17 08:55:34,396 [INFO] BlockDiagram:2775 - set Specific Code input for plugin: GPIO
2026-05-17 08:55:34,397 [INFO] CodeGenerator:882 - code generatio: config db path: B:\ST\STM32CubeIDE_1.18.1\STM32CubeIDE\plugins\com.st.stm32cube.common.mx_6.14.1.202504091515\\db\
2026-05-17 08:55:34,475 [INFO] CodeEngine:263 - oldGeneratedFile, B:\stm32\ADC_Temperature_Sencsor\MXTmpFiles\license.tmp_save
2026-05-17 08:55:34,681 [INFO] CodeEngine:287 - Generated code: B:\stm32\ADC_Temperature_Sencsor\MXTmpFiles\license.tmp
2026-05-17 08:55:34,706 [INFO] CodeEngine:263 - oldGeneratedFile, B:\stm32\ADC_Temperature_Sencsor\MXTmpFiles\gpio.tmp_save
2026-05-17 08:55:34,815 [INFO] CodeEngine:287 - Generated code: B:\stm32\ADC_Temperature_Sencsor\MXTmpFiles\gpio.tmp
2026-05-17 08:55:34,903 [INFO] CodeEngine:263 - oldGeneratedFile, B:\stm32\ADC_Temperature_Sencsor\Core\Src\stm32f4xx_it.c_save
2026-05-17 08:55:35,102 [INFO] CodeEngine:287 - Generated code: B:\stm32\ADC_Temperature_Sencsor\Core\Src\stm32f4xx_it.c
2026-05-17 08:55:35,107 [INFO] CodeEngine:263 - oldGeneratedFile, B:\stm32\ADC_Temperature_Sencsor\Core\Inc\stm32f4xx_it.h_save
2026-05-17 08:55:35,161 [INFO] CodeEngine:287 - Generated code: B:\stm32\ADC_Temperature_Sencsor\Core\Inc\stm32f4xx_it.h
2026-05-17 08:55:35,173 [INFO] CodeEngine:263 - oldGeneratedFile, B:\stm32\ADC_Temperature_Sencsor\Core\Src\stm32f4xx_hal_msp.c_save
2026-05-17 08:55:35,264 [INFO] CodeEngine:287 - Generated code: B:\stm32\ADC_Temperature_Sencsor\Core\Src\stm32f4xx_hal_msp.c
2026-05-17 08:55:35,267 [INFO] CodeEngine:263 - oldGeneratedFile, B:\stm32\ADC_Temperature_Sencsor\MXTmpFiles\system.tmp_save
2026-05-17 08:55:35,313 [INFO] CodeEngine:287 - Generated code: B:\stm32\ADC_Temperature_Sencsor\MXTmpFiles\system.tmp
2026-05-17 08:55:35,322 [INFO] CodeEngine:319 - oldGeneratedFile, B:\stm32\ADC_Temperature_Sencsor\Core\Inc\stm32f4xx_hal_conf.h_save
2026-05-17 08:55:35,378 [INFO] CodeEngine:343 - Generated code: B:\stm32\ADC_Temperature_Sencsor\Core\Inc\stm32f4xx_hal_conf.h
2026-05-17 08:55:35,406 [WARN] IPConfigManager:3217 - Warning: the RefConfig PLL2P_FOR_MCO is not available in your config.xml file
2026-05-17 08:55:35,416 [INFO] CodeEngine:263 - oldGeneratedFile, B:\stm32\ADC_Temperature_Sencsor\Core\Inc\main.h_save
2026-05-17 08:55:35,484 [INFO] CodeEngine:287 - Generated code: B:\stm32\ADC_Temperature_Sencsor\Core\Inc\main.h
2026-05-17 08:55:35,489 [INFO] CodeEngine:263 - oldGeneratedFile, B:\stm32\ADC_Temperature_Sencsor\Core\Src\main.c_save
2026-05-17 08:55:35,572 [INFO] CodeEngine:287 - Generated code: B:\stm32\ADC_Temperature_Sencsor\Core\Src\main.c
2026-05-17 08:55:35,886 [INFO] ProjectBuilder:3324 - Time for Copy HAL[1] : 193mS.
2026-05-17 08:55:35,889 [INFO] ProjectBuilder:4912 - Project Generator version: 4.6.0.1-B1
2026-05-17 08:55:35,947 [INFO] ConfigFileManager:1590 - The Die is : DIE421
2026-05-17 08:55:36,606 [INFO] ProjectBuilder:5191 - Time for Generating toolchain IDE Files: 716mS.
2026-05-17 08:55:36,607 [INFO] ProjectBuilder:3181 - Time for Copy CMSIS : 1mS.
2026-05-17 08:55:36,609 [INFO] ProjectBuilder:3181 - Time for Copy CMSIS : 0mS.
2026-05-17 09:20:44,302 [INFO] MainUpdater:2872 - connection check result : 10
2026-05-17 09:20:44,302 [INFO] McuFinderGlobals:76 - Set McuFinderConnectedMode to true
2026-05-17 09:20:44,541 [INFO] ServerAccessManage:473 - Download File mcusAds.json._tmp_
2026-05-17 09:20:44,680 [INFO] LoadUrlFilesThread:156 - End of LoadUrlFiles Thread
2026-05-17 09:20:46,386 [INFO] ServerAccessManage:473 - Download File cube-finder-db.zip
2026-05-17 09:20:48,341 [INFO] FileExtend:242 - Unzip File : cube-finder-db.zip
2026-05-17 09:20:48,342 [INFO] FileExtend:257 - Standard Zip Deflate
2026-05-17 09:20:48,954 [INFO] LoadUrlFilesThread:156 - End of LoadUrlFiles Thread
2026-05-17 09:20:50,203 [INFO] ServerAccessManage:473 - Download File crdb.zip
2026-05-17 09:20:51,611 [INFO] FileExtend:242 - Unzip File : crdb.zip
2026-05-17 09:20:51,612 [INFO] FileExtend:257 - Standard Zip Deflate
2026-05-17 09:20:51,737 [INFO] LoadUrlFilesThread:156 - End of LoadUrlFiles Thread
2026-05-17 09:20:52,868 [INFO] ServerAccessManage:473 - Download File tutoVideoDB.zip
2026-05-17 09:20:52,893 [INFO] FileExtend:242 - Unzip File : tutoVideoDB.zip
2026-05-17 09:20:52,893 [INFO] FileExtend:257 - Standard Zip Deflate
2026-05-17 09:20:53,012 [INFO] LoadUrlFilesThread:156 - End of LoadUrlFiles Thread
2026-05-17 09:20:53,012 [WARN] DbFile:41 - Overriding database path with different value: C:\Users\moonc\.stmcufinder\plugins\mcufinder/ => C:\Users\moonc\.stmcufinder\plugins\mcufinder
2026-05-17 09:20:53,853 [ERROR] ServerAccessManage:1089 - Problem, file not found on Server
2026-05-17 09:20:53,853 [ERROR] ServerAccessManage:651 - Problem, file not found on Server : api_config.json.
2026-05-17 09:20:55,164 [INFO] LoadUrlFilesThread:156 - End of LoadUrlFiles Thread
2026-05-17 09:20:56,238 [INFO] DbMcusAds:53 - JSON generation date=Mon Apr 27 17:14:29 KST 2026 (1777277669683)
2026-05-17 09:20:56,242 [INFO] ApiDb:448 - Save user favorites file C:\Users\moonc/.stm32cubeide/favorites.mcus.txt: 0 item(s)
2026-05-17 09:20:56,243 [INFO] ApiDb:452 - User favorites MCUs=[]
2026-05-17 09:20:56,244 [INFO] ApiDb:581 - Connected to CubeFinder SQLite database (C:\Users\moonc\.stmcufinder\plugins\mcufinder\mcu\cube-finder-db.db)
2026-05-17 09:20:56,317 [INFO] ApiDb:668 - CubeFinder database Data Model version=2.1
2026-05-17 09:20:56,317 [INFO] ApiDb:669 - CubeFinder database Configuration version=3.0.42
2026-05-17 09:20:56,317 [INFO] ApiDb:670 - CubeFinder database generation date=2026-05-06 (1778060171)
2026-05-17 09:20:56,317 [INFO] ApiDb:671 - CubeFinder database FW Pack versions=[FP-ATR-ASTRA1_V2.0.0, FP-SNS-FLIGHT1_V5.1.0, FP-SNS-MOTENV1_V5.1.0, FP-SNS-MOTENVWB1_V1.5.0, FP-SNS-SMARTAG2_V1.2.0, FP-SNS-STBOX1_V2.1.0, STM32Cube_FW_C0_V1.4.0, STM32Cube_FW_F4_V1.28.3, STM32Cube_FW_F7_V1.17.4, STM32Cube_FW_G0_V1.6.3, STM32Cube_FW_G4_V1.6.2, STM32Cube_FW_H5_V1.6.0, STM32Cube_FW_H7RS_V1.3.0, STM32Cube_FW_H7_V1.13.0, STM32Cube_FW_L0_V1.12.2, STM32Cube_FW_L4_V1.18.2, STM32Cube_FW_L5_V1.6.0, STM32Cube_FW_N6_V1.3.0, STM32Cube_FW_U0_V1.3.0, STM32Cube_FW_U3_V1.3.0, STM32Cube_FW_U5_V1.8.0, STM32Cube_FW_WB0_V1.4.0, STM32Cube_FW_WBA_V1.9.0, STM32Cube_FW_WB_V1.24.0, STM32Cube_FW_WL3_V1.4.0, STM32Cube_FW_WL_V1.5.0, X-CUBE-ALGOBUILD_V1.4.0, X-CUBE-ALS_V1.0.2, X-CUBE-AZRTOS-F4_V1.1.0, X-CUBE-AZRTOS-F7_V1.1.0, X-CUBE-AZRTOS-G0_V1.1.0, X-CUBE-AZRTOS-G4_V2.0.0, X-CUBE-AZRTOS-H7RS_V1.1.0, X-CUBE-AZRTOS-H7_V3.5.0, X-CUBE-AZRTOS-L4_V2.0.0, X-CUBE-AZRTOS-L5_V2.0.0, X-CUBE-AZRTOS-WB_V2.0.0, X-CUBE-AZRTOS-WL_V2.0.0, X-CUBE-BLE1_V7.1.0, X-CUBE-BLE2_V3.3.0, X-CUBE-BLEMGR_V4.1.0, X-CUBE-EEPRMA1_V5.2.0, X-CUBE-FREERTOS_V1.5.0, X-CUBE-GNSS1_V6.0.0, X-CUBE-MEMS1_V12.0.0, X-CUBE-NFC4_V3.0.0, X-CUBE-NFC7_V2.0.0, X-CUBE-SFXS2LP1_V4.0.0, X-CUBE-ST67W61_V1.2.0, X-CUBE-SUBG2_V5.0.0, X-CUBE-TOF1_V3.4.3]
2026-05-17 09:20:58,033 [INFO] ApiDb:240 - Found 895 in-development CPN: [B-G473E-ZEST1S, B-WB1M-WPAN1, B-WBA5M-WPAN, B-WL5M-SUBG1, NUCLEO-C031C6, NUCLEO-C051C8, NUCLEO-C071RB, NUCLEO-C092RC, NUCLEO-H503RB, NUCLEO-H533RE, NUCLEO-H563ZI, NUCLEO-H7S3L8, NUCLEO-N657X0-Q, NUCLEO-U031R8, NUCLEO-U083RC, NUCLEO-U385RG-Q, NUCLEO-U545RE-Q, NUCLEO-U5A5ZJ-Q, NUCLEO-WB05KZ, NUCLEO-WB07CC, NUCLEO-WB09KE, NUCLEO-WBA52CG, NUCLEO-WBA55CG, NUCLEO-WBA65RI, NUCLEO-WL33CC1, NUCLEO-WL33CC2, STEVAL-PROTEUS1, STEVAL-SMARTAG2, STEVAL-STWINBX1, STM320518-EVAL, STM32C0116-DK, STM32C011D6Y3TR, STM32C011D6Y6TR, STM32C011F4P3, STM32C011F4P6, STM32C011F4U3, STM32C011F4U6TR, STM32C011F6P3, STM32C011F6P6, STM32C011F6U3, STM32C011F6U6TR, STM32C011J4M3, STM32C011J4M6, STM32C011J6M3, STM32C011J6M6, STM32C0316-DK, STM32C031C4T3, STM32C031C4T6, STM32C031C4U3, STM32C031C4U6, STM32C031C6T3, STM32C031C6T6, STM32C031C6U3, STM32C031C6U6, STM32C031F4P3, STM32C031F4P6, STM32C031F6P3, STM32C031F6P6, STM32C031G4U3, STM32C031G4U6, STM32C031G6U3, STM32C031G6U6, STM32C031K4T3, STM32C031K4T6, STM32C031K4U3, STM32C031K4U6, STM32C031K6T3, STM32C031K6T6, STM32C031K6U3, STM32C031K6U6, STM32C051C6T6, STM32C051C6U6, STM32C051C8T6, STM32C051C8U6, STM32C051D8Y6TR, STM32C051F6P6, STM32C051F8P6, STM32C051G6U6, STM32C051G8U6, STM32C051K6T6, STM32C051K6U6, STM32C051K8T6, STM32C071C8T6, STM32C071C8T6N, STM32C071C8U6, STM32C071C8U6N, STM32C071CBT6, STM32C071CBT6N, STM32C071CBU6, STM32C071CBU6N, STM32C071F8P6, STM32C071F8P6N, STM32C071FBP6, STM32C071FBP6N, STM32C071FBY6TR, STM32C071G8U6, STM32C071G8U6N, STM32C071GBU6, STM32C071GBU6N, STM32C071K8T6, STM32C071K8T6N, STM32C071K8U6, STM32C071K8U6N, STM32C071KBT6, STM32C071KBT6N, STM32C071KBU6, STM32C071KBU6N, STM32C071R8T6, STM32C071R8T6N, STM32C071RBI6N, STM32C071RBT6, STM32C071RBT6N, STM32C091CBT6, STM32C091CBU6, STM32C091CCT6, STM32C091CCU6, STM32C091ECY6TR, STM32C091FBP6, STM32C091FCP6, STM32C091GBU6, STM32C091GCU6, STM32C091KBT6, STM32C091KBU6, STM32C091KCT6, STM32C091KCU6, STM32C091RBT6, STM32C091RCI6, STM32C091RCT6, STM32C092CBT6, STM32C092CBU6, STM32C092CCT6, STM32C092CCU6, STM32C092ECY6TR, STM32C092FBP6, STM32C092FCP6, STM32C092GBU6, STM32C092GCU6, STM32C092KBT6, STM32C092KBU6, STM32C092KCT6, STM32C092KCU6, STM32C092RBT6, STM32C092RCI6, STM32C092RCT6, STM32G071K8TXN, STM32G071K8UXN, STM32G081GBU6N, STM32G081KBT6N, STM32G081KBUXN, STM32G0B1CCT6N, STM32G0B1KCT6, STM32G0B1NEY6TR, STM32G0B1RCT6N, STM32G0C1CCT6, STM32G0C1CCT6N, STM32G0C1CCU6N, STM32G0C1CET6N, STM32G0C1CEU6N, STM32G0C1KCT6, STM32G0C1NEY6TR, STM32G0C1RCI6N, STM32G0C1RCT6N, STM32G0C1REI6N, STM32G0C1RET6N, STM32G0C1VCI6, STM32G0C1VEI6, STM32G411C6T3, STM32G411C6T6, STM32G411C6U3, STM32G411C6U6, STM32G411C8T3, STM32G411C8T6, STM32G411C8U3, STM32G411C8U6, STM32G411CBT3, STM32G411CBT6, STM32G411CBU3, STM32G411CBU6, STM32G411CCT3, STM32G411CCT6, STM32G411CCU3, STM32G411CCU6, STM32G411K6T3, STM32G411K6T6, STM32G411K6U3, STM32G411K6U6, STM32G411K8T3, STM32G411K8T6, STM32G411K8U3, STM32G411K8U6, STM32G411KBT3, STM32G411KBT6, STM32G411KBU3, STM32G411KBU6, STM32G411M6T3, STM32G411M6T6, STM32G411M8T3, STM32G411M8T6, STM32G411MBT3, STM32G411MBT6, STM32G411MCT3, STM32G411MCT6, STM32G411R6T3, STM32G411R6T6, STM32G411R8T3, STM32G411R8T6, STM32G411RBT3, STM32G411RBT6, STM32G411RCT3, STM32G411RCT6, STM32G414CBT3, STM32G414CBT6, STM32G414CBU3, STM32G414CBU6, STM32G414CCT3, STM32G414CCT6, STM32G414CCU3, STM32G414CCU6, STM32G414MBT3, STM32G414MBT6, STM32G414MCT3, STM32G414MCT6, STM32G414RBT3, STM32G414RBT6, STM32G414RCT3, STM32G414RCT6, STM32G414VBT3, STM32G414VBT6, STM32G414VCT3, STM32G414VCT6, STM32G431CBT3Z, STM32G431RBT3Z, STM32G471CCT6, STM32G471CCU6, STM32G471CET3, STM32G471CET6, STM32G471CEU3, STM32G471CEU6, STM32G471MCT6, STM32G471MET3, STM32G471MET6, STM32G471MEY6TR, STM32G471QCT6, STM32G471QET3, STM32G471RCT6, STM32G471RET3, STM32G471RET6, STM32G471VCH6, STM32G471VCI6, STM32G471VCT6, STM32G471VEH3, STM32G471VEH6, STM32G471VEI3, STM32G471VEI6, STM32G471VET3, STM32G471VET6, STM32G473QET3Z, STM32G473RET3Z, STM32G474CCT6, STM32G491RET3Z, STM32H503CBT6, STM32H503CBU6, STM32H503EBY6TR, STM32H503KBU6, STM32H503RBT6, STM32H523CCT6, STM32H523CCU6, STM32H523CET6, STM32H523CEU6, STM32H523HEY6TR, STM32H523RCT6, STM32H523RET6, STM32H523VCI6, STM32H523VCT6, STM32H523VEI6, STM32H523VET6, STM32H523ZCJ6, STM32H523ZCT6, STM32H523ZEJ6, STM32H523ZET6, STM32H533CET6, STM32H533CEU6, STM32H533HEY6TR, STM32H533RET6, STM32H533VEI6, STM32H533VET6, STM32H533ZEJ6, STM32H533ZET6, STM32H562AGI6, STM32H562AII6, STM32H562IGK6, STM32H562IGT6, STM32H562IIK6, STM32H562IIT6, STM32H562RGT6, STM32H562RGV6, STM32H562RIT6, STM32H562RIV6, STM32H562VGT6, STM32H562VIT6, STM32H562ZGT6, STM32H562ZIT6, STM32H563AGI6, STM32H563AII3Q, STM32H563AII6, STM32H563IGK6, STM32H563IGT6, STM32H563IIK3Q, STM32H563IIK6, STM32H563IIT3Q, STM32H563IIT6, STM32H563MIY3QTR, STM32H563RGT6, STM32H563RGV6, STM32H563RIT6, STM32H563RIV6, STM32H563VGT6, STM32H563VIT3Q, STM32H563VIT6, STM32H563ZGT6, STM32H563ZIT3Q, STM32H563ZIT6, STM32H573AII3Q, STM32H573AII6, STM32H573I-DK, STM32H573IIK3Q, STM32H573IIK6, STM32H573IIT3Q, STM32H573IIT6, STM32H573MIY3QTR, STM32H573RIT6, STM32H573RIV6, STM32H573VIT3Q, STM32H573VIT6, STM32H573ZIT3Q, STM32H573ZIT6, STM32H7R3A8I6, STM32H7R3I8K6, STM32H7R3I8T6, STM32H7R3L8H6, STM32H7R3L8H6H, STM32H7R3R8V6, STM32H7R3V8H6, STM32H7R3V8T6, STM32H7R3V8Y6TR, STM32H7R3Z8J6, STM32H7R3Z8T6, STM32H7R7A8I6, STM32H7R7I8K6, STM32H7R7I8T6, STM32H7R7L8H6, STM32H7R7L8H6H, STM32H7R7Z8J6, STM32H7S3A8I6, STM32H7S3I8K6, STM32H7S3I8T6, STM32H7S3L8H6, STM32H7S3L8H6H, STM32H7S3R8V6, STM32H7S3V8H6, STM32H7S3V8T6, STM32H7S3V8Y6TR, STM32H7S3Z8J6, STM32H7S3Z8T6, STM32H7S78-DK, STM32H7S7A8I6, STM32H7S7I8K6, STM32H7S7I8T6, STM32H7S7L8H6, STM32H7S7L8H6H, STM32H7S7Z8J6, STM32L4R5QGI6STR, STM32MP131AAE3, STM32MP131AAF3, STM32MP131AAG3, STM32MP131CAE3, STM32MP131CAF3, STM32MP131CAG3, STM32MP131DAE7, STM32MP131DAF7, STM32MP131DAG7, STM32MP131FAE7, STM32MP131FAF7, STM32MP131FAG7, STM32MP133AAE3, STM32MP133AAF3, STM32MP133AAG3, STM32MP133CAE3, STM32MP133CAF3, STM32MP133CAG3, STM32MP133DAE7, STM32MP133DAF7, STM32MP133DAG7, STM32MP133FAE7, STM32MP133FAF7, STM32MP133FAG7, STM32MP135AAE3, STM32MP135AAF3, STM32MP135AAG3, STM32MP135CAE3, STM32MP135CAF3, STM32MP135CAG3, STM32MP135DAE7, STM32MP135DAF7, STM32MP135DAG7, STM32MP135F-DK, STM32MP135FAE7, STM32MP135FAF7, STM32MP135FAF7T, STM32MP135FAF7U, STM32MP135FAG7, STM32MP231AAJ3, STM32MP231AAK3, STM32MP231AAL3, STM32MP231CAJ3, STM32MP231CAK3, STM32MP231CAL3, STM32MP231DAJ3, STM32MP231DAK3, STM32MP231DAL3, STM32MP231FAJ3, STM32MP231FAK3, STM32MP231FAL3, STM32MP233AAJ3, STM32MP233AAK3, STM32MP233AAL3, STM32MP233CAJ3, STM32MP233CAK3, STM32MP233CAL3, STM32MP233DAJ3, STM32MP233DAK3, STM32MP233DAL3, STM32MP233FAJ3, STM32MP233FAK3, STM32MP233FAL3, STM32MP235AAJ3, STM32MP235AAK3, STM32MP235AAL3, STM32MP235CAJ3, STM32MP235CAK3, STM32MP235CAL3, STM32MP235DAJ3, STM32MP235DAK3, STM32MP235DAL3, STM32MP235FAJ3, STM32MP235FAK3, STM32MP235FAL3, STM32MP251AAI3, STM32MP251AAJ3, STM32MP251AAK3, STM32MP251AAL3, STM32MP251CAI3, STM32MP251CAJ3, STM32MP251CAK3, STM32MP251CAL3, STM32MP251DAI3, STM32MP251DAJ3, STM32MP251DAK3, STM32MP251DAL3, STM32MP251FAI3, STM32MP251FAJ3, STM32MP251FAK3, STM32MP251FAL3, STM32MP253AAI3, STM32MP253AAJ3, STM32MP253AAK3, STM32MP253AAL3, STM32MP253CAI3, STM32MP253CAJ3, STM32MP253CAK3, STM32MP253CAL3, STM32MP253DAI3, STM32MP253DAJ3, STM32MP253DAK3, STM32MP253DAL3, STM32MP253FAI3, STM32MP253FAJ3, STM32MP253FAK3, STM32MP253FAL3, STM32MP255AAI3, STM32MP255AAJ3, STM32MP255AAK3, STM32MP255AAL3, STM32MP255CAI3, STM32MP255CAJ3, STM32MP255CAK3, STM32MP255CAL3, STM32MP255DAI3, STM32MP255DAJ3, STM32MP255DAK3, STM32MP255DAL3, STM32MP255FAI3, STM32MP255FAJ3, STM32MP255FAK3, STM32MP255FAL3, STM32MP257AAI3, STM32MP257AAJ3, STM32MP257AAK3, STM32MP257AAL3, STM32MP257CAI3, STM32MP257CAJ3, STM32MP257CAK3, STM32MP257CAL3, STM32MP257DAI3, STM32MP257DAJ3, STM32MP257DAK3, STM32MP257DAL3, STM32MP257F-DK, STM32MP257F-EV1, STM32MP257FAI3, STM32MP257FAJ3, STM32MP257FAK3, STM32MP257FAL3, STM32N645A0H3Q, STM32N645B0H3Q, STM32N645I0H3Q, STM32N645L0H3Q, STM32N645X0H3Q, STM32N645Z0H3Q, STM32N647A0H3Q, STM32N647B0H3Q, STM32N647I0H3Q, STM32N647L0H3Q, STM32N647X0H3Q, STM32N647Z0H3Q, STM32N655A0H3Q, STM32N655B0H3Q, STM32N655I0H3Q, STM32N655L0H3Q, STM32N655X0H3Q, STM32N655Z0H3Q, STM32N6570-DK, STM32N657A0H3Q, STM32N657B0H3Q, STM32N657I0H3Q, STM32N657L0H3Q, STM32N657X0H3Q, STM32N657Z0H3Q, STM32U031C6T6, STM32U031C6U6, STM32U031C8T6, STM32U031C8U6, STM32U031F4P6, STM32U031F6P6, STM32U031F8P6, STM32U031G6Y6TR, STM32U031G8Y6TR, STM32U031K4U6, STM32U031K6U6, STM32U031K8U6, STM32U031R6I6, STM32U031R6T6, STM32U031R8I6, STM32U031R8T6, STM32U073C8T6, STM32U073C8U6, STM32U073CBT6, STM32U073CBU6, STM32U073CCT6, STM32U073CCU6, STM32U073H8Y6TR, STM32U073HBY6TR, STM32U073HCY6TR, STM32U073K8U6, STM32U073KBU6, STM32U073KCU6, STM32U073M8I6, STM32U073M8T6, STM32U073MBI6, STM32U073MBT6, STM32U073MCI6, STM32U073MCT6, STM32U073R8I6, STM32U073R8T6, STM32U073RBI6, STM32U073RBT6, STM32U073RCI6, STM32U073RCT6, STM32U083C-DK, STM32U083CCT6, STM32U083CCU6, STM32U083HCY6TR, STM32U083KCU6, STM32U083MCI6, STM32U083MCT6, STM32U083RCI6, STM32U083RCT6, STM32U375CET6, STM32U375CET6Q, STM32U375CEU6, STM32U375CEU6Q, STM32U375CEY6QTR, STM32U375CGT6, STM32U375CGT6Q, STM32U375CGU6, STM32U375CGU6Q, STM32U375CGY6QTR, STM32U375KEU6, STM32U375KGU6, STM32U375REI6, STM32U375REI6Q, STM32U375RET6, STM32U375RET6Q, STM32U375REY6GTR, STM32U375REY6QTR, STM32U375RGI6, STM32U375RGI6Q, STM32U375RGT6, STM32U375RGT6Q, STM32U375RGY6GTR, STM32U375RGY6QTR, STM32U375VEI6, STM32U375VEI6Q, STM32U375VET6, STM32U375VET6Q, STM32U375VGI6, STM32U375VGI6Q, STM32U375VGT6, STM32U375VGT6Q, STM32U385CGT6, STM32U385CGT6Q, STM32U385CGU6, STM32U385CGU6Q, STM32U385CGY6QTR, STM32U385KGU6, STM32U385RGI6, STM32U385RGI6Q, STM32U385RGT6, STM32U385RGT6Q, STM32U385RGY6GTR, STM32U385RGY6QTR, STM32U385VGI6, STM32U385VGI6Q, STM32U385VGT6, STM32U385VGT6Q, STM32U535CBT6, STM32U535CBT6Q, STM32U535CBU6, STM32U535CBU6Q, STM32U535CCT6, STM32U535CCT6Q, STM32U535CCU6, STM32U535CCU6Q, STM32U535CET6, STM32U535CET6Q, STM32U535CEU6, STM32U535CEU6Q, STM32U535JEY6QTR, STM32U535NCY6QTR, STM32U535NEY6QTR, STM32U535RBI6, STM32U535RBI6Q, STM32U535RBT6, STM32U535RBT6Q, STM32U535RCI6, STM32U535RCI6Q, STM32U535RCT6, STM32U535RCT6Q, STM32U535REI6, STM32U535REI6Q, STM32U535RET6, STM32U535RET6Q, STM32U535VCI6, STM32U535VCI6Q, STM32U535VCT6, STM32U535VCT6Q, STM32U535VEI6, STM32U535VEI6Q, STM32U535VET6, STM32U535VET6Q, STM32U545CET6, STM32U545CET6Q, STM32U545CEU6, STM32U545CEU6Q, STM32U545JEY6QTR, STM32U545NEY6QTR, STM32U545REI6, STM32U545REI6Q, STM32U545RET6, STM32U545RET6Q, STM32U545VEI6, STM32U545VEI6Q, STM32U545VET6, STM32U545VET6Q, STM32U595AIH6, STM32U595AIH6Q, STM32U595AJH6, STM32U595AJH6Q, STM32U595QII6, STM32U595QII6Q, STM32U595QJI6, STM32U595QJI6Q, STM32U595RIT6, STM32U595RIT6Q, STM32U595RJT6, STM32U595RJT6Q, STM32U595VIT6, STM32U595VIT6Q, STM32U595VJT6, STM32U595VJT6Q, STM32U595ZIT6, STM32U595ZIT6Q, STM32U595ZIY6QTR, STM32U595ZJT6, STM32U595ZJT6Q, STM32U595ZJY6QTR, STM32U599BJY6QTR, STM32U599NIH6Q, STM32U599NJH6Q, STM32U599VIT6Q, STM32U599VJT6, STM32U599VJT6Q, STM32U599ZIT6Q, STM32U599ZIY6QTR, STM32U599ZJT6Q, STM32U599ZJY6QTR, STM32U5A5AJH6, STM32U5A5AJH6Q, STM32U5A5QII3Q , STM32U5A5QJI6, STM32U5A5QJI6Q, STM32U5A5RJT6, STM32U5A5RJT6Q, STM32U5A5VJT6, STM32U5A5VJT6Q, STM32U5A5ZJT6, STM32U5A5ZJT6Q, STM32U5A5ZJY6QTR, STM32U5A9BJY6QTR, STM32U5A9J-DK, STM32U5A9NJH6Q, STM32U5A9VJT6Q, STM32U5A9ZJT6Q, STM32U5A9ZJY6QTR, STM32U5F7VIT6, STM32U5F7VIT6Q, STM32U5F7VJT6, STM32U5F7VJT6Q, STM32U5F9BJY6QTR, STM32U5F9NJH6Q, STM32U5F9VIT6Q, STM32U5F9VJT6Q, STM32U5F9ZIJ6QTR, STM32U5F9ZIT6Q, STM32U5F9ZJJ6QTR, STM32U5F9ZJT6Q, STM32U5G7VJT6, STM32U5G7VJT6Q, STM32U5G9BJY6QTR, STM32U5G9J-DK1, STM32U5G9J-DK2, STM32U5G9NJH6Q, STM32U5G9VJT6Q, STM32U5G9ZJJ6QTR, STM32U5G9ZJT6Q, STM32WB05KZV6TR, STM32WB05KZV7TR, STM32WB05TZF6TR, STM32WB05TZF7TR, STM32WB06CCF6TR, STM32WB06CCF7TR, STM32WB06CCV6TR, STM32WB06CCV7TR, STM32WB06KCV6TR, STM32WB06KCV7TR, STM32WB07CCF6TR, STM32WB07CCF7TR, STM32WB07CCV6TR, STM32WB07CCV7TR, STM32WB07KCV6TR, STM32WB07KCV7TR, STM32WB09KEV6TR, STM32WB09KEV7TR, STM32WB09TEF6TR, STM32WB09TEF7TR, STM32WB1MMCH6, STM32WBA50KGU6, STM32WBA50KGU6TR, STM32WBA52CEU6, STM32WBA52CEU6TR, STM32WBA52CEU7, STM32WBA52CEU7TR, STM32WBA52CGU6, STM32WBA52CGU6TR, STM32WBA52CGU6U, STM32WBA52CGU7, STM32WBA52CGU7TR, STM32WBA52KEU6, STM32WBA52KEU6TR, STM32WBA52KGU6, STM32WBA52KGU6TR, STM32WBA54CEU6, STM32WBA54CEU6TR, STM32WBA54CEU7, STM32WBA54CEU7TR, STM32WBA54CGU6, STM32WBA54CGU6TR, STM32WBA54CGU7, STM32WBA54CGU7TR, STM32WBA54KEU6, STM32WBA54KEU6TR, STM32WBA54KEU7, STM32WBA54KEU7TR, STM32WBA54KGU6, STM32WBA54KGU6TR, STM32WBA54KGU7, STM32WBA54KGU7TR, STM32WBA55CEU6, STM32WBA55CEU6TR, STM32WBA55CEU7, STM32WBA55CEU7TR, STM32WBA55CGU6, STM32WBA55CGU6TR, STM32WBA55CGU6U, STM32WBA55CGU7, STM32WBA55CGU7TR, STM32WBA55G-DK1, STM32WBA55HEF6, STM32WBA55HEF7, STM32WBA55HGF6, STM32WBA55HGF7, STM32WBA55UEI6, STM32WBA55UEI6TR, STM32WBA55UEI7, STM32WBA55UEI7TR, STM32WBA55UGI6, STM32WBA55UGI6TR, STM32WBA55UGI7, STM32WBA55UGI7TR, STM32WBA5MJGH6TR, STM32WBA62CGU6, STM32WBA62CIU6, STM32WBA62MGF6, STM32WBA62MIF6, STM32WBA62PGI6, STM32WBA62PII6, STM32WBA63CGU6, STM32WBA63CGU7, STM32WBA63CIU6, STM32WBA63CIU7, STM32WBA64CGU6, STM32WBA64CGU7, STM32WBA64CIU6, STM32WBA64CIU7, STM32WBA65CGU6, STM32WBA65CGU7, STM32WBA65CIU6, STM32WBA65CIU7, STM32WBA65I-DK1, STM32WBA65MGF6, STM32WBA65MGF7, STM32WBA65MIF6, STM32WBA65MIF7, STM32WBA65PGI6, STM32WBA65PGI7, STM32WBA65PII6, STM32WBA65PII7, STM32WBA65RGV6, STM32WBA65RGV7, STM32WBA65RIV6, STM32WBA65RIV7, STM32WL30K8V6, STM32WL30KBV6, STM32WL31C8V6, STM32WL31CBV6, STM32WL31K8V6, STM32WL31KBV6, STM32WL33C8V6, STM32WL33C8V6TR, STM32WL33C8V7, STM32WL33C8V7TR, STM32WL33CBV6, STM32WL33CBV6TR, STM32WL33CBV7, STM32WL33CBV7TR, STM32WL33CCV6, STM32WL33CCV6TR, STM32WL33CCV7, STM32WL33CCV7A, STM32WL33CCV7ATR, STM32WL33CCV7TR, STM32WL33K8V6, STM32WL33K8V6TR, STM32WL33K8V7, STM32WL33K8V7TR, STM32WL33KBV6, STM32WL33KBV6TR, STM32WL33KBV7, STM32WL33KBV7TR, STM32WL33KCV6, STM32WL33KCV6TR, STM32WL33KCV7, STM32WL33KCV7TR, STM32WL5MOCH6, STM32WL5MOCH6TR]
2026-05-17 09:20:58,036 [INFO] DbMcus:218 - Found 5082 MCUs, 4964 are supported
2026-05-17 09:20:58,037 [INFO] ApiDb:423 - Load user favorites file C:\Users\moonc/.stm32cubeide/favorites.mcus.txt: 0 item(s)
2026-05-17 09:20:58,037 [INFO] ApiDb:427 - User favorites MCUs=[]
2026-05-17 09:20:58,037 [INFO] DbMcus:224 - Set 0 / 0 favorites MCUs
2026-05-17 09:20:58,442 [INFO] ApiDb:448 - Save user favorites file C:\Users\moonc/.stm32cubeide/favorites.boards.txt: 1 item(s)
2026-05-17 09:20:58,442 [INFO] ApiDb:452 - User favorites Boards=[NUCLEO-F446RE]
2026-05-17 09:20:58,444 [INFO] ApiDb:581 - Connected to CubeFinder SQLite database (C:\Users\moonc\.stmcufinder\plugins\mcufinder\mcu\cube-finder-db.db)
2026-05-17 09:20:58,515 [INFO] ApiDb:668 - CubeFinder database Data Model version=2.1
2026-05-17 09:20:58,515 [INFO] ApiDb:669 - CubeFinder database Configuration version=3.0.42
2026-05-17 09:20:58,515 [INFO] ApiDb:670 - CubeFinder database generation date=2026-05-06 (1778060171)
2026-05-17 09:20:58,516 [INFO] ApiDb:671 - CubeFinder database FW Pack versions=[FP-ATR-ASTRA1_V2.0.0, FP-SNS-FLIGHT1_V5.1.0, FP-SNS-MOTENV1_V5.1.0, FP-SNS-MOTENVWB1_V1.5.0, FP-SNS-SMARTAG2_V1.2.0, FP-SNS-STBOX1_V2.1.0, STM32Cube_FW_C0_V1.4.0, STM32Cube_FW_F4_V1.28.3, STM32Cube_FW_F7_V1.17.4, STM32Cube_FW_G0_V1.6.3, STM32Cube_FW_G4_V1.6.2, STM32Cube_FW_H5_V1.6.0, STM32Cube_FW_H7RS_V1.3.0, STM32Cube_FW_H7_V1.13.0, STM32Cube_FW_L0_V1.12.2, STM32Cube_FW_L4_V1.18.2, STM32Cube_FW_L5_V1.6.0, STM32Cube_FW_N6_V1.3.0, STM32Cube_FW_U0_V1.3.0, STM32Cube_FW_U3_V1.3.0, STM32Cube_FW_U5_V1.8.0, STM32Cube_FW_WB0_V1.4.0, STM32Cube_FW_WBA_V1.9.0, STM32Cube_FW_WB_V1.24.0, STM32Cube_FW_WL3_V1.4.0, STM32Cube_FW_WL_V1.5.0, X-CUBE-ALGOBUILD_V1.4.0, X-CUBE-ALS_V1.0.2, X-CUBE-AZRTOS-F4_V1.1.0, X-CUBE-AZRTOS-F7_V1.1.0, X-CUBE-AZRTOS-G0_V1.1.0, X-CUBE-AZRTOS-G4_V2.0.0, X-CUBE-AZRTOS-H7RS_V1.1.0, X-CUBE-AZRTOS-H7_V3.5.0, X-CUBE-AZRTOS-L4_V2.0.0, X-CUBE-AZRTOS-L5_V2.0.0, X-CUBE-AZRTOS-WB_V2.0.0, X-CUBE-AZRTOS-WL_V2.0.0, X-CUBE-BLE1_V7.1.0, X-CUBE-BLE2_V3.3.0, X-CUBE-BLEMGR_V4.1.0, X-CUBE-EEPRMA1_V5.2.0, X-CUBE-FREERTOS_V1.5.0, X-CUBE-GNSS1_V6.0.0, X-CUBE-MEMS1_V12.0.0, X-CUBE-NFC4_V3.0.0, X-CUBE-NFC7_V2.0.0, X-CUBE-SFXS2LP1_V4.0.0, X-CUBE-ST67W61_V1.2.0, X-CUBE-SUBG2_V5.0.0, X-CUBE-TOF1_V3.4.3]
2026-05-17 09:20:58,554 [INFO] DbBoardsSqlite:226 - include board P-NUCLEO-WB55-NUCLEO as a kit item of type 'Nucleo-64'
2026-05-17 09:20:58,554 [INFO] DbBoardsSqlite:226 - include board P-NUCLEO-WB55-USBDONGLE as a kit item of type 'Nucleo USB Dongle'
2026-05-17 09:20:58,555 [INFO] DbBoardsSqlite:226 - include board STEVAL-IDP005V1 as a kit item of type 'Evaluation Board'
2026-05-17 09:20:58,555 [INFO] DbBoardsSqlite:226 - include board STEVAL-IDP005V2 as a kit item of type 'Evaluation Board'
2026-05-17 09:20:58,617 [INFO] ApiDb:240 - Found 895 in-development CPN: [B-G473E-ZEST1S, B-WB1M-WPAN1, B-WBA5M-WPAN, B-WL5M-SUBG1, NUCLEO-C031C6, NUCLEO-C051C8, NUCLEO-C071RB, NUCLEO-C092RC, NUCLEO-H503RB, NUCLEO-H533RE, NUCLEO-H563ZI, NUCLEO-H7S3L8, NUCLEO-N657X0-Q, NUCLEO-U031R8, NUCLEO-U083RC, NUCLEO-U385RG-Q, NUCLEO-U545RE-Q, NUCLEO-U5A5ZJ-Q, NUCLEO-WB05KZ, NUCLEO-WB07CC, NUCLEO-WB09KE, NUCLEO-WBA52CG, NUCLEO-WBA55CG, NUCLEO-WBA65RI, NUCLEO-WL33CC1, NUCLEO-WL33CC2, STEVAL-PROTEUS1, STEVAL-SMARTAG2, STEVAL-STWINBX1, STM320518-EVAL, STM32C0116-DK, STM32C011D6Y3TR, STM32C011D6Y6TR, STM32C011F4P3, STM32C011F4P6, STM32C011F4U3, STM32C011F4U6TR, STM32C011F6P3, STM32C011F6P6, STM32C011F6U3, STM32C011F6U6TR, STM32C011J4M3, STM32C011J4M6, STM32C011J6M3, STM32C011J6M6, STM32C0316-DK, STM32C031C4T3, STM32C031C4T6, STM32C031C4U3, STM32C031C4U6, STM32C031C6T3, STM32C031C6T6, STM32C031C6U3, STM32C031C6U6, STM32C031F4P3, STM32C031F4P6, STM32C031F6P3, STM32C031F6P6, STM32C031G4U3, STM32C031G4U6, STM32C031G6U3, STM32C031G6U6, STM32C031K4T3, STM32C031K4T6, STM32C031K4U3, STM32C031K4U6, STM32C031K6T3, STM32C031K6T6, STM32C031K6U3, STM32C031K6U6, STM32C051C6T6, STM32C051C6U6, STM32C051C8T6, STM32C051C8U6, STM32C051D8Y6TR, STM32C051F6P6, STM32C051F8P6, STM32C051G6U6, STM32C051G8U6, STM32C051K6T6, STM32C051K6U6, STM32C051K8T6, STM32C071C8T6, STM32C071C8T6N, STM32C071C8U6, STM32C071C8U6N, STM32C071CBT6, STM32C071CBT6N, STM32C071CBU6, STM32C071CBU6N, STM32C071F8P6, STM32C071F8P6N, STM32C071FBP6, STM32C071FBP6N, STM32C071FBY6TR, STM32C071G8U6, STM32C071G8U6N, STM32C071GBU6, STM32C071GBU6N, STM32C071K8T6, STM32C071K8T6N, STM32C071K8U6, STM32C071K8U6N, STM32C071KBT6, STM32C071KBT6N, STM32C071KBU6, STM32C071KBU6N, STM32C071R8T6, STM32C071R8T6N, STM32C071RBI6N, STM32C071RBT6, STM32C071RBT6N, STM32C091CBT6, STM32C091CBU6, STM32C091CCT6, STM32C091CCU6, STM32C091ECY6TR, STM32C091FBP6, STM32C091FCP6, STM32C091GBU6, STM32C091GCU6, STM32C091KBT6, STM32C091KBU6, STM32C091KCT6, STM32C091KCU6, STM32C091RBT6, STM32C091RCI6, STM32C091RCT6, STM32C092CBT6, STM32C092CBU6, STM32C092CCT6, STM32C092CCU6, STM32C092ECY6TR, STM32C092FBP6, STM32C092FCP6, STM32C092GBU6, STM32C092GCU6, STM32C092KBT6, STM32C092KBU6, STM32C092KCT6, STM32C092KCU6, STM32C092RBT6, STM32C092RCI6, STM32C092RCT6, STM32G071K8TXN, STM32G071K8UXN, STM32G081GBU6N, STM32G081KBT6N, STM32G081KBUXN, STM32G0B1CCT6N, STM32G0B1KCT6, STM32G0B1NEY6TR, STM32G0B1RCT6N, STM32G0C1CCT6, STM32G0C1CCT6N, STM32G0C1CCU6N, STM32G0C1CET6N, STM32G0C1CEU6N, STM32G0C1KCT6, STM32G0C1NEY6TR, STM32G0C1RCI6N, STM32G0C1RCT6N, STM32G0C1REI6N, STM32G0C1RET6N, STM32G0C1VCI6, STM32G0C1VEI6, STM32G411C6T3, STM32G411C6T6, STM32G411C6U3, STM32G411C6U6, STM32G411C8T3, STM32G411C8T6, STM32G411C8U3, STM32G411C8U6, STM32G411CBT3, STM32G411CBT6, STM32G411CBU3, STM32G411CBU6, STM32G411CCT3, STM32G411CCT6, STM32G411CCU3, STM32G411CCU6, STM32G411K6T3, STM32G411K6T6, STM32G411K6U3, STM32G411K6U6, STM32G411K8T3, STM32G411K8T6, STM32G411K8U3, STM32G411K8U6, STM32G411KBT3, STM32G411KBT6, STM32G411KBU3, STM32G411KBU6, STM32G411M6T3, STM32G411M6T6, STM32G411M8T3, STM32G411M8T6, STM32G411MBT3, STM32G411MBT6, STM32G411MCT3, STM32G411MCT6, STM32G411R6T3, STM32G411R6T6, STM32G411R8T3, STM32G411R8T6, STM32G411RBT3, STM32G411RBT6, STM32G411RCT3, STM32G411RCT6, STM32G414CBT3, STM32G414CBT6, STM32G414CBU3, STM32G414CBU6, STM32G414CCT3, STM32G414CCT6, STM32G414CCU3, STM32G414CCU6, STM32G414MBT3, STM32G414MBT6, STM32G414MCT3, STM32G414MCT6, STM32G414RBT3, STM32G414RBT6, STM32G414RCT3, STM32G414RCT6, STM32G414VBT3, STM32G414VBT6, STM32G414VCT3, STM32G414VCT6, STM32G431CBT3Z, STM32G431RBT3Z, STM32G471CCT6, STM32G471CCU6, STM32G471CET3, STM32G471CET6, STM32G471CEU3, STM32G471CEU6, STM32G471MCT6, STM32G471MET3, STM32G471MET6, STM32G471MEY6TR, STM32G471QCT6, STM32G471QET3, STM32G471RCT6, STM32G471RET3, STM32G471RET6, STM32G471VCH6, STM32G471VCI6, STM32G471VCT6, STM32G471VEH3, STM32G471VEH6, STM32G471VEI3, STM32G471VEI6, STM32G471VET3, STM32G471VET6, STM32G473QET3Z, STM32G473RET3Z, STM32G474CCT6, STM32G491RET3Z, STM32H503CBT6, STM32H503CBU6, STM32H503EBY6TR, STM32H503KBU6, STM32H503RBT6, STM32H523CCT6, STM32H523CCU6, STM32H523CET6, STM32H523CEU6, STM32H523HEY6TR, STM32H523RCT6, STM32H523RET6, STM32H523VCI6, STM32H523VCT6, STM32H523VEI6, STM32H523VET6, STM32H523ZCJ6, STM32H523ZCT6, STM32H523ZEJ6, STM32H523ZET6, STM32H533CET6, STM32H533CEU6, STM32H533HEY6TR, STM32H533RET6, STM32H533VEI6, STM32H533VET6, STM32H533ZEJ6, STM32H533ZET6, STM32H562AGI6, STM32H562AII6, STM32H562IGK6, STM32H562IGT6, STM32H562IIK6, STM32H562IIT6, STM32H562RGT6, STM32H562RGV6, STM32H562RIT6, STM32H562RIV6, STM32H562VGT6, STM32H562VIT6, STM32H562ZGT6, STM32H562ZIT6, STM32H563AGI6, STM32H563AII3Q, STM32H563AII6, STM32H563IGK6, STM32H563IGT6, STM32H563IIK3Q, STM32H563IIK6, STM32H563IIT3Q, STM32H563IIT6, STM32H563MIY3QTR, STM32H563RGT6, STM32H563RGV6, STM32H563RIT6, STM32H563RIV6, STM32H563VGT6, STM32H563VIT3Q, STM32H563VIT6, STM32H563ZGT6, STM32H563ZIT3Q, STM32H563ZIT6, STM32H573AII3Q, STM32H573AII6, STM32H573I-DK, STM32H573IIK3Q, STM32H573IIK6, STM32H573IIT3Q, STM32H573IIT6, STM32H573MIY3QTR, STM32H573RIT6, STM32H573RIV6, STM32H573VIT3Q, STM32H573VIT6, STM32H573ZIT3Q, STM32H573ZIT6, STM32H7R3A8I6, STM32H7R3I8K6, STM32H7R3I8T6, STM32H7R3L8H6, STM32H7R3L8H6H, STM32H7R3R8V6, STM32H7R3V8H6, STM32H7R3V8T6, STM32H7R3V8Y6TR, STM32H7R3Z8J6, STM32H7R3Z8T6, STM32H7R7A8I6, STM32H7R7I8K6, STM32H7R7I8T6, STM32H7R7L8H6, STM32H7R7L8H6H, STM32H7R7Z8J6, STM32H7S3A8I6, STM32H7S3I8K6, STM32H7S3I8T6, STM32H7S3L8H6, STM32H7S3L8H6H, STM32H7S3R8V6, STM32H7S3V8H6, STM32H7S3V8T6, STM32H7S3V8Y6TR, STM32H7S3Z8J6, STM32H7S3Z8T6, STM32H7S78-DK, STM32H7S7A8I6, STM32H7S7I8K6, STM32H7S7I8T6, STM32H7S7L8H6, STM32H7S7L8H6H, STM32H7S7Z8J6, STM32L4R5QGI6STR, STM32MP131AAE3, STM32MP131AAF3, STM32MP131AAG3, STM32MP131CAE3, STM32MP131CAF3, STM32MP131CAG3, STM32MP131DAE7, STM32MP131DAF7, STM32MP131DAG7, STM32MP131FAE7, STM32MP131FAF7, STM32MP131FAG7, STM32MP133AAE3, STM32MP133AAF3, STM32MP133AAG3, STM32MP133CAE3, STM32MP133CAF3, STM32MP133CAG3, STM32MP133DAE7, STM32MP133DAF7, STM32MP133DAG7, STM32MP133FAE7, STM32MP133FAF7, STM32MP133FAG7, STM32MP135AAE3, STM32MP135AAF3, STM32MP135AAG3, STM32MP135CAE3, STM32MP135CAF3, STM32MP135CAG3, STM32MP135DAE7, STM32MP135DAF7, STM32MP135DAG7, STM32MP135F-DK, STM32MP135FAE7, STM32MP135FAF7, STM32MP135FAF7T, STM32MP135FAF7U, STM32MP135FAG7, STM32MP231AAJ3, STM32MP231AAK3, STM32MP231AAL3, STM32MP231CAJ3, STM32MP231CAK3, STM32MP231CAL3, STM32MP231DAJ3, STM32MP231DAK3, STM32MP231DAL3, STM32MP231FAJ3, STM32MP231FAK3, STM32MP231FAL3, STM32MP233AAJ3, STM32MP233AAK3, STM32MP233AAL3, STM32MP233CAJ3, STM32MP233CAK3, STM32MP233CAL3, STM32MP233DAJ3, STM32MP233DAK3, STM32MP233DAL3, STM32MP233FAJ3, STM32MP233FAK3, STM32MP233FAL3, STM32MP235AAJ3, STM32MP235AAK3, STM32MP235AAL3, STM32MP235CAJ3, STM32MP235CAK3, STM32MP235CAL3, STM32MP235DAJ3, STM32MP235DAK3, STM32MP235DAL3, STM32MP235FAJ3, STM32MP235FAK3, STM32MP235FAL3, STM32MP251AAI3, STM32MP251AAJ3, STM32MP251AAK3, STM32MP251AAL3, STM32MP251CAI3, STM32MP251CAJ3, STM32MP251CAK3, STM32MP251CAL3, STM32MP251DAI3, STM32MP251DAJ3, STM32MP251DAK3, STM32MP251DAL3, STM32MP251FAI3, STM32MP251FAJ3, STM32MP251FAK3, STM32MP251FAL3, STM32MP253AAI3, STM32MP253AAJ3, STM32MP253AAK3, STM32MP253AAL3, STM32MP253CAI3, STM32MP253CAJ3, STM32MP253CAK3, STM32MP253CAL3, STM32MP253DAI3, STM32MP253DAJ3, STM32MP253DAK3, STM32MP253DAL3, STM32MP253FAI3, STM32MP253FAJ3, STM32MP253FAK3, STM32MP253FAL3, STM32MP255AAI3, STM32MP255AAJ3, STM32MP255AAK3, STM32MP255AAL3, STM32MP255CAI3, STM32MP255CAJ3, STM32MP255CAK3, STM32MP255CAL3, STM32MP255DAI3, STM32MP255DAJ3, STM32MP255DAK3, STM32MP255DAL3, STM32MP255FAI3, STM32MP255FAJ3, STM32MP255FAK3, STM32MP255FAL3, STM32MP257AAI3, STM32MP257AAJ3, STM32MP257AAK3, STM32MP257AAL3, STM32MP257CAI3, STM32MP257CAJ3, STM32MP257CAK3, STM32MP257CAL3, STM32MP257DAI3, STM32MP257DAJ3, STM32MP257DAK3, STM32MP257DAL3, STM32MP257F-DK, STM32MP257F-EV1, STM32MP257FAI3, STM32MP257FAJ3, STM32MP257FAK3, STM32MP257FAL3, STM32N645A0H3Q, STM32N645B0H3Q, STM32N645I0H3Q, STM32N645L0H3Q, STM32N645X0H3Q, STM32N645Z0H3Q, STM32N647A0H3Q, STM32N647B0H3Q, STM32N647I0H3Q, STM32N647L0H3Q, STM32N647X0H3Q, STM32N647Z0H3Q, STM32N655A0H3Q, STM32N655B0H3Q, STM32N655I0H3Q, STM32N655L0H3Q, STM32N655X0H3Q, STM32N655Z0H3Q, STM32N6570-DK, STM32N657A0H3Q, STM32N657B0H3Q, STM32N657I0H3Q, STM32N657L0H3Q, STM32N657X0H3Q, STM32N657Z0H3Q, STM32U031C6T6, STM32U031C6U6, STM32U031C8T6, STM32U031C8U6, STM32U031F4P6, STM32U031F6P6, STM32U031F8P6, STM32U031G6Y6TR, STM32U031G8Y6TR, STM32U031K4U6, STM32U031K6U6, STM32U031K8U6, STM32U031R6I6, STM32U031R6T6, STM32U031R8I6, STM32U031R8T6, STM32U073C8T6, STM32U073C8U6, STM32U073CBT6, STM32U073CBU6, STM32U073CCT6, STM32U073CCU6, STM32U073H8Y6TR, STM32U073HBY6TR, STM32U073HCY6TR, STM32U073K8U6, STM32U073KBU6, STM32U073KCU6, STM32U073M8I6, STM32U073M8T6, STM32U073MBI6, STM32U073MBT6, STM32U073MCI6, STM32U073MCT6, STM32U073R8I6, STM32U073R8T6, STM32U073RBI6, STM32U073RBT6, STM32U073RCI6, STM32U073RCT6, STM32U083C-DK, STM32U083CCT6, STM32U083CCU6, STM32U083HCY6TR, STM32U083KCU6, STM32U083MCI6, STM32U083MCT6, STM32U083RCI6, STM32U083RCT6, STM32U375CET6, STM32U375CET6Q, STM32U375CEU6, STM32U375CEU6Q, STM32U375CEY6QTR, STM32U375CGT6, STM32U375CGT6Q, STM32U375CGU6, STM32U375CGU6Q, STM32U375CGY6QTR, STM32U375KEU6, STM32U375KGU6, STM32U375REI6, STM32U375REI6Q, STM32U375RET6, STM32U375RET6Q, STM32U375REY6GTR, STM32U375REY6QTR, STM32U375RGI6, STM32U375RGI6Q, STM32U375RGT6, STM32U375RGT6Q, STM32U375RGY6GTR, STM32U375RGY6QTR, STM32U375VEI6, STM32U375VEI6Q, STM32U375VET6, STM32U375VET6Q, STM32U375VGI6, STM32U375VGI6Q, STM32U375VGT6, STM32U375VGT6Q, STM32U385CGT6, STM32U385CGT6Q, STM32U385CGU6, STM32U385CGU6Q, STM32U385CGY6QTR, STM32U385KGU6, STM32U385RGI6, STM32U385RGI6Q, STM32U385RGT6, STM32U385RGT6Q, STM32U385RGY6GTR, STM32U385RGY6QTR, STM32U385VGI6, STM32U385VGI6Q, STM32U385VGT6, STM32U385VGT6Q, STM32U535CBT6, STM32U535CBT6Q, STM32U535CBU6, STM32U535CBU6Q, STM32U535CCT6, STM32U535CCT6Q, STM32U535CCU6, STM32U535CCU6Q, STM32U535CET6, STM32U535CET6Q, STM32U535CEU6, STM32U535CEU6Q, STM32U535JEY6QTR, STM32U535NCY6QTR, STM32U535NEY6QTR, STM32U535RBI6, STM32U535RBI6Q, STM32U535RBT6, STM32U535RBT6Q, STM32U535RCI6, STM32U535RCI6Q, STM32U535RCT6, STM32U535RCT6Q, STM32U535REI6, STM32U535REI6Q, STM32U535RET6, STM32U535RET6Q, STM32U535VCI6, STM32U535VCI6Q, STM32U535VCT6, STM32U535VCT6Q, STM32U535VEI6, STM32U535VEI6Q, STM32U535VET6, STM32U535VET6Q, STM32U545CET6, STM32U545CET6Q, STM32U545CEU6, STM32U545CEU6Q, STM32U545JEY6QTR, STM32U545NEY6QTR, STM32U545REI6, STM32U545REI6Q, STM32U545RET6, STM32U545RET6Q, STM32U545VEI6, STM32U545VEI6Q, STM32U545VET6, STM32U545VET6Q, STM32U595AIH6, STM32U595AIH6Q, STM32U595AJH6, STM32U595AJH6Q, STM32U595QII6, STM32U595QII6Q, STM32U595QJI6, STM32U595QJI6Q, STM32U595RIT6, STM32U595RIT6Q, STM32U595RJT6, STM32U595RJT6Q, STM32U595VIT6, STM32U595VIT6Q, STM32U595VJT6, STM32U595VJT6Q, STM32U595ZIT6, STM32U595ZIT6Q, STM32U595ZIY6QTR, STM32U595ZJT6, STM32U595ZJT6Q, STM32U595ZJY6QTR, STM32U599BJY6QTR, STM32U599NIH6Q, STM32U599NJH6Q, STM32U599VIT6Q, STM32U599VJT6, STM32U599VJT6Q, STM32U599ZIT6Q, STM32U599ZIY6QTR, STM32U599ZJT6Q, STM32U599ZJY6QTR, STM32U5A5AJH6, STM32U5A5AJH6Q, STM32U5A5QII3Q , STM32U5A5QJI6, STM32U5A5QJI6Q, STM32U5A5RJT6, STM32U5A5RJT6Q, STM32U5A5VJT6, STM32U5A5VJT6Q, STM32U5A5ZJT6, STM32U5A5ZJT6Q, STM32U5A5ZJY6QTR, STM32U5A9BJY6QTR, STM32U5A9J-DK, STM32U5A9NJH6Q, STM32U5A9VJT6Q, STM32U5A9ZJT6Q, STM32U5A9ZJY6QTR, STM32U5F7VIT6, STM32U5F7VIT6Q, STM32U5F7VJT6, STM32U5F7VJT6Q, STM32U5F9BJY6QTR, STM32U5F9NJH6Q, STM32U5F9VIT6Q, STM32U5F9VJT6Q, STM32U5F9ZIJ6QTR, STM32U5F9ZIT6Q, STM32U5F9ZJJ6QTR, STM32U5F9ZJT6Q, STM32U5G7VJT6, STM32U5G7VJT6Q, STM32U5G9BJY6QTR, STM32U5G9J-DK1, STM32U5G9J-DK2, STM32U5G9NJH6Q, STM32U5G9VJT6Q, STM32U5G9ZJJ6QTR, STM32U5G9ZJT6Q, STM32WB05KZV6TR, STM32WB05KZV7TR, STM32WB05TZF6TR, STM32WB05TZF7TR, STM32WB06CCF6TR, STM32WB06CCF7TR, STM32WB06CCV6TR, STM32WB06CCV7TR, STM32WB06KCV6TR, STM32WB06KCV7TR, STM32WB07CCF6TR, STM32WB07CCF7TR, STM32WB07CCV6TR, STM32WB07CCV7TR, STM32WB07KCV6TR, STM32WB07KCV7TR, STM32WB09KEV6TR, STM32WB09KEV7TR, STM32WB09TEF6TR, STM32WB09TEF7TR, STM32WB1MMCH6, STM32WBA50KGU6, STM32WBA50KGU6TR, STM32WBA52CEU6, STM32WBA52CEU6TR, STM32WBA52CEU7, STM32WBA52CEU7TR, STM32WBA52CGU6, STM32WBA52CGU6TR, STM32WBA52CGU6U, STM32WBA52CGU7, STM32WBA52CGU7TR, STM32WBA52KEU6, STM32WBA52KEU6TR, STM32WBA52KGU6, STM32WBA52KGU6TR, STM32WBA54CEU6, STM32WBA54CEU6TR, STM32WBA54CEU7, STM32WBA54CEU7TR, STM32WBA54CGU6, STM32WBA54CGU6TR, STM32WBA54CGU7, STM32WBA54CGU7TR, STM32WBA54KEU6, STM32WBA54KEU6TR, STM32WBA54KEU7, STM32WBA54KEU7TR, STM32WBA54KGU6, STM32WBA54KGU6TR, STM32WBA54KGU7, STM32WBA54KGU7TR, STM32WBA55CEU6, STM32WBA55CEU6TR, STM32WBA55CEU7, STM32WBA55CEU7TR, STM32WBA55CGU6, STM32WBA55CGU6TR, STM32WBA55CGU6U, STM32WBA55CGU7, STM32WBA55CGU7TR, STM32WBA55G-DK1, STM32WBA55HEF6, STM32WBA55HEF7, STM32WBA55HGF6, STM32WBA55HGF7, STM32WBA55UEI6, STM32WBA55UEI6TR, STM32WBA55UEI7, STM32WBA55UEI7TR, STM32WBA55UGI6, STM32WBA55UGI6TR, STM32WBA55UGI7, STM32WBA55UGI7TR, STM32WBA5MJGH6TR, STM32WBA62CGU6, STM32WBA62CIU6, STM32WBA62MGF6, STM32WBA62MIF6, STM32WBA62PGI6, STM32WBA62PII6, STM32WBA63CGU6, STM32WBA63CGU7, STM32WBA63CIU6, STM32WBA63CIU7, STM32WBA64CGU6, STM32WBA64CGU7, STM32WBA64CIU6, STM32WBA64CIU7, STM32WBA65CGU6, STM32WBA65CGU7, STM32WBA65CIU6, STM32WBA65CIU7, STM32WBA65I-DK1, STM32WBA65MGF6, STM32WBA65MGF7, STM32WBA65MIF6, STM32WBA65MIF7, STM32WBA65PGI6, STM32WBA65PGI7, STM32WBA65PII6, STM32WBA65PII7, STM32WBA65RGV6, STM32WBA65RGV7, STM32WBA65RIV6, STM32WBA65RIV7, STM32WL30K8V6, STM32WL30KBV6, STM32WL31C8V6, STM32WL31CBV6, STM32WL31K8V6, STM32WL31KBV6, STM32WL33C8V6, STM32WL33C8V6TR, STM32WL33C8V7, STM32WL33C8V7TR, STM32WL33CBV6, STM32WL33CBV6TR, STM32WL33CBV7, STM32WL33CBV7TR, STM32WL33CCV6, STM32WL33CCV6TR, STM32WL33CCV7, STM32WL33CCV7A, STM32WL33CCV7ATR, STM32WL33CCV7TR, STM32WL33K8V6, STM32WL33K8V6TR, STM32WL33K8V7, STM32WL33K8V7TR, STM32WL33KBV6, STM32WL33KBV6TR, STM32WL33KBV7, STM32WL33KBV7TR, STM32WL33KCV6, STM32WL33KCV6TR, STM32WL33KCV7, STM32WL33KCV7TR, STM32WL5MOCH6, STM32WL5MOCH6TR]
2026-05-17 09:20:58,661 [INFO] BoardInfo:889 - No configuration file found for board NUCLEO-H5E5ZJ
2026-05-17 09:20:58,661 [INFO] DbBoards:161 - Board is not supported: NUCLEO-H5E5ZJ
2026-05-17 09:20:58,686 [INFO] BoardInfo:889 - No configuration file found for board NUCLEO-U3C5ZI-Q
2026-05-17 09:20:58,686 [INFO] DbBoards:161 - Board is not supported: NUCLEO-U3C5ZI-Q
2026-05-17 09:20:58,692 [INFO] BoardInfo:889 - No configuration file found for board NUCLEO-WBA25CE1
2026-05-17 09:20:58,693 [INFO] DbBoards:161 - Board is not supported: NUCLEO-WBA25CE1
2026-05-17 09:20:58,697 [INFO] BoardInfo:889 - No configuration file found for board NUCLEO-WL3RKB1
2026-05-17 09:20:58,697 [INFO] DbBoards:161 - Board is not supported: NUCLEO-WL3RKB1
2026-05-17 09:20:58,698 [INFO] BoardInfo:889 - No configuration file found for board NUCLEO-WL3RKB2
2026-05-17 09:20:58,698 [INFO] DbBoards:161 - Board is not supported: NUCLEO-WL3RKB2
2026-05-17 09:20:58,701 [INFO] BoardInfo:889 - No configuration file found for board P-NUCLEO-WB55
2026-05-17 09:20:58,703 [INFO] DbBoards:161 - Kit is not supported: P-NUCLEO-WB55
2026-05-17 09:20:58,706 [INFO] BoardInfo:889 - No configuration file found for board STEVAL-BFA001V1B
2026-05-17 09:20:58,706 [INFO] DbBoards:161 - Kit is not supported: STEVAL-BFA001V1B
2026-05-17 09:20:58,707 [INFO] BoardInfo:889 - No configuration file found for board STEVAL-BFA001V2B
2026-05-17 09:20:58,707 [INFO] DbBoards:161 - Kit is not supported: STEVAL-BFA001V2B
2026-05-17 09:20:58,759 [INFO] BoardInfo:889 - No configuration file found for board STM32H5F5J-DK
2026-05-17 09:20:58,760 [INFO] DbBoards:161 - Board is not supported: STM32H5F5J-DK
2026-05-17 09:20:58,789 [INFO] BoardInfo:889 - No configuration file found for board STM32MP215F-DK
2026-05-17 09:20:58,790 [INFO] DbBoards:161 - Board is not supported: STM32MP215F-DK
2026-05-17 09:20:58,799 [INFO] DbBoards:168 - Found 218 boards, 208 are supported
2026-05-17 09:20:58,799 [INFO] DbBoards:169 - Found 218 boards, 43 of them is supported for  Bsp
2026-05-17 09:20:58,802 [INFO] ApiDb:423 - Load user favorites file C:\Users\moonc/.stm32cubeide/favorites.boards.txt: 1 item(s)
2026-05-17 09:20:58,802 [INFO] ApiDb:427 - User favorites Boards=[NUCLEO-F446RE]
2026-05-17 09:20:58,802 [INFO] DbBoards:198 - Set 1 / 1 favorites Boards
2026-05-17 09:20:58,818 [ERROR] TargetSelectorAdapter:267 - Unable to refresh data
2026-05-17 09:20:58,895 [INFO] McuFinderGlobals:76 - Set McuFinderConnectedMode to true
2026-05-17 09:20:58,897 [INFO] MultiScanPanel:200 - Auto-refresh data requested => check proxy status ongoing
2026-05-17 09:20:58,897 [INFO] FinderPluginLoader:95 - Searching for filters in installed packs
2026-05-17 09:21:00,480 [INFO] LoadUrlFilesThread:185 - End of LoadServerUrlFiles without Thread
2026-05-17 09:21:00,481 [INFO] DetailPanel:341 - Set advertising image to C:/Users/moonc/STM32Cube/Repository/\en.prom-stm32wba2-stm32-nucleo-board-0426.png
2026-05-17 09:21:03,947 [INFO] MultiScanPanel:200 - Auto-refresh data requested => check proxy status ongoing
2026-05-17 09:21:04,010 [INFO] LoadUrlFilesThread:185 - End of LoadServerUrlFiles without Thread
2026-05-17 09:21:04,011 [INFO] DetailPanel:341 - Set advertising image to C:/Users/moonc/STM32Cube/Repository/\en.prom-stm32wba2-stm32-nucleo-board-0426.png
2026-05-17 09:21:04,016 [INFO] DbBoards:642 - Loading board mini-images...
2026-05-17 09:21:05,622 [INFO] DbBoards:665 - Loaded 218 board mini-images
2026-05-17 09:21:20,349 [INFO] MainUpdater:2872 - connection check result : 10
2026-05-17 09:21:20,349 [INFO] MainUpdater:2872 - connection check result : 10
2026-05-17 09:21:20,420 [INFO] MicroXplorer:468 - Change Database Path : 
2026-05-17 09:21:20,420 [INFO] MicroXplorer:498 - Change Database Version : DB.6.0.141
2026-05-17 09:21:20,456 [ERROR] ProjectManagerView:395 - 
java.lang.NullPointerException: Cannot invoke "javax.swing.JTextField.getText()" because the return value of "java.util.List.get(int)" is null
	at com.st.microxplorer.plugins.projectmanager.gui.ProjectChoiceTab$9.caretUpdate(ProjectChoiceTab.java:2678) ~[filemanager.jar:?]
	at javax.swing.text.JTextComponent.fireCaretUpdate(JTextComponent.java:408) ~[?:?]
	at javax.swing.text.JTextComponent$MutableCaretEvent.fire(JTextComponent.java:4484) ~[?:?]
	at javax.swing.text.JTextComponent$MutableCaretEvent.stateChanged(JTextComponent.java:4506) ~[?:?]
	at javax.swing.text.DefaultCaret.fireStateChanged(DefaultCaret.java:857) ~[?:?]
	at javax.swing.text.DefaultCaret.changeCaretPosition(DefaultCaret.java:1343) ~[?:?]
	at javax.swing.text.DefaultCaret.handleSetDot(DefaultCaret.java:1242) ~[?:?]
	at javax.swing.text.DefaultCaret.setDot(DefaultCaret.java:1223) ~[?:?]
	at javax.swing.text.DefaultCaret$Handler.insertUpdate(DefaultCaret.java:1819) ~[?:?]
	at javax.swing.text.AbstractDocument.fireInsertUpdate(AbstractDocument.java:227) ~[?:?]
	at javax.swing.text.AbstractDocument.handleInsertString(AbstractDocument.java:781) ~[?:?]
	at javax.swing.text.AbstractDocument.insertString(AbstractDocument.java:740) ~[?:?]
	at javax.swing.text.PlainDocument.insertString(PlainDocument.java:131) ~[?:?]
	at javax.swing.text.AbstractDocument.replace(AbstractDocument.java:699) ~[?:?]
	at javax.swing.text.JTextComponent.setText(JTextComponent.java:1725) ~[?:?]
	at com.st.microxplorer.plugins.projectmanager.gui.ProjectChoiceTab.createHeapStackFields(ProjectChoiceTab.java:979) ~[filemanager.jar:?]
	at com.st.microxplorer.plugins.projectmanager.gui.ProjectChoiceTab.buildLinkSettingsPanel(ProjectChoiceTab.java:3766) ~[filemanager.jar:?]
	at com.st.microxplorer.plugins.projectmanager.gui.ProjectChoiceTab.defineWindowsFields(ProjectChoiceTab.java:1962) ~[filemanager.jar:?]
	at com.st.microxplorer.plugins.projectmanager.gui.ProjectChoiceTab.updateSettings(ProjectChoiceTab.java:555) ~[filemanager.jar:?]
	at com.st.microxplorer.plugins.projectmanager.gui.ProjectSettingsPanel.UpdateDialog(ProjectSettingsPanel.java:245) ~[filemanager.jar:?]
	at com.st.microxplorer.plugins.projectmanager.ProjectManagerView.propertyChange(ProjectManagerView.java:392) ~[filemanager.jar:?]
	at java.beans.PropertyChangeSupport.fire(PropertyChangeSupport.java:343) ~[?:?]
	at java.beans.PropertyChangeSupport.firePropertyChange(PropertyChangeSupport.java:335) ~[?:?]
	at java.beans.PropertyChangeSupport.firePropertyChange(PropertyChangeSupport.java:268) ~[?:?]
	at com.st.microxplorer.util.MXPropertyChangeSupport.firePropertyChange(MXPropertyChangeSupport.java:54) ~[STM32CubeMX.jar:?]
	at com.st.microxplorer.mxsystem.MxSystem.closeConfig(MxSystem.java:899) ~[STM32CubeMX.jar:?]
	at com.st.microxplorer.maingui.MainPanel.closeConfig(MainPanel.java:789) ~[STM32CubeMX.jar:?]
	at com.st.microxplorer.plugins.filemanager.engine.OpenFileManager.loadConfigurationFile(OpenFileManager.java:287) ~[filemanager.jar:?]
	at com.st.microxplorer.plugins.filemanager.engine.MainFileManager.userLoadConfig(MainFileManager.java:341) ~[filemanager.jar:?]
	at com.st.microxplorer.plugins.filemanager.FileManagerView.getSpecificTask(FileManagerView.java:250) ~[filemanager.jar:?]
	at com.st.stm32cube.common.mx.editor.CubeMxEditor.getMxTabbedPaneInstance(CubeMxEditor.java:1191) ~[com.st.stm32cube.common.mx_6.14.1.202504091515/:?]
	at com.st.stm32cube.common.mx.editor.CubeMxEditor$12$1.createSwingComponent(CubeMxEditor.java:1068) ~[com.st.stm32cube.common.mx_6.14.1.202504091515/:?]
	at com.st.stm32cube.common.mx.oss.core.awtswtbridge.EmbeddedSwingComposite.doComponentCreation(EmbeddedSwingComposite.java:492) ~[com.st.stm32cube.common.mx.oss_6.14.1.202504091515/:?]
	at com.st.stm32cube.common.mx.oss.core.awtswtbridge.EmbeddedSwingComposite$4.run(EmbeddedSwingComposite.java:291) ~[com.st.stm32cube.common.mx.oss_6.14.1.202504091515/:?]
	at com.st.stm32cube.common.mx.oss.core.awtswtbridge.AwtEnvironment$2.run(AwtEnvironment.java:166) ~[com.st.stm32cube.common.mx.oss_6.14.1.202504091515/:?]
	at java.awt.event.InvocationEvent.dispatch(InvocationEvent.java:318) ~[?:?]
	at java.awt.EventQueue.dispatchEventImpl(EventQueue.java:773) ~[?:?]
	at java.awt.EventQueue$4.run(EventQueue.java:720) ~[?:?]
	at java.awt.EventQueue$4.run(EventQueue.java:714) ~[?:?]
	at java.security.AccessController.doPrivileged(AccessController.java:400) ~[?:?]
	at java.security.ProtectionDomain$JavaSecurityAccessImpl.doIntersectionPrivilege(ProtectionDomain.java:87) ~[?:?]
	at java.awt.EventQueue.dispatchEvent(EventQueue.java:742) ~[?:?]
	at java.awt.EventDispatchThread.pumpOneEventForFilters(EventDispatchThread.java:203) ~[?:?]
	at java.awt.EventDispatchThread.pumpEventsForFilter(EventDispatchThread.java:124) ~[?:?]
	at java.awt.EventDispatchThread.pumpEventsForHierarchy(EventDispatchThread.java:113) ~[?:?]
	at java.awt.EventDispatchThread.pumpEvents(EventDispatchThread.java:109) ~[?:?]
	at java.awt.EventDispatchThread.pumpEvents(EventDispatchThread.java:101) ~[?:?]
	at java.awt.EventDispatchThread.run(EventDispatchThread.java:90) ~[?:?]
2026-05-17 09:21:20,459 [WARN] ThirdParty:871 - waiting for thirdparty lock release [close project]
2026-05-17 09:21:20,459 [INFO] ThirdParty:873 - entering critical section [close project]
2026-05-17 09:21:20,459 [INFO] ThirdParty:883 - exiting critical section [close project]
2026-05-17 09:21:20,462 [INFO] PinOutPanel:1589 - setPackage(No Configuration,No Configuration)
2026-05-17 09:21:20,477 [WARN] IpParametersView:155 - Warning: This peripheral hasn't parameters
2026-05-17 09:21:20,485 [WARN] MainPanel:289 - <html><b><center>Warning: This peripheral has no parameters to be configured<br></b></html>
2026-05-17 09:21:20,492 [INFO] UtilMem:75 - Begin LoadConfig() Used Memory: 912915864 Bytes (1073741824)
2026-05-17 09:21:20,493 [INFO] OpenFileManager:354 - Change cursor
2026-05-17 09:21:20,520 [INFO] RulesReader:64 - Compatibility file has been processed (302 Rules)
2026-05-17 09:21:20,526 [INFO] ProjectFactory:442 - No CPN specified for board NUCLEO-F446RE => set CPN to STM32F446RET6
2026-05-17 09:21:20,526 [INFO] Mcu:2011 - Initializing MCU STM32F446R(C-E)Tx STM32F446RETx STM32F446RET6
2026-05-17 09:21:21,749 [INFO] Context:756 - Trying to add GPIOservice into a context  which must be forbidden
2026-05-17 09:21:22,194 [INFO] Rule:225 - rule 117617 - U5Cobra4M][GTZC] default value MPCBB3 and MPCBB5 - Not Secured memory - MPCBB1 is applicable
2026-05-17 09:21:22,194 [INFO] Rule:225 - rule 117617 - U5Cobra4M][GTZC] default value MPCBB3 and MPCBB5 - Not Secured memory - MPCBB1 is applicable
2026-05-17 09:21:22,194 [INFO] Rule:225 - rule 117617 - U5Cobra4M][GTZC] default value MPCBB3 and MPCBB5 - Not Secured memory - MPCBB2 is applicable
2026-05-17 09:21:22,194 [INFO] Rule:225 - rule 117617 - U5Cobra4M][GTZC] default value MPCBB3 and MPCBB5 - Not Secured memory - MPCBB2 is applicable
2026-05-17 09:21:22,194 [INFO] Rule:225 - rule 117617 - U5Cobra4M][GTZC] default value MPCBB3 and MPCBB5 - Not Secured memory - MPCBB3 is applicable
2026-05-17 09:21:22,194 [INFO] Rule:225 - rule 117617 - U5Cobra4M][GTZC] default value MPCBB3 and MPCBB5 - Not Secured memory - MPCBB3 is applicable
2026-05-17 09:21:22,194 [INFO] Rule:225 - rule 117617 - U5Cobra4M][GTZC] default value MPCBB3 and MPCBB5 - Not Secured memory - MPCBB4 is applicable
2026-05-17 09:21:22,194 [INFO] Rule:225 - rule 117617 - U5Cobra4M][GTZC] default value MPCBB3 and MPCBB5 - Not Secured memory - MPCBB4 is applicable
2026-05-17 09:21:22,194 [INFO] Rule:225 - rule 117617 - U5Cobra4M][GTZC] default value MPCBB3 and MPCBB5 - Secured memory - MPCBB1 is applicable
2026-05-17 09:21:22,194 [INFO] Rule:225 - rule 117617 - U5Cobra4M][GTZC] default value MPCBB3 and MPCBB5 - Secured memory - MPCBB2 is applicable
2026-05-17 09:21:22,194 [INFO] Rule:225 - rule 117617 - U5Cobra4M][GTZC] default value MPCBB3 and MPCBB5 - Secured memory - MPCBB3 is applicable
2026-05-17 09:21:22,195 [INFO] Rule:225 - rule 117617 - U5Cobra4M][GTZC] default value MPCBB3 and MPCBB5 - Secured memory - MPCBB4 is applicable
2026-05-17 09:21:22,195 [INFO] Rule:225 - rule 117617 - U5Cobra4M][GTZC] default value MPCBB3 and MPCBB5 - Privileged memory - MPCBB1 is applicable
2026-05-17 09:21:22,195 [INFO] Rule:225 - rule 117617 - U5Cobra4M][GTZC] default value MPCBB3 and MPCBB5 - Privileged memory - MPCBB2 is applicable
2026-05-17 09:21:22,195 [INFO] Rule:225 - rule 117617 - U5Cobra4M][GTZC] default value MPCBB3 and MPCBB5 - Privileged memory - MPCBB3 is applicable
2026-05-17 09:21:22,195 [INFO] Rule:225 - rule 117617 - U5Cobra4M][GTZC] default value MPCBB3 and MPCBB5 - Privileged memory - MPCBB4 is applicable
2026-05-17 09:21:22,195 [INFO] Rule:225 - rule 117617 - U5Cobra4M][GTZC] default value MPCBB3 and MPCBB5 - Not Privileged memory - MPCBB1 is applicable
2026-05-17 09:21:22,195 [INFO] Rule:225 - rule 117617 - U5Cobra4M][GTZC] default value MPCBB3 and MPCBB5 - Not Privileged memory - MPCBB2 is applicable
2026-05-17 09:21:22,195 [INFO] Rule:225 - rule 117617 - U5Cobra4M][GTZC] default value MPCBB3 and MPCBB5 - Not Privileged memory - MPCBB3 is applicable
2026-05-17 09:21:22,195 [INFO] Rule:225 - rule 117617 - U5Cobra4M][GTZC] default value MPCBB3 and MPCBB5 - Not Privileged memory - MPCBB4 is applicable
2026-05-17 09:21:22,195 [INFO] Rule:225 - rule 117617 - U5Cobra4M][GTZC] default value MPCBB3 and MPCBB5 - Privileged memory - MPCBB1 is applicable
2026-05-17 09:21:22,195 [INFO] Rule:225 - rule 117617 - U5Cobra4M][GTZC] default value MPCBB3 and MPCBB5 - Privileged memory - MPCBB2 is applicable
2026-05-17 09:21:22,195 [INFO] Rule:225 - rule 117617 - U5Cobra4M][GTZC] default value MPCBB3 and MPCBB5 - Privileged memory - MPCBB3 is applicable
2026-05-17 09:21:22,195 [INFO] Rule:225 - rule 117617 - U5Cobra4M][GTZC] default value MPCBB3 and MPCBB5 - Privileged memory - MPCBB4 is applicable
2026-05-17 09:21:22,195 [INFO] Rule:225 - rule 117617 - U5Cobra4M][GTZC] default value MPCBB3 and MPCBB5 - Privileged memory - MPCBB1 is applicable
2026-05-17 09:21:22,195 [INFO] Rule:225 - rule 117617 - U5Cobra4M][GTZC] default value MPCBB3 and MPCBB5 - Privileged memory - MPCBB2 is applicable
2026-05-17 09:21:22,195 [INFO] Rule:225 - rule 117617 - U5Cobra4M][GTZC] default value MPCBB3 and MPCBB5 - Privileged memory - MPCBB3 is applicable
2026-05-17 09:21:22,195 [INFO] Rule:225 - rule 117617 - U5Cobra4M][GTZC] default value MPCBB3 and MPCBB5 - Privileged memory - MPCBB4 is applicable
2026-05-17 09:21:22,195 [INFO] Rule:225 - rule 117617 - U5Cobra4M][GTZC] default value MPCBB3 and MPCBB5 - Not Privileged memory - MPCBB1 is applicable
2026-05-17 09:21:22,195 [INFO] Rule:225 - rule 117617 - U5Cobra4M][GTZC] default value MPCBB3 and MPCBB5 - Not Privileged memory - MPCBB2 is applicable
2026-05-17 09:21:22,195 [INFO] Rule:225 - rule 117617 - U5Cobra4M][GTZC] default value MPCBB3 and MPCBB5 - Not Privileged memory - MPCBB3 is applicable
2026-05-17 09:21:22,195 [INFO] Rule:225 - rule 117617 - U5Cobra4M][GTZC] default value MPCBB3 and MPCBB5 - Not Privileged memory - MPCBB4 is applicable
2026-05-17 09:21:22,195 [INFO] Rule:225 - rule 117617 - U5Cobra4M][GTZC] default value MPCBB3 and MPCBB5 - Privileged memory - MPCBB1 is applicable
2026-05-17 09:21:22,195 [INFO] Rule:225 - rule 117617 - U5Cobra4M][GTZC] default value MPCBB3 and MPCBB5 - Privileged memory - MPCBB2 is applicable
2026-05-17 09:21:22,195 [INFO] Rule:225 - rule 117617 - U5Cobra4M][GTZC] default value MPCBB3 and MPCBB5 - Privileged memory - MPCBB3 is applicable
2026-05-17 09:21:22,195 [INFO] Rule:225 - rule 117617 - U5Cobra4M][GTZC] default value MPCBB3 and MPCBB5 - Privileged memory - MPCBB4 is applicable
2026-05-17 09:21:22,195 [INFO] Rule:225 - rule Rename SubGHz_Phy SUBGHZ_APPLICATION SUBGHZ_PINGPONG to SUBGHZ_ADV_APPLICATION is applicable
2026-05-17 09:21:22,195 [INFO] Rule:225 - rule Rename Enabled to IBEACON is applicable
2026-05-17 09:21:22,195 [INFO] Rule:225 - rule GTZC_S instance for project manager is applicable
2026-05-17 09:21:22,195 [INFO] Rule:225 - rule GTZC_S instance for context M33S is applicable
2026-05-17 09:21:22,195 [INFO] Rule:225 - rule GTZC_S instance value for IP GTZC is applicable
2026-05-17 09:21:22,195 [INFO] Rule:225 - rule GTZC_S instance for mcu.IP is applicable
2026-05-17 09:21:22,195 [INFO] Rule:225 - rule GTZC_S instance for VP is applicable
2026-05-17 09:21:22,195 [INFO] Rule:225 - rule GTZC_S instance for signal is applicable
2026-05-17 09:21:22,195 [INFO] Rule:225 - rule GTZC_S instance for mcu.Pin is applicable
2026-05-17 09:21:22,195 [INFO] Rule:225 - rule GTZC_S instance for VP is applicable
2026-05-17 09:21:22,196 [INFO] Rule:225 - rule GTZC_S instance for signal is applicable
2026-05-17 09:21:22,196 [INFO] Rule:225 - rule GTZC_S instance for mcu is applicable
2026-05-17 09:21:22,196 [INFO] Rule:225 - rule GTZC_S instance for mcu.Pin is applicable
2026-05-17 09:21:22,196 [INFO] Rule:225 - rule GTZC_S instance value for IP GTZC is applicable
2026-05-17 09:21:22,196 [INFO] Rule:225 - rule GTZC_S instance for project manager is applicable
2026-05-17 09:21:22,196 [INFO] Rule:225 - rule GTZC_S instance for context M33S is applicable
2026-05-17 09:21:22,196 [INFO] Rule:225 - rule GTZC_S instance for VP is applicable
2026-05-17 09:21:22,196 [INFO] Rule:225 - rule GTZC_S instance for signal is applicable
2026-05-17 09:21:22,196 [INFO] Rule:225 - rule SPDIFRX instance for mcu is applicable
2026-05-17 09:21:22,196 [INFO] Rule:225 - rule Rename Tracer Mode is applicable
2026-05-17 09:21:22,196 [INFO] Rule:225 - rule SPDIFRX instance value for IP SPDIFRX is applicable
2026-05-17 09:21:22,196 [INFO] Rule:225 - rule SPDIFRX instance for signal is applicable
2026-05-17 09:21:22,196 [INFO] Rule:225 - rule SPDIFRX instance for project manager is applicable
2026-05-17 09:21:22,196 [INFO] Rule:225 - rule SPDIFRX instance for project manager is applicable
2026-05-17 09:21:22,196 [INFO] Rule:225 - rule ADC Scan  fix with FW F7 is applicable
2026-05-17 09:21:22,196 [INFO] Rule:225 - rule ADC Scan  fix with FW F7 is applicable
2026-05-17 09:21:22,196 [INFO] Rule:225 - rule WakeUp0 Mode is applicable
2026-05-17 09:21:22,196 [INFO] Rule:225 - rule WakeUp0 SIGNAL is applicable
2026-05-17 09:21:22,196 [INFO] Rule:225 - rule WakeUp1 Mode is applicable
2026-05-17 09:21:22,196 [INFO] Rule:225 - rule WakeUp1 SIGNAL is applicable
2026-05-17 09:21:22,196 [INFO] Rule:225 - rule WakeUp2 Mode is applicable
2026-05-17 09:21:22,196 [INFO] Rule:225 - rule WakeUp2 SIGNAL is applicable
2026-05-17 09:21:22,196 [INFO] Rule:225 - rule WakeUp4 Mode is applicable
2026-05-17 09:21:22,196 [INFO] Rule:225 - rule WakeUp4 SIGNAL is applicable
2026-05-17 09:21:22,196 [INFO] Rule:225 - rule WakeUp5 Mode is applicable
2026-05-17 09:21:22,196 [INFO] Rule:225 - rule WakeUp5 SIGNAL is applicable
2026-05-17 09:21:22,196 [INFO] Rule:225 - rule Add RTC Activate Clock Source is applicable
2026-05-17 09:21:22,196 [INFO] Rule:225 - rule Add RTC Activate Calendar 1 is applicable
2026-05-17 09:21:22,196 [INFO] Rule:225 - rule Add RTC Activate Calendar 2 is applicable
2026-05-17 09:21:22,197 [INFO] Rule:225 - rule Add RTC Activate Calendar 3 is applicable
2026-05-17 09:21:22,197 [INFO] Rule:225 - rule UART/USART TX Mode is applicable
2026-05-17 09:21:22,197 [INFO] Rule:225 - rule UART/USART RX Mode is applicable
2026-05-17 09:21:22,197 [INFO] Rule:225 - rule UART/USART RX TX Mode is applicable
2026-05-17 09:21:22,197 [INFO] Rule:225 - rule UART/USART PARITY NONE is applicable
2026-05-17 09:21:22,197 [INFO] Rule:225 - rule UART/USART PARITY EVEN is applicable
2026-05-17 09:21:22,197 [INFO] Rule:225 - rule UART/USART PARITY ODD is applicable
2026-05-17 09:21:22,197 [INFO] Rule:225 - rule USART StopBits 1 is applicable
2026-05-17 09:21:22,197 [INFO] Rule:225 - rule USART StopBits 2 is applicable
2026-05-17 09:21:22,197 [INFO] Rule:225 - rule USART StopBits 1.5 is applicable
2026-05-17 09:21:22,197 [INFO] Rule:225 - rule USART StopBits 0.5 is applicable
2026-05-17 09:21:22,197 [INFO] Rule:225 - rule UART/USART WORD LENGTH 7 is applicable
2026-05-17 09:21:22,197 [INFO] Rule:225 - rule UART/USART WORD LENGTH 8 is applicable
2026-05-17 09:21:22,197 [INFO] Rule:225 - rule UART/USART WORD LENGTH 9 is applicable
2026-05-17 09:21:22,197 [INFO] Rule:225 - rule Rename FMC NAND NCE signal is applicable
2026-05-17 09:21:22,197 [INFO] Rule:225 - rule Rename FMC NAND INT signal is applicable
2026-05-17 09:21:22,197 [INFO] Rule:225 - rule Change Default Value for LSE Drive Capability for WB family is applicable
2026-05-17 09:21:22,197 [INFO] Rule:225 - rule Change Default Value for ADC Clock Prescaler G0 family is applicable
2026-05-17 09:21:22,197 [INFO] Rule:225 - rule Change Default Value for ADC ExternalTrigConv L4 family is applicable
2026-05-17 09:21:22,197 [INFO] Rule:225 - rule Change Default Value for ADC ExternalTrigInjecConv L4 family is applicable
2026-05-17 09:21:22,197 [INFO] Rule:225 - rule Change Default Value for ADC ExternalTrigConv F3 family is applicable
2026-05-17 09:21:22,197 [INFO] Rule:225 - rule Change Default Value for ADC ExternalTrigInjecConv F3 family is applicable
2026-05-17 09:21:22,197 [INFO] Rule:225 - rule Change Default Value for ADC ExternalTrigConv Goldfish serie is applicable
2026-05-17 09:21:22,197 [INFO] Rule:225 - rule Change Default Value for ADC ExternalTrigInjecConv Goldfish serie is applicable
2026-05-17 09:21:22,197 [INFO] Rule:225 - rule Change Default Value for ADC ExternalTrigConv L0 family is applicable
2026-05-17 09:21:22,197 [INFO] Rule:225 - rule Change Default Value for ADC ExternalTrigConv F0 family is applicable
2026-05-17 09:21:22,197 [INFO] Rule:225 - rule Change Default Value for ADC ExternalTrigConvn L1 family is applicable
2026-05-17 09:21:22,197 [INFO] Rule:225 - rule Change Default Value for ADC ExternalTrigInjecConv L1 family is applicable
2026-05-17 09:21:22,197 [INFO] Rule:225 - rule Change Default Value for ADC ExternalTrigConv F1 family is applicable
2026-05-17 09:21:22,197 [INFO] Rule:225 - rule Change Default Value for ADC ExternalTrigInjecConv F1 family is applicable
2026-05-17 09:21:22,197 [INFO] Rule:225 - rule Change Default Value for ADC ExternalTrigConv F7 family is applicable
2026-05-17 09:21:22,197 [INFO] Rule:225 - rule Change Default Value for ADC ExternalTrigInjecConv F7 family is applicable
2026-05-17 09:21:22,197 [INFO] Rule:225 - rule Change Default Value for ADC ExternalTrigConv F4 and F2 family is applicable
2026-05-17 09:21:22,197 [INFO] Rule:225 - rule Change Default Value for ADC ExternalTrigInjecConv F4 and F2 family is applicable
2026-05-17 09:21:22,197 [INFO] Rule:225 - rule ADC SamplingTime fix with FW L0  is applicable
2026-05-17 09:21:22,197 [INFO] Rule:225 - rule ADC SamplingTime fix with FW L0  is applicable
2026-05-17 09:21:22,197 [INFO] Rule:225 - rule ADC SamplingTime fix with FW L0 is applicable
2026-05-17 09:21:22,198 [INFO] Rule:225 - rule ADC SamplingTime fix with FW L0 is applicable
2026-05-17 09:21:22,198 [INFO] Rule:225 - rule ADC SamplingTime fix with FW L0  is applicable
2026-05-17 09:21:22,198 [INFO] Rule:225 - rule ADC SamplingTime fix with FW L0 is applicable
2026-05-17 09:21:22,198 [INFO] Rule:225 - rule Rename USB_OE Signal is applicable
2026-05-17 09:21:22,198 [INFO] Rule:225 - rule Rename Activate_OE Mode is applicable
2026-05-17 09:21:22,198 [INFO] Rule:225 - rule Rename DIE462/DIE415 pin PC14/OSC32_IN -> PC14-OSC32_IN (PC14) is applicable
2026-05-17 09:21:22,198 [INFO] Rule:225 - rule Rename DIE462/DIE415 pin PC15/OSC32_OUT -> PC15-OSC32_OUT (PC15) is applicable
2026-05-17 09:21:22,198 [INFO] Rule:225 - rule Rename DIE462/DIE415 pin PH0/OSC_IN -> PH0-OSC_IN (PH0) is applicable
2026-05-17 09:21:22,198 [INFO] Rule:225 - rule Rename DIE462/DIE415 pin PH1/OSC_OUT -> PH1-OSC_OUT (PH1) is applicable
2026-05-17 09:21:22,198 [INFO] Rule:225 - rule Rename DIE462 pin PA13 -> PA13 (JTMS/SWDIO) is applicable
2026-05-17 09:21:22,198 [INFO] Rule:225 - rule Rename DIE415 pin PA13 -> PA13 (JTMS/SWDIO) is applicable
2026-05-17 09:21:22,198 [INFO] Rule:225 - rule Rename DIE462 pin PA14 -> PA14 (JTCK/SWCLK) is applicable
2026-05-17 09:21:22,198 [INFO] Rule:225 - rule Rename DIE415 pin PA14 -> PA14 (JTCK/SWCLK) is applicable
2026-05-17 09:21:22,198 [INFO] Rule:225 - rule Rename DIE462/DIE415 pin PA15 -> PA15 (JTDI) is applicable
2026-05-17 09:21:22,198 [INFO] Rule:225 - rule Rename DIE462 pin PB3 -> PB3 (JTD0/TRACESWO) is applicable
2026-05-17 09:21:22,198 [INFO] Rule:225 - rule Rename DIE415 pin PB3 -> PB3 (JTD0-TRACESWO) is applicable
2026-05-17 09:21:22,198 [INFO] Rule:225 - rule Rename DIE462/DIE415 pin PB4 -> PB4 (NJTRST) is applicable
2026-05-17 09:21:22,198 [INFO] Rule:225 - rule Rename DIE462 pin PH3/BOOT0 -> PH3-BOOT0 (BOOT0) is applicable
2026-05-17 09:21:22,198 [INFO] Rule:225 - rule Rename CRYP DataEncryptionTypesList to Algorithm is applicable
2026-05-17 09:21:22,198 [INFO] Rule:225 - rule Rename AES DataEncryptionTypesList to Algorithm is applicable
2026-05-17 09:21:22,198 [INFO] Rule:225 - rule Rename TDESECB to CRYP_TDES_ECB is applicable
2026-05-17 09:21:22,198 [INFO] Rule:225 - rule Rename TDESCBC to CRYP_TDES_CBC is applicable
2026-05-17 09:21:22,198 [INFO] Rule:225 - rule Rename DESECB to CRYP_DES_ECB is applicable
2026-05-17 09:21:22,198 [INFO] Rule:225 - rule Rename DESCBC to CRYP_DES_CBC is applicable
2026-05-17 09:21:22,198 [INFO] Rule:225 - rule Rename AESECB to CRYP_AES_ECB is applicable
2026-05-17 09:21:22,198 [INFO] Rule:225 - rule Rename AESCBC to CRYP_AES_CBC is applicable
2026-05-17 09:21:22,198 [INFO] Rule:225 - rule Rename AESCTR to CRYP_AES_CTR is applicable
2026-05-17 09:21:22,198 [INFO] Rule:225 - rule Rename AESGCM to CRYP_AES_GCM is applicable
2026-05-17 09:21:22,198 [INFO] Rule:225 - rule Rename AESCCM to CRYP_AES_CCM is applicable
2026-05-17 09:21:22,198 [INFO] Rule:225 - rule Rename CAN TimeSeg1 to BS1 is applicable
2026-05-17 09:21:22,198 [INFO] Rule:225 - rule Rename CAN TimeSeg2 to BS2 is applicable
2026-05-17 09:21:22,199 [INFO] Rule:225 - rule Rename CAN SyncJumpWidth to SJW is applicable
2026-05-17 09:21:22,199 [INFO] Rule:225 - rule TimeTriggeredMode to TTCM is applicable
2026-05-17 09:21:22,199 [INFO] Rule:225 - rule Rename CAN AutoBusOff to ABOM is applicable
2026-05-17 09:21:22,199 [INFO] Rule:225 - rule Rename CAN AutoWakeUp to AWUM is applicable
2026-05-17 09:21:22,199 [INFO] Rule:225 - rule Rename CAN AutoRetransmission to NART is applicable
2026-05-17 09:21:22,199 [INFO] Rule:225 - rule Rename CAN ReceiveFifoLocked to RFLM is applicable
2026-05-17 09:21:22,199 [INFO] Rule:225 - rule Rename CAN TransmitFifoPriority to TXFP is applicable
2026-05-17 09:21:22,199 [INFO] Rule:225 - rule Rename HRTIMER HRTIM_OUTPUTFAULTLEVEL_HIGH in HRTIMER HRTIM_OUTPUTFAULTLEVEL_HIGHZ is applicable
2026-05-17 09:21:22,199 [INFO] Rule:225 - rule Rename TIMER TIM_CLEARINPUTSOURCE_OCREFCLR in  TIMER TIM_CLEARINPUTSOURCE_NONE for F7 family is applicable
2026-05-17 09:21:22,199 [INFO] Rule:225 - rule FDCAN_R1 - Rename FDCAN mode Master into Classic is applicable
2026-05-17 09:21:22,199 [INFO] Rule:225 - rule FDCAN_R2 - Rename FDCAN mode Slave into Classic is applicable
2026-05-17 09:21:22,199 [INFO] Rule:225 - rule FDCAN1_R3 - if PA10.Mode=FullDuplex, add Pin PA12 is applicable
2026-05-17 09:21:22,199 [INFO] Rule:225 - rule FDCAN1_R3 - if PA9.Mode=FullDuplex, add Pin PA11 is applicable
2026-05-17 09:21:22,199 [INFO] Rule:225 - rule FDCAN1_R3 - Alternatepin_1 - if PE1.Mode=FullDuplex, add Pin PB9 is applicable
2026-05-17 09:21:22,199 [INFO] Rule:225 - rule FDCAN1_R3 - Alternatepin_1 - if PE0.Mode=FullDuplex, add Pin PB8 is applicable
2026-05-17 09:21:22,199 [INFO] Rule:225 - rule FDCAN1_R3 - Alternatepin_2 - if PD5.Mode=FullDuplex, add Pin PD1 is applicable
2026-05-17 09:21:22,199 [INFO] Rule:225 - rule FDCAN1_R3 - Alternatepin_2 - if PD4.Mode=FullDuplex, add Pin PD0 is applicable
2026-05-17 09:21:22,199 [INFO] Rule:225 - rule FDCAN1_R4 - Rename Mode FullDuplex into Enable FDCAN_TXFD for pin PA10 is applicable
2026-05-17 09:21:22,199 [INFO] Rule:225 - rule FDCAN1_R4 - Rename Mode FullDuplex into Enable FDCAN_TXFD for pin PA9 is applicable
2026-05-17 09:21:22,199 [INFO] Rule:225 - rule FDCAN1_R4 - Alternatepin_1 - Rename Mode FullDuplex into Enable FDCAN_TXFD for pin PE1 is applicable
2026-05-17 09:21:22,199 [INFO] Rule:225 - rule FDCAN1_R4 - Alternatepin_1 - Rename Mode FullDuplex into Enable FDCAN_TXFD for pin PE0 is applicable
2026-05-17 09:21:22,199 [INFO] Rule:225 - rule FDCAN1_R4 - Alternatepin_2 - Rename Mode FullDuplex into Enable FDCAN_TXFD for pin PD5 is applicable
2026-05-17 09:21:22,199 [INFO] Rule:225 - rule FDCAN1_R4 - Alternatepin_2 - Rename Mode FullDuplex into Enable FDCAN_TXFD for pin PD4 is applicable
2026-05-17 09:21:22,199 [INFO] Rule:225 - rule FDCAN2_R3 - if PD10.Mode=FullDuplex, add Pin PB13 is applicable
2026-05-17 09:21:22,199 [INFO] Rule:225 - rule FDCAN2_R3 - if PD9.Mode=FullDuplex, add Pin PB12 is applicable
2026-05-17 09:21:22,199 [INFO] Rule:225 - rule FDCAN2_R3 - Alternatepin_1 - if PB7.Mode=FullDuplex, add Pin PB6 is applicable
2026-05-17 09:21:22,199 [INFO] Rule:225 - rule FDCAN2_R3 - Alternatepin_1 - if PD9.Mode=FullDuplex, add Pin PB12 is applicable
2026-05-17 09:21:22,199 [INFO] Rule:225 - rule FDCAN2_R4 - Rename Mode FullDuplex into Enable FDCAN_TXFD for pin PD10 is applicable
2026-05-17 09:21:22,199 [INFO] Rule:225 - rule FDCAN2_R4 - Rename Mode FullDuplex into Enable FDCAN_TXFD for pin PD9 is applicable
2026-05-17 09:21:22,199 [INFO] Rule:225 - rule FDCAN2_R4 - Alternatepin_1 - Rename Mode FullDuplex into Enable FDCAN_TXFD for pin PB7 is applicable
2026-05-17 09:21:22,199 [INFO] Rule:225 - rule FDCAN2_R4 - Alternatepin_1 - Rename Mode FullDuplex into Enable FDCAN_TXFD for pin PD6 is applicable
2026-05-17 09:21:22,199 [INFO] Rule:225 - rule USART TxPinLevelInvertParam Mode is applicable
2026-05-17 09:21:22,199 [INFO] Rule:225 - rule USART RxPinLevelInvertParam Mode is applicable
2026-05-17 09:21:22,199 [INFO] Rule:225 - rule USART DataInvertParam Mode is applicable
2026-05-17 09:21:22,199 [INFO] Rule:225 - rule USART SwapParam Mode is applicable
2026-05-17 09:21:22,199 [INFO] Rule:225 - rule USART OverrunDisableParam Mode is applicable
2026-05-17 09:21:22,199 [INFO] Rule:225 - rule USART DMADisableonRxErrorParam Mode is applicable
2026-05-17 09:21:22,199 [INFO] Rule:225 - rule USART MSBFirstParam Mode is applicable
2026-05-17 09:21:22,199 [INFO] Rule:225 - rule Update MwName for USB_DEVICE is applicable
2026-05-17 09:21:22,199 [INFO] Rule:225 - rule Change PWR_Regulator_Voltage_Scale Default Value for RCC  H7 family is applicable
2026-05-17 09:21:22,199 [INFO] Rule:225 - rule UART/USART IPParameter rename Prescaler parameter to ClockPrescaler is applicable
2026-05-17 09:21:22,199 [INFO] Rule:225 - rule UART/USART Prescaler rename Prescaler parameter to ClockPrescaler is applicable
2026-05-17 09:21:22,199 [INFO] Rule:225 - rule TIM1CLockSelection is applicable
2026-05-17 09:21:22,199 [INFO] Rule:225 - rule TIM15CLockSelection is applicable
2026-05-17 09:21:22,200 [INFO] Rule:225 - rule align RCC SDMMC3CLockSelection default value on MP1 is applicable
2026-05-17 09:21:22,200 [INFO] Rule:225 - rule align RCC SDMMC12CLockSelection default value on MP1 is applicable
2026-05-17 09:21:22,200 [INFO] Rule:225 - rule align RCC QSPICLockSelection default value on MP1 is applicable
2026-05-17 09:21:22,200 [INFO] Rule:225 - rule align RCC QSPICLockSelection default value on MP1 is applicable
2026-05-17 09:21:22,200 [INFO] Rule:225 - rule align RCC SPI6CLockSelection default value on MP1 is applicable
2026-05-17 09:21:22,200 [INFO] Rule:225 - rule align RCC LPTIM23CLockSelection default value on MP1 is applicable
2026-05-17 09:21:22,200 [INFO] Rule:225 - rule align RCC LPTIM1CLockSelection default value on MP1 is applicable
2026-05-17 09:21:22,200 [INFO] Rule:225 - rule align RCC USART1CLockSelection default value on MP1 is applicable
2026-05-17 09:21:22,200 [INFO] Rule:225 - rule align RCC USART24CLockSelection default value on MP1 is applicable
2026-05-17 09:21:22,200 [INFO] Rule:225 - rule align RCC USART6CLockSelection default value on MP1 is applicable
2026-05-17 09:21:22,200 [INFO] Rule:225 - rule align RCC UART78CLockSelection default value on MP1 is applicable
2026-05-17 09:21:22,200 [INFO] Rule:225 - rule align RCC USART35CLockSelection default value on MP1 is applicable
2026-05-17 09:21:22,200 [INFO] Rule:225 - rule align RCC SPI45CLockSelection default value on MP1 is applicable
2026-05-17 09:21:22,200 [INFO] Rule:225 - rule align RCC I2C46CLockSelection BCLK value on MP1 is applicable
2026-05-17 09:21:22,200 [INFO] Rule:225 - rule align RCC SPI45CLockSelection default value on MP1 is applicable
2026-05-17 09:21:22,200 [INFO] Rule:225 - rule align RCC I2C12CLockSelection default value on MP1 is applicable
2026-05-17 09:21:22,200 [INFO] Rule:225 - rule align RCC I2C35CLockSelection default value on MP1 is applicable
2026-05-17 09:21:22,200 [INFO] Rule:225 - rule align RCC LPTIM45CLockSelection default value on MP1 is applicable
2026-05-17 09:21:22,200 [INFO] Rule:225 - rule Rename DCMI PIXCK signal is applicable
2026-05-17 09:21:22,200 [INFO] Rule:225 - rule Change Default Value for I2C46CLockSelection MP1 family is applicable
2026-05-17 09:21:22,200 [INFO] Rule:225 - rule Change Default Value for UART for G4, G0 and WB families is applicable
2026-05-17 09:21:22,200 [INFO] Rule:225 - rule Change Default Value for USART for G4, G0 and WB families is applicable
2026-05-17 09:21:22,200 [INFO] Rule:225 - rule Change Default Value for USART for G4 family is applicable
2026-05-17 09:21:22,200 [INFO] Rule:225 - rule Change USART1CLockSelection refparam name for MP1 is applicable
2026-05-17 09:21:22,200 [INFO] Rule:225 - rule Change USART2CLockSelection refparam name for MP1 is applicable
2026-05-17 09:21:22,200 [INFO] Rule:225 - rule Change USART3CLockSelection refparam name for MP1 is applicable
2026-05-17 09:21:22,200 [INFO] Rule:225 - rule Change UART4CLockSelection refparam name for MP1 is applicable
2026-05-17 09:21:22,200 [INFO] Rule:225 - rule Change UART5CLockSelection refparam name for MP1 is applicable
2026-05-17 09:21:22,200 [INFO] Rule:225 - rule Change LPUART1CLockSelection refparam name for MP1 is applicable
2026-05-17 09:21:22,200 [INFO] Rule:225 - rule Change LPTIM1CLockSelection refparam name for MP1 is applicable
2026-05-17 09:21:22,200 [INFO] Rule:225 - rule Change LPTIM2CLockSelection refparam name for MP1 is applicable
2026-05-17 09:21:22,200 [INFO] Rule:225 - rule Change RCC_MCO1Source refparam name for MP1 is applicable
2026-05-17 09:21:22,200 [INFO] Rule:225 - rule Change LSCOSource1 refparam name for MP1 is applicable
2026-05-17 09:21:22,200 [INFO] Rule:225 - rule Change SMPSCLockSelection refparam name for MP1 is applicable
2026-05-17 09:21:22,200 [INFO] Rule:225 - rule Change LPTIM3CLockSelection refparam name for MP1 is applicable
2026-05-17 09:21:22,200 [INFO] Rule:225 - rule Change MPCBB* Default Template Mode to Parameters is applicable
2026-05-17 09:21:22,200 [INFO] Rule:225 - rule Change MPCWM* or MPCBB* Secure Mode to Parameters is applicable
2026-05-17 09:21:22,200 [INFO] Rule:225 - rule Change MPCWM* or MPCBB* No Secure Mode to Parameters is applicable
2026-05-17 09:21:22,200 [INFO] Rule:225 - rule Change TZSC IP Secure Mode to Parameters is applicable
2026-05-17 09:21:22,200 [INFO] Rule:225 - rule Change TZSC IP No Secure Mode to Parameters is applicable
2026-05-17 09:21:22,200 [INFO] Rule:225 - rule Change TZSC IP Privilege Mode to Parameters is applicable
2026-05-17 09:21:22,201 [INFO] Rule:225 - rule Change TZSC IP No Privilege Mode to Parameters is applicable
2026-05-17 09:21:22,201 [INFO] Rule:225 - rule Change TZIC IT Secure Mode to Parameters is applicable
2026-05-17 09:21:22,201 [INFO] Rule:225 - rule Change TZIC IT No Secure Mode to Parameters is applicable
2026-05-17 09:21:22,201 [INFO] Rule:225 - rule Add MPCBB1_NonSecureArea_Start_Address value with referenced to MPCBB1_NonSecureArea_Start value is applicable
2026-05-17 09:21:22,201 [INFO] Rule:225 - rule Add MPCBB2_NonSecureArea_Start_Address value with referenced to MPCBB2_NonSecureArea_Start value is applicable
2026-05-17 09:21:22,201 [INFO] Rule:225 - rule Add MPCWM1_NonSecureArea*_Start_Address value with referenced to MPCWM1_NonSecureArea*_Start value is applicable
2026-05-17 09:21:22,201 [INFO] Rule:225 - rule Add MPCWM2_NonSecureArea*_Start_Address value with referenced to MPCWM2_NonSecureArea*_Start value is applicable
2026-05-17 09:21:22,201 [INFO] Rule:225 - rule Add MPCWM3_NonSecureArea_Start_Address value with referenced to MPCWM3_NonSecureArea_Start value is applicable
2026-05-17 09:21:22,201 [INFO] Rule:225 - rule Change Default Value for PLL1UserDefinedConfig is applicable
2026-05-17 09:21:22,201 [INFO] Rule:225 - rule Change GPIO_PuPd Default Value for USART in async mode is applicable
2026-05-17 09:21:22,201 [INFO] Rule:225 - rule Change SMPSDivider Default Value is applicable
2026-05-17 09:21:22,201 [INFO] Rule:225 - rule OPAMP is applicable
2026-05-17 09:21:22,201 [INFO] Rule:225 - rule LPUART IPParameter rename Prescaler parameter to ClockPrescaler for STM32H7 is applicable
2026-05-17 09:21:22,201 [INFO] Rule:225 - rule LPUART IPParameter rename Prescaler parameter to ClockPrescaler for STM32H7 is applicable
2026-05-17 09:21:22,201 [INFO] Rule:225 - rule LPUART IPParameter rename Prescaler parameter to ClockPrescaler for STM32WB is applicable
2026-05-17 09:21:22,201 [INFO] Rule:225 - rule LPUART IPParameter rename Prescaler parameter to ClockPrescaler for STM32WB is applicable
2026-05-17 09:21:22,201 [INFO] Rule:225 - rule LPUART IPParameter rename Prescaler parameter to ClockPrescaler for STM32G4 is applicable
2026-05-17 09:21:22,201 [INFO] Rule:225 - rule LPUART IPParameter rename Prescaler parameter to ClockPrescaler for STM32G4 is applicable
2026-05-17 09:21:22,201 [INFO] Rule:225 - rule LPUART IPParameter rename Prescaler parameter to ClockPrescaler for STM32L5 is applicable
2026-05-17 09:21:22,201 [INFO] Rule:225 - rule LPUART IPParameter rename Prescaler parameter to ClockPrescaler for STM32L5 is applicable
2026-05-17 09:21:22,201 [INFO] Rule:225 - rule LPUART IPParameter rename Prescaler parameter to ClockPrescaler for STM32G4 is applicable
2026-05-17 09:21:22,201 [INFO] Rule:225 - rule LPUART IPParameter rename Prescaler parameter to ClockPrescaler for STM32G4 is applicable
2026-05-17 09:21:22,201 [INFO] Rule:225 - rule USB device lib V2.5.3 for L0 rename USBD_SUPPORT_USER_STRING parameter to USBD_SUPPORT_USER_STRING_DESC4 is applicable
2026-05-17 09:21:22,201 [INFO] Rule:225 - rule I2SCLockSelection clock entry align is applicable
2026-05-17 09:21:22,201 [INFO] Rule:225 - rule Assign TIMx context if used as SYS timebase is applicable
2026-05-17 09:21:22,201 [INFO] Rule:225 - rule Change GPIO_Pu Default Value for I2C is applicable
2026-05-17 09:21:22,201 [INFO] Rule:225 - rule Change GPIO_Pu Default Value for SMBus is applicable
2026-05-17 09:21:22,201 [INFO] Rule:225 - rule change FDCAN default value is applicable
2026-05-17 09:21:22,201 [INFO] Rule:225 - rule Change mode sai is applicable
2026-05-17 09:21:22,201 [INFO] Rule:225 - rule **Change sai mode is applicable
2026-05-17 09:21:22,201 [INFO] Rule:225 - rule Rename STM32WPAN CFG_BLE_IRK to CFG_BLE_IR is applicable
2026-05-17 09:21:22,201 [INFO] Rule:225 - rule Rename STM32WPAN CFG_BLE_ERK to CFG_BLE_ER is applicable
2026-05-17 09:21:22,201 [INFO] Rule:225 - rule Rename STM32WPAN CFG_BLE_IRK_HEX to CFG_BLE_IR_HEX is applicable
2026-05-17 09:21:22,201 [INFO] Rule:225 - rule Rename STM32WPAN CFG_BLE_ERK_HEX to CFG_BLE_ER_HEX is applicable
2026-05-17 09:21:22,201 [INFO] Rule:225 - rule Adapt Old IOC before rework replace old CORTEX_M33/CORTEX_M55 attributes by the new one. is applicable
2026-05-17 09:21:22,201 [INFO] Rule:225 - rule Rename parametre of RCC RCC_APBDBG_DIV2 to RCC_TIMPRES_DIV2 is applicable
2026-05-17 09:21:22,201 [INFO] Rule:225 - rule Rename DIE493 pin PA10 [PA12] -> PA10 is applicable
2026-05-17 09:21:22,201 [INFO] Rule:225 - rule Rename DIE493 pin PA9 [PA11] -> PA9 is applicable
2026-05-17 09:21:22,201 [INFO] Rule:225 - rule Adapt Old IOC CSI. is applicable
2026-05-17 09:21:22,209 [INFO] DbConfProperties:307 - Apply Compatibility (49/267 Rules)
2026-05-17 09:21:22,218 [INFO] ImportTextPane:218 - (OptionalMessage_ERROR) Unable to find key (Mcu.ThirdPartyNb) in loaded IOC file
2026-05-17 09:21:22,219 [INFO] ImportTextPane:218 - (OptionalMessage_ERROR) Pin12 (VP_RIF_VS_RIF1) cannot be retrieved for this MCU
2026-05-17 09:21:22,253 [INFO] RtosManager:558 - Registered RTOS mode: class=CMSIS, group=RTOS, mode=CMSIS_V1, owner=FREERTOS
2026-05-17 09:21:22,253 [INFO] RtosManager:558 - Registered RTOS mode: class=CMSIS, group=RTOS2, mode=CMSIS_V2, owner=FREERTOS
2026-05-17 09:21:22,253 [INFO] RtosManager:558 - Registered RTOS mode: class=RTOS, group=Core, mode=CMSIS_V1, owner=FREERTOS
2026-05-17 09:21:22,253 [INFO] RtosManager:558 - Registered RTOS mode: class=RTOS, group=Core, mode=CMSIS_V2, owner=FREERTOS
2026-05-17 09:21:22,253 [WARN] ModelIntegratedComponent:184 - Missing modes for component STMicroelectronics:FreeRTOS:0.0.1:STMicroelectronics:RTOS:FreeRTOS:Core:::10.2.0:
2026-05-17 09:21:22,265 [WARN] ModelIntegratedComponent:63 - No mode defined for component null
2026-05-17 09:21:22,265 [WARN] ModelIntegratedComponent:63 - No mode defined for component null
2026-05-17 09:21:22,265 [WARN] ModelIntegratedComponent:63 - No mode defined for component null
2026-05-17 09:21:22,265 [WARN] ModelIntegratedComponent:63 - No mode defined for component null
2026-05-17 09:21:22,265 [WARN] ModelIntegratedComponent:63 - No mode defined for component null
2026-05-17 09:21:22,265 [WARN] ModelIntegratedComponent:63 - No mode defined for component null
2026-05-17 09:21:22,265 [WARN] ModelIntegratedComponent:63 - No mode defined for component null
2026-05-17 09:21:22,265 [WARN] ModelIntegratedComponent:63 - No mode defined for component null
2026-05-17 09:21:22,265 [WARN] ModelIntegratedComponent:63 - No mode defined for component null
2026-05-17 09:21:22,265 [WARN] ModelIntegratedComponent:63 - No mode defined for component null
2026-05-17 09:21:22,265 [WARN] ModelIntegratedComponent:63 - No mode defined for component null
2026-05-17 09:21:22,266 [WARN] ModelIntegratedComponent:63 - No mode defined for component null
2026-05-17 09:21:22,266 [WARN] ModelIntegratedComponent:63 - No mode defined for component null
2026-05-17 09:21:22,266 [WARN] ModelIntegratedComponent:63 - No mode defined for component null
2026-05-17 09:21:22,266 [WARN] ModelIntegratedComponent:63 - No mode defined for component null
2026-05-17 09:21:22,266 [WARN] ModelIntegratedComponent:63 - No mode defined for component null
2026-05-17 09:21:22,266 [WARN] ModelIntegratedComponent:63 - No mode defined for component null
2026-05-17 09:21:22,266 [WARN] ModelIntegratedComponent:63 - No mode defined for component null
2026-05-17 09:21:22,266 [WARN] ModelIntegratedComponent:63 - No mode defined for component null
2026-05-17 09:21:22,266 [WARN] ModelIntegratedComponent:63 - No mode defined for component null
2026-05-17 09:21:22,266 [WARN] ModelIntegratedComponent:63 - No mode defined for component null
2026-05-17 09:21:22,266 [WARN] ModelIntegratedComponent:63 - No mode defined for component null
2026-05-17 09:21:22,266 [WARN] ModelIntegratedComponent:63 - No mode defined for component null
2026-05-17 09:21:22,266 [WARN] ModelIntegratedComponent:63 - No mode defined for component null
2026-05-17 09:21:22,266 [WARN] ModelIntegratedComponent:63 - No mode defined for component null
2026-05-17 09:21:22,266 [WARN] ModelIntegratedComponent:63 - No mode defined for component null
2026-05-17 09:21:22,266 [WARN] ModelIntegratedComponent:63 - No mode defined for component null
2026-05-17 09:21:22,266 [WARN] ModelIntegratedComponent:63 - No mode defined for component null
2026-05-17 09:21:22,266 [WARN] ModelIntegratedComponent:63 - No mode defined for component null
2026-05-17 09:21:22,266 [WARN] ModelIntegratedComponent:63 - No mode defined for component null
2026-05-17 09:21:22,266 [WARN] ModelIntegratedComponent:63 - No mode defined for component null
2026-05-17 09:21:22,266 [WARN] ModelIntegratedComponent:63 - No mode defined for component null
2026-05-17 09:21:22,266 [WARN] ModelIntegratedComponent:63 - No mode defined for component null
2026-05-17 09:21:22,266 [WARN] ModelIntegratedComponent:63 - No mode defined for component null
2026-05-17 09:21:22,266 [WARN] ModelIntegratedComponent:63 - No mode defined for component null
2026-05-17 09:21:22,266 [WARN] ModelPack:524 - Component already loaded: STMicroelectronics:HAL Drivers:0.0.0:STMicroelectronics:Device:STMicro_Driver:XSPI:HAL::0.0.1:HAL_XSPI
2026-05-17 09:21:22,353 [INFO] ThirdPartyModel:298 - Start build external matchings
2026-05-17 09:21:22,555 [INFO] ThirdPartyModel:316 - End build external matchings
2026-05-17 09:21:22,565 [INFO] ImportTextPane:218 - (OptionalMessage_ERROR) IP (RCC) : Invalid parameter (48MHZClocksFreq_Value)
2026-05-17 09:21:22,565 [INFO] ImportTextPane:218 - (OptionalMessage_ERROR) IP (RCC) : Invalid parameter (EthernetFreq_Value)
2026-05-17 09:21:22,566 [INFO] ImportTextPane:218 - (OptionalMessage_ERROR) IP (RCC) : Parameter (FLatency) has Id (AdvancedSettings) currently not set
2026-05-17 09:21:22,566 [INFO] ImportTextPane:218 - (OptionalMessage_ERROR) IP (RCC) : Invalid parameter (FamilyName)
2026-05-17 09:21:22,566 [INFO] ImportTextPane:218 - (OptionalMessage_ERROR) IP (RCC) : Invalid parameter (I2SClocksFreq_Value)
2026-05-17 09:21:22,567 [INFO] ImportTextPane:218 - (OptionalMessage_ERROR) IP (RCC) : Parameter (SDIOFreq_Value) has invalid value (168000000)
2026-05-17 09:21:22,567 [INFO] ImportTextPane:218 - (OptionalMessage_ERROR) IP (RCC) : Parameter (USBFreq_Value) has invalid value (168000000)
2026-05-17 09:21:22,567 [INFO] ImportTextPane:218 - (OptionalMessage_ERROR) IP (RCC) : Invalid parameter (VCOInputMFreq_Value)
2026-05-17 09:21:22,567 [INFO] ImportTextPane:218 - (OptionalMessage_ERROR) IP (RCC) : Invalid parameter (VcooutputI2S)
2026-05-17 09:21:22,854 [INFO] UtilMem:75 - End LoadConfig() Used Memory: 872044888 Bytes (1073741824)
2026-05-17 09:21:22,950 [WARN] ThirdParty:833 - waiting for thirdparty lock release [change project]
2026-05-17 09:21:22,950 [INFO] ThirdParty:835 - entering critical section [change project]
2026-05-17 09:21:22,950 [INFO] ThirdParty:1030 - CMSIS Pack Vendor :STMicroelectronics X-CUBE-AZRTOS-H7 3.5.0
2026-05-17 09:21:22,950 [INFO] ThirdParty:1030 - CMSIS Pack Vendor :STMicroelectronics X-CUBE-PM33A1 1.0.0
2026-05-17 09:21:22,950 [INFO] ThirdParty:1030 - CMSIS Pack Vendor :STMicroelectronics USBPD 4.1
2026-05-17 09:21:22,950 [INFO] ThirdParty:1030 - CMSIS Pack Vendor :STMicroelectronics X-CUBE-NFC9 1.0.0
2026-05-17 09:21:22,950 [INFO] ThirdParty:1030 - CMSIS Pack Vendor :STMicroelectronics USB_HOST 2.0.0
2026-05-17 09:21:22,950 [INFO] ThirdParty:1030 - CMSIS Pack Vendor :STMicroelectronics X-CUBE-AZRTOS-F4 1.1.0
2026-05-17 09:21:22,950 [INFO] ThirdParty:1030 - CMSIS Pack Vendor :STMicroelectronics LIBJPEG 8.0.0
2026-05-17 09:21:22,950 [INFO] ThirdParty:1030 - CMSIS Pack Vendor :STMicroelectronics FP-ATR-ASTRA1 2.0.2
2026-05-17 09:21:22,950 [INFO] ThirdParty:1030 - CMSIS Pack Vendor :STMicroelectronics X-CUBE-BLE1 7.1.0
2026-05-17 09:21:22,950 [INFO] ThirdParty:1030 - CMSIS Pack Vendor :STMicroelectronics X-CUBE-SMBUS 2.1.0
2026-05-17 09:21:22,950 [INFO] ThirdParty:1030 - CMSIS Pack Vendor :wolfSSL I-CUBE-wolfMQTT 1.19.2
2026-05-17 09:21:22,950 [INFO] ThirdParty:1030 - CMSIS Pack Vendor :STMicroelectronics USB_DEVICE 3.0.0
2026-05-17 09:21:22,950 [INFO] ThirdParty:1030 - CMSIS Pack Vendor :STMicroelectronics X-CUBE-ISPU 2.1.0
2026-05-17 09:21:22,950 [INFO] ThirdParty:1030 - CMSIS Pack Vendor :STMicroelectronics X-CUBE-EEPRMA1 5.2.0
2026-05-17 09:21:22,950 [INFO] ThirdParty:1030 - CMSIS Pack Vendor :STMicroelectronics X-CUBE-BLEMGR 4.1.0
2026-05-17 09:21:22,950 [INFO] ThirdParty:1030 - CMSIS Pack Vendor :STMicroelectronics eDS-WB_DPC_TT-BIDIR 2.1.1
2026-05-17 09:21:22,950 [INFO] ThirdParty:1030 - CMSIS Pack Vendor :STMicroelectronics X-CUBE-AZRTOS-WB 2.0.0
2026-05-17 09:21:22,950 [INFO] ThirdParty:1030 - CMSIS Pack Vendor :STMicroelectronics X-CUBE-NFC12 1.0.0
2026-05-17 09:21:22,951 [INFO] ThirdParty:1030 - CMSIS Pack Vendor :STMicroelectronics X-CUBE-AZRTOS-F7 1.1.0
2026-05-17 09:21:22,951 [INFO] ThirdParty:1030 - CMSIS Pack Vendor :STMicroelectronics X-CUBE-AZRTOS-L5 2.0.0
2026-05-17 09:21:22,951 [INFO] ThirdParty:1030 - CMSIS Pack Vendor :STMicroelectronics USB_DEVICE 2.0.0
2026-05-17 09:21:22,951 [INFO] ThirdParty:1030 - CMSIS Pack Vendor :quantropi X-CUBE-qispace-sdk-base 2.1.0
2026-05-17 09:21:22,951 [INFO] ThirdParty:1030 - CMSIS Pack Vendor :STMicroelectronics X-CUBE-STSE01 2.0.0
2026-05-17 09:21:22,951 [INFO] ThirdParty:1030 - CMSIS Pack Vendor :STMicroelectronics FreeRTOS 0.0.1
2026-05-17 09:21:22,951 [INFO] ThirdParty:1030 - CMSIS Pack Vendor :STMicroelectronics X-CUBE-AZRTOS-G0 1.1.0
2026-05-17 09:21:22,951 [INFO] ThirdParty:1030 - CMSIS Pack Vendor :STMicroelectronics X-CUBE-NFC4 3.0.0
2026-05-17 09:21:22,951 [INFO] ThirdParty:1030 - CMSIS Pack Vendor :STMicroelectronics X-CUBE-SUBG2 5.0.0
2026-05-17 09:21:22,951 [INFO] ThirdParty:1030 - CMSIS Pack Vendor :STMicroelectronics STM32_WPAN 1.0.0
2026-05-17 09:21:22,951 [INFO] ThirdParty:1030 - CMSIS Pack Vendor :STMicroelectronics eDS-WB_DPC_VIENNA 1.2.0
2026-05-17 09:21:22,951 [INFO] ThirdParty:1030 - CMSIS Pack Vendor :EmbeddedOffice I-CUBE-FS-RTOS 1.0.1
2026-05-17 09:21:22,951 [INFO] ThirdParty:1030 - CMSIS Pack Vendor :STMicroelectronics lwIP 2.0.3
2026-05-17 09:21:22,951 [INFO] ThirdParty:1030 - CMSIS Pack Vendor :STMicroelectronics eDS-WB_DPC_3PH2L-BIDIR 1.1.1
2026-05-17 09:21:22,951 [INFO] ThirdParty:1030 - CMSIS Pack Vendor :STMicroelectronics USB_HOST 1.0.0
2026-05-17 09:21:22,951 [INFO] ThirdParty:1030 - CMSIS Pack Vendor :STMicroelectronics X-CUBE-AZRTOS-G4 2.0.0
2026-05-17 09:21:22,951 [INFO] ThirdParty:1030 - CMSIS Pack Vendor :STMicroelectronics PDM2PCM 3.1.0
2026-05-17 09:21:22,951 [INFO] ThirdParty:1030 - CMSIS Pack Vendor :STMicroelectronics PDM2PCM 3.3.0
2026-05-17 09:21:22,951 [INFO] ThirdParty:1030 - CMSIS Pack Vendor :wolfSSL I-CUBE-wolfTPM 3.8.0
2026-05-17 09:21:22,951 [INFO] ThirdParty:1030 - CMSIS Pack Vendor :STMicroelectronics X-CUBE-DISPLAY 3.0.0
2026-05-17 09:21:22,951 [INFO] ThirdParty:1030 - CMSIS Pack Vendor :wolfSSL I-CUBE-wolfSSH 1.4.20
2026-05-17 09:21:22,951 [INFO] ThirdParty:1030 - CMSIS Pack Vendor :STMicroelectronics X-CUBE-NFC7 2.0.0
2026-05-17 09:21:22,951 [INFO] ThirdParty:1030 - CMSIS Pack Vendor :STMicroelectronics X-CUBE-GNSS1 7.1.1
2026-05-17 09:21:22,951 [INFO] ThirdParty:1030 - CMSIS Pack Vendor :STMicroelectronics X-CUBE-TCPP 4.2.0
2026-05-17 09:21:22,951 [INFO] ThirdParty:1030 - CMSIS Pack Vendor :RealThread X-CUBE-RT-Thread_Nano 4.1.1
2026-05-17 09:21:22,951 [INFO] ThirdParty:1030 - CMSIS Pack Vendor :wolfSSL I-CUBE-wolfSSL 5.9.1
2026-05-17 09:21:22,951 [INFO] ThirdParty:1030 - CMSIS Pack Vendor :STMicroelectronics FP-ATR-SIGFOX1 3.2.0
2026-05-17 09:21:22,951 [INFO] ThirdParty:1030 - CMSIS Pack Vendor :STMicroelectronics X-CUBE-NFC10 1.0.0
2026-05-17 09:21:22,951 [INFO] ThirdParty:1030 - CMSIS Pack Vendor :STMicroelectronics HAL Drivers 0.0.0
2026-05-17 09:21:22,951 [INFO] ThirdParty:1030 - CMSIS Pack Vendor :STMicroelectronics MBEDTLS 2.16.2
2026-05-17 09:21:22,951 [INFO] ThirdParty:1030 - CMSIS Pack Vendor :STMicroelectronics X-CUBE-ST60 1.1.0
2026-05-17 09:21:22,951 [INFO] ThirdParty:1030 - CMSIS Pack Vendor :STMicroelectronics X-CUBE-ALS 1.0.2
2026-05-17 09:21:22,951 [INFO] ThirdParty:1030 - CMSIS Pack Vendor :emotas I-CUBE-CANOPEN 1.3.0
2026-05-17 09:21:22,951 [INFO] ThirdParty:1030 - CMSIS Pack Vendor :STMicroelectronics MBEDTLS 2.14.1
2026-05-17 09:21:22,951 [INFO] ThirdParty:1030 - CMSIS Pack Vendor :ITTIA_DB I-CUBE-ITTIADB 8.9.0
2026-05-17 09:21:22,951 [INFO] ThirdParty:1030 - CMSIS Pack Vendor :Cesanta I-CUBE-Mongoose 7.21.7
2026-05-17 09:21:22,951 [INFO] ThirdParty:1030 - CMSIS Pack Vendor :STMicroelectronics X-CUBE-TOUCHGFX 4.26.1
2026-05-17 09:21:22,951 [INFO] ThirdParty:1030 - CMSIS Pack Vendor :STMicroelectronics X-CUBE-NFC6 3.2.0
2026-05-17 09:21:22,951 [INFO] ThirdParty:1030 - CMSIS Pack Vendor :STMicroelectronics X-CUBE-AI 10.2.0
2026-05-17 09:21:22,951 [INFO] ThirdParty:1030 - CMSIS Pack Vendor :STMicroelectronics ThreadX 1.0.0
2026-05-17 09:21:22,951 [INFO] ThirdParty:1030 - CMSIS Pack Vendor :STMicroelectronics FP-SNS-SMARTAG2 1.2.0
2026-05-17 09:21:22,951 [INFO] ThirdParty:1030 - CMSIS Pack Vendor :STMicroelectronics X-CUBE-MEMS1 12.1.0
2026-05-17 09:21:22,951 [INFO] ThirdParty:1030 - CMSIS Pack Vendor :STMicroelectronics FP-SNS-FLIGHT1 5.1.0
2026-05-17 09:21:22,952 [INFO] ThirdParty:1030 - CMSIS Pack Vendor :STMicroelectronics X-CUBE-AZRTOS-WL 2.0.0
2026-05-17 09:21:22,952 [INFO] ThirdParty:1030 - CMSIS Pack Vendor :SEGGER I-CUBE-embOS 1.3.1
2026-05-17 09:21:22,952 [INFO] ThirdParty:1030 - CMSIS Pack Vendor :STMicroelectronics X-CUBE-ALGOBUILD 1.4.0
2026-05-17 09:21:22,952 [INFO] ThirdParty:1030 - CMSIS Pack Vendor :STMicroelectronics X-CUBE-DPower 1.3.0
2026-05-17 09:21:22,952 [INFO] ThirdParty:1030 - CMSIS Pack Vendor :STMicroelectronics USB_DEVICE 1.0.0
2026-05-17 09:21:22,952 [INFO] ThirdParty:1030 - CMSIS Pack Vendor :STMicroelectronics X-CUBE-AZRTOS-H7RS 1.2.0
2026-05-17 09:21:22,952 [INFO] ThirdParty:1030 - CMSIS Pack Vendor :STMicroelectronics X-CUBE-AZRTOS-L4 2.0.0
2026-05-17 09:21:22,952 [INFO] ThirdParty:1030 - CMSIS Pack Vendor :STMicroelectronics ThreadX 0.0.2
2026-05-17 09:21:22,952 [INFO] ThirdParty:1030 - CMSIS Pack Vendor :STMicroelectronics lwIP 2.1.2
2026-05-17 09:21:22,952 [INFO] ThirdParty:1030 - CMSIS Pack Vendor :STMicroelectronics X-CUBE-SFXS2LP1 4.0.0
2026-05-17 09:21:22,952 [INFO] ThirdParty:1030 - CMSIS Pack Vendor :STMicroelectronics X-CUBE-BLE2 3.3.0
2026-05-17 09:21:22,952 [INFO] ThirdParty:1030 - CMSIS Pack Vendor :Avnet-IOTCONNECT X-CUBE-iotc-st67-sdk 1.0.0
2026-05-17 09:21:22,952 [INFO] ThirdParty:1030 - CMSIS Pack Vendor :STMicroelectronics X-CUBE-TOF1 3.4.3
2026-05-17 09:21:22,952 [INFO] ThirdParty:1030 - CMSIS Pack Vendor :Infineon AIROC-Wi-Fi-Bluetooth-STM32 1.8.0
2026-05-17 09:21:22,952 [INFO] ThirdParty:1030 - CMSIS Pack Vendor :STMicroelectronics PDM2PCM 3.2.0
2026-05-17 09:21:22,952 [INFO] ThirdParty:1030 - CMSIS Pack Vendor :STMicroelectronics X-CUBE-WB05N 2.1.0
2026-05-17 09:21:22,952 [INFO] ThirdParty:841 - exiting critical section [change project]
2026-05-17 09:21:23,104 [INFO] PinOutPanel:1589 - setPackage(No Configuration,No Configuration)
2026-05-17 09:21:23,104 [INFO] PinOutPanel:1589 - setPackage(STM32F446RETx,LQFP64)
2026-05-17 09:21:23,388 [INFO] UtilMem:75 - Before build in PCC Used Memory: 897675016 Bytes (1073741824)
2026-05-17 09:21:23,577 [INFO] UtilMem:75 - After build in PCC Used Memory: 947480328 Bytes (1073741824)
2026-05-17 09:21:23,592 [INFO] IPUIPlugin:80 - create IPUIPlugin
2026-05-17 09:21:23,592 [INFO] IPUIPlugin:80 - create IPUIPlugin
2026-05-17 09:21:23,592 [INFO] IPUIPlugin:80 - create IPUIPlugin
2026-05-17 09:21:23,592 [INFO] IPUIPlugin:80 - create IPUIPlugin
2026-05-17 09:21:23,592 [INFO] IPUIPlugin:80 - create IPUIPlugin
2026-05-17 09:21:23,592 [INFO] IPUIPlugin:80 - create IPUIPlugin
2026-05-17 09:21:23,592 [INFO] IPUIPlugin:80 - create IPUIPlugin
2026-05-17 09:21:23,593 [INFO] IPUIPlugin:80 - create IPUIPlugin
2026-05-17 09:21:23,593 [INFO] IPUIPlugin:80 - create IPUIPlugin
2026-05-17 09:21:23,593 [INFO] IPUIPlugin:80 - create IPUIPlugin
2026-05-17 09:21:23,593 [INFO] IPUIPlugin:80 - create IPUIPlugin
2026-05-17 09:21:23,593 [INFO] IPUIPlugin:80 - create IPUIPlugin
2026-05-17 09:21:23,593 [INFO] IPUIPlugin:80 - create IPUIPlugin
2026-05-17 09:21:23,593 [INFO] IPUIPlugin:80 - create IPUIPlugin
2026-05-17 09:21:23,593 [INFO] IPUIPlugin:80 - create IPUIPlugin
2026-05-17 09:21:23,593 [INFO] IPUIPlugin:80 - create IPUIPlugin
2026-05-17 09:21:23,593 [INFO] IPUIPlugin:80 - create IPUIPlugin
2026-05-17 09:21:23,593 [INFO] IPUIPlugin:80 - create IPUIPlugin
2026-05-17 09:21:23,593 [INFO] IPUIPlugin:80 - create IPUIPlugin
2026-05-17 09:21:23,593 [INFO] IPUIPlugin:80 - create IPUIPlugin
2026-05-17 09:21:23,594 [INFO] IPUIPlugin:80 - create IPUIPlugin
2026-05-17 09:21:23,594 [INFO] IPUIPlugin:80 - create IPUIPlugin
2026-05-17 09:21:23,594 [INFO] IPUIPlugin:80 - create IPUIPlugin
2026-05-17 09:21:23,594 [INFO] IPUIPlugin:80 - create IPUIPlugin
2026-05-17 09:21:23,594 [INFO] IPUIPlugin:80 - create IPUIPlugin
2026-05-17 09:21:23,594 [INFO] IPUIPlugin:80 - create IPUIPlugin
2026-05-17 09:21:23,594 [INFO] IPUIPlugin:80 - create IPUIPlugin
2026-05-17 09:21:23,594 [INFO] IPUIPlugin:80 - create IPUIPlugin
2026-05-17 09:21:23,595 [INFO] IPUIPlugin:80 - create IPUIPlugin
2026-05-17 09:21:23,595 [INFO] IPUIPlugin:80 - create IPUIPlugin
2026-05-17 09:21:23,595 [INFO] IPUIPlugin:80 - create IPUIPlugin
2026-05-17 09:21:23,595 [INFO] IPUIPlugin:80 - create IPUIPlugin
2026-05-17 09:21:23,595 [INFO] IPUIPlugin:80 - create IPUIPlugin
2026-05-17 09:21:23,595 [INFO] IPUIPlugin:80 - create IPUIPlugin
2026-05-17 09:21:23,595 [INFO] IPUIPlugin:80 - create IPUIPlugin
2026-05-17 09:21:23,595 [INFO] IPUIPlugin:80 - create IPUIPlugin
2026-05-17 09:21:23,595 [INFO] IPUIPlugin:80 - create IPUIPlugin
2026-05-17 09:21:23,596 [INFO] IPUIPlugin:80 - create IPUIPlugin
2026-05-17 09:21:23,596 [INFO] IPUIPlugin:80 - create IPUIPlugin
2026-05-17 09:21:23,596 [INFO] IPUIPlugin:80 - create IPUIPlugin
2026-05-17 09:21:23,596 [INFO] IPUIPlugin:80 - create IPUIPlugin
2026-05-17 09:21:23,596 [INFO] IPUIPlugin:80 - create IPUIPlugin
2026-05-17 09:21:23,596 [INFO] IPUIPlugin:80 - create IPUIPlugin
2026-05-17 09:21:23,596 [INFO] IPUIPlugin:80 - create IPUIPlugin
2026-05-17 09:21:23,596 [INFO] IPUIPlugin:80 - create IPUIPlugin
2026-05-17 09:21:23,597 [INFO] IPUIPlugin:80 - create IPUIPlugin
2026-05-17 09:21:23,597 [INFO] IPUIPlugin:80 - create IPUIPlugin
2026-05-17 09:21:23,597 [INFO] IPUIPlugin:80 - create IPUIPlugin
2026-05-17 09:21:23,597 [INFO] IPUIPlugin:80 - create IPUIPlugin
2026-05-17 09:21:23,597 [INFO] IPUIPlugin:80 - create IPUIPlugin
2026-05-17 09:21:23,597 [INFO] IPUIPlugin:80 - create IPUIPlugin
2026-05-17 09:21:23,597 [INFO] IPUIPlugin:80 - create IPUIPlugin
2026-05-17 09:21:23,598 [INFO] IPUIPlugin:80 - create IPUIPlugin
2026-05-17 09:21:23,598 [INFO] IPUIPlugin:80 - create IPUIPlugin
2026-05-17 09:21:23,598 [INFO] IPUIPlugin:80 - create IPUIPlugin
2026-05-17 09:21:23,598 [INFO] IPUIPlugin:80 - create IPUIPlugin
2026-05-17 09:21:23,598 [INFO] IPUIPlugin:80 - create IPUIPlugin
2026-05-17 09:21:23,599 [INFO] IPUIPlugin:80 - create IPUIPlugin
2026-05-17 09:21:23,599 [INFO] IPUIPlugin:80 - create IPUIPlugin
2026-05-17 09:21:23,599 [INFO] IPUIPlugin:80 - create IPUIPlugin
2026-05-17 09:21:23,604 [INFO] ApiDbMcu:508 - Load IP Config File for PDM2PCM
2026-05-17 09:21:23,643 [INFO] CADModel:165 - CPN selected for project levelSTM32F446RET6
2026-05-17 09:21:23,644 [INFO] CADModel:114 - Register for checkConnection events
2026-05-17 09:21:23,691 [INFO] OpenFileManager:385 - Restore cursor
2026-05-17 09:21:24,083 [INFO] UtilMem:75 - End SaveConfig() Used Memory: 930499392 Bytes (1073741824)
2026-05-17 09:21:24,169 [INFO] UtilMem:75 - End SaveConfig() Used Memory: 953009248 Bytes (1073741824)
2026-05-17 09:21:24,484 [INFO] BlockDiagram:2775 - set Specific Code input for plugin: SYS
2026-05-17 09:21:24,484 [INFO] BlockDiagram:2775 - set Specific Code input for plugin: RCC
2026-05-17 09:21:24,484 [INFO] BlockDiagram:2775 - set Specific Code input for plugin: NVIC
2026-05-17 09:21:24,484 [INFO] BlockDiagram:2775 - set Specific Code input for plugin: USART
2026-05-17 09:21:24,484 [INFO] BlockDiagram:2775 - set Specific Code input for plugin: GPIO
2026-05-17 09:21:24,486 [INFO] CodeGenerator:882 - code generatio: config db path: B:\ST\STM32CubeIDE_1.18.1\STM32CubeIDE\plugins\com.st.stm32cube.common.mx_6.14.1.202504091515\\db\
2026-05-17 09:21:24,582 [INFO] CodeEngine:263 - oldGeneratedFile, B:\stm32\WWDG\MXTmpFiles\license.tmp_save
2026-05-17 09:21:24,837 [INFO] CodeEngine:287 - Generated code: B:\stm32\WWDG\MXTmpFiles\license.tmp
2026-05-17 09:21:24,858 [INFO] CodeEngine:263 - oldGeneratedFile, B:\stm32\WWDG\MXTmpFiles\gpio.tmp_save
2026-05-17 09:21:24,970 [INFO] CodeEngine:287 - Generated code: B:\stm32\WWDG\MXTmpFiles\gpio.tmp
2026-05-17 09:21:25,002 [INFO] CodeEngine:263 - oldGeneratedFile, B:\stm32\WWDG\Core\Src\stm32f4xx_it.c_save
2026-05-17 09:21:25,207 [INFO] CodeEngine:287 - Generated code: B:\stm32\WWDG\Core\Src\stm32f4xx_it.c
2026-05-17 09:21:25,210 [INFO] CodeEngine:263 - oldGeneratedFile, B:\stm32\WWDG\Core\Inc\stm32f4xx_it.h_save
2026-05-17 09:21:25,264 [INFO] CodeEngine:287 - Generated code: B:\stm32\WWDG\Core\Inc\stm32f4xx_it.h
2026-05-17 09:21:25,274 [INFO] CodeEngine:263 - oldGeneratedFile, B:\stm32\WWDG\Core\Src\stm32f4xx_hal_msp.c_save
2026-05-17 09:21:25,361 [INFO] CodeEngine:287 - Generated code: B:\stm32\WWDG\Core\Src\stm32f4xx_hal_msp.c
2026-05-17 09:21:25,364 [INFO] CodeEngine:263 - oldGeneratedFile, B:\stm32\WWDG\MXTmpFiles\system.tmp_save
2026-05-17 09:21:25,408 [INFO] CodeEngine:287 - Generated code: B:\stm32\WWDG\MXTmpFiles\system.tmp
2026-05-17 09:21:25,416 [INFO] CodeEngine:319 - oldGeneratedFile, B:\stm32\WWDG\Core\Inc\stm32f4xx_hal_conf.h_save
2026-05-17 09:21:25,466 [INFO] CodeEngine:343 - Generated code: B:\stm32\WWDG\Core\Inc\stm32f4xx_hal_conf.h
2026-05-17 09:21:25,483 [WARN] IPConfigManager:3217 - Warning: the RefConfig PLL2P_FOR_MCO is not available in your config.xml file
2026-05-17 09:21:25,486 [INFO] ApiDbMcu:508 - Load IP Config File for USART2
2026-05-17 09:21:25,488 [INFO] ApiDbMcu:508 - Load IP Config File for RCC
2026-05-17 09:21:25,495 [INFO] CodeEngine:263 - oldGeneratedFile, B:\stm32\WWDG\Core\Inc\main.h_save
2026-05-17 09:21:25,559 [INFO] CodeEngine:287 - Generated code: B:\stm32\WWDG\Core\Inc\main.h
2026-05-17 09:21:25,562 [INFO] CodeEngine:263 - oldGeneratedFile, B:\stm32\WWDG\Core\Src\main.c_save
2026-05-17 09:21:25,633 [INFO] CodeEngine:287 - Generated code: B:\stm32\WWDG\Core\Src\main.c
2026-05-17 09:21:25,945 [INFO] ProjectBuilder:3324 - Time for Copy HAL[1] : 175mS.
2026-05-17 09:21:25,948 [INFO] ProjectBuilder:4912 - Project Generator version: 4.6.0.1-B1
2026-05-17 09:21:26,004 [INFO] ConfigFileManager:1590 - The Die is : DIE421
2026-05-17 09:21:26,006 [INFO] ApiDbMcu:508 - Load IP Config File for FATFS
2026-05-17 09:21:26,008 [INFO] ApiDbMcu:508 - Load IP Config File for FREERTOS
2026-05-17 09:21:26,009 [INFO] ApiDbMcu:508 - Load IP Config File for LIBJPEG
2026-05-17 09:21:26,012 [INFO] ApiDbMcu:508 - Load IP Config File for MBEDTLS
2026-05-17 09:21:26,016 [INFO] ApiDbMcu:508 - Load IP Config File for USB_DEVICE
2026-05-17 09:21:26,018 [INFO] ApiDbMcu:508 - Load IP Config File for USB_HOST
2026-05-17 09:21:27,338 [INFO] ProjectBuilder:5191 - Time for Generating toolchain IDE Files: 1390mS.
2026-05-17 09:21:27,339 [INFO] ProjectBuilder:3181 - Time for Copy CMSIS : 1mS.
2026-05-17 09:21:27,340 [INFO] ProjectBuilder:3181 - Time for Copy CMSIS : 0mS.
2026-05-17 09:21:28,292 [INFO] McuFinderGlobals:76 - Set McuFinderConnectedMode to true
2026-05-17 09:21:28,295 [INFO] ApiDb:448 - Save user favorites file C:\Users\moonc/.stm32cubeide/favorites.mcus.txt: 0 item(s)
2026-05-17 09:21:28,295 [INFO] ApiDb:452 - User favorites MCUs=[]
2026-05-17 09:21:28,297 [INFO] ApiDb:448 - Save user favorites file C:\Users\moonc/.stm32cubeide/favorites.boards.txt: 1 item(s)
2026-05-17 09:21:28,297 [INFO] ApiDb:452 - User favorites Boards=[NUCLEO-F446RE]
2026-05-17 09:25:54,049 [INFO] ParamManager:896 - [Generic UI] PropertyChangeEvent: TAB_STATUS_CHANGED , "dont care", "never mind"
2026-05-17 09:25:54,061 [INFO] NvicIntPanel:101 - NVIC parent = com.st.microxplorer.plugins.ip.nvic.MultiNvicIntPanel[,0,0,0x0,invalid,layout=javax.swing.BoxLayout,alignmentX=0.0,alignmentY=0.0,border=,flags=9,maximumSize=,minimumSize=,preferredSize=]
2026-05-17 09:25:56,889 [INFO] ParamManager:896 - [Generic UI] PropertyChangeEvent: TAB_STATUS_CHANGED , "dont care", "never mind"
2026-05-17 09:25:56,900 [INFO] NvicIntPanel:101 - NVIC parent = com.st.microxplorer.plugins.ip.nvic.MultiNvicIntPanel[,0,0,0x0,invalid,layout=javax.swing.BoxLayout,alignmentX=0.0,alignmentY=0.0,border=,flags=9,maximumSize=,minimumSize=,preferredSize=]
2026-05-17 09:46:34,066 [INFO] NvicIntPanel:101 - NVIC parent = com.st.microxplorer.plugins.ip.nvic.MultiNvicIntPanel[,0,0,0x0,invalid,layout=javax.swing.BoxLayout,alignmentX=0.0,alignmentY=0.0,border=,flags=9,maximumSize=,minimumSize=,preferredSize=]
2026-05-17 09:59:35,728 [INFO] UtilMem:75 - End SaveConfig() Used Memory: 811975664 Bytes (1073741824)
2026-05-17 09:59:36,419 [INFO] UtilMem:75 - End SaveConfig() Used Memory: 906871792 Bytes (1073741824)
2026-05-17 09:59:36,828 [INFO] BlockDiagram:2775 - set Specific Code input for plugin: SYS
2026-05-17 09:59:36,828 [INFO] BlockDiagram:2775 - set Specific Code input for plugin: RCC
2026-05-17 09:59:36,828 [INFO] BlockDiagram:2775 - set Specific Code input for plugin: NVIC
2026-05-17 09:59:36,828 [INFO] BlockDiagram:2775 - set Specific Code input for plugin: WWDG
2026-05-17 09:59:36,828 [INFO] BlockDiagram:2775 - set Specific Code input for plugin: USART
2026-05-17 09:59:36,829 [INFO] BlockDiagram:2775 - set Specific Code input for plugin: GPIO
2026-05-17 09:59:36,830 [INFO] CodeGenerator:882 - code generatio: config db path: B:\ST\STM32CubeIDE_1.18.1\STM32CubeIDE\plugins\com.st.stm32cube.common.mx_6.14.1.202504091515\\db\
2026-05-17 09:59:36,898 [INFO] CodeEngine:263 - oldGeneratedFile, B:\stm32\WWDG\MXTmpFiles\license.tmp_save
2026-05-17 09:59:37,111 [INFO] CodeEngine:287 - Generated code: B:\stm32\WWDG\MXTmpFiles\license.tmp
2026-05-17 09:59:37,136 [INFO] CodeEngine:263 - oldGeneratedFile, B:\stm32\WWDG\MXTmpFiles\gpio.tmp_save
2026-05-17 09:59:37,264 [INFO] CodeEngine:287 - Generated code: B:\stm32\WWDG\MXTmpFiles\gpio.tmp
2026-05-17 09:59:37,339 [INFO] CodeEngine:263 - oldGeneratedFile, B:\stm32\WWDG\Core\Src\stm32f4xx_it.c_save
2026-05-17 09:59:37,536 [INFO] CodeEngine:287 - Generated code: B:\stm32\WWDG\Core\Src\stm32f4xx_it.c
2026-05-17 09:59:37,542 [INFO] CodeEngine:263 - oldGeneratedFile, B:\stm32\WWDG\Core\Inc\stm32f4xx_it.h_save
2026-05-17 09:59:37,611 [INFO] CodeEngine:287 - Generated code: B:\stm32\WWDG\Core\Inc\stm32f4xx_it.h
2026-05-17 09:59:37,623 [INFO] CodeEngine:263 - oldGeneratedFile, B:\stm32\WWDG\Core\Src\stm32f4xx_hal_msp.c_save
2026-05-17 09:59:37,731 [INFO] CodeEngine:287 - Generated code: B:\stm32\WWDG\Core\Src\stm32f4xx_hal_msp.c
2026-05-17 09:59:37,735 [INFO] CodeEngine:263 - oldGeneratedFile, B:\stm32\WWDG\MXTmpFiles\system.tmp_save
2026-05-17 09:59:37,787 [INFO] CodeEngine:287 - Generated code: B:\stm32\WWDG\MXTmpFiles\system.tmp
2026-05-17 09:59:37,797 [INFO] CodeEngine:319 - oldGeneratedFile, B:\stm32\WWDG\Core\Inc\stm32f4xx_hal_conf.h_save
2026-05-17 09:59:37,862 [INFO] CodeEngine:343 - Generated code: B:\stm32\WWDG\Core\Inc\stm32f4xx_hal_conf.h
2026-05-17 09:59:37,883 [WARN] IPConfigManager:3217 - Warning: the RefConfig PLL2P_FOR_MCO is not available in your config.xml file
2026-05-17 09:59:37,887 [INFO] ApiDbMcu:508 - Load IP Config File for WWDG
2026-05-17 09:59:37,896 [INFO] CodeEngine:263 - oldGeneratedFile, B:\stm32\WWDG\Core\Inc\main.h_save
2026-05-17 09:59:37,971 [INFO] CodeEngine:287 - Generated code: B:\stm32\WWDG\Core\Inc\main.h
2026-05-17 09:59:37,976 [INFO] CodeEngine:263 - oldGeneratedFile, B:\stm32\WWDG\Core\Src\main.c_save
2026-05-17 09:59:38,073 [INFO] CodeEngine:287 - Generated code: B:\stm32\WWDG\Core\Src\main.c
2026-05-17 09:59:38,465 [INFO] ProjectBuilder:3324 - Time for Copy HAL[1] : 227mS.
2026-05-17 09:59:38,469 [INFO] ProjectBuilder:4912 - Project Generator version: 4.6.0.1-B1
2026-05-17 09:59:38,531 [INFO] ConfigFileManager:1590 - The Die is : DIE421
2026-05-17 09:59:39,337 [INFO] ProjectBuilder:5191 - Time for Generating toolchain IDE Files: 867mS.
2026-05-17 09:59:39,338 [INFO] ProjectBuilder:3181 - Time for Copy CMSIS : 0mS.
2026-05-17 09:59:39,339 [INFO] ProjectBuilder:3181 - Time for Copy CMSIS : 0mS.
2026-05-17 10:08:04,128 [INFO] UtilMem:75 - End SaveConfig() Used Memory: 844671872 Bytes (1073741824)
2026-05-17 10:08:04,639 [INFO] UtilMem:75 - End SaveConfig() Used Memory: 957208472 Bytes (1073741824)
2026-05-17 10:08:05,078 [INFO] BlockDiagram:2775 - set Specific Code input for plugin: SYS
2026-05-17 10:08:05,079 [INFO] BlockDiagram:2775 - set Specific Code input for plugin: RCC
2026-05-17 10:08:05,079 [INFO] BlockDiagram:2775 - set Specific Code input for plugin: NVIC
2026-05-17 10:08:05,079 [INFO] BlockDiagram:2775 - set Specific Code input for plugin: WWDG
2026-05-17 10:08:05,079 [INFO] BlockDiagram:2775 - set Specific Code input for plugin: USART
2026-05-17 10:08:05,079 [INFO] BlockDiagram:2775 - set Specific Code input for plugin: GPIO
2026-05-17 10:08:05,081 [INFO] CodeGenerator:882 - code generatio: config db path: B:\ST\STM32CubeIDE_1.18.1\STM32CubeIDE\plugins\com.st.stm32cube.common.mx_6.14.1.202504091515\\db\
2026-05-17 10:08:05,163 [INFO] CodeEngine:263 - oldGeneratedFile, B:\stm32\WWDG\MXTmpFiles\license.tmp_save
2026-05-17 10:08:05,434 [INFO] CodeEngine:287 - Generated code: B:\stm32\WWDG\MXTmpFiles\license.tmp
2026-05-17 10:08:05,460 [INFO] CodeEngine:263 - oldGeneratedFile, B:\stm32\WWDG\MXTmpFiles\gpio.tmp_save
2026-05-17 10:08:05,592 [INFO] CodeEngine:287 - Generated code: B:\stm32\WWDG\MXTmpFiles\gpio.tmp
2026-05-17 10:08:05,660 [INFO] CodeEngine:263 - oldGeneratedFile, B:\stm32\WWDG\Core\Src\stm32f4xx_it.c_save
2026-05-17 10:08:05,966 [INFO] CodeEngine:287 - Generated code: B:\stm32\WWDG\Core\Src\stm32f4xx_it.c
2026-05-17 10:08:05,971 [INFO] CodeEngine:263 - oldGeneratedFile, B:\stm32\WWDG\Core\Inc\stm32f4xx_it.h_save
2026-05-17 10:08:06,028 [INFO] CodeEngine:287 - Generated code: B:\stm32\WWDG\Core\Inc\stm32f4xx_it.h
2026-05-17 10:08:06,039 [INFO] CodeEngine:263 - oldGeneratedFile, B:\stm32\WWDG\Core\Src\stm32f4xx_hal_msp.c_save
2026-05-17 10:08:06,131 [INFO] CodeEngine:287 - Generated code: B:\stm32\WWDG\Core\Src\stm32f4xx_hal_msp.c
2026-05-17 10:08:06,134 [INFO] CodeEngine:263 - oldGeneratedFile, B:\stm32\WWDG\MXTmpFiles\system.tmp_save
2026-05-17 10:08:06,180 [INFO] CodeEngine:287 - Generated code: B:\stm32\WWDG\MXTmpFiles\system.tmp
2026-05-17 10:08:06,189 [INFO] CodeEngine:319 - oldGeneratedFile, B:\stm32\WWDG\Core\Inc\stm32f4xx_hal_conf.h_save
2026-05-17 10:08:06,242 [INFO] CodeEngine:343 - Generated code: B:\stm32\WWDG\Core\Inc\stm32f4xx_hal_conf.h
2026-05-17 10:08:06,260 [WARN] IPConfigManager:3217 - Warning: the RefConfig PLL2P_FOR_MCO is not available in your config.xml file
2026-05-17 10:08:06,269 [INFO] CodeEngine:263 - oldGeneratedFile, B:\stm32\WWDG\Core\Inc\main.h_save
2026-05-17 10:08:06,333 [INFO] CodeEngine:287 - Generated code: B:\stm32\WWDG\Core\Inc\main.h
2026-05-17 10:08:06,338 [INFO] CodeEngine:263 - oldGeneratedFile, B:\stm32\WWDG\Core\Src\main.c_save
2026-05-17 10:08:06,421 [INFO] CodeEngine:287 - Generated code: B:\stm32\WWDG\Core\Src\main.c
2026-05-17 10:08:06,725 [INFO] ProjectBuilder:3324 - Time for Copy HAL[1] : 184mS.
2026-05-17 10:08:06,728 [INFO] ProjectBuilder:4912 - Project Generator version: 4.6.0.1-B1
2026-05-17 10:08:06,799 [INFO] ConfigFileManager:1590 - The Die is : DIE421
2026-05-17 10:08:07,467 [INFO] ProjectBuilder:5191 - Time for Generating toolchain IDE Files: 739mS.
2026-05-17 10:08:07,468 [INFO] ProjectBuilder:3181 - Time for Copy CMSIS : 1mS.
2026-05-17 10:08:07,469 [INFO] ProjectBuilder:3181 - Time for Copy CMSIS : 0mS.
2026-05-17 10:24:02,959 [INFO] MainUpdater:2872 - connection check result : 10
2026-05-17 10:24:02,959 [INFO] McuFinderGlobals:76 - Set McuFinderConnectedMode to true
2026-05-17 10:24:03,125 [INFO] ServerAccessManage:473 - Download File mcusAds.json._tmp_
2026-05-17 10:24:03,260 [INFO] LoadUrlFilesThread:156 - End of LoadUrlFiles Thread
2026-05-17 10:24:04,501 [INFO] ServerAccessManage:473 - Download File cube-finder-db.zip
2026-05-17 10:24:06,455 [INFO] FileExtend:242 - Unzip File : cube-finder-db.zip
2026-05-17 10:24:06,455 [INFO] FileExtend:257 - Standard Zip Deflate
2026-05-17 10:24:07,089 [INFO] LoadUrlFilesThread:156 - End of LoadUrlFiles Thread
2026-05-17 10:24:08,239 [INFO] ServerAccessManage:473 - Download File crdb.zip
2026-05-17 10:24:09,636 [INFO] FileExtend:242 - Unzip File : crdb.zip
2026-05-17 10:24:09,637 [INFO] FileExtend:257 - Standard Zip Deflate
2026-05-17 10:24:09,755 [INFO] LoadUrlFilesThread:156 - End of LoadUrlFiles Thread
2026-05-17 10:24:10,920 [INFO] ServerAccessManage:473 - Download File tutoVideoDB.zip
2026-05-17 10:24:10,924 [INFO] FileExtend:242 - Unzip File : tutoVideoDB.zip
2026-05-17 10:24:10,925 [INFO] FileExtend:257 - Standard Zip Deflate
2026-05-17 10:24:11,030 [INFO] LoadUrlFilesThread:156 - End of LoadUrlFiles Thread
2026-05-17 10:24:11,031 [WARN] DbFile:41 - Overriding database path with different value: C:\Users\moonc\.stmcufinder\plugins\mcufinder/ => C:\Users\moonc\.stmcufinder\plugins\mcufinder
2026-05-17 10:24:11,322 [ERROR] ServerAccessManage:1089 - Problem, file not found on Server
2026-05-17 10:24:11,322 [ERROR] ServerAccessManage:651 - Problem, file not found on Server : api_config.json.
2026-05-17 10:24:14,446 [INFO] LoadUrlFilesThread:156 - End of LoadUrlFiles Thread
2026-05-17 10:24:16,028 [INFO] DbMcusAds:53 - JSON generation date=Mon Apr 27 17:14:29 KST 2026 (1777277669683)
2026-05-17 10:24:16,031 [INFO] ApiDb:448 - Save user favorites file C:\Users\moonc/.stm32cubeide/favorites.mcus.txt: 0 item(s)
2026-05-17 10:24:16,031 [INFO] ApiDb:452 - User favorites MCUs=[]
2026-05-17 10:24:16,033 [INFO] ApiDb:581 - Connected to CubeFinder SQLite database (C:\Users\moonc\.stmcufinder\plugins\mcufinder\mcu\cube-finder-db.db)
2026-05-17 10:24:16,106 [INFO] ApiDb:668 - CubeFinder database Data Model version=2.1
2026-05-17 10:24:16,106 [INFO] ApiDb:669 - CubeFinder database Configuration version=3.0.42
2026-05-17 10:24:16,106 [INFO] ApiDb:670 - CubeFinder database generation date=2026-05-06 (1778060171)
2026-05-17 10:24:16,106 [INFO] ApiDb:671 - CubeFinder database FW Pack versions=[FP-ATR-ASTRA1_V2.0.0, FP-SNS-FLIGHT1_V5.1.0, FP-SNS-MOTENV1_V5.1.0, FP-SNS-MOTENVWB1_V1.5.0, FP-SNS-SMARTAG2_V1.2.0, FP-SNS-STBOX1_V2.1.0, STM32Cube_FW_C0_V1.4.0, STM32Cube_FW_F4_V1.28.3, STM32Cube_FW_F7_V1.17.4, STM32Cube_FW_G0_V1.6.3, STM32Cube_FW_G4_V1.6.2, STM32Cube_FW_H5_V1.6.0, STM32Cube_FW_H7RS_V1.3.0, STM32Cube_FW_H7_V1.13.0, STM32Cube_FW_L0_V1.12.2, STM32Cube_FW_L4_V1.18.2, STM32Cube_FW_L5_V1.6.0, STM32Cube_FW_N6_V1.3.0, STM32Cube_FW_U0_V1.3.0, STM32Cube_FW_U3_V1.3.0, STM32Cube_FW_U5_V1.8.0, STM32Cube_FW_WB0_V1.4.0, STM32Cube_FW_WBA_V1.9.0, STM32Cube_FW_WB_V1.24.0, STM32Cube_FW_WL3_V1.4.0, STM32Cube_FW_WL_V1.5.0, X-CUBE-ALGOBUILD_V1.4.0, X-CUBE-ALS_V1.0.2, X-CUBE-AZRTOS-F4_V1.1.0, X-CUBE-AZRTOS-F7_V1.1.0, X-CUBE-AZRTOS-G0_V1.1.0, X-CUBE-AZRTOS-G4_V2.0.0, X-CUBE-AZRTOS-H7RS_V1.1.0, X-CUBE-AZRTOS-H7_V3.5.0, X-CUBE-AZRTOS-L4_V2.0.0, X-CUBE-AZRTOS-L5_V2.0.0, X-CUBE-AZRTOS-WB_V2.0.0, X-CUBE-AZRTOS-WL_V2.0.0, X-CUBE-BLE1_V7.1.0, X-CUBE-BLE2_V3.3.0, X-CUBE-BLEMGR_V4.1.0, X-CUBE-EEPRMA1_V5.2.0, X-CUBE-FREERTOS_V1.5.0, X-CUBE-GNSS1_V6.0.0, X-CUBE-MEMS1_V12.0.0, X-CUBE-NFC4_V3.0.0, X-CUBE-NFC7_V2.0.0, X-CUBE-SFXS2LP1_V4.0.0, X-CUBE-ST67W61_V1.2.0, X-CUBE-SUBG2_V5.0.0, X-CUBE-TOF1_V3.4.3]
2026-05-17 10:24:17,852 [INFO] ApiDb:240 - Found 895 in-development CPN: [B-G473E-ZEST1S, B-WB1M-WPAN1, B-WBA5M-WPAN, B-WL5M-SUBG1, NUCLEO-C031C6, NUCLEO-C051C8, NUCLEO-C071RB, NUCLEO-C092RC, NUCLEO-H503RB, NUCLEO-H533RE, NUCLEO-H563ZI, NUCLEO-H7S3L8, NUCLEO-N657X0-Q, NUCLEO-U031R8, NUCLEO-U083RC, NUCLEO-U385RG-Q, NUCLEO-U545RE-Q, NUCLEO-U5A5ZJ-Q, NUCLEO-WB05KZ, NUCLEO-WB07CC, NUCLEO-WB09KE, NUCLEO-WBA52CG, NUCLEO-WBA55CG, NUCLEO-WBA65RI, NUCLEO-WL33CC1, NUCLEO-WL33CC2, STEVAL-PROTEUS1, STEVAL-SMARTAG2, STEVAL-STWINBX1, STM320518-EVAL, STM32C0116-DK, STM32C011D6Y3TR, STM32C011D6Y6TR, STM32C011F4P3, STM32C011F4P6, STM32C011F4U3, STM32C011F4U6TR, STM32C011F6P3, STM32C011F6P6, STM32C011F6U3, STM32C011F6U6TR, STM32C011J4M3, STM32C011J4M6, STM32C011J6M3, STM32C011J6M6, STM32C0316-DK, STM32C031C4T3, STM32C031C4T6, STM32C031C4U3, STM32C031C4U6, STM32C031C6T3, STM32C031C6T6, STM32C031C6U3, STM32C031C6U6, STM32C031F4P3, STM32C031F4P6, STM32C031F6P3, STM32C031F6P6, STM32C031G4U3, STM32C031G4U6, STM32C031G6U3, STM32C031G6U6, STM32C031K4T3, STM32C031K4T6, STM32C031K4U3, STM32C031K4U6, STM32C031K6T3, STM32C031K6T6, STM32C031K6U3, STM32C031K6U6, STM32C051C6T6, STM32C051C6U6, STM32C051C8T6, STM32C051C8U6, STM32C051D8Y6TR, STM32C051F6P6, STM32C051F8P6, STM32C051G6U6, STM32C051G8U6, STM32C051K6T6, STM32C051K6U6, STM32C051K8T6, STM32C071C8T6, STM32C071C8T6N, STM32C071C8U6, STM32C071C8U6N, STM32C071CBT6, STM32C071CBT6N, STM32C071CBU6, STM32C071CBU6N, STM32C071F8P6, STM32C071F8P6N, STM32C071FBP6, STM32C071FBP6N, STM32C071FBY6TR, STM32C071G8U6, STM32C071G8U6N, STM32C071GBU6, STM32C071GBU6N, STM32C071K8T6, STM32C071K8T6N, STM32C071K8U6, STM32C071K8U6N, STM32C071KBT6, STM32C071KBT6N, STM32C071KBU6, STM32C071KBU6N, STM32C071R8T6, STM32C071R8T6N, STM32C071RBI6N, STM32C071RBT6, STM32C071RBT6N, STM32C091CBT6, STM32C091CBU6, STM32C091CCT6, STM32C091CCU6, STM32C091ECY6TR, STM32C091FBP6, STM32C091FCP6, STM32C091GBU6, STM32C091GCU6, STM32C091KBT6, STM32C091KBU6, STM32C091KCT6, STM32C091KCU6, STM32C091RBT6, STM32C091RCI6, STM32C091RCT6, STM32C092CBT6, STM32C092CBU6, STM32C092CCT6, STM32C092CCU6, STM32C092ECY6TR, STM32C092FBP6, STM32C092FCP6, STM32C092GBU6, STM32C092GCU6, STM32C092KBT6, STM32C092KBU6, STM32C092KCT6, STM32C092KCU6, STM32C092RBT6, STM32C092RCI6, STM32C092RCT6, STM32G071K8TXN, STM32G071K8UXN, STM32G081GBU6N, STM32G081KBT6N, STM32G081KBUXN, STM32G0B1CCT6N, STM32G0B1KCT6, STM32G0B1NEY6TR, STM32G0B1RCT6N, STM32G0C1CCT6, STM32G0C1CCT6N, STM32G0C1CCU6N, STM32G0C1CET6N, STM32G0C1CEU6N, STM32G0C1KCT6, STM32G0C1NEY6TR, STM32G0C1RCI6N, STM32G0C1RCT6N, STM32G0C1REI6N, STM32G0C1RET6N, STM32G0C1VCI6, STM32G0C1VEI6, STM32G411C6T3, STM32G411C6T6, STM32G411C6U3, STM32G411C6U6, STM32G411C8T3, STM32G411C8T6, STM32G411C8U3, STM32G411C8U6, STM32G411CBT3, STM32G411CBT6, STM32G411CBU3, STM32G411CBU6, STM32G411CCT3, STM32G411CCT6, STM32G411CCU3, STM32G411CCU6, STM32G411K6T3, STM32G411K6T6, STM32G411K6U3, STM32G411K6U6, STM32G411K8T3, STM32G411K8T6, STM32G411K8U3, STM32G411K8U6, STM32G411KBT3, STM32G411KBT6, STM32G411KBU3, STM32G411KBU6, STM32G411M6T3, STM32G411M6T6, STM32G411M8T3, STM32G411M8T6, STM32G411MBT3, STM32G411MBT6, STM32G411MCT3, STM32G411MCT6, STM32G411R6T3, STM32G411R6T6, STM32G411R8T3, STM32G411R8T6, STM32G411RBT3, STM32G411RBT6, STM32G411RCT3, STM32G411RCT6, STM32G414CBT3, STM32G414CBT6, STM32G414CBU3, STM32G414CBU6, STM32G414CCT3, STM32G414CCT6, STM32G414CCU3, STM32G414CCU6, STM32G414MBT3, STM32G414MBT6, STM32G414MCT3, STM32G414MCT6, STM32G414RBT3, STM32G414RBT6, STM32G414RCT3, STM32G414RCT6, STM32G414VBT3, STM32G414VBT6, STM32G414VCT3, STM32G414VCT6, STM32G431CBT3Z, STM32G431RBT3Z, STM32G471CCT6, STM32G471CCU6, STM32G471CET3, STM32G471CET6, STM32G471CEU3, STM32G471CEU6, STM32G471MCT6, STM32G471MET3, STM32G471MET6, STM32G471MEY6TR, STM32G471QCT6, STM32G471QET3, STM32G471RCT6, STM32G471RET3, STM32G471RET6, STM32G471VCH6, STM32G471VCI6, STM32G471VCT6, STM32G471VEH3, STM32G471VEH6, STM32G471VEI3, STM32G471VEI6, STM32G471VET3, STM32G471VET6, STM32G473QET3Z, STM32G473RET3Z, STM32G474CCT6, STM32G491RET3Z, STM32H503CBT6, STM32H503CBU6, STM32H503EBY6TR, STM32H503KBU6, STM32H503RBT6, STM32H523CCT6, STM32H523CCU6, STM32H523CET6, STM32H523CEU6, STM32H523HEY6TR, STM32H523RCT6, STM32H523RET6, STM32H523VCI6, STM32H523VCT6, STM32H523VEI6, STM32H523VET6, STM32H523ZCJ6, STM32H523ZCT6, STM32H523ZEJ6, STM32H523ZET6, STM32H533CET6, STM32H533CEU6, STM32H533HEY6TR, STM32H533RET6, STM32H533VEI6, STM32H533VET6, STM32H533ZEJ6, STM32H533ZET6, STM32H562AGI6, STM32H562AII6, STM32H562IGK6, STM32H562IGT6, STM32H562IIK6, STM32H562IIT6, STM32H562RGT6, STM32H562RGV6, STM32H562RIT6, STM32H562RIV6, STM32H562VGT6, STM32H562VIT6, STM32H562ZGT6, STM32H562ZIT6, STM32H563AGI6, STM32H563AII3Q, STM32H563AII6, STM32H563IGK6, STM32H563IGT6, STM32H563IIK3Q, STM32H563IIK6, STM32H563IIT3Q, STM32H563IIT6, STM32H563MIY3QTR, STM32H563RGT6, STM32H563RGV6, STM32H563RIT6, STM32H563RIV6, STM32H563VGT6, STM32H563VIT3Q, STM32H563VIT6, STM32H563ZGT6, STM32H563ZIT3Q, STM32H563ZIT6, STM32H573AII3Q, STM32H573AII6, STM32H573I-DK, STM32H573IIK3Q, STM32H573IIK6, STM32H573IIT3Q, STM32H573IIT6, STM32H573MIY3QTR, STM32H573RIT6, STM32H573RIV6, STM32H573VIT3Q, STM32H573VIT6, STM32H573ZIT3Q, STM32H573ZIT6, STM32H7R3A8I6, STM32H7R3I8K6, STM32H7R3I8T6, STM32H7R3L8H6, STM32H7R3L8H6H, STM32H7R3R8V6, STM32H7R3V8H6, STM32H7R3V8T6, STM32H7R3V8Y6TR, STM32H7R3Z8J6, STM32H7R3Z8T6, STM32H7R7A8I6, STM32H7R7I8K6, STM32H7R7I8T6, STM32H7R7L8H6, STM32H7R7L8H6H, STM32H7R7Z8J6, STM32H7S3A8I6, STM32H7S3I8K6, STM32H7S3I8T6, STM32H7S3L8H6, STM32H7S3L8H6H, STM32H7S3R8V6, STM32H7S3V8H6, STM32H7S3V8T6, STM32H7S3V8Y6TR, STM32H7S3Z8J6, STM32H7S3Z8T6, STM32H7S78-DK, STM32H7S7A8I6, STM32H7S7I8K6, STM32H7S7I8T6, STM32H7S7L8H6, STM32H7S7L8H6H, STM32H7S7Z8J6, STM32L4R5QGI6STR, STM32MP131AAE3, STM32MP131AAF3, STM32MP131AAG3, STM32MP131CAE3, STM32MP131CAF3, STM32MP131CAG3, STM32MP131DAE7, STM32MP131DAF7, STM32MP131DAG7, STM32MP131FAE7, STM32MP131FAF7, STM32MP131FAG7, STM32MP133AAE3, STM32MP133AAF3, STM32MP133AAG3, STM32MP133CAE3, STM32MP133CAF3, STM32MP133CAG3, STM32MP133DAE7, STM32MP133DAF7, STM32MP133DAG7, STM32MP133FAE7, STM32MP133FAF7, STM32MP133FAG7, STM32MP135AAE3, STM32MP135AAF3, STM32MP135AAG3, STM32MP135CAE3, STM32MP135CAF3, STM32MP135CAG3, STM32MP135DAE7, STM32MP135DAF7, STM32MP135DAG7, STM32MP135F-DK, STM32MP135FAE7, STM32MP135FAF7, STM32MP135FAF7T, STM32MP135FAF7U, STM32MP135FAG7, STM32MP231AAJ3, STM32MP231AAK3, STM32MP231AAL3, STM32MP231CAJ3, STM32MP231CAK3, STM32MP231CAL3, STM32MP231DAJ3, STM32MP231DAK3, STM32MP231DAL3, STM32MP231FAJ3, STM32MP231FAK3, STM32MP231FAL3, STM32MP233AAJ3, STM32MP233AAK3, STM32MP233AAL3, STM32MP233CAJ3, STM32MP233CAK3, STM32MP233CAL3, STM32MP233DAJ3, STM32MP233DAK3, STM32MP233DAL3, STM32MP233FAJ3, STM32MP233FAK3, STM32MP233FAL3, STM32MP235AAJ3, STM32MP235AAK3, STM32MP235AAL3, STM32MP235CAJ3, STM32MP235CAK3, STM32MP235CAL3, STM32MP235DAJ3, STM32MP235DAK3, STM32MP235DAL3, STM32MP235FAJ3, STM32MP235FAK3, STM32MP235FAL3, STM32MP251AAI3, STM32MP251AAJ3, STM32MP251AAK3, STM32MP251AAL3, STM32MP251CAI3, STM32MP251CAJ3, STM32MP251CAK3, STM32MP251CAL3, STM32MP251DAI3, STM32MP251DAJ3, STM32MP251DAK3, STM32MP251DAL3, STM32MP251FAI3, STM32MP251FAJ3, STM32MP251FAK3, STM32MP251FAL3, STM32MP253AAI3, STM32MP253AAJ3, STM32MP253AAK3, STM32MP253AAL3, STM32MP253CAI3, STM32MP253CAJ3, STM32MP253CAK3, STM32MP253CAL3, STM32MP253DAI3, STM32MP253DAJ3, STM32MP253DAK3, STM32MP253DAL3, STM32MP253FAI3, STM32MP253FAJ3, STM32MP253FAK3, STM32MP253FAL3, STM32MP255AAI3, STM32MP255AAJ3, STM32MP255AAK3, STM32MP255AAL3, STM32MP255CAI3, STM32MP255CAJ3, STM32MP255CAK3, STM32MP255CAL3, STM32MP255DAI3, STM32MP255DAJ3, STM32MP255DAK3, STM32MP255DAL3, STM32MP255FAI3, STM32MP255FAJ3, STM32MP255FAK3, STM32MP255FAL3, STM32MP257AAI3, STM32MP257AAJ3, STM32MP257AAK3, STM32MP257AAL3, STM32MP257CAI3, STM32MP257CAJ3, STM32MP257CAK3, STM32MP257CAL3, STM32MP257DAI3, STM32MP257DAJ3, STM32MP257DAK3, STM32MP257DAL3, STM32MP257F-DK, STM32MP257F-EV1, STM32MP257FAI3, STM32MP257FAJ3, STM32MP257FAK3, STM32MP257FAL3, STM32N645A0H3Q, STM32N645B0H3Q, STM32N645I0H3Q, STM32N645L0H3Q, STM32N645X0H3Q, STM32N645Z0H3Q, STM32N647A0H3Q, STM32N647B0H3Q, STM32N647I0H3Q, STM32N647L0H3Q, STM32N647X0H3Q, STM32N647Z0H3Q, STM32N655A0H3Q, STM32N655B0H3Q, STM32N655I0H3Q, STM32N655L0H3Q, STM32N655X0H3Q, STM32N655Z0H3Q, STM32N6570-DK, STM32N657A0H3Q, STM32N657B0H3Q, STM32N657I0H3Q, STM32N657L0H3Q, STM32N657X0H3Q, STM32N657Z0H3Q, STM32U031C6T6, STM32U031C6U6, STM32U031C8T6, STM32U031C8U6, STM32U031F4P6, STM32U031F6P6, STM32U031F8P6, STM32U031G6Y6TR, STM32U031G8Y6TR, STM32U031K4U6, STM32U031K6U6, STM32U031K8U6, STM32U031R6I6, STM32U031R6T6, STM32U031R8I6, STM32U031R8T6, STM32U073C8T6, STM32U073C8U6, STM32U073CBT6, STM32U073CBU6, STM32U073CCT6, STM32U073CCU6, STM32U073H8Y6TR, STM32U073HBY6TR, STM32U073HCY6TR, STM32U073K8U6, STM32U073KBU6, STM32U073KCU6, STM32U073M8I6, STM32U073M8T6, STM32U073MBI6, STM32U073MBT6, STM32U073MCI6, STM32U073MCT6, STM32U073R8I6, STM32U073R8T6, STM32U073RBI6, STM32U073RBT6, STM32U073RCI6, STM32U073RCT6, STM32U083C-DK, STM32U083CCT6, STM32U083CCU6, STM32U083HCY6TR, STM32U083KCU6, STM32U083MCI6, STM32U083MCT6, STM32U083RCI6, STM32U083RCT6, STM32U375CET6, STM32U375CET6Q, STM32U375CEU6, STM32U375CEU6Q, STM32U375CEY6QTR, STM32U375CGT6, STM32U375CGT6Q, STM32U375CGU6, STM32U375CGU6Q, STM32U375CGY6QTR, STM32U375KEU6, STM32U375KGU6, STM32U375REI6, STM32U375REI6Q, STM32U375RET6, STM32U375RET6Q, STM32U375REY6GTR, STM32U375REY6QTR, STM32U375RGI6, STM32U375RGI6Q, STM32U375RGT6, STM32U375RGT6Q, STM32U375RGY6GTR, STM32U375RGY6QTR, STM32U375VEI6, STM32U375VEI6Q, STM32U375VET6, STM32U375VET6Q, STM32U375VGI6, STM32U375VGI6Q, STM32U375VGT6, STM32U375VGT6Q, STM32U385CGT6, STM32U385CGT6Q, STM32U385CGU6, STM32U385CGU6Q, STM32U385CGY6QTR, STM32U385KGU6, STM32U385RGI6, STM32U385RGI6Q, STM32U385RGT6, STM32U385RGT6Q, STM32U385RGY6GTR, STM32U385RGY6QTR, STM32U385VGI6, STM32U385VGI6Q, STM32U385VGT6, STM32U385VGT6Q, STM32U535CBT6, STM32U535CBT6Q, STM32U535CBU6, STM32U535CBU6Q, STM32U535CCT6, STM32U535CCT6Q, STM32U535CCU6, STM32U535CCU6Q, STM32U535CET6, STM32U535CET6Q, STM32U535CEU6, STM32U535CEU6Q, STM32U535JEY6QTR, STM32U535NCY6QTR, STM32U535NEY6QTR, STM32U535RBI6, STM32U535RBI6Q, STM32U535RBT6, STM32U535RBT6Q, STM32U535RCI6, STM32U535RCI6Q, STM32U535RCT6, STM32U535RCT6Q, STM32U535REI6, STM32U535REI6Q, STM32U535RET6, STM32U535RET6Q, STM32U535VCI6, STM32U535VCI6Q, STM32U535VCT6, STM32U535VCT6Q, STM32U535VEI6, STM32U535VEI6Q, STM32U535VET6, STM32U535VET6Q, STM32U545CET6, STM32U545CET6Q, STM32U545CEU6, STM32U545CEU6Q, STM32U545JEY6QTR, STM32U545NEY6QTR, STM32U545REI6, STM32U545REI6Q, STM32U545RET6, STM32U545RET6Q, STM32U545VEI6, STM32U545VEI6Q, STM32U545VET6, STM32U545VET6Q, STM32U595AIH6, STM32U595AIH6Q, STM32U595AJH6, STM32U595AJH6Q, STM32U595QII6, STM32U595QII6Q, STM32U595QJI6, STM32U595QJI6Q, STM32U595RIT6, STM32U595RIT6Q, STM32U595RJT6, STM32U595RJT6Q, STM32U595VIT6, STM32U595VIT6Q, STM32U595VJT6, STM32U595VJT6Q, STM32U595ZIT6, STM32U595ZIT6Q, STM32U595ZIY6QTR, STM32U595ZJT6, STM32U595ZJT6Q, STM32U595ZJY6QTR, STM32U599BJY6QTR, STM32U599NIH6Q, STM32U599NJH6Q, STM32U599VIT6Q, STM32U599VJT6, STM32U599VJT6Q, STM32U599ZIT6Q, STM32U599ZIY6QTR, STM32U599ZJT6Q, STM32U599ZJY6QTR, STM32U5A5AJH6, STM32U5A5AJH6Q, STM32U5A5QII3Q , STM32U5A5QJI6, STM32U5A5QJI6Q, STM32U5A5RJT6, STM32U5A5RJT6Q, STM32U5A5VJT6, STM32U5A5VJT6Q, STM32U5A5ZJT6, STM32U5A5ZJT6Q, STM32U5A5ZJY6QTR, STM32U5A9BJY6QTR, STM32U5A9J-DK, STM32U5A9NJH6Q, STM32U5A9VJT6Q, STM32U5A9ZJT6Q, STM32U5A9ZJY6QTR, STM32U5F7VIT6, STM32U5F7VIT6Q, STM32U5F7VJT6, STM32U5F7VJT6Q, STM32U5F9BJY6QTR, STM32U5F9NJH6Q, STM32U5F9VIT6Q, STM32U5F9VJT6Q, STM32U5F9ZIJ6QTR, STM32U5F9ZIT6Q, STM32U5F9ZJJ6QTR, STM32U5F9ZJT6Q, STM32U5G7VJT6, STM32U5G7VJT6Q, STM32U5G9BJY6QTR, STM32U5G9J-DK1, STM32U5G9J-DK2, STM32U5G9NJH6Q, STM32U5G9VJT6Q, STM32U5G9ZJJ6QTR, STM32U5G9ZJT6Q, STM32WB05KZV6TR, STM32WB05KZV7TR, STM32WB05TZF6TR, STM32WB05TZF7TR, STM32WB06CCF6TR, STM32WB06CCF7TR, STM32WB06CCV6TR, STM32WB06CCV7TR, STM32WB06KCV6TR, STM32WB06KCV7TR, STM32WB07CCF6TR, STM32WB07CCF7TR, STM32WB07CCV6TR, STM32WB07CCV7TR, STM32WB07KCV6TR, STM32WB07KCV7TR, STM32WB09KEV6TR, STM32WB09KEV7TR, STM32WB09TEF6TR, STM32WB09TEF7TR, STM32WB1MMCH6, STM32WBA50KGU6, STM32WBA50KGU6TR, STM32WBA52CEU6, STM32WBA52CEU6TR, STM32WBA52CEU7, STM32WBA52CEU7TR, STM32WBA52CGU6, STM32WBA52CGU6TR, STM32WBA52CGU6U, STM32WBA52CGU7, STM32WBA52CGU7TR, STM32WBA52KEU6, STM32WBA52KEU6TR, STM32WBA52KGU6, STM32WBA52KGU6TR, STM32WBA54CEU6, STM32WBA54CEU6TR, STM32WBA54CEU7, STM32WBA54CEU7TR, STM32WBA54CGU6, STM32WBA54CGU6TR, STM32WBA54CGU7, STM32WBA54CGU7TR, STM32WBA54KEU6, STM32WBA54KEU6TR, STM32WBA54KEU7, STM32WBA54KEU7TR, STM32WBA54KGU6, STM32WBA54KGU6TR, STM32WBA54KGU7, STM32WBA54KGU7TR, STM32WBA55CEU6, STM32WBA55CEU6TR, STM32WBA55CEU7, STM32WBA55CEU7TR, STM32WBA55CGU6, STM32WBA55CGU6TR, STM32WBA55CGU6U, STM32WBA55CGU7, STM32WBA55CGU7TR, STM32WBA55G-DK1, STM32WBA55HEF6, STM32WBA55HEF7, STM32WBA55HGF6, STM32WBA55HGF7, STM32WBA55UEI6, STM32WBA55UEI6TR, STM32WBA55UEI7, STM32WBA55UEI7TR, STM32WBA55UGI6, STM32WBA55UGI6TR, STM32WBA55UGI7, STM32WBA55UGI7TR, STM32WBA5MJGH6TR, STM32WBA62CGU6, STM32WBA62CIU6, STM32WBA62MGF6, STM32WBA62MIF6, STM32WBA62PGI6, STM32WBA62PII6, STM32WBA63CGU6, STM32WBA63CGU7, STM32WBA63CIU6, STM32WBA63CIU7, STM32WBA64CGU6, STM32WBA64CGU7, STM32WBA64CIU6, STM32WBA64CIU7, STM32WBA65CGU6, STM32WBA65CGU7, STM32WBA65CIU6, STM32WBA65CIU7, STM32WBA65I-DK1, STM32WBA65MGF6, STM32WBA65MGF7, STM32WBA65MIF6, STM32WBA65MIF7, STM32WBA65PGI6, STM32WBA65PGI7, STM32WBA65PII6, STM32WBA65PII7, STM32WBA65RGV6, STM32WBA65RGV7, STM32WBA65RIV6, STM32WBA65RIV7, STM32WL30K8V6, STM32WL30KBV6, STM32WL31C8V6, STM32WL31CBV6, STM32WL31K8V6, STM32WL31KBV6, STM32WL33C8V6, STM32WL33C8V6TR, STM32WL33C8V7, STM32WL33C8V7TR, STM32WL33CBV6, STM32WL33CBV6TR, STM32WL33CBV7, STM32WL33CBV7TR, STM32WL33CCV6, STM32WL33CCV6TR, STM32WL33CCV7, STM32WL33CCV7A, STM32WL33CCV7ATR, STM32WL33CCV7TR, STM32WL33K8V6, STM32WL33K8V6TR, STM32WL33K8V7, STM32WL33K8V7TR, STM32WL33KBV6, STM32WL33KBV6TR, STM32WL33KBV7, STM32WL33KBV7TR, STM32WL33KCV6, STM32WL33KCV6TR, STM32WL33KCV7, STM32WL33KCV7TR, STM32WL5MOCH6, STM32WL5MOCH6TR]
2026-05-17 10:24:17,855 [INFO] DbMcus:218 - Found 5082 MCUs, 4964 are supported
2026-05-17 10:24:17,856 [INFO] ApiDb:423 - Load user favorites file C:\Users\moonc/.stm32cubeide/favorites.mcus.txt: 0 item(s)
2026-05-17 10:24:17,856 [INFO] ApiDb:427 - User favorites MCUs=[]
2026-05-17 10:24:17,856 [INFO] DbMcus:224 - Set 0 / 0 favorites MCUs
2026-05-17 10:24:18,318 [INFO] ApiDb:448 - Save user favorites file C:\Users\moonc/.stm32cubeide/favorites.boards.txt: 1 item(s)
2026-05-17 10:24:18,319 [INFO] ApiDb:452 - User favorites Boards=[NUCLEO-F446RE]
2026-05-17 10:24:18,320 [INFO] ApiDb:581 - Connected to CubeFinder SQLite database (C:\Users\moonc\.stmcufinder\plugins\mcufinder\mcu\cube-finder-db.db)
2026-05-17 10:24:18,392 [INFO] ApiDb:668 - CubeFinder database Data Model version=2.1
2026-05-17 10:24:18,392 [INFO] ApiDb:669 - CubeFinder database Configuration version=3.0.42
2026-05-17 10:24:18,392 [INFO] ApiDb:670 - CubeFinder database generation date=2026-05-06 (1778060171)
2026-05-17 10:24:18,392 [INFO] ApiDb:671 - CubeFinder database FW Pack versions=[FP-ATR-ASTRA1_V2.0.0, FP-SNS-FLIGHT1_V5.1.0, FP-SNS-MOTENV1_V5.1.0, FP-SNS-MOTENVWB1_V1.5.0, FP-SNS-SMARTAG2_V1.2.0, FP-SNS-STBOX1_V2.1.0, STM32Cube_FW_C0_V1.4.0, STM32Cube_FW_F4_V1.28.3, STM32Cube_FW_F7_V1.17.4, STM32Cube_FW_G0_V1.6.3, STM32Cube_FW_G4_V1.6.2, STM32Cube_FW_H5_V1.6.0, STM32Cube_FW_H7RS_V1.3.0, STM32Cube_FW_H7_V1.13.0, STM32Cube_FW_L0_V1.12.2, STM32Cube_FW_L4_V1.18.2, STM32Cube_FW_L5_V1.6.0, STM32Cube_FW_N6_V1.3.0, STM32Cube_FW_U0_V1.3.0, STM32Cube_FW_U3_V1.3.0, STM32Cube_FW_U5_V1.8.0, STM32Cube_FW_WB0_V1.4.0, STM32Cube_FW_WBA_V1.9.0, STM32Cube_FW_WB_V1.24.0, STM32Cube_FW_WL3_V1.4.0, STM32Cube_FW_WL_V1.5.0, X-CUBE-ALGOBUILD_V1.4.0, X-CUBE-ALS_V1.0.2, X-CUBE-AZRTOS-F4_V1.1.0, X-CUBE-AZRTOS-F7_V1.1.0, X-CUBE-AZRTOS-G0_V1.1.0, X-CUBE-AZRTOS-G4_V2.0.0, X-CUBE-AZRTOS-H7RS_V1.1.0, X-CUBE-AZRTOS-H7_V3.5.0, X-CUBE-AZRTOS-L4_V2.0.0, X-CUBE-AZRTOS-L5_V2.0.0, X-CUBE-AZRTOS-WB_V2.0.0, X-CUBE-AZRTOS-WL_V2.0.0, X-CUBE-BLE1_V7.1.0, X-CUBE-BLE2_V3.3.0, X-CUBE-BLEMGR_V4.1.0, X-CUBE-EEPRMA1_V5.2.0, X-CUBE-FREERTOS_V1.5.0, X-CUBE-GNSS1_V6.0.0, X-CUBE-MEMS1_V12.0.0, X-CUBE-NFC4_V3.0.0, X-CUBE-NFC7_V2.0.0, X-CUBE-SFXS2LP1_V4.0.0, X-CUBE-ST67W61_V1.2.0, X-CUBE-SUBG2_V5.0.0, X-CUBE-TOF1_V3.4.3]
2026-05-17 10:24:18,431 [INFO] DbBoardsSqlite:226 - include board P-NUCLEO-WB55-NUCLEO as a kit item of type 'Nucleo-64'
2026-05-17 10:24:18,431 [INFO] DbBoardsSqlite:226 - include board P-NUCLEO-WB55-USBDONGLE as a kit item of type 'Nucleo USB Dongle'
2026-05-17 10:24:18,431 [INFO] DbBoardsSqlite:226 - include board STEVAL-IDP005V1 as a kit item of type 'Evaluation Board'
2026-05-17 10:24:18,431 [INFO] DbBoardsSqlite:226 - include board STEVAL-IDP005V2 as a kit item of type 'Evaluation Board'
2026-05-17 10:24:18,493 [INFO] ApiDb:240 - Found 895 in-development CPN: [B-G473E-ZEST1S, B-WB1M-WPAN1, B-WBA5M-WPAN, B-WL5M-SUBG1, NUCLEO-C031C6, NUCLEO-C051C8, NUCLEO-C071RB, NUCLEO-C092RC, NUCLEO-H503RB, NUCLEO-H533RE, NUCLEO-H563ZI, NUCLEO-H7S3L8, NUCLEO-N657X0-Q, NUCLEO-U031R8, NUCLEO-U083RC, NUCLEO-U385RG-Q, NUCLEO-U545RE-Q, NUCLEO-U5A5ZJ-Q, NUCLEO-WB05KZ, NUCLEO-WB07CC, NUCLEO-WB09KE, NUCLEO-WBA52CG, NUCLEO-WBA55CG, NUCLEO-WBA65RI, NUCLEO-WL33CC1, NUCLEO-WL33CC2, STEVAL-PROTEUS1, STEVAL-SMARTAG2, STEVAL-STWINBX1, STM320518-EVAL, STM32C0116-DK, STM32C011D6Y3TR, STM32C011D6Y6TR, STM32C011F4P3, STM32C011F4P6, STM32C011F4U3, STM32C011F4U6TR, STM32C011F6P3, STM32C011F6P6, STM32C011F6U3, STM32C011F6U6TR, STM32C011J4M3, STM32C011J4M6, STM32C011J6M3, STM32C011J6M6, STM32C0316-DK, STM32C031C4T3, STM32C031C4T6, STM32C031C4U3, STM32C031C4U6, STM32C031C6T3, STM32C031C6T6, STM32C031C6U3, STM32C031C6U6, STM32C031F4P3, STM32C031F4P6, STM32C031F6P3, STM32C031F6P6, STM32C031G4U3, STM32C031G4U6, STM32C031G6U3, STM32C031G6U6, STM32C031K4T3, STM32C031K4T6, STM32C031K4U3, STM32C031K4U6, STM32C031K6T3, STM32C031K6T6, STM32C031K6U3, STM32C031K6U6, STM32C051C6T6, STM32C051C6U6, STM32C051C8T6, STM32C051C8U6, STM32C051D8Y6TR, STM32C051F6P6, STM32C051F8P6, STM32C051G6U6, STM32C051G8U6, STM32C051K6T6, STM32C051K6U6, STM32C051K8T6, STM32C071C8T6, STM32C071C8T6N, STM32C071C8U6, STM32C071C8U6N, STM32C071CBT6, STM32C071CBT6N, STM32C071CBU6, STM32C071CBU6N, STM32C071F8P6, STM32C071F8P6N, STM32C071FBP6, STM32C071FBP6N, STM32C071FBY6TR, STM32C071G8U6, STM32C071G8U6N, STM32C071GBU6, STM32C071GBU6N, STM32C071K8T6, STM32C071K8T6N, STM32C071K8U6, STM32C071K8U6N, STM32C071KBT6, STM32C071KBT6N, STM32C071KBU6, STM32C071KBU6N, STM32C071R8T6, STM32C071R8T6N, STM32C071RBI6N, STM32C071RBT6, STM32C071RBT6N, STM32C091CBT6, STM32C091CBU6, STM32C091CCT6, STM32C091CCU6, STM32C091ECY6TR, STM32C091FBP6, STM32C091FCP6, STM32C091GBU6, STM32C091GCU6, STM32C091KBT6, STM32C091KBU6, STM32C091KCT6, STM32C091KCU6, STM32C091RBT6, STM32C091RCI6, STM32C091RCT6, STM32C092CBT6, STM32C092CBU6, STM32C092CCT6, STM32C092CCU6, STM32C092ECY6TR, STM32C092FBP6, STM32C092FCP6, STM32C092GBU6, STM32C092GCU6, STM32C092KBT6, STM32C092KBU6, STM32C092KCT6, STM32C092KCU6, STM32C092RBT6, STM32C092RCI6, STM32C092RCT6, STM32G071K8TXN, STM32G071K8UXN, STM32G081GBU6N, STM32G081KBT6N, STM32G081KBUXN, STM32G0B1CCT6N, STM32G0B1KCT6, STM32G0B1NEY6TR, STM32G0B1RCT6N, STM32G0C1CCT6, STM32G0C1CCT6N, STM32G0C1CCU6N, STM32G0C1CET6N, STM32G0C1CEU6N, STM32G0C1KCT6, STM32G0C1NEY6TR, STM32G0C1RCI6N, STM32G0C1RCT6N, STM32G0C1REI6N, STM32G0C1RET6N, STM32G0C1VCI6, STM32G0C1VEI6, STM32G411C6T3, STM32G411C6T6, STM32G411C6U3, STM32G411C6U6, STM32G411C8T3, STM32G411C8T6, STM32G411C8U3, STM32G411C8U6, STM32G411CBT3, STM32G411CBT6, STM32G411CBU3, STM32G411CBU6, STM32G411CCT3, STM32G411CCT6, STM32G411CCU3, STM32G411CCU6, STM32G411K6T3, STM32G411K6T6, STM32G411K6U3, STM32G411K6U6, STM32G411K8T3, STM32G411K8T6, STM32G411K8U3, STM32G411K8U6, STM32G411KBT3, STM32G411KBT6, STM32G411KBU3, STM32G411KBU6, STM32G411M6T3, STM32G411M6T6, STM32G411M8T3, STM32G411M8T6, STM32G411MBT3, STM32G411MBT6, STM32G411MCT3, STM32G411MCT6, STM32G411R6T3, STM32G411R6T6, STM32G411R8T3, STM32G411R8T6, STM32G411RBT3, STM32G411RBT6, STM32G411RCT3, STM32G411RCT6, STM32G414CBT3, STM32G414CBT6, STM32G414CBU3, STM32G414CBU6, STM32G414CCT3, STM32G414CCT6, STM32G414CCU3, STM32G414CCU6, STM32G414MBT3, STM32G414MBT6, STM32G414MCT3, STM32G414MCT6, STM32G414RBT3, STM32G414RBT6, STM32G414RCT3, STM32G414RCT6, STM32G414VBT3, STM32G414VBT6, STM32G414VCT3, STM32G414VCT6, STM32G431CBT3Z, STM32G431RBT3Z, STM32G471CCT6, STM32G471CCU6, STM32G471CET3, STM32G471CET6, STM32G471CEU3, STM32G471CEU6, STM32G471MCT6, STM32G471MET3, STM32G471MET6, STM32G471MEY6TR, STM32G471QCT6, STM32G471QET3, STM32G471RCT6, STM32G471RET3, STM32G471RET6, STM32G471VCH6, STM32G471VCI6, STM32G471VCT6, STM32G471VEH3, STM32G471VEH6, STM32G471VEI3, STM32G471VEI6, STM32G471VET3, STM32G471VET6, STM32G473QET3Z, STM32G473RET3Z, STM32G474CCT6, STM32G491RET3Z, STM32H503CBT6, STM32H503CBU6, STM32H503EBY6TR, STM32H503KBU6, STM32H503RBT6, STM32H523CCT6, STM32H523CCU6, STM32H523CET6, STM32H523CEU6, STM32H523HEY6TR, STM32H523RCT6, STM32H523RET6, STM32H523VCI6, STM32H523VCT6, STM32H523VEI6, STM32H523VET6, STM32H523ZCJ6, STM32H523ZCT6, STM32H523ZEJ6, STM32H523ZET6, STM32H533CET6, STM32H533CEU6, STM32H533HEY6TR, STM32H533RET6, STM32H533VEI6, STM32H533VET6, STM32H533ZEJ6, STM32H533ZET6, STM32H562AGI6, STM32H562AII6, STM32H562IGK6, STM32H562IGT6, STM32H562IIK6, STM32H562IIT6, STM32H562RGT6, STM32H562RGV6, STM32H562RIT6, STM32H562RIV6, STM32H562VGT6, STM32H562VIT6, STM32H562ZGT6, STM32H562ZIT6, STM32H563AGI6, STM32H563AII3Q, STM32H563AII6, STM32H563IGK6, STM32H563IGT6, STM32H563IIK3Q, STM32H563IIK6, STM32H563IIT3Q, STM32H563IIT6, STM32H563MIY3QTR, STM32H563RGT6, STM32H563RGV6, STM32H563RIT6, STM32H563RIV6, STM32H563VGT6, STM32H563VIT3Q, STM32H563VIT6, STM32H563ZGT6, STM32H563ZIT3Q, STM32H563ZIT6, STM32H573AII3Q, STM32H573AII6, STM32H573I-DK, STM32H573IIK3Q, STM32H573IIK6, STM32H573IIT3Q, STM32H573IIT6, STM32H573MIY3QTR, STM32H573RIT6, STM32H573RIV6, STM32H573VIT3Q, STM32H573VIT6, STM32H573ZIT3Q, STM32H573ZIT6, STM32H7R3A8I6, STM32H7R3I8K6, STM32H7R3I8T6, STM32H7R3L8H6, STM32H7R3L8H6H, STM32H7R3R8V6, STM32H7R3V8H6, STM32H7R3V8T6, STM32H7R3V8Y6TR, STM32H7R3Z8J6, STM32H7R3Z8T6, STM32H7R7A8I6, STM32H7R7I8K6, STM32H7R7I8T6, STM32H7R7L8H6, STM32H7R7L8H6H, STM32H7R7Z8J6, STM32H7S3A8I6, STM32H7S3I8K6, STM32H7S3I8T6, STM32H7S3L8H6, STM32H7S3L8H6H, STM32H7S3R8V6, STM32H7S3V8H6, STM32H7S3V8T6, STM32H7S3V8Y6TR, STM32H7S3Z8J6, STM32H7S3Z8T6, STM32H7S78-DK, STM32H7S7A8I6, STM32H7S7I8K6, STM32H7S7I8T6, STM32H7S7L8H6, STM32H7S7L8H6H, STM32H7S7Z8J6, STM32L4R5QGI6STR, STM32MP131AAE3, STM32MP131AAF3, STM32MP131AAG3, STM32MP131CAE3, STM32MP131CAF3, STM32MP131CAG3, STM32MP131DAE7, STM32MP131DAF7, STM32MP131DAG7, STM32MP131FAE7, STM32MP131FAF7, STM32MP131FAG7, STM32MP133AAE3, STM32MP133AAF3, STM32MP133AAG3, STM32MP133CAE3, STM32MP133CAF3, STM32MP133CAG3, STM32MP133DAE7, STM32MP133DAF7, STM32MP133DAG7, STM32MP133FAE7, STM32MP133FAF7, STM32MP133FAG7, STM32MP135AAE3, STM32MP135AAF3, STM32MP135AAG3, STM32MP135CAE3, STM32MP135CAF3, STM32MP135CAG3, STM32MP135DAE7, STM32MP135DAF7, STM32MP135DAG7, STM32MP135F-DK, STM32MP135FAE7, STM32MP135FAF7, STM32MP135FAF7T, STM32MP135FAF7U, STM32MP135FAG7, STM32MP231AAJ3, STM32MP231AAK3, STM32MP231AAL3, STM32MP231CAJ3, STM32MP231CAK3, STM32MP231CAL3, STM32MP231DAJ3, STM32MP231DAK3, STM32MP231DAL3, STM32MP231FAJ3, STM32MP231FAK3, STM32MP231FAL3, STM32MP233AAJ3, STM32MP233AAK3, STM32MP233AAL3, STM32MP233CAJ3, STM32MP233CAK3, STM32MP233CAL3, STM32MP233DAJ3, STM32MP233DAK3, STM32MP233DAL3, STM32MP233FAJ3, STM32MP233FAK3, STM32MP233FAL3, STM32MP235AAJ3, STM32MP235AAK3, STM32MP235AAL3, STM32MP235CAJ3, STM32MP235CAK3, STM32MP235CAL3, STM32MP235DAJ3, STM32MP235DAK3, STM32MP235DAL3, STM32MP235FAJ3, STM32MP235FAK3, STM32MP235FAL3, STM32MP251AAI3, STM32MP251AAJ3, STM32MP251AAK3, STM32MP251AAL3, STM32MP251CAI3, STM32MP251CAJ3, STM32MP251CAK3, STM32MP251CAL3, STM32MP251DAI3, STM32MP251DAJ3, STM32MP251DAK3, STM32MP251DAL3, STM32MP251FAI3, STM32MP251FAJ3, STM32MP251FAK3, STM32MP251FAL3, STM32MP253AAI3, STM32MP253AAJ3, STM32MP253AAK3, STM32MP253AAL3, STM32MP253CAI3, STM32MP253CAJ3, STM32MP253CAK3, STM32MP253CAL3, STM32MP253DAI3, STM32MP253DAJ3, STM32MP253DAK3, STM32MP253DAL3, STM32MP253FAI3, STM32MP253FAJ3, STM32MP253FAK3, STM32MP253FAL3, STM32MP255AAI3, STM32MP255AAJ3, STM32MP255AAK3, STM32MP255AAL3, STM32MP255CAI3, STM32MP255CAJ3, STM32MP255CAK3, STM32MP255CAL3, STM32MP255DAI3, STM32MP255DAJ3, STM32MP255DAK3, STM32MP255DAL3, STM32MP255FAI3, STM32MP255FAJ3, STM32MP255FAK3, STM32MP255FAL3, STM32MP257AAI3, STM32MP257AAJ3, STM32MP257AAK3, STM32MP257AAL3, STM32MP257CAI3, STM32MP257CAJ3, STM32MP257CAK3, STM32MP257CAL3, STM32MP257DAI3, STM32MP257DAJ3, STM32MP257DAK3, STM32MP257DAL3, STM32MP257F-DK, STM32MP257F-EV1, STM32MP257FAI3, STM32MP257FAJ3, STM32MP257FAK3, STM32MP257FAL3, STM32N645A0H3Q, STM32N645B0H3Q, STM32N645I0H3Q, STM32N645L0H3Q, STM32N645X0H3Q, STM32N645Z0H3Q, STM32N647A0H3Q, STM32N647B0H3Q, STM32N647I0H3Q, STM32N647L0H3Q, STM32N647X0H3Q, STM32N647Z0H3Q, STM32N655A0H3Q, STM32N655B0H3Q, STM32N655I0H3Q, STM32N655L0H3Q, STM32N655X0H3Q, STM32N655Z0H3Q, STM32N6570-DK, STM32N657A0H3Q, STM32N657B0H3Q, STM32N657I0H3Q, STM32N657L0H3Q, STM32N657X0H3Q, STM32N657Z0H3Q, STM32U031C6T6, STM32U031C6U6, STM32U031C8T6, STM32U031C8U6, STM32U031F4P6, STM32U031F6P6, STM32U031F8P6, STM32U031G6Y6TR, STM32U031G8Y6TR, STM32U031K4U6, STM32U031K6U6, STM32U031K8U6, STM32U031R6I6, STM32U031R6T6, STM32U031R8I6, STM32U031R8T6, STM32U073C8T6, STM32U073C8U6, STM32U073CBT6, STM32U073CBU6, STM32U073CCT6, STM32U073CCU6, STM32U073H8Y6TR, STM32U073HBY6TR, STM32U073HCY6TR, STM32U073K8U6, STM32U073KBU6, STM32U073KCU6, STM32U073M8I6, STM32U073M8T6, STM32U073MBI6, STM32U073MBT6, STM32U073MCI6, STM32U073MCT6, STM32U073R8I6, STM32U073R8T6, STM32U073RBI6, STM32U073RBT6, STM32U073RCI6, STM32U073RCT6, STM32U083C-DK, STM32U083CCT6, STM32U083CCU6, STM32U083HCY6TR, STM32U083KCU6, STM32U083MCI6, STM32U083MCT6, STM32U083RCI6, STM32U083RCT6, STM32U375CET6, STM32U375CET6Q, STM32U375CEU6, STM32U375CEU6Q, STM32U375CEY6QTR, STM32U375CGT6, STM32U375CGT6Q, STM32U375CGU6, STM32U375CGU6Q, STM32U375CGY6QTR, STM32U375KEU6, STM32U375KGU6, STM32U375REI6, STM32U375REI6Q, STM32U375RET6, STM32U375RET6Q, STM32U375REY6GTR, STM32U375REY6QTR, STM32U375RGI6, STM32U375RGI6Q, STM32U375RGT6, STM32U375RGT6Q, STM32U375RGY6GTR, STM32U375RGY6QTR, STM32U375VEI6, STM32U375VEI6Q, STM32U375VET6, STM32U375VET6Q, STM32U375VGI6, STM32U375VGI6Q, STM32U375VGT6, STM32U375VGT6Q, STM32U385CGT6, STM32U385CGT6Q, STM32U385CGU6, STM32U385CGU6Q, STM32U385CGY6QTR, STM32U385KGU6, STM32U385RGI6, STM32U385RGI6Q, STM32U385RGT6, STM32U385RGT6Q, STM32U385RGY6GTR, STM32U385RGY6QTR, STM32U385VGI6, STM32U385VGI6Q, STM32U385VGT6, STM32U385VGT6Q, STM32U535CBT6, STM32U535CBT6Q, STM32U535CBU6, STM32U535CBU6Q, STM32U535CCT6, STM32U535CCT6Q, STM32U535CCU6, STM32U535CCU6Q, STM32U535CET6, STM32U535CET6Q, STM32U535CEU6, STM32U535CEU6Q, STM32U535JEY6QTR, STM32U535NCY6QTR, STM32U535NEY6QTR, STM32U535RBI6, STM32U535RBI6Q, STM32U535RBT6, STM32U535RBT6Q, STM32U535RCI6, STM32U535RCI6Q, STM32U535RCT6, STM32U535RCT6Q, STM32U535REI6, STM32U535REI6Q, STM32U535RET6, STM32U535RET6Q, STM32U535VCI6, STM32U535VCI6Q, STM32U535VCT6, STM32U535VCT6Q, STM32U535VEI6, STM32U535VEI6Q, STM32U535VET6, STM32U535VET6Q, STM32U545CET6, STM32U545CET6Q, STM32U545CEU6, STM32U545CEU6Q, STM32U545JEY6QTR, STM32U545NEY6QTR, STM32U545REI6, STM32U545REI6Q, STM32U545RET6, STM32U545RET6Q, STM32U545VEI6, STM32U545VEI6Q, STM32U545VET6, STM32U545VET6Q, STM32U595AIH6, STM32U595AIH6Q, STM32U595AJH6, STM32U595AJH6Q, STM32U595QII6, STM32U595QII6Q, STM32U595QJI6, STM32U595QJI6Q, STM32U595RIT6, STM32U595RIT6Q, STM32U595RJT6, STM32U595RJT6Q, STM32U595VIT6, STM32U595VIT6Q, STM32U595VJT6, STM32U595VJT6Q, STM32U595ZIT6, STM32U595ZIT6Q, STM32U595ZIY6QTR, STM32U595ZJT6, STM32U595ZJT6Q, STM32U595ZJY6QTR, STM32U599BJY6QTR, STM32U599NIH6Q, STM32U599NJH6Q, STM32U599VIT6Q, STM32U599VJT6, STM32U599VJT6Q, STM32U599ZIT6Q, STM32U599ZIY6QTR, STM32U599ZJT6Q, STM32U599ZJY6QTR, STM32U5A5AJH6, STM32U5A5AJH6Q, STM32U5A5QII3Q , STM32U5A5QJI6, STM32U5A5QJI6Q, STM32U5A5RJT6, STM32U5A5RJT6Q, STM32U5A5VJT6, STM32U5A5VJT6Q, STM32U5A5ZJT6, STM32U5A5ZJT6Q, STM32U5A5ZJY6QTR, STM32U5A9BJY6QTR, STM32U5A9J-DK, STM32U5A9NJH6Q, STM32U5A9VJT6Q, STM32U5A9ZJT6Q, STM32U5A9ZJY6QTR, STM32U5F7VIT6, STM32U5F7VIT6Q, STM32U5F7VJT6, STM32U5F7VJT6Q, STM32U5F9BJY6QTR, STM32U5F9NJH6Q, STM32U5F9VIT6Q, STM32U5F9VJT6Q, STM32U5F9ZIJ6QTR, STM32U5F9ZIT6Q, STM32U5F9ZJJ6QTR, STM32U5F9ZJT6Q, STM32U5G7VJT6, STM32U5G7VJT6Q, STM32U5G9BJY6QTR, STM32U5G9J-DK1, STM32U5G9J-DK2, STM32U5G9NJH6Q, STM32U5G9VJT6Q, STM32U5G9ZJJ6QTR, STM32U5G9ZJT6Q, STM32WB05KZV6TR, STM32WB05KZV7TR, STM32WB05TZF6TR, STM32WB05TZF7TR, STM32WB06CCF6TR, STM32WB06CCF7TR, STM32WB06CCV6TR, STM32WB06CCV7TR, STM32WB06KCV6TR, STM32WB06KCV7TR, STM32WB07CCF6TR, STM32WB07CCF7TR, STM32WB07CCV6TR, STM32WB07CCV7TR, STM32WB07KCV6TR, STM32WB07KCV7TR, STM32WB09KEV6TR, STM32WB09KEV7TR, STM32WB09TEF6TR, STM32WB09TEF7TR, STM32WB1MMCH6, STM32WBA50KGU6, STM32WBA50KGU6TR, STM32WBA52CEU6, STM32WBA52CEU6TR, STM32WBA52CEU7, STM32WBA52CEU7TR, STM32WBA52CGU6, STM32WBA52CGU6TR, STM32WBA52CGU6U, STM32WBA52CGU7, STM32WBA52CGU7TR, STM32WBA52KEU6, STM32WBA52KEU6TR, STM32WBA52KGU6, STM32WBA52KGU6TR, STM32WBA54CEU6, STM32WBA54CEU6TR, STM32WBA54CEU7, STM32WBA54CEU7TR, STM32WBA54CGU6, STM32WBA54CGU6TR, STM32WBA54CGU7, STM32WBA54CGU7TR, STM32WBA54KEU6, STM32WBA54KEU6TR, STM32WBA54KEU7, STM32WBA54KEU7TR, STM32WBA54KGU6, STM32WBA54KGU6TR, STM32WBA54KGU7, STM32WBA54KGU7TR, STM32WBA55CEU6, STM32WBA55CEU6TR, STM32WBA55CEU7, STM32WBA55CEU7TR, STM32WBA55CGU6, STM32WBA55CGU6TR, STM32WBA55CGU6U, STM32WBA55CGU7, STM32WBA55CGU7TR, STM32WBA55G-DK1, STM32WBA55HEF6, STM32WBA55HEF7, STM32WBA55HGF6, STM32WBA55HGF7, STM32WBA55UEI6, STM32WBA55UEI6TR, STM32WBA55UEI7, STM32WBA55UEI7TR, STM32WBA55UGI6, STM32WBA55UGI6TR, STM32WBA55UGI7, STM32WBA55UGI7TR, STM32WBA5MJGH6TR, STM32WBA62CGU6, STM32WBA62CIU6, STM32WBA62MGF6, STM32WBA62MIF6, STM32WBA62PGI6, STM32WBA62PII6, STM32WBA63CGU6, STM32WBA63CGU7, STM32WBA63CIU6, STM32WBA63CIU7, STM32WBA64CGU6, STM32WBA64CGU7, STM32WBA64CIU6, STM32WBA64CIU7, STM32WBA65CGU6, STM32WBA65CGU7, STM32WBA65CIU6, STM32WBA65CIU7, STM32WBA65I-DK1, STM32WBA65MGF6, STM32WBA65MGF7, STM32WBA65MIF6, STM32WBA65MIF7, STM32WBA65PGI6, STM32WBA65PGI7, STM32WBA65PII6, STM32WBA65PII7, STM32WBA65RGV6, STM32WBA65RGV7, STM32WBA65RIV6, STM32WBA65RIV7, STM32WL30K8V6, STM32WL30KBV6, STM32WL31C8V6, STM32WL31CBV6, STM32WL31K8V6, STM32WL31KBV6, STM32WL33C8V6, STM32WL33C8V6TR, STM32WL33C8V7, STM32WL33C8V7TR, STM32WL33CBV6, STM32WL33CBV6TR, STM32WL33CBV7, STM32WL33CBV7TR, STM32WL33CCV6, STM32WL33CCV6TR, STM32WL33CCV7, STM32WL33CCV7A, STM32WL33CCV7ATR, STM32WL33CCV7TR, STM32WL33K8V6, STM32WL33K8V6TR, STM32WL33K8V7, STM32WL33K8V7TR, STM32WL33KBV6, STM32WL33KBV6TR, STM32WL33KBV7, STM32WL33KBV7TR, STM32WL33KCV6, STM32WL33KCV6TR, STM32WL33KCV7, STM32WL33KCV7TR, STM32WL5MOCH6, STM32WL5MOCH6TR]
2026-05-17 10:24:18,536 [INFO] BoardInfo:889 - No configuration file found for board NUCLEO-H5E5ZJ
2026-05-17 10:24:18,537 [INFO] DbBoards:161 - Board is not supported: NUCLEO-H5E5ZJ
2026-05-17 10:24:18,569 [INFO] BoardInfo:889 - No configuration file found for board NUCLEO-U3C5ZI-Q
2026-05-17 10:24:18,570 [INFO] DbBoards:161 - Board is not supported: NUCLEO-U3C5ZI-Q
2026-05-17 10:24:18,576 [INFO] BoardInfo:889 - No configuration file found for board NUCLEO-WBA25CE1
2026-05-17 10:24:18,576 [INFO] DbBoards:161 - Board is not supported: NUCLEO-WBA25CE1
2026-05-17 10:24:18,581 [INFO] BoardInfo:889 - No configuration file found for board NUCLEO-WL3RKB1
2026-05-17 10:24:18,581 [INFO] DbBoards:161 - Board is not supported: NUCLEO-WL3RKB1
2026-05-17 10:24:18,582 [INFO] BoardInfo:889 - No configuration file found for board NUCLEO-WL3RKB2
2026-05-17 10:24:18,582 [INFO] DbBoards:161 - Board is not supported: NUCLEO-WL3RKB2
2026-05-17 10:24:18,585 [INFO] BoardInfo:889 - No configuration file found for board P-NUCLEO-WB55
2026-05-17 10:24:18,586 [INFO] DbBoards:161 - Kit is not supported: P-NUCLEO-WB55
2026-05-17 10:24:18,589 [INFO] BoardInfo:889 - No configuration file found for board STEVAL-BFA001V1B
2026-05-17 10:24:18,589 [INFO] DbBoards:161 - Kit is not supported: STEVAL-BFA001V1B
2026-05-17 10:24:18,589 [INFO] BoardInfo:889 - No configuration file found for board STEVAL-BFA001V2B
2026-05-17 10:24:18,590 [INFO] DbBoards:161 - Kit is not supported: STEVAL-BFA001V2B
2026-05-17 10:24:18,638 [INFO] BoardInfo:889 - No configuration file found for board STM32H5F5J-DK
2026-05-17 10:24:18,639 [INFO] DbBoards:161 - Board is not supported: STM32H5F5J-DK
2026-05-17 10:24:18,665 [INFO] BoardInfo:889 - No configuration file found for board STM32MP215F-DK
2026-05-17 10:24:18,665 [INFO] DbBoards:161 - Board is not supported: STM32MP215F-DK
2026-05-17 10:24:18,674 [INFO] DbBoards:168 - Found 218 boards, 208 are supported
2026-05-17 10:24:18,674 [INFO] DbBoards:169 - Found 218 boards, 43 of them is supported for  Bsp
2026-05-17 10:24:18,677 [INFO] ApiDb:423 - Load user favorites file C:\Users\moonc/.stm32cubeide/favorites.boards.txt: 1 item(s)
2026-05-17 10:24:18,677 [INFO] ApiDb:427 - User favorites Boards=[NUCLEO-F446RE]
2026-05-17 10:24:18,677 [INFO] DbBoards:198 - Set 1 / 1 favorites Boards
2026-05-17 10:24:18,693 [ERROR] TargetSelectorAdapter:267 - Unable to refresh data
2026-05-17 10:24:18,768 [INFO] McuFinderGlobals:76 - Set McuFinderConnectedMode to true
2026-05-17 10:24:18,769 [INFO] MultiScanPanel:200 - Auto-refresh data requested => check proxy status ongoing
2026-05-17 10:24:18,769 [INFO] FinderPluginLoader:95 - Searching for filters in installed packs
2026-05-17 10:24:20,350 [INFO] LoadUrlFilesThread:185 - End of LoadServerUrlFiles without Thread
2026-05-17 10:24:20,351 [INFO] DetailPanel:341 - Set advertising image to C:/Users/moonc/STM32Cube/Repository/\en.prom-stm32wba2-stm32-nucleo-board-0426.png
2026-05-17 10:24:34,403 [INFO] MultiScanPanel:200 - Auto-refresh data requested => check proxy status ongoing
2026-05-17 10:24:34,460 [INFO] LoadUrlFilesThread:185 - End of LoadServerUrlFiles without Thread
2026-05-17 10:24:34,460 [INFO] DetailPanel:341 - Set advertising image to C:/Users/moonc/STM32Cube/Repository/\en.prom-stm32wba2-stm32-nucleo-board-0426.png
2026-05-17 10:24:34,466 [INFO] DbBoards:642 - Loading board mini-images...
2026-05-17 10:24:36,087 [INFO] DbBoards:665 - Loaded 218 board mini-images
2026-05-17 10:25:08,096 [INFO] MainUpdater:2872 - connection check result : 10
2026-05-17 10:25:08,096 [INFO] MainUpdater:2872 - connection check result : 10
2026-05-17 10:25:08,175 [INFO] MicroXplorer:468 - Change Database Path : 
2026-05-17 10:25:08,176 [INFO] MicroXplorer:498 - Change Database Version : DB.6.0.141
2026-05-17 10:25:08,211 [ERROR] ProjectManagerView:395 - 
java.lang.NullPointerException: Cannot invoke "javax.swing.JTextField.getText()" because the return value of "java.util.List.get(int)" is null
	at com.st.microxplorer.plugins.projectmanager.gui.ProjectChoiceTab$9.caretUpdate(ProjectChoiceTab.java:2678) ~[filemanager.jar:?]
	at javax.swing.text.JTextComponent.fireCaretUpdate(JTextComponent.java:408) ~[?:?]
	at javax.swing.text.JTextComponent$MutableCaretEvent.fire(JTextComponent.java:4484) ~[?:?]
	at javax.swing.text.JTextComponent$MutableCaretEvent.stateChanged(JTextComponent.java:4506) ~[?:?]
	at javax.swing.text.DefaultCaret.fireStateChanged(DefaultCaret.java:857) ~[?:?]
	at javax.swing.text.DefaultCaret.changeCaretPosition(DefaultCaret.java:1343) ~[?:?]
	at javax.swing.text.DefaultCaret.handleSetDot(DefaultCaret.java:1242) ~[?:?]
	at javax.swing.text.DefaultCaret.setDot(DefaultCaret.java:1223) ~[?:?]
	at javax.swing.text.DefaultCaret$Handler.insertUpdate(DefaultCaret.java:1819) ~[?:?]
	at javax.swing.text.AbstractDocument.fireInsertUpdate(AbstractDocument.java:227) ~[?:?]
	at javax.swing.text.AbstractDocument.handleInsertString(AbstractDocument.java:781) ~[?:?]
	at javax.swing.text.AbstractDocument.insertString(AbstractDocument.java:740) ~[?:?]
	at javax.swing.text.PlainDocument.insertString(PlainDocument.java:131) ~[?:?]
	at javax.swing.text.AbstractDocument.replace(AbstractDocument.java:699) ~[?:?]
	at javax.swing.text.JTextComponent.setText(JTextComponent.java:1725) ~[?:?]
	at com.st.microxplorer.plugins.projectmanager.gui.ProjectChoiceTab.createHeapStackFields(ProjectChoiceTab.java:979) ~[filemanager.jar:?]
	at com.st.microxplorer.plugins.projectmanager.gui.ProjectChoiceTab.buildLinkSettingsPanel(ProjectChoiceTab.java:3766) ~[filemanager.jar:?]
	at com.st.microxplorer.plugins.projectmanager.gui.ProjectChoiceTab.defineWindowsFields(ProjectChoiceTab.java:1962) ~[filemanager.jar:?]
	at com.st.microxplorer.plugins.projectmanager.gui.ProjectChoiceTab.updateSettings(ProjectChoiceTab.java:555) ~[filemanager.jar:?]
	at com.st.microxplorer.plugins.projectmanager.gui.ProjectSettingsPanel.UpdateDialog(ProjectSettingsPanel.java:245) ~[filemanager.jar:?]
	at com.st.microxplorer.plugins.projectmanager.ProjectManagerView.propertyChange(ProjectManagerView.java:392) ~[filemanager.jar:?]
	at java.beans.PropertyChangeSupport.fire(PropertyChangeSupport.java:343) ~[?:?]
	at java.beans.PropertyChangeSupport.firePropertyChange(PropertyChangeSupport.java:335) ~[?:?]
	at java.beans.PropertyChangeSupport.firePropertyChange(PropertyChangeSupport.java:268) ~[?:?]
	at com.st.microxplorer.util.MXPropertyChangeSupport.firePropertyChange(MXPropertyChangeSupport.java:54) ~[STM32CubeMX.jar:?]
	at com.st.microxplorer.mxsystem.MxSystem.closeConfig(MxSystem.java:899) ~[STM32CubeMX.jar:?]
	at com.st.microxplorer.maingui.MainPanel.closeConfig(MainPanel.java:789) ~[STM32CubeMX.jar:?]
	at com.st.microxplorer.plugins.filemanager.engine.OpenFileManager.loadConfigurationFile(OpenFileManager.java:287) ~[filemanager.jar:?]
	at com.st.microxplorer.plugins.filemanager.engine.MainFileManager.userLoadConfig(MainFileManager.java:341) ~[filemanager.jar:?]
	at com.st.microxplorer.plugins.filemanager.FileManagerView.getSpecificTask(FileManagerView.java:250) ~[filemanager.jar:?]
	at com.st.stm32cube.common.mx.editor.CubeMxEditor.getMxTabbedPaneInstance(CubeMxEditor.java:1191) ~[com.st.stm32cube.common.mx_6.14.1.202504091515/:?]
	at com.st.stm32cube.common.mx.editor.CubeMxEditor$12$1.createSwingComponent(CubeMxEditor.java:1068) ~[com.st.stm32cube.common.mx_6.14.1.202504091515/:?]
	at com.st.stm32cube.common.mx.oss.core.awtswtbridge.EmbeddedSwingComposite.doComponentCreation(EmbeddedSwingComposite.java:492) ~[com.st.stm32cube.common.mx.oss_6.14.1.202504091515/:?]
	at com.st.stm32cube.common.mx.oss.core.awtswtbridge.EmbeddedSwingComposite$4.run(EmbeddedSwingComposite.java:291) ~[com.st.stm32cube.common.mx.oss_6.14.1.202504091515/:?]
	at com.st.stm32cube.common.mx.oss.core.awtswtbridge.AwtEnvironment$2.run(AwtEnvironment.java:166) ~[com.st.stm32cube.common.mx.oss_6.14.1.202504091515/:?]
	at java.awt.event.InvocationEvent.dispatch(InvocationEvent.java:318) ~[?:?]
	at java.awt.EventQueue.dispatchEventImpl(EventQueue.java:773) ~[?:?]
	at java.awt.EventQueue$4.run(EventQueue.java:720) ~[?:?]
	at java.awt.EventQueue$4.run(EventQueue.java:714) ~[?:?]
	at java.security.AccessController.doPrivileged(AccessController.java:400) ~[?:?]
	at java.security.ProtectionDomain$JavaSecurityAccessImpl.doIntersectionPrivilege(ProtectionDomain.java:87) ~[?:?]
	at java.awt.EventQueue.dispatchEvent(EventQueue.java:742) ~[?:?]
	at java.awt.EventDispatchThread.pumpOneEventForFilters(EventDispatchThread.java:203) ~[?:?]
	at java.awt.EventDispatchThread.pumpEventsForFilter(EventDispatchThread.java:124) ~[?:?]
	at java.awt.EventDispatchThread.pumpEventsForHierarchy(EventDispatchThread.java:113) ~[?:?]
	at java.awt.EventDispatchThread.pumpEvents(EventDispatchThread.java:109) ~[?:?]
	at java.awt.EventDispatchThread.pumpEvents(EventDispatchThread.java:101) ~[?:?]
	at java.awt.EventDispatchThread.run(EventDispatchThread.java:90) ~[?:?]
2026-05-17 10:25:08,213 [WARN] ThirdParty:871 - waiting for thirdparty lock release [close project]
2026-05-17 10:25:08,213 [INFO] ThirdParty:873 - entering critical section [close project]
2026-05-17 10:25:08,213 [INFO] ThirdParty:883 - exiting critical section [close project]
2026-05-17 10:25:08,215 [INFO] PinOutPanel:1589 - setPackage(No Configuration,No Configuration)
2026-05-17 10:25:08,227 [WARN] IpParametersView:155 - Warning: This peripheral hasn't parameters
2026-05-17 10:25:08,236 [WARN] MainPanel:289 - <html><b><center>Warning: This peripheral has no parameters to be configured<br></b></html>
2026-05-17 10:25:08,241 [INFO] UtilMem:75 - Begin LoadConfig() Used Memory: 1041560744 Bytes (1073741824)
2026-05-17 10:25:08,242 [INFO] OpenFileManager:354 - Change cursor
2026-05-17 10:25:08,270 [INFO] RulesReader:64 - Compatibility file has been processed (302 Rules)
2026-05-17 10:25:08,276 [INFO] ProjectFactory:442 - No CPN specified for board NUCLEO-F446RE => set CPN to STM32F446RET6
2026-05-17 10:25:08,276 [INFO] Mcu:2011 - Initializing MCU STM32F446R(C-E)Tx STM32F446RETx STM32F446RET6
2026-05-17 10:25:09,711 [INFO] Context:756 - Trying to add GPIOservice into a context  which must be forbidden
2026-05-17 10:25:10,097 [INFO] Rule:225 - rule 117617 - U5Cobra4M][GTZC] default value MPCBB3 and MPCBB5 - Not Secured memory - MPCBB1 is applicable
2026-05-17 10:25:10,098 [INFO] Rule:225 - rule 117617 - U5Cobra4M][GTZC] default value MPCBB3 and MPCBB5 - Not Secured memory - MPCBB1 is applicable
2026-05-17 10:25:10,098 [INFO] Rule:225 - rule 117617 - U5Cobra4M][GTZC] default value MPCBB3 and MPCBB5 - Not Secured memory - MPCBB2 is applicable
2026-05-17 10:25:10,098 [INFO] Rule:225 - rule 117617 - U5Cobra4M][GTZC] default value MPCBB3 and MPCBB5 - Not Secured memory - MPCBB2 is applicable
2026-05-17 10:25:10,098 [INFO] Rule:225 - rule 117617 - U5Cobra4M][GTZC] default value MPCBB3 and MPCBB5 - Not Secured memory - MPCBB3 is applicable
2026-05-17 10:25:10,098 [INFO] Rule:225 - rule 117617 - U5Cobra4M][GTZC] default value MPCBB3 and MPCBB5 - Not Secured memory - MPCBB3 is applicable
2026-05-17 10:25:10,098 [INFO] Rule:225 - rule 117617 - U5Cobra4M][GTZC] default value MPCBB3 and MPCBB5 - Not Secured memory - MPCBB4 is applicable
2026-05-17 10:25:10,098 [INFO] Rule:225 - rule 117617 - U5Cobra4M][GTZC] default value MPCBB3 and MPCBB5 - Not Secured memory - MPCBB4 is applicable
2026-05-17 10:25:10,098 [INFO] Rule:225 - rule 117617 - U5Cobra4M][GTZC] default value MPCBB3 and MPCBB5 - Secured memory - MPCBB1 is applicable
2026-05-17 10:25:10,098 [INFO] Rule:225 - rule 117617 - U5Cobra4M][GTZC] default value MPCBB3 and MPCBB5 - Secured memory - MPCBB2 is applicable
2026-05-17 10:25:10,098 [INFO] Rule:225 - rule 117617 - U5Cobra4M][GTZC] default value MPCBB3 and MPCBB5 - Secured memory - MPCBB3 is applicable
2026-05-17 10:25:10,098 [INFO] Rule:225 - rule 117617 - U5Cobra4M][GTZC] default value MPCBB3 and MPCBB5 - Secured memory - MPCBB4 is applicable
2026-05-17 10:25:10,098 [INFO] Rule:225 - rule 117617 - U5Cobra4M][GTZC] default value MPCBB3 and MPCBB5 - Privileged memory - MPCBB1 is applicable
2026-05-17 10:25:10,098 [INFO] Rule:225 - rule 117617 - U5Cobra4M][GTZC] default value MPCBB3 and MPCBB5 - Privileged memory - MPCBB2 is applicable
2026-05-17 10:25:10,098 [INFO] Rule:225 - rule 117617 - U5Cobra4M][GTZC] default value MPCBB3 and MPCBB5 - Privileged memory - MPCBB3 is applicable
2026-05-17 10:25:10,098 [INFO] Rule:225 - rule 117617 - U5Cobra4M][GTZC] default value MPCBB3 and MPCBB5 - Privileged memory - MPCBB4 is applicable
2026-05-17 10:25:10,098 [INFO] Rule:225 - rule 117617 - U5Cobra4M][GTZC] default value MPCBB3 and MPCBB5 - Not Privileged memory - MPCBB1 is applicable
2026-05-17 10:25:10,098 [INFO] Rule:225 - rule 117617 - U5Cobra4M][GTZC] default value MPCBB3 and MPCBB5 - Not Privileged memory - MPCBB2 is applicable
2026-05-17 10:25:10,098 [INFO] Rule:225 - rule 117617 - U5Cobra4M][GTZC] default value MPCBB3 and MPCBB5 - Not Privileged memory - MPCBB3 is applicable
2026-05-17 10:25:10,098 [INFO] Rule:225 - rule 117617 - U5Cobra4M][GTZC] default value MPCBB3 and MPCBB5 - Not Privileged memory - MPCBB4 is applicable
2026-05-17 10:25:10,098 [INFO] Rule:225 - rule 117617 - U5Cobra4M][GTZC] default value MPCBB3 and MPCBB5 - Privileged memory - MPCBB1 is applicable
2026-05-17 10:25:10,098 [INFO] Rule:225 - rule 117617 - U5Cobra4M][GTZC] default value MPCBB3 and MPCBB5 - Privileged memory - MPCBB2 is applicable
2026-05-17 10:25:10,098 [INFO] Rule:225 - rule 117617 - U5Cobra4M][GTZC] default value MPCBB3 and MPCBB5 - Privileged memory - MPCBB3 is applicable
2026-05-17 10:25:10,098 [INFO] Rule:225 - rule 117617 - U5Cobra4M][GTZC] default value MPCBB3 and MPCBB5 - Privileged memory - MPCBB4 is applicable
2026-05-17 10:25:10,098 [INFO] Rule:225 - rule 117617 - U5Cobra4M][GTZC] default value MPCBB3 and MPCBB5 - Privileged memory - MPCBB1 is applicable
2026-05-17 10:25:10,098 [INFO] Rule:225 - rule 117617 - U5Cobra4M][GTZC] default value MPCBB3 and MPCBB5 - Privileged memory - MPCBB2 is applicable
2026-05-17 10:25:10,098 [INFO] Rule:225 - rule 117617 - U5Cobra4M][GTZC] default value MPCBB3 and MPCBB5 - Privileged memory - MPCBB3 is applicable
2026-05-17 10:25:10,098 [INFO] Rule:225 - rule 117617 - U5Cobra4M][GTZC] default value MPCBB3 and MPCBB5 - Privileged memory - MPCBB4 is applicable
2026-05-17 10:25:10,098 [INFO] Rule:225 - rule 117617 - U5Cobra4M][GTZC] default value MPCBB3 and MPCBB5 - Not Privileged memory - MPCBB1 is applicable
2026-05-17 10:25:10,098 [INFO] Rule:225 - rule 117617 - U5Cobra4M][GTZC] default value MPCBB3 and MPCBB5 - Not Privileged memory - MPCBB2 is applicable
2026-05-17 10:25:10,099 [INFO] Rule:225 - rule 117617 - U5Cobra4M][GTZC] default value MPCBB3 and MPCBB5 - Not Privileged memory - MPCBB3 is applicable
2026-05-17 10:25:10,099 [INFO] Rule:225 - rule 117617 - U5Cobra4M][GTZC] default value MPCBB3 and MPCBB5 - Not Privileged memory - MPCBB4 is applicable
2026-05-17 10:25:10,099 [INFO] Rule:225 - rule 117617 - U5Cobra4M][GTZC] default value MPCBB3 and MPCBB5 - Privileged memory - MPCBB1 is applicable
2026-05-17 10:25:10,099 [INFO] Rule:225 - rule 117617 - U5Cobra4M][GTZC] default value MPCBB3 and MPCBB5 - Privileged memory - MPCBB2 is applicable
2026-05-17 10:25:10,099 [INFO] Rule:225 - rule 117617 - U5Cobra4M][GTZC] default value MPCBB3 and MPCBB5 - Privileged memory - MPCBB3 is applicable
2026-05-17 10:25:10,099 [INFO] Rule:225 - rule 117617 - U5Cobra4M][GTZC] default value MPCBB3 and MPCBB5 - Privileged memory - MPCBB4 is applicable
2026-05-17 10:25:10,099 [INFO] Rule:225 - rule Rename SubGHz_Phy SUBGHZ_APPLICATION SUBGHZ_PINGPONG to SUBGHZ_ADV_APPLICATION is applicable
2026-05-17 10:25:10,099 [INFO] Rule:225 - rule Rename Enabled to IBEACON is applicable
2026-05-17 10:25:10,099 [INFO] Rule:225 - rule GTZC_S instance for project manager is applicable
2026-05-17 10:25:10,099 [INFO] Rule:225 - rule GTZC_S instance for context M33S is applicable
2026-05-17 10:25:10,099 [INFO] Rule:225 - rule GTZC_S instance value for IP GTZC is applicable
2026-05-17 10:25:10,099 [INFO] Rule:225 - rule GTZC_S instance for mcu.IP is applicable
2026-05-17 10:25:10,099 [INFO] Rule:225 - rule GTZC_S instance for VP is applicable
2026-05-17 10:25:10,099 [INFO] Rule:225 - rule GTZC_S instance for signal is applicable
2026-05-17 10:25:10,099 [INFO] Rule:225 - rule GTZC_S instance for mcu.Pin is applicable
2026-05-17 10:25:10,099 [INFO] Rule:225 - rule GTZC_S instance for VP is applicable
2026-05-17 10:25:10,099 [INFO] Rule:225 - rule GTZC_S instance for signal is applicable
2026-05-17 10:25:10,099 [INFO] Rule:225 - rule GTZC_S instance for mcu is applicable
2026-05-17 10:25:10,099 [INFO] Rule:225 - rule GTZC_S instance for mcu.Pin is applicable
2026-05-17 10:25:10,099 [INFO] Rule:225 - rule GTZC_S instance value for IP GTZC is applicable
2026-05-17 10:25:10,099 [INFO] Rule:225 - rule GTZC_S instance for project manager is applicable
2026-05-17 10:25:10,099 [INFO] Rule:225 - rule GTZC_S instance for context M33S is applicable
2026-05-17 10:25:10,099 [INFO] Rule:225 - rule GTZC_S instance for VP is applicable
2026-05-17 10:25:10,099 [INFO] Rule:225 - rule GTZC_S instance for signal is applicable
2026-05-17 10:25:10,099 [INFO] Rule:225 - rule SPDIFRX instance for mcu is applicable
2026-05-17 10:25:10,099 [INFO] Rule:225 - rule Rename Tracer Mode is applicable
2026-05-17 10:25:10,099 [INFO] Rule:225 - rule SPDIFRX instance value for IP SPDIFRX is applicable
2026-05-17 10:25:10,099 [INFO] Rule:225 - rule SPDIFRX instance for signal is applicable
2026-05-17 10:25:10,099 [INFO] Rule:225 - rule SPDIFRX instance for project manager is applicable
2026-05-17 10:25:10,099 [INFO] Rule:225 - rule SPDIFRX instance for project manager is applicable
2026-05-17 10:25:10,099 [INFO] Rule:225 - rule ADC Scan  fix with FW F7 is applicable
2026-05-17 10:25:10,099 [INFO] Rule:225 - rule ADC Scan  fix with FW F7 is applicable
2026-05-17 10:25:10,099 [INFO] Rule:225 - rule WakeUp0 Mode is applicable
2026-05-17 10:25:10,099 [INFO] Rule:225 - rule WakeUp0 SIGNAL is applicable
2026-05-17 10:25:10,099 [INFO] Rule:225 - rule WakeUp1 Mode is applicable
2026-05-17 10:25:10,099 [INFO] Rule:225 - rule WakeUp1 SIGNAL is applicable
2026-05-17 10:25:10,099 [INFO] Rule:225 - rule WakeUp2 Mode is applicable
2026-05-17 10:25:10,100 [INFO] Rule:225 - rule WakeUp2 SIGNAL is applicable
2026-05-17 10:25:10,100 [INFO] Rule:225 - rule WakeUp4 Mode is applicable
2026-05-17 10:25:10,100 [INFO] Rule:225 - rule WakeUp4 SIGNAL is applicable
2026-05-17 10:25:10,100 [INFO] Rule:225 - rule WakeUp5 Mode is applicable
2026-05-17 10:25:10,100 [INFO] Rule:225 - rule WakeUp5 SIGNAL is applicable
2026-05-17 10:25:10,100 [INFO] Rule:225 - rule Add RTC Activate Clock Source is applicable
2026-05-17 10:25:10,100 [INFO] Rule:225 - rule Add RTC Activate Calendar 1 is applicable
2026-05-17 10:25:10,100 [INFO] Rule:225 - rule Add RTC Activate Calendar 2 is applicable
2026-05-17 10:25:10,100 [INFO] Rule:225 - rule Add RTC Activate Calendar 3 is applicable
2026-05-17 10:25:10,100 [INFO] Rule:225 - rule UART/USART TX Mode is applicable
2026-05-17 10:25:10,100 [INFO] Rule:225 - rule UART/USART RX Mode is applicable
2026-05-17 10:25:10,100 [INFO] Rule:225 - rule UART/USART RX TX Mode is applicable
2026-05-17 10:25:10,100 [INFO] Rule:225 - rule UART/USART PARITY NONE is applicable
2026-05-17 10:25:10,100 [INFO] Rule:225 - rule UART/USART PARITY EVEN is applicable
2026-05-17 10:25:10,100 [INFO] Rule:225 - rule UART/USART PARITY ODD is applicable
2026-05-17 10:25:10,100 [INFO] Rule:225 - rule USART StopBits 1 is applicable
2026-05-17 10:25:10,100 [INFO] Rule:225 - rule USART StopBits 2 is applicable
2026-05-17 10:25:10,100 [INFO] Rule:225 - rule USART StopBits 1.5 is applicable
2026-05-17 10:25:10,100 [INFO] Rule:225 - rule USART StopBits 0.5 is applicable
2026-05-17 10:25:10,100 [INFO] Rule:225 - rule UART/USART WORD LENGTH 7 is applicable
2026-05-17 10:25:10,100 [INFO] Rule:225 - rule UART/USART WORD LENGTH 8 is applicable
2026-05-17 10:25:10,100 [INFO] Rule:225 - rule UART/USART WORD LENGTH 9 is applicable
2026-05-17 10:25:10,100 [INFO] Rule:225 - rule Rename FMC NAND NCE signal is applicable
2026-05-17 10:25:10,100 [INFO] Rule:225 - rule Rename FMC NAND INT signal is applicable
2026-05-17 10:25:10,100 [INFO] Rule:225 - rule Change Default Value for LSE Drive Capability for WB family is applicable
2026-05-17 10:25:10,100 [INFO] Rule:225 - rule Change Default Value for ADC Clock Prescaler G0 family is applicable
2026-05-17 10:25:10,100 [INFO] Rule:225 - rule Change Default Value for ADC ExternalTrigConv L4 family is applicable
2026-05-17 10:25:10,100 [INFO] Rule:225 - rule Change Default Value for ADC ExternalTrigInjecConv L4 family is applicable
2026-05-17 10:25:10,100 [INFO] Rule:225 - rule Change Default Value for ADC ExternalTrigConv F3 family is applicable
2026-05-17 10:25:10,100 [INFO] Rule:225 - rule Change Default Value for ADC ExternalTrigInjecConv F3 family is applicable
2026-05-17 10:25:10,100 [INFO] Rule:225 - rule Change Default Value for ADC ExternalTrigConv Goldfish serie is applicable
2026-05-17 10:25:10,100 [INFO] Rule:225 - rule Change Default Value for ADC ExternalTrigInjecConv Goldfish serie is applicable
2026-05-17 10:25:10,100 [INFO] Rule:225 - rule Change Default Value for ADC ExternalTrigConv L0 family is applicable
2026-05-17 10:25:10,100 [INFO] Rule:225 - rule Change Default Value for ADC ExternalTrigConv F0 family is applicable
2026-05-17 10:25:10,100 [INFO] Rule:225 - rule Change Default Value for ADC ExternalTrigConvn L1 family is applicable
2026-05-17 10:25:10,101 [INFO] Rule:225 - rule Change Default Value for ADC ExternalTrigInjecConv L1 family is applicable
2026-05-17 10:25:10,101 [INFO] Rule:225 - rule Change Default Value for ADC ExternalTrigConv F1 family is applicable
2026-05-17 10:25:10,101 [INFO] Rule:225 - rule Change Default Value for ADC ExternalTrigInjecConv F1 family is applicable
2026-05-17 10:25:10,101 [INFO] Rule:225 - rule Change Default Value for ADC ExternalTrigConv F7 family is applicable
2026-05-17 10:25:10,101 [INFO] Rule:225 - rule Change Default Value for ADC ExternalTrigInjecConv F7 family is applicable
2026-05-17 10:25:10,101 [INFO] Rule:225 - rule Change Default Value for ADC ExternalTrigConv F4 and F2 family is applicable
2026-05-17 10:25:10,101 [INFO] Rule:225 - rule Change Default Value for ADC ExternalTrigInjecConv F4 and F2 family is applicable
2026-05-17 10:25:10,101 [INFO] Rule:225 - rule ADC SamplingTime fix with FW L0  is applicable
2026-05-17 10:25:10,101 [INFO] Rule:225 - rule ADC SamplingTime fix with FW L0  is applicable
2026-05-17 10:25:10,101 [INFO] Rule:225 - rule ADC SamplingTime fix with FW L0 is applicable
2026-05-17 10:25:10,101 [INFO] Rule:225 - rule ADC SamplingTime fix with FW L0 is applicable
2026-05-17 10:25:10,101 [INFO] Rule:225 - rule ADC SamplingTime fix with FW L0  is applicable
2026-05-17 10:25:10,101 [INFO] Rule:225 - rule ADC SamplingTime fix with FW L0 is applicable
2026-05-17 10:25:10,101 [INFO] Rule:225 - rule Rename USB_OE Signal is applicable
2026-05-17 10:25:10,101 [INFO] Rule:225 - rule Rename Activate_OE Mode is applicable
2026-05-17 10:25:10,101 [INFO] Rule:225 - rule Rename DIE462/DIE415 pin PC14/OSC32_IN -> PC14-OSC32_IN (PC14) is applicable
2026-05-17 10:25:10,101 [INFO] Rule:225 - rule Rename DIE462/DIE415 pin PC15/OSC32_OUT -> PC15-OSC32_OUT (PC15) is applicable
2026-05-17 10:25:10,101 [INFO] Rule:225 - rule Rename DIE462/DIE415 pin PH0/OSC_IN -> PH0-OSC_IN (PH0) is applicable
2026-05-17 10:25:10,101 [INFO] Rule:225 - rule Rename DIE462/DIE415 pin PH1/OSC_OUT -> PH1-OSC_OUT (PH1) is applicable
2026-05-17 10:25:10,101 [INFO] Rule:225 - rule Rename DIE462 pin PA13 -> PA13 (JTMS/SWDIO) is applicable
2026-05-17 10:25:10,101 [INFO] Rule:225 - rule Rename DIE415 pin PA13 -> PA13 (JTMS/SWDIO) is applicable
2026-05-17 10:25:10,101 [INFO] Rule:225 - rule Rename DIE462 pin PA14 -> PA14 (JTCK/SWCLK) is applicable
2026-05-17 10:25:10,101 [INFO] Rule:225 - rule Rename DIE415 pin PA14 -> PA14 (JTCK/SWCLK) is applicable
2026-05-17 10:25:10,101 [INFO] Rule:225 - rule Rename DIE462/DIE415 pin PA15 -> PA15 (JTDI) is applicable
2026-05-17 10:25:10,101 [INFO] Rule:225 - rule Rename DIE462 pin PB3 -> PB3 (JTD0/TRACESWO) is applicable
2026-05-17 10:25:10,101 [INFO] Rule:225 - rule Rename DIE415 pin PB3 -> PB3 (JTD0-TRACESWO) is applicable
2026-05-17 10:25:10,101 [INFO] Rule:225 - rule Rename DIE462/DIE415 pin PB4 -> PB4 (NJTRST) is applicable
2026-05-17 10:25:10,101 [INFO] Rule:225 - rule Rename DIE462 pin PH3/BOOT0 -> PH3-BOOT0 (BOOT0) is applicable
2026-05-17 10:25:10,101 [INFO] Rule:225 - rule Rename CRYP DataEncryptionTypesList to Algorithm is applicable
2026-05-17 10:25:10,101 [INFO] Rule:225 - rule Rename AES DataEncryptionTypesList to Algorithm is applicable
2026-05-17 10:25:10,101 [INFO] Rule:225 - rule Rename TDESECB to CRYP_TDES_ECB is applicable
2026-05-17 10:25:10,101 [INFO] Rule:225 - rule Rename TDESCBC to CRYP_TDES_CBC is applicable
2026-05-17 10:25:10,101 [INFO] Rule:225 - rule Rename DESECB to CRYP_DES_ECB is applicable
2026-05-17 10:25:10,101 [INFO] Rule:225 - rule Rename DESCBC to CRYP_DES_CBC is applicable
2026-05-17 10:25:10,101 [INFO] Rule:225 - rule Rename AESECB to CRYP_AES_ECB is applicable
2026-05-17 10:25:10,101 [INFO] Rule:225 - rule Rename AESCBC to CRYP_AES_CBC is applicable
2026-05-17 10:25:10,101 [INFO] Rule:225 - rule Rename AESCTR to CRYP_AES_CTR is applicable
2026-05-17 10:25:10,101 [INFO] Rule:225 - rule Rename AESGCM to CRYP_AES_GCM is applicable
2026-05-17 10:25:10,101 [INFO] Rule:225 - rule Rename AESCCM to CRYP_AES_CCM is applicable
2026-05-17 10:25:10,101 [INFO] Rule:225 - rule Rename CAN TimeSeg1 to BS1 is applicable
2026-05-17 10:25:10,101 [INFO] Rule:225 - rule Rename CAN TimeSeg2 to BS2 is applicable
2026-05-17 10:25:10,101 [INFO] Rule:225 - rule Rename CAN SyncJumpWidth to SJW is applicable
2026-05-17 10:25:10,101 [INFO] Rule:225 - rule TimeTriggeredMode to TTCM is applicable
2026-05-17 10:25:10,101 [INFO] Rule:225 - rule Rename CAN AutoBusOff to ABOM is applicable
2026-05-17 10:25:10,102 [INFO] Rule:225 - rule Rename CAN AutoWakeUp to AWUM is applicable
2026-05-17 10:25:10,102 [INFO] Rule:225 - rule Rename CAN AutoRetransmission to NART is applicable
2026-05-17 10:25:10,102 [INFO] Rule:225 - rule Rename CAN ReceiveFifoLocked to RFLM is applicable
2026-05-17 10:25:10,102 [INFO] Rule:225 - rule Rename CAN TransmitFifoPriority to TXFP is applicable
2026-05-17 10:25:10,102 [INFO] Rule:225 - rule Rename HRTIMER HRTIM_OUTPUTFAULTLEVEL_HIGH in HRTIMER HRTIM_OUTPUTFAULTLEVEL_HIGHZ is applicable
2026-05-17 10:25:10,102 [INFO] Rule:225 - rule Rename TIMER TIM_CLEARINPUTSOURCE_OCREFCLR in  TIMER TIM_CLEARINPUTSOURCE_NONE for F7 family is applicable
2026-05-17 10:25:10,102 [INFO] Rule:225 - rule FDCAN_R1 - Rename FDCAN mode Master into Classic is applicable
2026-05-17 10:25:10,102 [INFO] Rule:225 - rule FDCAN_R2 - Rename FDCAN mode Slave into Classic is applicable
2026-05-17 10:25:10,102 [INFO] Rule:225 - rule FDCAN1_R3 - if PA10.Mode=FullDuplex, add Pin PA12 is applicable
2026-05-17 10:25:10,102 [INFO] Rule:225 - rule FDCAN1_R3 - if PA9.Mode=FullDuplex, add Pin PA11 is applicable
2026-05-17 10:25:10,102 [INFO] Rule:225 - rule FDCAN1_R3 - Alternatepin_1 - if PE1.Mode=FullDuplex, add Pin PB9 is applicable
2026-05-17 10:25:10,102 [INFO] Rule:225 - rule FDCAN1_R3 - Alternatepin_1 - if PE0.Mode=FullDuplex, add Pin PB8 is applicable
2026-05-17 10:25:10,102 [INFO] Rule:225 - rule FDCAN1_R3 - Alternatepin_2 - if PD5.Mode=FullDuplex, add Pin PD1 is applicable
2026-05-17 10:25:10,102 [INFO] Rule:225 - rule FDCAN1_R3 - Alternatepin_2 - if PD4.Mode=FullDuplex, add Pin PD0 is applicable
2026-05-17 10:25:10,102 [INFO] Rule:225 - rule FDCAN1_R4 - Rename Mode FullDuplex into Enable FDCAN_TXFD for pin PA10 is applicable
2026-05-17 10:25:10,102 [INFO] Rule:225 - rule FDCAN1_R4 - Rename Mode FullDuplex into Enable FDCAN_TXFD for pin PA9 is applicable
2026-05-17 10:25:10,102 [INFO] Rule:225 - rule FDCAN1_R4 - Alternatepin_1 - Rename Mode FullDuplex into Enable FDCAN_TXFD for pin PE1 is applicable
2026-05-17 10:25:10,102 [INFO] Rule:225 - rule FDCAN1_R4 - Alternatepin_1 - Rename Mode FullDuplex into Enable FDCAN_TXFD for pin PE0 is applicable
2026-05-17 10:25:10,102 [INFO] Rule:225 - rule FDCAN1_R4 - Alternatepin_2 - Rename Mode FullDuplex into Enable FDCAN_TXFD for pin PD5 is applicable
2026-05-17 10:25:10,102 [INFO] Rule:225 - rule FDCAN1_R4 - Alternatepin_2 - Rename Mode FullDuplex into Enable FDCAN_TXFD for pin PD4 is applicable
2026-05-17 10:25:10,102 [INFO] Rule:225 - rule FDCAN2_R3 - if PD10.Mode=FullDuplex, add Pin PB13 is applicable
2026-05-17 10:25:10,102 [INFO] Rule:225 - rule FDCAN2_R3 - if PD9.Mode=FullDuplex, add Pin PB12 is applicable
2026-05-17 10:25:10,102 [INFO] Rule:225 - rule FDCAN2_R3 - Alternatepin_1 - if PB7.Mode=FullDuplex, add Pin PB6 is applicable
2026-05-17 10:25:10,102 [INFO] Rule:225 - rule FDCAN2_R3 - Alternatepin_1 - if PD9.Mode=FullDuplex, add Pin PB12 is applicable
2026-05-17 10:25:10,102 [INFO] Rule:225 - rule FDCAN2_R4 - Rename Mode FullDuplex into Enable FDCAN_TXFD for pin PD10 is applicable
2026-05-17 10:25:10,102 [INFO] Rule:225 - rule FDCAN2_R4 - Rename Mode FullDuplex into Enable FDCAN_TXFD for pin PD9 is applicable
2026-05-17 10:25:10,102 [INFO] Rule:225 - rule FDCAN2_R4 - Alternatepin_1 - Rename Mode FullDuplex into Enable FDCAN_TXFD for pin PB7 is applicable
2026-05-17 10:25:10,102 [INFO] Rule:225 - rule FDCAN2_R4 - Alternatepin_1 - Rename Mode FullDuplex into Enable FDCAN_TXFD for pin PD6 is applicable
2026-05-17 10:25:10,102 [INFO] Rule:225 - rule USART TxPinLevelInvertParam Mode is applicable
2026-05-17 10:25:10,102 [INFO] Rule:225 - rule USART RxPinLevelInvertParam Mode is applicable
2026-05-17 10:25:10,102 [INFO] Rule:225 - rule USART DataInvertParam Mode is applicable
2026-05-17 10:25:10,102 [INFO] Rule:225 - rule USART SwapParam Mode is applicable
2026-05-17 10:25:10,102 [INFO] Rule:225 - rule USART OverrunDisableParam Mode is applicable
2026-05-17 10:25:10,102 [INFO] Rule:225 - rule USART DMADisableonRxErrorParam Mode is applicable
2026-05-17 10:25:10,102 [INFO] Rule:225 - rule USART MSBFirstParam Mode is applicable
2026-05-17 10:25:10,102 [INFO] Rule:225 - rule Update MwName for USB_DEVICE is applicable
2026-05-17 10:25:10,102 [INFO] Rule:225 - rule Change PWR_Regulator_Voltage_Scale Default Value for RCC  H7 family is applicable
2026-05-17 10:25:10,102 [INFO] Rule:225 - rule UART/USART IPParameter rename Prescaler parameter to ClockPrescaler is applicable
2026-05-17 10:25:10,102 [INFO] Rule:225 - rule UART/USART Prescaler rename Prescaler parameter to ClockPrescaler is applicable
2026-05-17 10:25:10,102 [INFO] Rule:225 - rule TIM1CLockSelection is applicable
2026-05-17 10:25:10,102 [INFO] Rule:225 - rule TIM15CLockSelection is applicable
2026-05-17 10:25:10,102 [INFO] Rule:225 - rule align RCC SDMMC3CLockSelection default value on MP1 is applicable
2026-05-17 10:25:10,102 [INFO] Rule:225 - rule align RCC SDMMC12CLockSelection default value on MP1 is applicable
2026-05-17 10:25:10,103 [INFO] Rule:225 - rule align RCC QSPICLockSelection default value on MP1 is applicable
2026-05-17 10:25:10,103 [INFO] Rule:225 - rule align RCC QSPICLockSelection default value on MP1 is applicable
2026-05-17 10:25:10,103 [INFO] Rule:225 - rule align RCC SPI6CLockSelection default value on MP1 is applicable
2026-05-17 10:25:10,103 [INFO] Rule:225 - rule align RCC LPTIM23CLockSelection default value on MP1 is applicable
2026-05-17 10:25:10,103 [INFO] Rule:225 - rule align RCC LPTIM1CLockSelection default value on MP1 is applicable
2026-05-17 10:25:10,103 [INFO] Rule:225 - rule align RCC USART1CLockSelection default value on MP1 is applicable
2026-05-17 10:25:10,103 [INFO] Rule:225 - rule align RCC USART24CLockSelection default value on MP1 is applicable
2026-05-17 10:25:10,103 [INFO] Rule:225 - rule align RCC USART6CLockSelection default value on MP1 is applicable
2026-05-17 10:25:10,103 [INFO] Rule:225 - rule align RCC UART78CLockSelection default value on MP1 is applicable
2026-05-17 10:25:10,103 [INFO] Rule:225 - rule align RCC USART35CLockSelection default value on MP1 is applicable
2026-05-17 10:25:10,103 [INFO] Rule:225 - rule align RCC SPI45CLockSelection default value on MP1 is applicable
2026-05-17 10:25:10,103 [INFO] Rule:225 - rule align RCC I2C46CLockSelection BCLK value on MP1 is applicable
2026-05-17 10:25:10,103 [INFO] Rule:225 - rule align RCC SPI45CLockSelection default value on MP1 is applicable
2026-05-17 10:25:10,103 [INFO] Rule:225 - rule align RCC I2C12CLockSelection default value on MP1 is applicable
2026-05-17 10:25:10,103 [INFO] Rule:225 - rule align RCC I2C35CLockSelection default value on MP1 is applicable
2026-05-17 10:25:10,103 [INFO] Rule:225 - rule align RCC LPTIM45CLockSelection default value on MP1 is applicable
2026-05-17 10:25:10,103 [INFO] Rule:225 - rule Rename DCMI PIXCK signal is applicable
2026-05-17 10:25:10,103 [INFO] Rule:225 - rule Change Default Value for I2C46CLockSelection MP1 family is applicable
2026-05-17 10:25:10,103 [INFO] Rule:225 - rule Change Default Value for UART for G4, G0 and WB families is applicable
2026-05-17 10:25:10,103 [INFO] Rule:225 - rule Change Default Value for USART for G4, G0 and WB families is applicable
2026-05-17 10:25:10,103 [INFO] Rule:225 - rule Change Default Value for USART for G4 family is applicable
2026-05-17 10:25:10,103 [INFO] Rule:225 - rule Change USART1CLockSelection refparam name for MP1 is applicable
2026-05-17 10:25:10,103 [INFO] Rule:225 - rule Change USART2CLockSelection refparam name for MP1 is applicable
2026-05-17 10:25:10,103 [INFO] Rule:225 - rule Change USART3CLockSelection refparam name for MP1 is applicable
2026-05-17 10:25:10,103 [INFO] Rule:225 - rule Change UART4CLockSelection refparam name for MP1 is applicable
2026-05-17 10:25:10,103 [INFO] Rule:225 - rule Change UART5CLockSelection refparam name for MP1 is applicable
2026-05-17 10:25:10,103 [INFO] Rule:225 - rule Change LPUART1CLockSelection refparam name for MP1 is applicable
2026-05-17 10:25:10,103 [INFO] Rule:225 - rule Change LPTIM1CLockSelection refparam name for MP1 is applicable
2026-05-17 10:25:10,103 [INFO] Rule:225 - rule Change LPTIM2CLockSelection refparam name for MP1 is applicable
2026-05-17 10:25:10,103 [INFO] Rule:225 - rule Change RCC_MCO1Source refparam name for MP1 is applicable
2026-05-17 10:25:10,103 [INFO] Rule:225 - rule Change LSCOSource1 refparam name for MP1 is applicable
2026-05-17 10:25:10,103 [INFO] Rule:225 - rule Change SMPSCLockSelection refparam name for MP1 is applicable
2026-05-17 10:25:10,103 [INFO] Rule:225 - rule Change LPTIM3CLockSelection refparam name for MP1 is applicable
2026-05-17 10:25:10,103 [INFO] Rule:225 - rule Change MPCBB* Default Template Mode to Parameters is applicable
2026-05-17 10:25:10,103 [INFO] Rule:225 - rule Change MPCWM* or MPCBB* Secure Mode to Parameters is applicable
2026-05-17 10:25:10,103 [INFO] Rule:225 - rule Change MPCWM* or MPCBB* No Secure Mode to Parameters is applicable
2026-05-17 10:25:10,103 [INFO] Rule:225 - rule Change TZSC IP Secure Mode to Parameters is applicable
2026-05-17 10:25:10,103 [INFO] Rule:225 - rule Change TZSC IP No Secure Mode to Parameters is applicable
2026-05-17 10:25:10,103 [INFO] Rule:225 - rule Change TZSC IP Privilege Mode to Parameters is applicable
2026-05-17 10:25:10,103 [INFO] Rule:225 - rule Change TZSC IP No Privilege Mode to Parameters is applicable
2026-05-17 10:25:10,103 [INFO] Rule:225 - rule Change TZIC IT Secure Mode to Parameters is applicable
2026-05-17 10:25:10,103 [INFO] Rule:225 - rule Change TZIC IT No Secure Mode to Parameters is applicable
2026-05-17 10:25:10,103 [INFO] Rule:225 - rule Add MPCBB1_NonSecureArea_Start_Address value with referenced to MPCBB1_NonSecureArea_Start value is applicable
2026-05-17 10:25:10,103 [INFO] Rule:225 - rule Add MPCBB2_NonSecureArea_Start_Address value with referenced to MPCBB2_NonSecureArea_Start value is applicable
2026-05-17 10:25:10,104 [INFO] Rule:225 - rule Add MPCWM1_NonSecureArea*_Start_Address value with referenced to MPCWM1_NonSecureArea*_Start value is applicable
2026-05-17 10:25:10,104 [INFO] Rule:225 - rule Add MPCWM2_NonSecureArea*_Start_Address value with referenced to MPCWM2_NonSecureArea*_Start value is applicable
2026-05-17 10:25:10,104 [INFO] Rule:225 - rule Add MPCWM3_NonSecureArea_Start_Address value with referenced to MPCWM3_NonSecureArea_Start value is applicable
2026-05-17 10:25:10,104 [INFO] Rule:225 - rule Change Default Value for PLL1UserDefinedConfig is applicable
2026-05-17 10:25:10,104 [INFO] Rule:225 - rule Change GPIO_PuPd Default Value for USART in async mode is applicable
2026-05-17 10:25:10,104 [INFO] Rule:225 - rule Change SMPSDivider Default Value is applicable
2026-05-17 10:25:10,104 [INFO] Rule:225 - rule OPAMP is applicable
2026-05-17 10:25:10,104 [INFO] Rule:225 - rule LPUART IPParameter rename Prescaler parameter to ClockPrescaler for STM32H7 is applicable
2026-05-17 10:25:10,104 [INFO] Rule:225 - rule LPUART IPParameter rename Prescaler parameter to ClockPrescaler for STM32H7 is applicable
2026-05-17 10:25:10,104 [INFO] Rule:225 - rule LPUART IPParameter rename Prescaler parameter to ClockPrescaler for STM32WB is applicable
2026-05-17 10:25:10,104 [INFO] Rule:225 - rule LPUART IPParameter rename Prescaler parameter to ClockPrescaler for STM32WB is applicable
2026-05-17 10:25:10,104 [INFO] Rule:225 - rule LPUART IPParameter rename Prescaler parameter to ClockPrescaler for STM32G4 is applicable
2026-05-17 10:25:10,104 [INFO] Rule:225 - rule LPUART IPParameter rename Prescaler parameter to ClockPrescaler for STM32G4 is applicable
2026-05-17 10:25:10,104 [INFO] Rule:225 - rule LPUART IPParameter rename Prescaler parameter to ClockPrescaler for STM32L5 is applicable
2026-05-17 10:25:10,104 [INFO] Rule:225 - rule LPUART IPParameter rename Prescaler parameter to ClockPrescaler for STM32L5 is applicable
2026-05-17 10:25:10,104 [INFO] Rule:225 - rule LPUART IPParameter rename Prescaler parameter to ClockPrescaler for STM32G4 is applicable
2026-05-17 10:25:10,104 [INFO] Rule:225 - rule LPUART IPParameter rename Prescaler parameter to ClockPrescaler for STM32G4 is applicable
2026-05-17 10:25:10,104 [INFO] Rule:225 - rule USB device lib V2.5.3 for L0 rename USBD_SUPPORT_USER_STRING parameter to USBD_SUPPORT_USER_STRING_DESC4 is applicable
2026-05-17 10:25:10,104 [INFO] Rule:225 - rule I2SCLockSelection clock entry align is applicable
2026-05-17 10:25:10,104 [INFO] Rule:225 - rule Assign TIMx context if used as SYS timebase is applicable
2026-05-17 10:25:10,104 [INFO] Rule:225 - rule Change GPIO_Pu Default Value for I2C is applicable
2026-05-17 10:25:10,104 [INFO] Rule:225 - rule Change GPIO_Pu Default Value for SMBus is applicable
2026-05-17 10:25:10,104 [INFO] Rule:225 - rule change FDCAN default value is applicable
2026-05-17 10:25:10,104 [INFO] Rule:225 - rule Change mode sai is applicable
2026-05-17 10:25:10,104 [INFO] Rule:225 - rule **Change sai mode is applicable
2026-05-17 10:25:10,104 [INFO] Rule:225 - rule Rename STM32WPAN CFG_BLE_IRK to CFG_BLE_IR is applicable
2026-05-17 10:25:10,104 [INFO] Rule:225 - rule Rename STM32WPAN CFG_BLE_ERK to CFG_BLE_ER is applicable
2026-05-17 10:25:10,104 [INFO] Rule:225 - rule Rename STM32WPAN CFG_BLE_IRK_HEX to CFG_BLE_IR_HEX is applicable
2026-05-17 10:25:10,104 [INFO] Rule:225 - rule Rename STM32WPAN CFG_BLE_ERK_HEX to CFG_BLE_ER_HEX is applicable
2026-05-17 10:25:10,104 [INFO] Rule:225 - rule Adapt Old IOC before rework replace old CORTEX_M33/CORTEX_M55 attributes by the new one. is applicable
2026-05-17 10:25:10,104 [INFO] Rule:225 - rule Rename parametre of RCC RCC_APBDBG_DIV2 to RCC_TIMPRES_DIV2 is applicable
2026-05-17 10:25:10,104 [INFO] Rule:225 - rule Rename DIE493 pin PA10 [PA12] -> PA10 is applicable
2026-05-17 10:25:10,104 [INFO] Rule:225 - rule Rename DIE493 pin PA9 [PA11] -> PA9 is applicable
2026-05-17 10:25:10,104 [INFO] Rule:225 - rule Adapt Old IOC CSI. is applicable
2026-05-17 10:25:10,111 [INFO] DbConfProperties:307 - Apply Compatibility (49/267 Rules)
2026-05-17 10:25:10,121 [INFO] ImportTextPane:218 - (OptionalMessage_ERROR) Unable to find key (Mcu.ThirdPartyNb) in loaded IOC file
2026-05-17 10:25:10,122 [INFO] ImportTextPane:218 - (OptionalMessage_ERROR) Pin12 (VP_RIF_VS_RIF1) cannot be retrieved for this MCU
2026-05-17 10:25:10,159 [INFO] RtosManager:558 - Registered RTOS mode: class=CMSIS, group=RTOS, mode=CMSIS_V1, owner=FREERTOS
2026-05-17 10:25:10,159 [INFO] RtosManager:558 - Registered RTOS mode: class=CMSIS, group=RTOS2, mode=CMSIS_V2, owner=FREERTOS
2026-05-17 10:25:10,159 [INFO] RtosManager:558 - Registered RTOS mode: class=RTOS, group=Core, mode=CMSIS_V1, owner=FREERTOS
2026-05-17 10:25:10,159 [INFO] RtosManager:558 - Registered RTOS mode: class=RTOS, group=Core, mode=CMSIS_V2, owner=FREERTOS
2026-05-17 10:25:10,160 [WARN] ModelIntegratedComponent:184 - Missing modes for component STMicroelectronics:FreeRTOS:0.0.1:STMicroelectronics:RTOS:FreeRTOS:Core:::10.2.0:
2026-05-17 10:25:10,173 [WARN] ModelIntegratedComponent:63 - No mode defined for component null
2026-05-17 10:25:10,173 [WARN] ModelIntegratedComponent:63 - No mode defined for component null
2026-05-17 10:25:10,173 [WARN] ModelIntegratedComponent:63 - No mode defined for component null
2026-05-17 10:25:10,173 [WARN] ModelIntegratedComponent:63 - No mode defined for component null
2026-05-17 10:25:10,173 [WARN] ModelIntegratedComponent:63 - No mode defined for component null
2026-05-17 10:25:10,173 [WARN] ModelIntegratedComponent:63 - No mode defined for component null
2026-05-17 10:25:10,173 [WARN] ModelIntegratedComponent:63 - No mode defined for component null
2026-05-17 10:25:10,173 [WARN] ModelIntegratedComponent:63 - No mode defined for component null
2026-05-17 10:25:10,173 [WARN] ModelIntegratedComponent:63 - No mode defined for component null
2026-05-17 10:25:10,173 [WARN] ModelIntegratedComponent:63 - No mode defined for component null
2026-05-17 10:25:10,173 [WARN] ModelIntegratedComponent:63 - No mode defined for component null
2026-05-17 10:25:10,173 [WARN] ModelIntegratedComponent:63 - No mode defined for component null
2026-05-17 10:25:10,173 [WARN] ModelIntegratedComponent:63 - No mode defined for component null
2026-05-17 10:25:10,173 [WARN] ModelIntegratedComponent:63 - No mode defined for component null
2026-05-17 10:25:10,173 [WARN] ModelIntegratedComponent:63 - No mode defined for component null
2026-05-17 10:25:10,173 [WARN] ModelIntegratedComponent:63 - No mode defined for component null
2026-05-17 10:25:10,173 [WARN] ModelIntegratedComponent:63 - No mode defined for component null
2026-05-17 10:25:10,173 [WARN] ModelIntegratedComponent:63 - No mode defined for component null
2026-05-17 10:25:10,173 [WARN] ModelIntegratedComponent:63 - No mode defined for component null
2026-05-17 10:25:10,173 [WARN] ModelIntegratedComponent:63 - No mode defined for component null
2026-05-17 10:25:10,173 [WARN] ModelIntegratedComponent:63 - No mode defined for component null
2026-05-17 10:25:10,173 [WARN] ModelIntegratedComponent:63 - No mode defined for component null
2026-05-17 10:25:10,173 [WARN] ModelIntegratedComponent:63 - No mode defined for component null
2026-05-17 10:25:10,173 [WARN] ModelIntegratedComponent:63 - No mode defined for component null
2026-05-17 10:25:10,173 [WARN] ModelIntegratedComponent:63 - No mode defined for component null
2026-05-17 10:25:10,173 [WARN] ModelIntegratedComponent:63 - No mode defined for component null
2026-05-17 10:25:10,173 [WARN] ModelIntegratedComponent:63 - No mode defined for component null
2026-05-17 10:25:10,173 [WARN] ModelIntegratedComponent:63 - No mode defined for component null
2026-05-17 10:25:10,173 [WARN] ModelIntegratedComponent:63 - No mode defined for component null
2026-05-17 10:25:10,173 [WARN] ModelIntegratedComponent:63 - No mode defined for component null
2026-05-17 10:25:10,173 [WARN] ModelIntegratedComponent:63 - No mode defined for component null
2026-05-17 10:25:10,173 [WARN] ModelIntegratedComponent:63 - No mode defined for component null
2026-05-17 10:25:10,174 [WARN] ModelIntegratedComponent:63 - No mode defined for component null
2026-05-17 10:25:10,174 [WARN] ModelIntegratedComponent:63 - No mode defined for component null
2026-05-17 10:25:10,174 [WARN] ModelIntegratedComponent:63 - No mode defined for component null
2026-05-17 10:25:10,174 [WARN] ModelPack:524 - Component already loaded: STMicroelectronics:HAL Drivers:0.0.0:STMicroelectronics:Device:STMicro_Driver:XSPI:HAL::0.0.1:HAL_XSPI
2026-05-17 10:25:10,238 [INFO] ThirdPartyModel:298 - Start build external matchings
2026-05-17 10:25:10,473 [INFO] ThirdPartyModel:316 - End build external matchings
2026-05-17 10:25:10,482 [INFO] ImportTextPane:218 - (OptionalMessage_ERROR) IP (RCC) : Invalid parameter (48MHZClocksFreq_Value)
2026-05-17 10:25:10,482 [INFO] ImportTextPane:218 - (OptionalMessage_ERROR) IP (RCC) : Invalid parameter (EthernetFreq_Value)
2026-05-17 10:25:10,483 [INFO] ImportTextPane:218 - (OptionalMessage_ERROR) IP (RCC) : Parameter (FLatency) has Id (AdvancedSettings) currently not set
2026-05-17 10:25:10,483 [INFO] ImportTextPane:218 - (OptionalMessage_ERROR) IP (RCC) : Invalid parameter (FamilyName)
2026-05-17 10:25:10,483 [INFO] ImportTextPane:218 - (OptionalMessage_ERROR) IP (RCC) : Invalid parameter (I2SClocksFreq_Value)
2026-05-17 10:25:10,484 [INFO] ImportTextPane:218 - (OptionalMessage_ERROR) IP (RCC) : Parameter (SDIOFreq_Value) has invalid value (168000000)
2026-05-17 10:25:10,484 [INFO] ImportTextPane:218 - (OptionalMessage_ERROR) IP (RCC) : Parameter (USBFreq_Value) has invalid value (168000000)
2026-05-17 10:25:10,484 [INFO] ImportTextPane:218 - (OptionalMessage_ERROR) IP (RCC) : Invalid parameter (VCOInputMFreq_Value)
2026-05-17 10:25:10,484 [INFO] ImportTextPane:218 - (OptionalMessage_ERROR) IP (RCC) : Invalid parameter (VcooutputI2S)
2026-05-17 10:25:10,777 [INFO] UtilMem:75 - End LoadConfig() Used Memory: 940646752 Bytes (1073741824)
2026-05-17 10:25:10,876 [WARN] ThirdParty:833 - waiting for thirdparty lock release [change project]
2026-05-17 10:25:10,876 [INFO] ThirdParty:835 - entering critical section [change project]
2026-05-17 10:25:10,876 [INFO] ThirdParty:1030 - CMSIS Pack Vendor :STMicroelectronics X-CUBE-AZRTOS-H7 3.5.0
2026-05-17 10:25:10,876 [INFO] ThirdParty:1030 - CMSIS Pack Vendor :STMicroelectronics X-CUBE-PM33A1 1.0.0
2026-05-17 10:25:10,876 [INFO] ThirdParty:1030 - CMSIS Pack Vendor :STMicroelectronics USBPD 4.1
2026-05-17 10:25:10,876 [INFO] ThirdParty:1030 - CMSIS Pack Vendor :STMicroelectronics X-CUBE-NFC9 1.0.0
2026-05-17 10:25:10,876 [INFO] ThirdParty:1030 - CMSIS Pack Vendor :STMicroelectronics USB_HOST 2.0.0
2026-05-17 10:25:10,876 [INFO] ThirdParty:1030 - CMSIS Pack Vendor :STMicroelectronics X-CUBE-AZRTOS-F4 1.1.0
2026-05-17 10:25:10,876 [INFO] ThirdParty:1030 - CMSIS Pack Vendor :STMicroelectronics LIBJPEG 8.0.0
2026-05-17 10:25:10,876 [INFO] ThirdParty:1030 - CMSIS Pack Vendor :STMicroelectronics FP-ATR-ASTRA1 2.0.2
2026-05-17 10:25:10,876 [INFO] ThirdParty:1030 - CMSIS Pack Vendor :STMicroelectronics X-CUBE-BLE1 7.1.0
2026-05-17 10:25:10,876 [INFO] ThirdParty:1030 - CMSIS Pack Vendor :STMicroelectronics X-CUBE-SMBUS 2.1.0
2026-05-17 10:25:10,876 [INFO] ThirdParty:1030 - CMSIS Pack Vendor :wolfSSL I-CUBE-wolfMQTT 1.19.2
2026-05-17 10:25:10,876 [INFO] ThirdParty:1030 - CMSIS Pack Vendor :STMicroelectronics USB_DEVICE 3.0.0
2026-05-17 10:25:10,876 [INFO] ThirdParty:1030 - CMSIS Pack Vendor :STMicroelectronics X-CUBE-ISPU 2.1.0
2026-05-17 10:25:10,876 [INFO] ThirdParty:1030 - CMSIS Pack Vendor :STMicroelectronics X-CUBE-EEPRMA1 5.2.0
2026-05-17 10:25:10,876 [INFO] ThirdParty:1030 - CMSIS Pack Vendor :STMicroelectronics X-CUBE-BLEMGR 4.1.0
2026-05-17 10:25:10,876 [INFO] ThirdParty:1030 - CMSIS Pack Vendor :STMicroelectronics eDS-WB_DPC_TT-BIDIR 2.1.1
2026-05-17 10:25:10,876 [INFO] ThirdParty:1030 - CMSIS Pack Vendor :STMicroelectronics X-CUBE-AZRTOS-WB 2.0.0
2026-05-17 10:25:10,876 [INFO] ThirdParty:1030 - CMSIS Pack Vendor :STMicroelectronics X-CUBE-NFC12 1.0.0
2026-05-17 10:25:10,876 [INFO] ThirdParty:1030 - CMSIS Pack Vendor :STMicroelectronics X-CUBE-AZRTOS-F7 1.1.0
2026-05-17 10:25:10,876 [INFO] ThirdParty:1030 - CMSIS Pack Vendor :STMicroelectronics X-CUBE-AZRTOS-L5 2.0.0
2026-05-17 10:25:10,876 [INFO] ThirdParty:1030 - CMSIS Pack Vendor :STMicroelectronics USB_DEVICE 2.0.0
2026-05-17 10:25:10,876 [INFO] ThirdParty:1030 - CMSIS Pack Vendor :quantropi X-CUBE-qispace-sdk-base 2.1.0
2026-05-17 10:25:10,877 [INFO] ThirdParty:1030 - CMSIS Pack Vendor :STMicroelectronics X-CUBE-STSE01 2.0.0
2026-05-17 10:25:10,877 [INFO] ThirdParty:1030 - CMSIS Pack Vendor :STMicroelectronics FreeRTOS 0.0.1
2026-05-17 10:25:10,877 [INFO] ThirdParty:1030 - CMSIS Pack Vendor :STMicroelectronics X-CUBE-AZRTOS-G0 1.1.0
2026-05-17 10:25:10,877 [INFO] ThirdParty:1030 - CMSIS Pack Vendor :STMicroelectronics X-CUBE-NFC4 3.0.0
2026-05-17 10:25:10,877 [INFO] ThirdParty:1030 - CMSIS Pack Vendor :STMicroelectronics X-CUBE-SUBG2 5.0.0
2026-05-17 10:25:10,877 [INFO] ThirdParty:1030 - CMSIS Pack Vendor :STMicroelectronics STM32_WPAN 1.0.0
2026-05-17 10:25:10,877 [INFO] ThirdParty:1030 - CMSIS Pack Vendor :STMicroelectronics eDS-WB_DPC_VIENNA 1.2.0
2026-05-17 10:25:10,877 [INFO] ThirdParty:1030 - CMSIS Pack Vendor :EmbeddedOffice I-CUBE-FS-RTOS 1.0.1
2026-05-17 10:25:10,877 [INFO] ThirdParty:1030 - CMSIS Pack Vendor :STMicroelectronics lwIP 2.0.3
2026-05-17 10:25:10,877 [INFO] ThirdParty:1030 - CMSIS Pack Vendor :STMicroelectronics eDS-WB_DPC_3PH2L-BIDIR 1.1.1
2026-05-17 10:25:10,877 [INFO] ThirdParty:1030 - CMSIS Pack Vendor :STMicroelectronics USB_HOST 1.0.0
2026-05-17 10:25:10,877 [INFO] ThirdParty:1030 - CMSIS Pack Vendor :STMicroelectronics X-CUBE-AZRTOS-G4 2.0.0
2026-05-17 10:25:10,877 [INFO] ThirdParty:1030 - CMSIS Pack Vendor :STMicroelectronics PDM2PCM 3.1.0
2026-05-17 10:25:10,877 [INFO] ThirdParty:1030 - CMSIS Pack Vendor :STMicroelectronics PDM2PCM 3.3.0
2026-05-17 10:25:10,877 [INFO] ThirdParty:1030 - CMSIS Pack Vendor :wolfSSL I-CUBE-wolfTPM 3.8.0
2026-05-17 10:25:10,877 [INFO] ThirdParty:1030 - CMSIS Pack Vendor :STMicroelectronics X-CUBE-DISPLAY 3.0.0
2026-05-17 10:25:10,877 [INFO] ThirdParty:1030 - CMSIS Pack Vendor :wolfSSL I-CUBE-wolfSSH 1.4.20
2026-05-17 10:25:10,877 [INFO] ThirdParty:1030 - CMSIS Pack Vendor :STMicroelectronics X-CUBE-NFC7 2.0.0
2026-05-17 10:25:10,877 [INFO] ThirdParty:1030 - CMSIS Pack Vendor :STMicroelectronics X-CUBE-GNSS1 7.1.1
2026-05-17 10:25:10,877 [INFO] ThirdParty:1030 - CMSIS Pack Vendor :STMicroelectronics X-CUBE-TCPP 4.2.0
2026-05-17 10:25:10,877 [INFO] ThirdParty:1030 - CMSIS Pack Vendor :RealThread X-CUBE-RT-Thread_Nano 4.1.1
2026-05-17 10:25:10,877 [INFO] ThirdParty:1030 - CMSIS Pack Vendor :wolfSSL I-CUBE-wolfSSL 5.9.1
2026-05-17 10:25:10,877 [INFO] ThirdParty:1030 - CMSIS Pack Vendor :STMicroelectronics FP-ATR-SIGFOX1 3.2.0
2026-05-17 10:25:10,877 [INFO] ThirdParty:1030 - CMSIS Pack Vendor :STMicroelectronics X-CUBE-NFC10 1.0.0
2026-05-17 10:25:10,877 [INFO] ThirdParty:1030 - CMSIS Pack Vendor :STMicroelectronics HAL Drivers 0.0.0
2026-05-17 10:25:10,877 [INFO] ThirdParty:1030 - CMSIS Pack Vendor :STMicroelectronics MBEDTLS 2.16.2
2026-05-17 10:25:10,877 [INFO] ThirdParty:1030 - CMSIS Pack Vendor :STMicroelectronics X-CUBE-ST60 1.1.0
2026-05-17 10:25:10,877 [INFO] ThirdParty:1030 - CMSIS Pack Vendor :STMicroelectronics X-CUBE-ALS 1.0.2
2026-05-17 10:25:10,877 [INFO] ThirdParty:1030 - CMSIS Pack Vendor :emotas I-CUBE-CANOPEN 1.3.0
2026-05-17 10:25:10,877 [INFO] ThirdParty:1030 - CMSIS Pack Vendor :STMicroelectronics MBEDTLS 2.14.1
2026-05-17 10:25:10,877 [INFO] ThirdParty:1030 - CMSIS Pack Vendor :ITTIA_DB I-CUBE-ITTIADB 8.9.0
2026-05-17 10:25:10,877 [INFO] ThirdParty:1030 - CMSIS Pack Vendor :Cesanta I-CUBE-Mongoose 7.21.7
2026-05-17 10:25:10,877 [INFO] ThirdParty:1030 - CMSIS Pack Vendor :STMicroelectronics X-CUBE-TOUCHGFX 4.26.1
2026-05-17 10:25:10,877 [INFO] ThirdParty:1030 - CMSIS Pack Vendor :STMicroelectronics X-CUBE-NFC6 3.2.0
2026-05-17 10:25:10,877 [INFO] ThirdParty:1030 - CMSIS Pack Vendor :STMicroelectronics X-CUBE-AI 10.2.0
2026-05-17 10:25:10,877 [INFO] ThirdParty:1030 - CMSIS Pack Vendor :STMicroelectronics ThreadX 1.0.0
2026-05-17 10:25:10,877 [INFO] ThirdParty:1030 - CMSIS Pack Vendor :STMicroelectronics FP-SNS-SMARTAG2 1.2.0
2026-05-17 10:25:10,877 [INFO] ThirdParty:1030 - CMSIS Pack Vendor :STMicroelectronics X-CUBE-MEMS1 12.1.0
2026-05-17 10:25:10,877 [INFO] ThirdParty:1030 - CMSIS Pack Vendor :STMicroelectronics FP-SNS-FLIGHT1 5.1.0
2026-05-17 10:25:10,877 [INFO] ThirdParty:1030 - CMSIS Pack Vendor :STMicroelectronics X-CUBE-AZRTOS-WL 2.0.0
2026-05-17 10:25:10,877 [INFO] ThirdParty:1030 - CMSIS Pack Vendor :SEGGER I-CUBE-embOS 1.3.1
2026-05-17 10:25:10,877 [INFO] ThirdParty:1030 - CMSIS Pack Vendor :STMicroelectronics X-CUBE-ALGOBUILD 1.4.0
2026-05-17 10:25:10,878 [INFO] ThirdParty:1030 - CMSIS Pack Vendor :STMicroelectronics X-CUBE-DPower 1.3.0
2026-05-17 10:25:10,878 [INFO] ThirdParty:1030 - CMSIS Pack Vendor :STMicroelectronics USB_DEVICE 1.0.0
2026-05-17 10:25:10,878 [INFO] ThirdParty:1030 - CMSIS Pack Vendor :STMicroelectronics X-CUBE-AZRTOS-H7RS 1.2.0
2026-05-17 10:25:10,878 [INFO] ThirdParty:1030 - CMSIS Pack Vendor :STMicroelectronics X-CUBE-AZRTOS-L4 2.0.0
2026-05-17 10:25:10,878 [INFO] ThirdParty:1030 - CMSIS Pack Vendor :STMicroelectronics ThreadX 0.0.2
2026-05-17 10:25:10,878 [INFO] ThirdParty:1030 - CMSIS Pack Vendor :STMicroelectronics lwIP 2.1.2
2026-05-17 10:25:10,878 [INFO] ThirdParty:1030 - CMSIS Pack Vendor :STMicroelectronics X-CUBE-SFXS2LP1 4.0.0
2026-05-17 10:25:10,878 [INFO] ThirdParty:1030 - CMSIS Pack Vendor :STMicroelectronics X-CUBE-BLE2 3.3.0
2026-05-17 10:25:10,878 [INFO] ThirdParty:1030 - CMSIS Pack Vendor :Avnet-IOTCONNECT X-CUBE-iotc-st67-sdk 1.0.0
2026-05-17 10:25:10,878 [INFO] ThirdParty:1030 - CMSIS Pack Vendor :STMicroelectronics X-CUBE-TOF1 3.4.3
2026-05-17 10:25:10,878 [INFO] ThirdParty:1030 - CMSIS Pack Vendor :Infineon AIROC-Wi-Fi-Bluetooth-STM32 1.8.0
2026-05-17 10:25:10,878 [INFO] ThirdParty:1030 - CMSIS Pack Vendor :STMicroelectronics PDM2PCM 3.2.0
2026-05-17 10:25:10,878 [INFO] ThirdParty:1030 - CMSIS Pack Vendor :STMicroelectronics X-CUBE-WB05N 2.1.0
2026-05-17 10:25:10,878 [INFO] ThirdParty:841 - exiting critical section [change project]
2026-05-17 10:25:11,052 [INFO] PinOutPanel:1589 - setPackage(No Configuration,No Configuration)
2026-05-17 10:25:11,053 [INFO] PinOutPanel:1589 - setPackage(STM32F446RETx,LQFP64)
2026-05-17 10:25:11,390 [INFO] UtilMem:75 - Before build in PCC Used Memory: 769648240 Bytes (1073741824)
2026-05-17 10:25:11,627 [INFO] UtilMem:75 - After build in PCC Used Memory: 819457648 Bytes (1073741824)
2026-05-17 10:25:11,644 [INFO] IPUIPlugin:80 - create IPUIPlugin
2026-05-17 10:25:11,644 [INFO] IPUIPlugin:80 - create IPUIPlugin
2026-05-17 10:25:11,644 [INFO] IPUIPlugin:80 - create IPUIPlugin
2026-05-17 10:25:11,644 [INFO] IPUIPlugin:80 - create IPUIPlugin
2026-05-17 10:25:11,644 [INFO] IPUIPlugin:80 - create IPUIPlugin
2026-05-17 10:25:11,644 [INFO] IPUIPlugin:80 - create IPUIPlugin
2026-05-17 10:25:11,645 [INFO] IPUIPlugin:80 - create IPUIPlugin
2026-05-17 10:25:11,645 [INFO] IPUIPlugin:80 - create IPUIPlugin
2026-05-17 10:25:11,645 [INFO] IPUIPlugin:80 - create IPUIPlugin
2026-05-17 10:25:11,645 [INFO] IPUIPlugin:80 - create IPUIPlugin
2026-05-17 10:25:11,645 [INFO] IPUIPlugin:80 - create IPUIPlugin
2026-05-17 10:25:11,645 [INFO] IPUIPlugin:80 - create IPUIPlugin
2026-05-17 10:25:11,645 [INFO] IPUIPlugin:80 - create IPUIPlugin
2026-05-17 10:25:11,645 [INFO] IPUIPlugin:80 - create IPUIPlugin
2026-05-17 10:25:11,645 [INFO] IPUIPlugin:80 - create IPUIPlugin
2026-05-17 10:25:11,645 [INFO] IPUIPlugin:80 - create IPUIPlugin
2026-05-17 10:25:11,645 [INFO] IPUIPlugin:80 - create IPUIPlugin
2026-05-17 10:25:11,645 [INFO] IPUIPlugin:80 - create IPUIPlugin
2026-05-17 10:25:11,645 [INFO] IPUIPlugin:80 - create IPUIPlugin
2026-05-17 10:25:11,646 [INFO] IPUIPlugin:80 - create IPUIPlugin
2026-05-17 10:25:11,646 [INFO] IPUIPlugin:80 - create IPUIPlugin
2026-05-17 10:25:11,646 [INFO] IPUIPlugin:80 - create IPUIPlugin
2026-05-17 10:25:11,646 [INFO] IPUIPlugin:80 - create IPUIPlugin
2026-05-17 10:25:11,646 [INFO] IPUIPlugin:80 - create IPUIPlugin
2026-05-17 10:25:11,646 [INFO] IPUIPlugin:80 - create IPUIPlugin
2026-05-17 10:25:11,646 [INFO] IPUIPlugin:80 - create IPUIPlugin
2026-05-17 10:25:11,646 [INFO] IPUIPlugin:80 - create IPUIPlugin
2026-05-17 10:25:11,647 [INFO] IPUIPlugin:80 - create IPUIPlugin
2026-05-17 10:25:11,647 [INFO] IPUIPlugin:80 - create IPUIPlugin
2026-05-17 10:25:11,647 [INFO] IPUIPlugin:80 - create IPUIPlugin
2026-05-17 10:25:11,647 [INFO] IPUIPlugin:80 - create IPUIPlugin
2026-05-17 10:25:11,647 [INFO] IPUIPlugin:80 - create IPUIPlugin
2026-05-17 10:25:11,647 [INFO] IPUIPlugin:80 - create IPUIPlugin
2026-05-17 10:25:11,647 [INFO] IPUIPlugin:80 - create IPUIPlugin
2026-05-17 10:25:11,647 [INFO] IPUIPlugin:80 - create IPUIPlugin
2026-05-17 10:25:11,648 [INFO] IPUIPlugin:80 - create IPUIPlugin
2026-05-17 10:25:11,648 [INFO] IPUIPlugin:80 - create IPUIPlugin
2026-05-17 10:25:11,648 [INFO] IPUIPlugin:80 - create IPUIPlugin
2026-05-17 10:25:11,648 [INFO] IPUIPlugin:80 - create IPUIPlugin
2026-05-17 10:25:11,648 [INFO] IPUIPlugin:80 - create IPUIPlugin
2026-05-17 10:25:11,648 [INFO] IPUIPlugin:80 - create IPUIPlugin
2026-05-17 10:25:11,648 [INFO] IPUIPlugin:80 - create IPUIPlugin
2026-05-17 10:25:11,648 [INFO] IPUIPlugin:80 - create IPUIPlugin
2026-05-17 10:25:11,649 [INFO] IPUIPlugin:80 - create IPUIPlugin
2026-05-17 10:25:11,649 [INFO] IPUIPlugin:80 - create IPUIPlugin
2026-05-17 10:25:11,649 [INFO] IPUIPlugin:80 - create IPUIPlugin
2026-05-17 10:25:11,649 [INFO] IPUIPlugin:80 - create IPUIPlugin
2026-05-17 10:25:11,649 [INFO] IPUIPlugin:80 - create IPUIPlugin
2026-05-17 10:25:11,649 [INFO] IPUIPlugin:80 - create IPUIPlugin
2026-05-17 10:25:11,649 [INFO] IPUIPlugin:80 - create IPUIPlugin
2026-05-17 10:25:11,650 [INFO] IPUIPlugin:80 - create IPUIPlugin
2026-05-17 10:25:11,650 [INFO] IPUIPlugin:80 - create IPUIPlugin
2026-05-17 10:25:11,650 [INFO] IPUIPlugin:80 - create IPUIPlugin
2026-05-17 10:25:11,650 [INFO] IPUIPlugin:80 - create IPUIPlugin
2026-05-17 10:25:11,650 [INFO] IPUIPlugin:80 - create IPUIPlugin
2026-05-17 10:25:11,650 [INFO] IPUIPlugin:80 - create IPUIPlugin
2026-05-17 10:25:11,651 [INFO] IPUIPlugin:80 - create IPUIPlugin
2026-05-17 10:25:11,651 [INFO] IPUIPlugin:80 - create IPUIPlugin
2026-05-17 10:25:11,651 [INFO] IPUIPlugin:80 - create IPUIPlugin
2026-05-17 10:25:11,651 [INFO] IPUIPlugin:80 - create IPUIPlugin
2026-05-17 10:25:11,657 [INFO] ApiDbMcu:508 - Load IP Config File for PDM2PCM
2026-05-17 10:25:11,693 [INFO] CADModel:165 - CPN selected for project levelSTM32F446RET6
2026-05-17 10:25:11,693 [INFO] CADModel:114 - Register for checkConnection events
2026-05-17 10:25:11,756 [INFO] OpenFileManager:385 - Restore cursor
2026-05-17 10:25:12,293 [INFO] UtilMem:75 - End SaveConfig() Used Memory: 981787584 Bytes (1073741824)
2026-05-17 10:25:12,390 [INFO] UtilMem:75 - End SaveConfig() Used Memory: 761873016 Bytes (1073741824)
2026-05-17 10:25:12,724 [INFO] BlockDiagram:2775 - set Specific Code input for plugin: SYS
2026-05-17 10:25:12,725 [INFO] BlockDiagram:2775 - set Specific Code input for plugin: RCC
2026-05-17 10:25:12,725 [INFO] BlockDiagram:2775 - set Specific Code input for plugin: NVIC
2026-05-17 10:25:12,725 [INFO] BlockDiagram:2775 - set Specific Code input for plugin: USART
2026-05-17 10:25:12,725 [INFO] BlockDiagram:2775 - set Specific Code input for plugin: GPIO
2026-05-17 10:25:12,726 [INFO] CodeGenerator:882 - code generatio: config db path: B:\ST\STM32CubeIDE_1.18.1\STM32CubeIDE\plugins\com.st.stm32cube.common.mx_6.14.1.202504091515\\db\
2026-05-17 10:25:12,807 [INFO] CodeEngine:263 - oldGeneratedFile, B:\stm32\WWDG_ADC_TemSensor\MXTmpFiles\license.tmp_save
2026-05-17 10:25:13,056 [INFO] CodeEngine:287 - Generated code: B:\stm32\WWDG_ADC_TemSensor\MXTmpFiles\license.tmp
2026-05-17 10:25:13,081 [INFO] CodeEngine:263 - oldGeneratedFile, B:\stm32\WWDG_ADC_TemSensor\MXTmpFiles\gpio.tmp_save
2026-05-17 10:25:13,217 [INFO] CodeEngine:287 - Generated code: B:\stm32\WWDG_ADC_TemSensor\MXTmpFiles\gpio.tmp
2026-05-17 10:25:13,251 [INFO] CodeEngine:263 - oldGeneratedFile, B:\stm32\WWDG_ADC_TemSensor\Core\Src\stm32f4xx_it.c_save
2026-05-17 10:25:13,468 [INFO] CodeEngine:287 - Generated code: B:\stm32\WWDG_ADC_TemSensor\Core\Src\stm32f4xx_it.c
2026-05-17 10:25:13,472 [INFO] CodeEngine:263 - oldGeneratedFile, B:\stm32\WWDG_ADC_TemSensor\Core\Inc\stm32f4xx_it.h_save
2026-05-17 10:25:13,533 [INFO] CodeEngine:287 - Generated code: B:\stm32\WWDG_ADC_TemSensor\Core\Inc\stm32f4xx_it.h
2026-05-17 10:25:13,542 [INFO] CodeEngine:263 - oldGeneratedFile, B:\stm32\WWDG_ADC_TemSensor\Core\Src\stm32f4xx_hal_msp.c_save
2026-05-17 10:25:13,635 [INFO] CodeEngine:287 - Generated code: B:\stm32\WWDG_ADC_TemSensor\Core\Src\stm32f4xx_hal_msp.c
2026-05-17 10:25:13,639 [INFO] CodeEngine:263 - oldGeneratedFile, B:\stm32\WWDG_ADC_TemSensor\MXTmpFiles\system.tmp_save
2026-05-17 10:25:13,685 [INFO] CodeEngine:287 - Generated code: B:\stm32\WWDG_ADC_TemSensor\MXTmpFiles\system.tmp
2026-05-17 10:25:13,694 [INFO] CodeEngine:319 - oldGeneratedFile, B:\stm32\WWDG_ADC_TemSensor\Core\Inc\stm32f4xx_hal_conf.h_save
2026-05-17 10:25:13,748 [INFO] CodeEngine:343 - Generated code: B:\stm32\WWDG_ADC_TemSensor\Core\Inc\stm32f4xx_hal_conf.h
2026-05-17 10:25:13,767 [WARN] IPConfigManager:3217 - Warning: the RefConfig PLL2P_FOR_MCO is not available in your config.xml file
2026-05-17 10:25:13,771 [INFO] ApiDbMcu:508 - Load IP Config File for USART2
2026-05-17 10:25:13,774 [INFO] ApiDbMcu:508 - Load IP Config File for RCC
2026-05-17 10:25:13,784 [INFO] CodeEngine:263 - oldGeneratedFile, B:\stm32\WWDG_ADC_TemSensor\Core\Inc\main.h_save
2026-05-17 10:25:13,852 [INFO] CodeEngine:287 - Generated code: B:\stm32\WWDG_ADC_TemSensor\Core\Inc\main.h
2026-05-17 10:25:13,856 [INFO] CodeEngine:263 - oldGeneratedFile, B:\stm32\WWDG_ADC_TemSensor\Core\Src\main.c_save
2026-05-17 10:25:13,927 [INFO] CodeEngine:287 - Generated code: B:\stm32\WWDG_ADC_TemSensor\Core\Src\main.c
2026-05-17 10:25:14,268 [INFO] ProjectBuilder:3324 - Time for Copy HAL[1] : 201mS.
2026-05-17 10:25:14,272 [INFO] ProjectBuilder:4912 - Project Generator version: 4.6.0.1-B1
2026-05-17 10:25:14,332 [INFO] ConfigFileManager:1590 - The Die is : DIE421
2026-05-17 10:25:14,335 [INFO] ApiDbMcu:508 - Load IP Config File for FATFS
2026-05-17 10:25:14,338 [INFO] ApiDbMcu:508 - Load IP Config File for FREERTOS
2026-05-17 10:25:14,339 [INFO] ApiDbMcu:508 - Load IP Config File for LIBJPEG
2026-05-17 10:25:14,342 [INFO] ApiDbMcu:508 - Load IP Config File for MBEDTLS
2026-05-17 10:25:14,347 [INFO] ApiDbMcu:508 - Load IP Config File for USB_DEVICE
2026-05-17 10:25:14,349 [INFO] ApiDbMcu:508 - Load IP Config File for USB_HOST
2026-05-17 10:25:16,161 [INFO] ProjectBuilder:5191 - Time for Generating toolchain IDE Files: 1889mS.
2026-05-17 10:25:16,162 [INFO] ProjectBuilder:3181 - Time for Copy CMSIS : 1mS.
2026-05-17 10:25:16,164 [INFO] ProjectBuilder:3181 - Time for Copy CMSIS : 0mS.
2026-05-17 10:25:17,494 [INFO] McuFinderGlobals:76 - Set McuFinderConnectedMode to true
2026-05-17 10:25:17,497 [INFO] ApiDb:448 - Save user favorites file C:\Users\moonc/.stm32cubeide/favorites.mcus.txt: 0 item(s)
2026-05-17 10:25:17,497 [INFO] ApiDb:452 - User favorites MCUs=[]
2026-05-17 10:25:17,498 [INFO] ApiDb:448 - Save user favorites file C:\Users\moonc/.stm32cubeide/favorites.boards.txt: 1 item(s)
2026-05-17 10:25:17,499 [INFO] ApiDb:452 - User favorites Boards=[NUCLEO-F446RE]
2026-05-17 10:25:31,615 [INFO] ParamManager:896 - [Generic UI] PropertyChangeEvent: TAB_STATUS_CHANGED , "dont care", "never mind"
2026-05-17 10:25:31,624 [INFO] ParamManager:896 - [Generic UI] PropertyChangeEvent: TAB_STATUS_CHANGED , "dont care", "never mind"
2026-05-17 10:25:31,627 [INFO] ADCParametersView:116 -                Rank 1 : false
2026-05-17 10:25:31,645 [INFO] ADCParametersView:116 -                Rank 1 : false
2026-05-17 10:25:31,645 [INFO] ADCParametersView:116 -                Rank 1 : false
2026-05-17 10:25:31,645 [INFO] ADCParametersView:116 -                Rank 1 : false
2026-05-17 10:25:31,645 [INFO] ADCParametersView:116 -                Rank 1 : false
2026-05-17 10:25:31,645 [INFO] ADCParametersView:116 -                Rank 1 : false
2026-05-17 10:25:31,645 [INFO] ADCParametersView:116 -                Rank 1 : false
2026-05-17 10:25:31,645 [INFO] ADCParametersView:116 -                Rank 1 : false
2026-05-17 10:25:31,645 [INFO] ADCParametersView:116 -                Rank 1 : false
2026-05-17 10:25:31,645 [INFO] ADCParametersView:116 -                Rank 1 : false
2026-05-17 10:25:31,645 [INFO] ADCParametersView:116 -                Rank 1 : false
2026-05-17 10:25:31,645 [INFO] ADCParametersView:116 -                Rank 1 : false
2026-05-17 10:25:31,646 [INFO] ADCParametersView:116 -                Rank 1 : false
2026-05-17 10:25:31,646 [INFO] ADCParametersView:116 -                Rank 1 : false
2026-05-17 10:25:31,646 [INFO] ADCParametersView:116 -                Rank 1 : false
2026-05-17 10:25:31,653 [INFO] ADCParametersView:116 -                Rank 1 : false
2026-05-17 10:25:31,706 [INFO] NvicIntPanel:101 - NVIC parent = com.st.microxplorer.plugins.ip.nvic.MultiNvicIntPanel[,0,0,0x0,invalid,layout=javax.swing.BoxLayout,alignmentX=0.0,alignmentY=0.0,border=,flags=9,maximumSize=,minimumSize=,preferredSize=]
2026-05-17 10:25:31,768 [INFO] NvicIntPanel:101 - NVIC parent = com.st.microxplorer.plugins.ip.nvic.MultiNvicIntPanel[,0,0,0x0,invalid,layout=javax.swing.BoxLayout,alignmentX=0.0,alignmentY=0.0,border=,flags=9,maximumSize=,minimumSize=,preferredSize=]
2026-05-17 10:25:31,805 [INFO] ADCParametersView:116 -                Rank 1 : false
2026-05-17 10:25:31,805 [INFO] ADCParametersView:116 -                Rank 1 : false
2026-05-17 10:25:31,805 [INFO] ADCParametersView:116 -                Rank 1 : false
2026-05-17 10:25:31,805 [INFO] ADCParametersView:116 -                Rank 1 : false
2026-05-17 10:25:31,805 [INFO] ADCParametersView:116 -                Rank 1 : false
2026-05-17 10:25:31,805 [INFO] ADCParametersView:116 -                Rank 1 : false
2026-05-17 10:25:31,805 [INFO] ADCParametersView:116 -                Rank 1 : false
2026-05-17 10:25:31,805 [INFO] ADCParametersView:116 -                Rank 1 : false
2026-05-17 10:25:31,805 [INFO] ADCParametersView:116 -                Rank 1 : false
2026-05-17 10:25:31,805 [INFO] ADCParametersView:116 -                Rank 1 : false
2026-05-17 10:25:31,805 [INFO] ADCParametersView:116 -                Rank 1 : false
2026-05-17 10:25:31,805 [INFO] ADCParametersView:116 -                Rank 1 : false
2026-05-17 10:25:31,805 [INFO] ADCParametersView:116 -                Rank 1 : false
2026-05-17 10:25:31,805 [INFO] ADCParametersView:116 -                Rank 1 : false
2026-05-17 10:25:31,823 [INFO] ADCParametersView:116 -                Rank 1 : false
2026-05-17 10:25:31,845 [INFO] ADCParametersView:116 -                Rank 1 : false
2026-05-17 10:25:31,845 [INFO] ADCParametersView:116 -                Rank 1 : false
2026-05-17 10:25:31,845 [INFO] ADCParametersView:116 -                Rank 1 : false
2026-05-17 10:25:31,845 [INFO] ADCParametersView:116 -                Rank 1 : false
2026-05-17 10:25:31,845 [INFO] ADCParametersView:116 -                Rank 1 : false
2026-05-17 10:25:31,845 [INFO] ADCParametersView:116 -                Rank 1 : false
2026-05-17 10:25:31,845 [INFO] ADCParametersView:116 -                Rank 1 : false
2026-05-17 10:25:31,845 [INFO] ADCParametersView:116 -                Rank 1 : false
2026-05-17 10:25:31,845 [INFO] ADCParametersView:116 -                Rank 1 : false
2026-05-17 10:25:31,845 [INFO] ADCParametersView:116 -                Rank 1 : false
2026-05-17 10:25:31,845 [INFO] ADCParametersView:116 -                Rank 1 : false
2026-05-17 10:25:31,846 [INFO] ADCParametersView:116 -                Rank 1 : false
2026-05-17 10:25:31,846 [INFO] ADCParametersView:116 -                Rank 1 : false
2026-05-17 10:25:31,846 [INFO] ADCParametersView:116 -                Rank 1 : false
2026-05-17 10:25:31,864 [INFO] ADCParametersView:116 -                Rank 1 : false
2026-05-17 10:25:38,678 [INFO] ADCParametersView:116 -                Rank 1 : false
2026-05-17 10:25:38,682 [INFO] ADCParametersView:116 -                Rank 1 : false
2026-05-17 10:25:38,682 [INFO] ADCParametersView:116 -                Rank 1 : false
2026-05-17 10:25:38,682 [INFO] ADCParametersView:116 -                Rank 1 : false
2026-05-17 10:25:38,682 [INFO] ADCParametersView:116 -                Rank 1 : false
2026-05-17 10:25:38,682 [INFO] ADCParametersView:116 -                Rank 1 : false
2026-05-17 10:25:38,682 [INFO] ADCParametersView:116 -                Rank 1 : false
2026-05-17 10:25:38,682 [INFO] ADCParametersView:116 -                Rank 1 : false
2026-05-17 10:25:38,682 [INFO] ADCParametersView:116 -                Rank 1 : false
2026-05-17 10:25:38,682 [INFO] ADCParametersView:116 -                Rank 1 : false
2026-05-17 10:25:38,683 [INFO] ADCParametersView:116 -                Rank 1 : false
2026-05-17 10:25:38,683 [INFO] ADCParametersView:116 -                Rank 1 : false
2026-05-17 10:25:38,683 [INFO] ADCParametersView:116 -                Rank 1 : false
2026-05-17 10:25:38,683 [INFO] ADCParametersView:116 -                Rank 1 : false
2026-05-17 10:25:38,689 [INFO] ADCParametersView:116 -                Rank 1 : false
2026-05-17 10:25:38,698 [INFO] ADCParametersView:116 -                Rank 1 : false
2026-05-17 10:25:38,699 [INFO] ADCParametersView:116 -                Rank 1 : false
2026-05-17 10:25:38,699 [INFO] ADCParametersView:116 -                Rank 1 : false
2026-05-17 10:25:38,699 [INFO] ADCParametersView:116 -                Rank 1 : false
2026-05-17 10:25:38,699 [INFO] ADCParametersView:116 -                Rank 1 : false
2026-05-17 10:25:38,699 [INFO] ADCParametersView:116 -                Rank 1 : false
2026-05-17 10:25:38,699 [INFO] ADCParametersView:116 -                Rank 1 : false
2026-05-17 10:25:38,699 [INFO] ADCParametersView:116 -                Rank 1 : false
2026-05-17 10:25:38,699 [INFO] ADCParametersView:116 -                Rank 1 : false
2026-05-17 10:25:38,699 [INFO] ADCParametersView:116 -                Rank 1 : false
2026-05-17 10:25:38,699 [INFO] ADCParametersView:116 -                Rank 1 : false
2026-05-17 10:25:38,699 [INFO] ADCParametersView:116 -                Rank 1 : false
2026-05-17 10:25:38,699 [INFO] ADCParametersView:116 -                Rank 1 : false
2026-05-17 10:25:38,699 [INFO] ADCParametersView:116 -                Rank 1 : false
2026-05-17 10:25:38,705 [INFO] ADCParametersView:116 -                Rank 1 : false
2026-05-17 10:25:38,731 [INFO] ADCParametersView:116 -                Rank 1 : false
2026-05-17 10:25:38,732 [INFO] ADCParametersView:116 -                Rank 1 : false
2026-05-17 10:25:38,732 [INFO] ADCParametersView:116 -                Rank 1 : false
2026-05-17 10:25:38,732 [INFO] ADCParametersView:116 -                Rank 1 : false
2026-05-17 10:25:38,732 [INFO] ADCParametersView:116 -                Rank 1 : false
2026-05-17 10:25:38,732 [INFO] ADCParametersView:116 -                Rank 1 : false
2026-05-17 10:25:38,732 [INFO] ADCParametersView:116 -                Rank 1 : false
2026-05-17 10:25:38,732 [INFO] ADCParametersView:116 -                Rank 1 : false
2026-05-17 10:25:38,732 [INFO] ADCParametersView:116 -                Rank 1 : false
2026-05-17 10:25:38,732 [INFO] ADCParametersView:116 -                Rank 1 : false
2026-05-17 10:25:38,732 [INFO] ADCParametersView:116 -                Rank 1 : false
2026-05-17 10:25:38,732 [INFO] ADCParametersView:116 -                Rank 1 : false
2026-05-17 10:25:38,732 [INFO] ADCParametersView:116 -                Rank 1 : false
2026-05-17 10:25:38,732 [INFO] ADCParametersView:116 -                Rank 1 : false
2026-05-17 10:25:38,750 [INFO] ADCParametersView:116 -                Rank 1 : false
2026-05-17 10:25:43,674 [INFO] ADCParametersView:116 -                Rank 1 : true
2026-05-17 10:25:46,587 [INFO] NvicIntPanel:101 - NVIC parent = com.st.microxplorer.plugins.ip.nvic.MultiNvicIntPanel[,0,0,0x0,invalid,layout=javax.swing.BoxLayout,alignmentX=0.0,alignmentY=0.0,border=,flags=9,maximumSize=,minimumSize=,preferredSize=]
2026-05-17 10:25:46,613 [INFO] ADCParametersView:116 -                Rank 1 : true
2026-05-17 10:25:46,615 [INFO] ADCParametersView:116 -                Rank 1 : true
2026-05-17 10:25:46,615 [INFO] ADCParametersView:116 -                Rank 1 : true
2026-05-17 10:25:46,615 [INFO] ADCParametersView:116 -                Rank 1 : true
2026-05-17 10:25:46,615 [INFO] ADCParametersView:116 -                Rank 1 : true
2026-05-17 10:25:46,615 [INFO] ADCParametersView:116 -                Rank 1 : true
2026-05-17 10:25:46,615 [INFO] ADCParametersView:116 -                Rank 1 : true
2026-05-17 10:25:46,615 [INFO] ADCParametersView:116 -                Rank 1 : true
2026-05-17 10:25:46,615 [INFO] ADCParametersView:116 -                Rank 1 : true
2026-05-17 10:25:46,615 [INFO] ADCParametersView:116 -                Rank 1 : true
2026-05-17 10:25:46,615 [INFO] ADCParametersView:116 -                Rank 1 : true
2026-05-17 10:25:46,615 [INFO] ADCParametersView:116 -                Rank 1 : true
2026-05-17 10:25:46,615 [INFO] ADCParametersView:116 -                Rank 1 : true
2026-05-17 10:25:46,615 [INFO] ADCParametersView:116 -                Rank 1 : true
2026-05-17 10:25:46,636 [INFO] ADCParametersView:116 -                Rank 1 : true
2026-05-17 10:26:07,192 [INFO] ParamManager:896 - [Generic UI] PropertyChangeEvent: TAB_STATUS_CHANGED , "dont care", "never mind"
2026-05-17 10:26:07,204 [INFO] NvicIntPanel:101 - NVIC parent = com.st.microxplorer.plugins.ip.nvic.MultiNvicIntPanel[,0,0,0x0,invalid,layout=javax.swing.BoxLayout,alignmentX=0.0,alignmentY=0.0,border=,flags=9,maximumSize=,minimumSize=,preferredSize=]
2026-05-17 10:26:10,159 [INFO] ParamManager:896 - [Generic UI] PropertyChangeEvent: TAB_STATUS_CHANGED , "dont care", "never mind"
2026-05-17 10:26:10,170 [INFO] NvicIntPanel:101 - NVIC parent = com.st.microxplorer.plugins.ip.nvic.MultiNvicIntPanel[,0,0,0x0,invalid,layout=javax.swing.BoxLayout,alignmentX=0.0,alignmentY=0.0,border=,flags=9,maximumSize=,minimumSize=,preferredSize=]
2026-05-17 10:26:13,805 [INFO] UtilMem:75 - End SaveConfig() Used Memory: 921825952 Bytes (1073741824)
2026-05-17 10:26:14,748 [INFO] UtilMem:75 - End SaveConfig() Used Memory: 795199552 Bytes (1073741824)
2026-05-17 10:26:15,113 [INFO] BlockDiagram:2775 - set Specific Code input for plugin: SYS
2026-05-17 10:26:15,113 [INFO] BlockDiagram:2775 - set Specific Code input for plugin: ADC
2026-05-17 10:26:15,113 [INFO] BlockDiagram:2775 - set Specific Code input for plugin: RCC
2026-05-17 10:26:15,113 [INFO] BlockDiagram:2775 - set Specific Code input for plugin: NVIC
2026-05-17 10:26:15,113 [INFO] BlockDiagram:2775 - set Specific Code input for plugin: WWDG
2026-05-17 10:26:15,113 [INFO] BlockDiagram:2775 - set Specific Code input for plugin: USART
2026-05-17 10:26:15,113 [INFO] BlockDiagram:2775 - set Specific Code input for plugin: GPIO
2026-05-17 10:26:15,114 [INFO] CodeGenerator:882 - code generatio: config db path: B:\ST\STM32CubeIDE_1.18.1\STM32CubeIDE\plugins\com.st.stm32cube.common.mx_6.14.1.202504091515\\db\
2026-05-17 10:26:15,178 [INFO] CodeEngine:263 - oldGeneratedFile, B:\stm32\WWDG_ADC_TemSensor\MXTmpFiles\license.tmp_save
2026-05-17 10:26:15,328 [INFO] CodeEngine:287 - Generated code: B:\stm32\WWDG_ADC_TemSensor\MXTmpFiles\license.tmp
2026-05-17 10:26:15,349 [INFO] CodeEngine:263 - oldGeneratedFile, B:\stm32\WWDG_ADC_TemSensor\MXTmpFiles\gpio.tmp_save
2026-05-17 10:26:15,435 [INFO] CodeEngine:287 - Generated code: B:\stm32\WWDG_ADC_TemSensor\MXTmpFiles\gpio.tmp
2026-05-17 10:26:15,520 [INFO] CodeEngine:263 - oldGeneratedFile, B:\stm32\WWDG_ADC_TemSensor\Core\Src\stm32f4xx_it.c_save
2026-05-17 10:26:15,601 [INFO] CodeEngine:287 - Generated code: B:\stm32\WWDG_ADC_TemSensor\Core\Src\stm32f4xx_it.c
2026-05-17 10:26:15,605 [INFO] CodeEngine:263 - oldGeneratedFile, B:\stm32\WWDG_ADC_TemSensor\Core\Inc\stm32f4xx_it.h_save
2026-05-17 10:26:15,671 [INFO] CodeEngine:287 - Generated code: B:\stm32\WWDG_ADC_TemSensor\Core\Inc\stm32f4xx_it.h
2026-05-17 10:26:15,682 [INFO] CodeEngine:263 - oldGeneratedFile, B:\stm32\WWDG_ADC_TemSensor\Core\Src\stm32f4xx_hal_msp.c_save
2026-05-17 10:26:15,779 [INFO] CodeEngine:287 - Generated code: B:\stm32\WWDG_ADC_TemSensor\Core\Src\stm32f4xx_hal_msp.c
2026-05-17 10:26:15,783 [INFO] CodeEngine:263 - oldGeneratedFile, B:\stm32\WWDG_ADC_TemSensor\MXTmpFiles\system.tmp_save
2026-05-17 10:26:15,834 [INFO] CodeEngine:287 - Generated code: B:\stm32\WWDG_ADC_TemSensor\MXTmpFiles\system.tmp
2026-05-17 10:26:15,843 [INFO] CodeEngine:319 - oldGeneratedFile, B:\stm32\WWDG_ADC_TemSensor\Core\Inc\stm32f4xx_hal_conf.h_save
2026-05-17 10:26:15,903 [INFO] CodeEngine:343 - Generated code: B:\stm32\WWDG_ADC_TemSensor\Core\Inc\stm32f4xx_hal_conf.h
2026-05-17 10:26:15,918 [WARN] IPConfigManager:3217 - Warning: the RefConfig PLL2P_FOR_MCO is not available in your config.xml file
2026-05-17 10:26:15,921 [INFO] ApiDbMcu:508 - Load IP Config File for ADC1
2026-05-17 10:26:15,922 [INFO] ApiDbMcu:508 - Load IP Config File for WWDG
2026-05-17 10:26:15,930 [INFO] CodeEngine:263 - oldGeneratedFile, B:\stm32\WWDG_ADC_TemSensor\Core\Inc\main.h_save
2026-05-17 10:26:15,986 [INFO] CodeEngine:287 - Generated code: B:\stm32\WWDG_ADC_TemSensor\Core\Inc\main.h
2026-05-17 10:26:15,991 [INFO] CodeEngine:263 - oldGeneratedFile, B:\stm32\WWDG_ADC_TemSensor\Core\Src\main.c_save
2026-05-17 10:26:16,077 [INFO] CodeEngine:287 - Generated code: B:\stm32\WWDG_ADC_TemSensor\Core\Src\main.c
2026-05-17 10:26:16,456 [INFO] ProjectBuilder:3324 - Time for Copy HAL[1] : 206mS.
2026-05-17 10:26:16,459 [INFO] ProjectBuilder:4912 - Project Generator version: 4.6.0.1-B1
2026-05-17 10:26:16,518 [INFO] ConfigFileManager:1590 - The Die is : DIE421
2026-05-17 10:26:17,205 [INFO] ProjectBuilder:5191 - Time for Generating toolchain IDE Files: 745mS.
2026-05-17 10:26:17,205 [INFO] ProjectBuilder:3181 - Time for Copy CMSIS : 0mS.
2026-05-17 10:26:17,207 [INFO] ProjectBuilder:3181 - Time for Copy CMSIS : 0mS.
2026-05-17 11:02:10,848 [INFO] MainUpdater:2872 - connection check result : 10
2026-05-17 11:02:10,849 [INFO] McuFinderGlobals:76 - Set McuFinderConnectedMode to true
2026-05-17 11:02:11,086 [INFO] ServerAccessManage:473 - Download File mcusAds.json._tmp_
2026-05-17 11:02:11,211 [INFO] LoadUrlFilesThread:156 - End of LoadUrlFiles Thread
2026-05-17 11:02:11,453 [INFO] ServerAccessManage:473 - Download File cube-finder-db.zip
2026-05-17 11:02:13,158 [INFO] FileExtend:242 - Unzip File : cube-finder-db.zip
2026-05-17 11:02:13,158 [INFO] FileExtend:257 - Standard Zip Deflate
2026-05-17 11:02:13,795 [INFO] LoadUrlFilesThread:156 - End of LoadUrlFiles Thread
2026-05-17 11:02:15,040 [INFO] ServerAccessManage:473 - Download File crdb.zip
2026-05-17 11:02:16,428 [INFO] FileExtend:242 - Unzip File : crdb.zip
2026-05-17 11:02:16,428 [INFO] FileExtend:257 - Standard Zip Deflate
2026-05-17 11:02:16,546 [INFO] LoadUrlFilesThread:156 - End of LoadUrlFiles Thread
2026-05-17 11:02:16,703 [INFO] ServerAccessManage:473 - Download File tutoVideoDB.zip
2026-05-17 11:02:16,708 [INFO] FileExtend:242 - Unzip File : tutoVideoDB.zip
2026-05-17 11:02:16,708 [INFO] FileExtend:257 - Standard Zip Deflate
2026-05-17 11:02:16,815 [INFO] LoadUrlFilesThread:156 - End of LoadUrlFiles Thread
2026-05-17 11:02:16,815 [WARN] DbFile:41 - Overriding database path with different value: C:\Users\moonc\.stmcufinder\plugins\mcufinder/ => C:\Users\moonc\.stmcufinder\plugins\mcufinder
2026-05-17 11:02:17,713 [ERROR] ServerAccessManage:1089 - Problem, file not found on Server
2026-05-17 11:02:17,713 [ERROR] ServerAccessManage:651 - Problem, file not found on Server : api_config.json.
2026-05-17 11:02:26,809 [INFO] LoadUrlFilesThread:156 - End of LoadUrlFiles Thread
2026-05-17 11:02:27,891 [INFO] DbMcusAds:53 - JSON generation date=Mon Apr 27 17:14:29 KST 2026 (1777277669577)
2026-05-17 11:02:27,894 [INFO] ApiDb:448 - Save user favorites file C:\Users\moonc/.stm32cubeide/favorites.mcus.txt: 0 item(s)
2026-05-17 11:02:27,894 [INFO] ApiDb:452 - User favorites MCUs=[]
2026-05-17 11:02:27,896 [INFO] ApiDb:581 - Connected to CubeFinder SQLite database (C:\Users\moonc\.stmcufinder\plugins\mcufinder\mcu\cube-finder-db.db)
2026-05-17 11:02:27,969 [INFO] ApiDb:668 - CubeFinder database Data Model version=2.1
2026-05-17 11:02:27,970 [INFO] ApiDb:669 - CubeFinder database Configuration version=3.0.42
2026-05-17 11:02:27,970 [INFO] ApiDb:670 - CubeFinder database generation date=2026-05-06 (1778060171)
2026-05-17 11:02:27,970 [INFO] ApiDb:671 - CubeFinder database FW Pack versions=[FP-ATR-ASTRA1_V2.0.0, FP-SNS-FLIGHT1_V5.1.0, FP-SNS-MOTENV1_V5.1.0, FP-SNS-MOTENVWB1_V1.5.0, FP-SNS-SMARTAG2_V1.2.0, FP-SNS-STBOX1_V2.1.0, STM32Cube_FW_C0_V1.4.0, STM32Cube_FW_F4_V1.28.3, STM32Cube_FW_F7_V1.17.4, STM32Cube_FW_G0_V1.6.3, STM32Cube_FW_G4_V1.6.2, STM32Cube_FW_H5_V1.6.0, STM32Cube_FW_H7RS_V1.3.0, STM32Cube_FW_H7_V1.13.0, STM32Cube_FW_L0_V1.12.2, STM32Cube_FW_L4_V1.18.2, STM32Cube_FW_L5_V1.6.0, STM32Cube_FW_N6_V1.3.0, STM32Cube_FW_U0_V1.3.0, STM32Cube_FW_U3_V1.3.0, STM32Cube_FW_U5_V1.8.0, STM32Cube_FW_WB0_V1.4.0, STM32Cube_FW_WBA_V1.9.0, STM32Cube_FW_WB_V1.24.0, STM32Cube_FW_WL3_V1.4.0, STM32Cube_FW_WL_V1.5.0, X-CUBE-ALGOBUILD_V1.4.0, X-CUBE-ALS_V1.0.2, X-CUBE-AZRTOS-F4_V1.1.0, X-CUBE-AZRTOS-F7_V1.1.0, X-CUBE-AZRTOS-G0_V1.1.0, X-CUBE-AZRTOS-G4_V2.0.0, X-CUBE-AZRTOS-H7RS_V1.1.0, X-CUBE-AZRTOS-H7_V3.5.0, X-CUBE-AZRTOS-L4_V2.0.0, X-CUBE-AZRTOS-L5_V2.0.0, X-CUBE-AZRTOS-WB_V2.0.0, X-CUBE-AZRTOS-WL_V2.0.0, X-CUBE-BLE1_V7.1.0, X-CUBE-BLE2_V3.3.0, X-CUBE-BLEMGR_V4.1.0, X-CUBE-EEPRMA1_V5.2.0, X-CUBE-FREERTOS_V1.5.0, X-CUBE-GNSS1_V6.0.0, X-CUBE-MEMS1_V12.0.0, X-CUBE-NFC4_V3.0.0, X-CUBE-NFC7_V2.0.0, X-CUBE-SFXS2LP1_V4.0.0, X-CUBE-ST67W61_V1.2.0, X-CUBE-SUBG2_V5.0.0, X-CUBE-TOF1_V3.4.3]
2026-05-17 11:02:29,764 [INFO] ApiDb:240 - Found 895 in-development CPN: [B-G473E-ZEST1S, B-WB1M-WPAN1, B-WBA5M-WPAN, B-WL5M-SUBG1, NUCLEO-C031C6, NUCLEO-C051C8, NUCLEO-C071RB, NUCLEO-C092RC, NUCLEO-H503RB, NUCLEO-H533RE, NUCLEO-H563ZI, NUCLEO-H7S3L8, NUCLEO-N657X0-Q, NUCLEO-U031R8, NUCLEO-U083RC, NUCLEO-U385RG-Q, NUCLEO-U545RE-Q, NUCLEO-U5A5ZJ-Q, NUCLEO-WB05KZ, NUCLEO-WB07CC, NUCLEO-WB09KE, NUCLEO-WBA52CG, NUCLEO-WBA55CG, NUCLEO-WBA65RI, NUCLEO-WL33CC1, NUCLEO-WL33CC2, STEVAL-PROTEUS1, STEVAL-SMARTAG2, STEVAL-STWINBX1, STM320518-EVAL, STM32C0116-DK, STM32C011D6Y3TR, STM32C011D6Y6TR, STM32C011F4P3, STM32C011F4P6, STM32C011F4U3, STM32C011F4U6TR, STM32C011F6P3, STM32C011F6P6, STM32C011F6U3, STM32C011F6U6TR, STM32C011J4M3, STM32C011J4M6, STM32C011J6M3, STM32C011J6M6, STM32C0316-DK, STM32C031C4T3, STM32C031C4T6, STM32C031C4U3, STM32C031C4U6, STM32C031C6T3, STM32C031C6T6, STM32C031C6U3, STM32C031C6U6, STM32C031F4P3, STM32C031F4P6, STM32C031F6P3, STM32C031F6P6, STM32C031G4U3, STM32C031G4U6, STM32C031G6U3, STM32C031G6U6, STM32C031K4T3, STM32C031K4T6, STM32C031K4U3, STM32C031K4U6, STM32C031K6T3, STM32C031K6T6, STM32C031K6U3, STM32C031K6U6, STM32C051C6T6, STM32C051C6U6, STM32C051C8T6, STM32C051C8U6, STM32C051D8Y6TR, STM32C051F6P6, STM32C051F8P6, STM32C051G6U6, STM32C051G8U6, STM32C051K6T6, STM32C051K6U6, STM32C051K8T6, STM32C071C8T6, STM32C071C8T6N, STM32C071C8U6, STM32C071C8U6N, STM32C071CBT6, STM32C071CBT6N, STM32C071CBU6, STM32C071CBU6N, STM32C071F8P6, STM32C071F8P6N, STM32C071FBP6, STM32C071FBP6N, STM32C071FBY6TR, STM32C071G8U6, STM32C071G8U6N, STM32C071GBU6, STM32C071GBU6N, STM32C071K8T6, STM32C071K8T6N, STM32C071K8U6, STM32C071K8U6N, STM32C071KBT6, STM32C071KBT6N, STM32C071KBU6, STM32C071KBU6N, STM32C071R8T6, STM32C071R8T6N, STM32C071RBI6N, STM32C071RBT6, STM32C071RBT6N, STM32C091CBT6, STM32C091CBU6, STM32C091CCT6, STM32C091CCU6, STM32C091ECY6TR, STM32C091FBP6, STM32C091FCP6, STM32C091GBU6, STM32C091GCU6, STM32C091KBT6, STM32C091KBU6, STM32C091KCT6, STM32C091KCU6, STM32C091RBT6, STM32C091RCI6, STM32C091RCT6, STM32C092CBT6, STM32C092CBU6, STM32C092CCT6, STM32C092CCU6, STM32C092ECY6TR, STM32C092FBP6, STM32C092FCP6, STM32C092GBU6, STM32C092GCU6, STM32C092KBT6, STM32C092KBU6, STM32C092KCT6, STM32C092KCU6, STM32C092RBT6, STM32C092RCI6, STM32C092RCT6, STM32G071K8TXN, STM32G071K8UXN, STM32G081GBU6N, STM32G081KBT6N, STM32G081KBUXN, STM32G0B1CCT6N, STM32G0B1KCT6, STM32G0B1NEY6TR, STM32G0B1RCT6N, STM32G0C1CCT6, STM32G0C1CCT6N, STM32G0C1CCU6N, STM32G0C1CET6N, STM32G0C1CEU6N, STM32G0C1KCT6, STM32G0C1NEY6TR, STM32G0C1RCI6N, STM32G0C1RCT6N, STM32G0C1REI6N, STM32G0C1RET6N, STM32G0C1VCI6, STM32G0C1VEI6, STM32G411C6T3, STM32G411C6T6, STM32G411C6U3, STM32G411C6U6, STM32G411C8T3, STM32G411C8T6, STM32G411C8U3, STM32G411C8U6, STM32G411CBT3, STM32G411CBT6, STM32G411CBU3, STM32G411CBU6, STM32G411CCT3, STM32G411CCT6, STM32G411CCU3, STM32G411CCU6, STM32G411K6T3, STM32G411K6T6, STM32G411K6U3, STM32G411K6U6, STM32G411K8T3, STM32G411K8T6, STM32G411K8U3, STM32G411K8U6, STM32G411KBT3, STM32G411KBT6, STM32G411KBU3, STM32G411KBU6, STM32G411M6T3, STM32G411M6T6, STM32G411M8T3, STM32G411M8T6, STM32G411MBT3, STM32G411MBT6, STM32G411MCT3, STM32G411MCT6, STM32G411R6T3, STM32G411R6T6, STM32G411R8T3, STM32G411R8T6, STM32G411RBT3, STM32G411RBT6, STM32G411RCT3, STM32G411RCT6, STM32G414CBT3, STM32G414CBT6, STM32G414CBU3, STM32G414CBU6, STM32G414CCT3, STM32G414CCT6, STM32G414CCU3, STM32G414CCU6, STM32G414MBT3, STM32G414MBT6, STM32G414MCT3, STM32G414MCT6, STM32G414RBT3, STM32G414RBT6, STM32G414RCT3, STM32G414RCT6, STM32G414VBT3, STM32G414VBT6, STM32G414VCT3, STM32G414VCT6, STM32G431CBT3Z, STM32G431RBT3Z, STM32G471CCT6, STM32G471CCU6, STM32G471CET3, STM32G471CET6, STM32G471CEU3, STM32G471CEU6, STM32G471MCT6, STM32G471MET3, STM32G471MET6, STM32G471MEY6TR, STM32G471QCT6, STM32G471QET3, STM32G471RCT6, STM32G471RET3, STM32G471RET6, STM32G471VCH6, STM32G471VCI6, STM32G471VCT6, STM32G471VEH3, STM32G471VEH6, STM32G471VEI3, STM32G471VEI6, STM32G471VET3, STM32G471VET6, STM32G473QET3Z, STM32G473RET3Z, STM32G474CCT6, STM32G491RET3Z, STM32H503CBT6, STM32H503CBU6, STM32H503EBY6TR, STM32H503KBU6, STM32H503RBT6, STM32H523CCT6, STM32H523CCU6, STM32H523CET6, STM32H523CEU6, STM32H523HEY6TR, STM32H523RCT6, STM32H523RET6, STM32H523VCI6, STM32H523VCT6, STM32H523VEI6, STM32H523VET6, STM32H523ZCJ6, STM32H523ZCT6, STM32H523ZEJ6, STM32H523ZET6, STM32H533CET6, STM32H533CEU6, STM32H533HEY6TR, STM32H533RET6, STM32H533VEI6, STM32H533VET6, STM32H533ZEJ6, STM32H533ZET6, STM32H562AGI6, STM32H562AII6, STM32H562IGK6, STM32H562IGT6, STM32H562IIK6, STM32H562IIT6, STM32H562RGT6, STM32H562RGV6, STM32H562RIT6, STM32H562RIV6, STM32H562VGT6, STM32H562VIT6, STM32H562ZGT6, STM32H562ZIT6, STM32H563AGI6, STM32H563AII3Q, STM32H563AII6, STM32H563IGK6, STM32H563IGT6, STM32H563IIK3Q, STM32H563IIK6, STM32H563IIT3Q, STM32H563IIT6, STM32H563MIY3QTR, STM32H563RGT6, STM32H563RGV6, STM32H563RIT6, STM32H563RIV6, STM32H563VGT6, STM32H563VIT3Q, STM32H563VIT6, STM32H563ZGT6, STM32H563ZIT3Q, STM32H563ZIT6, STM32H573AII3Q, STM32H573AII6, STM32H573I-DK, STM32H573IIK3Q, STM32H573IIK6, STM32H573IIT3Q, STM32H573IIT6, STM32H573MIY3QTR, STM32H573RIT6, STM32H573RIV6, STM32H573VIT3Q, STM32H573VIT6, STM32H573ZIT3Q, STM32H573ZIT6, STM32H7R3A8I6, STM32H7R3I8K6, STM32H7R3I8T6, STM32H7R3L8H6, STM32H7R3L8H6H, STM32H7R3R8V6, STM32H7R3V8H6, STM32H7R3V8T6, STM32H7R3V8Y6TR, STM32H7R3Z8J6, STM32H7R3Z8T6, STM32H7R7A8I6, STM32H7R7I8K6, STM32H7R7I8T6, STM32H7R7L8H6, STM32H7R7L8H6H, STM32H7R7Z8J6, STM32H7S3A8I6, STM32H7S3I8K6, STM32H7S3I8T6, STM32H7S3L8H6, STM32H7S3L8H6H, STM32H7S3R8V6, STM32H7S3V8H6, STM32H7S3V8T6, STM32H7S3V8Y6TR, STM32H7S3Z8J6, STM32H7S3Z8T6, STM32H7S78-DK, STM32H7S7A8I6, STM32H7S7I8K6, STM32H7S7I8T6, STM32H7S7L8H6, STM32H7S7L8H6H, STM32H7S7Z8J6, STM32L4R5QGI6STR, STM32MP131AAE3, STM32MP131AAF3, STM32MP131AAG3, STM32MP131CAE3, STM32MP131CAF3, STM32MP131CAG3, STM32MP131DAE7, STM32MP131DAF7, STM32MP131DAG7, STM32MP131FAE7, STM32MP131FAF7, STM32MP131FAG7, STM32MP133AAE3, STM32MP133AAF3, STM32MP133AAG3, STM32MP133CAE3, STM32MP133CAF3, STM32MP133CAG3, STM32MP133DAE7, STM32MP133DAF7, STM32MP133DAG7, STM32MP133FAE7, STM32MP133FAF7, STM32MP133FAG7, STM32MP135AAE3, STM32MP135AAF3, STM32MP135AAG3, STM32MP135CAE3, STM32MP135CAF3, STM32MP135CAG3, STM32MP135DAE7, STM32MP135DAF7, STM32MP135DAG7, STM32MP135F-DK, STM32MP135FAE7, STM32MP135FAF7, STM32MP135FAF7T, STM32MP135FAF7U, STM32MP135FAG7, STM32MP231AAJ3, STM32MP231AAK3, STM32MP231AAL3, STM32MP231CAJ3, STM32MP231CAK3, STM32MP231CAL3, STM32MP231DAJ3, STM32MP231DAK3, STM32MP231DAL3, STM32MP231FAJ3, STM32MP231FAK3, STM32MP231FAL3, STM32MP233AAJ3, STM32MP233AAK3, STM32MP233AAL3, STM32MP233CAJ3, STM32MP233CAK3, STM32MP233CAL3, STM32MP233DAJ3, STM32MP233DAK3, STM32MP233DAL3, STM32MP233FAJ3, STM32MP233FAK3, STM32MP233FAL3, STM32MP235AAJ3, STM32MP235AAK3, STM32MP235AAL3, STM32MP235CAJ3, STM32MP235CAK3, STM32MP235CAL3, STM32MP235DAJ3, STM32MP235DAK3, STM32MP235DAL3, STM32MP235FAJ3, STM32MP235FAK3, STM32MP235FAL3, STM32MP251AAI3, STM32MP251AAJ3, STM32MP251AAK3, STM32MP251AAL3, STM32MP251CAI3, STM32MP251CAJ3, STM32MP251CAK3, STM32MP251CAL3, STM32MP251DAI3, STM32MP251DAJ3, STM32MP251DAK3, STM32MP251DAL3, STM32MP251FAI3, STM32MP251FAJ3, STM32MP251FAK3, STM32MP251FAL3, STM32MP253AAI3, STM32MP253AAJ3, STM32MP253AAK3, STM32MP253AAL3, STM32MP253CAI3, STM32MP253CAJ3, STM32MP253CAK3, STM32MP253CAL3, STM32MP253DAI3, STM32MP253DAJ3, STM32MP253DAK3, STM32MP253DAL3, STM32MP253FAI3, STM32MP253FAJ3, STM32MP253FAK3, STM32MP253FAL3, STM32MP255AAI3, STM32MP255AAJ3, STM32MP255AAK3, STM32MP255AAL3, STM32MP255CAI3, STM32MP255CAJ3, STM32MP255CAK3, STM32MP255CAL3, STM32MP255DAI3, STM32MP255DAJ3, STM32MP255DAK3, STM32MP255DAL3, STM32MP255FAI3, STM32MP255FAJ3, STM32MP255FAK3, STM32MP255FAL3, STM32MP257AAI3, STM32MP257AAJ3, STM32MP257AAK3, STM32MP257AAL3, STM32MP257CAI3, STM32MP257CAJ3, STM32MP257CAK3, STM32MP257CAL3, STM32MP257DAI3, STM32MP257DAJ3, STM32MP257DAK3, STM32MP257DAL3, STM32MP257F-DK, STM32MP257F-EV1, STM32MP257FAI3, STM32MP257FAJ3, STM32MP257FAK3, STM32MP257FAL3, STM32N645A0H3Q, STM32N645B0H3Q, STM32N645I0H3Q, STM32N645L0H3Q, STM32N645X0H3Q, STM32N645Z0H3Q, STM32N647A0H3Q, STM32N647B0H3Q, STM32N647I0H3Q, STM32N647L0H3Q, STM32N647X0H3Q, STM32N647Z0H3Q, STM32N655A0H3Q, STM32N655B0H3Q, STM32N655I0H3Q, STM32N655L0H3Q, STM32N655X0H3Q, STM32N655Z0H3Q, STM32N6570-DK, STM32N657A0H3Q, STM32N657B0H3Q, STM32N657I0H3Q, STM32N657L0H3Q, STM32N657X0H3Q, STM32N657Z0H3Q, STM32U031C6T6, STM32U031C6U6, STM32U031C8T6, STM32U031C8U6, STM32U031F4P6, STM32U031F6P6, STM32U031F8P6, STM32U031G6Y6TR, STM32U031G8Y6TR, STM32U031K4U6, STM32U031K6U6, STM32U031K8U6, STM32U031R6I6, STM32U031R6T6, STM32U031R8I6, STM32U031R8T6, STM32U073C8T6, STM32U073C8U6, STM32U073CBT6, STM32U073CBU6, STM32U073CCT6, STM32U073CCU6, STM32U073H8Y6TR, STM32U073HBY6TR, STM32U073HCY6TR, STM32U073K8U6, STM32U073KBU6, STM32U073KCU6, STM32U073M8I6, STM32U073M8T6, STM32U073MBI6, STM32U073MBT6, STM32U073MCI6, STM32U073MCT6, STM32U073R8I6, STM32U073R8T6, STM32U073RBI6, STM32U073RBT6, STM32U073RCI6, STM32U073RCT6, STM32U083C-DK, STM32U083CCT6, STM32U083CCU6, STM32U083HCY6TR, STM32U083KCU6, STM32U083MCI6, STM32U083MCT6, STM32U083RCI6, STM32U083RCT6, STM32U375CET6, STM32U375CET6Q, STM32U375CEU6, STM32U375CEU6Q, STM32U375CEY6QTR, STM32U375CGT6, STM32U375CGT6Q, STM32U375CGU6, STM32U375CGU6Q, STM32U375CGY6QTR, STM32U375KEU6, STM32U375KGU6, STM32U375REI6, STM32U375REI6Q, STM32U375RET6, STM32U375RET6Q, STM32U375REY6GTR, STM32U375REY6QTR, STM32U375RGI6, STM32U375RGI6Q, STM32U375RGT6, STM32U375RGT6Q, STM32U375RGY6GTR, STM32U375RGY6QTR, STM32U375VEI6, STM32U375VEI6Q, STM32U375VET6, STM32U375VET6Q, STM32U375VGI6, STM32U375VGI6Q, STM32U375VGT6, STM32U375VGT6Q, STM32U385CGT6, STM32U385CGT6Q, STM32U385CGU6, STM32U385CGU6Q, STM32U385CGY6QTR, STM32U385KGU6, STM32U385RGI6, STM32U385RGI6Q, STM32U385RGT6, STM32U385RGT6Q, STM32U385RGY6GTR, STM32U385RGY6QTR, STM32U385VGI6, STM32U385VGI6Q, STM32U385VGT6, STM32U385VGT6Q, STM32U535CBT6, STM32U535CBT6Q, STM32U535CBU6, STM32U535CBU6Q, STM32U535CCT6, STM32U535CCT6Q, STM32U535CCU6, STM32U535CCU6Q, STM32U535CET6, STM32U535CET6Q, STM32U535CEU6, STM32U535CEU6Q, STM32U535JEY6QTR, STM32U535NCY6QTR, STM32U535NEY6QTR, STM32U535RBI6, STM32U535RBI6Q, STM32U535RBT6, STM32U535RBT6Q, STM32U535RCI6, STM32U535RCI6Q, STM32U535RCT6, STM32U535RCT6Q, STM32U535REI6, STM32U535REI6Q, STM32U535RET6, STM32U535RET6Q, STM32U535VCI6, STM32U535VCI6Q, STM32U535VCT6, STM32U535VCT6Q, STM32U535VEI6, STM32U535VEI6Q, STM32U535VET6, STM32U535VET6Q, STM32U545CET6, STM32U545CET6Q, STM32U545CEU6, STM32U545CEU6Q, STM32U545JEY6QTR, STM32U545NEY6QTR, STM32U545REI6, STM32U545REI6Q, STM32U545RET6, STM32U545RET6Q, STM32U545VEI6, STM32U545VEI6Q, STM32U545VET6, STM32U545VET6Q, STM32U595AIH6, STM32U595AIH6Q, STM32U595AJH6, STM32U595AJH6Q, STM32U595QII6, STM32U595QII6Q, STM32U595QJI6, STM32U595QJI6Q, STM32U595RIT6, STM32U595RIT6Q, STM32U595RJT6, STM32U595RJT6Q, STM32U595VIT6, STM32U595VIT6Q, STM32U595VJT6, STM32U595VJT6Q, STM32U595ZIT6, STM32U595ZIT6Q, STM32U595ZIY6QTR, STM32U595ZJT6, STM32U595ZJT6Q, STM32U595ZJY6QTR, STM32U599BJY6QTR, STM32U599NIH6Q, STM32U599NJH6Q, STM32U599VIT6Q, STM32U599VJT6, STM32U599VJT6Q, STM32U599ZIT6Q, STM32U599ZIY6QTR, STM32U599ZJT6Q, STM32U599ZJY6QTR, STM32U5A5AJH6, STM32U5A5AJH6Q, STM32U5A5QII3Q , STM32U5A5QJI6, STM32U5A5QJI6Q, STM32U5A5RJT6, STM32U5A5RJT6Q, STM32U5A5VJT6, STM32U5A5VJT6Q, STM32U5A5ZJT6, STM32U5A5ZJT6Q, STM32U5A5ZJY6QTR, STM32U5A9BJY6QTR, STM32U5A9J-DK, STM32U5A9NJH6Q, STM32U5A9VJT6Q, STM32U5A9ZJT6Q, STM32U5A9ZJY6QTR, STM32U5F7VIT6, STM32U5F7VIT6Q, STM32U5F7VJT6, STM32U5F7VJT6Q, STM32U5F9BJY6QTR, STM32U5F9NJH6Q, STM32U5F9VIT6Q, STM32U5F9VJT6Q, STM32U5F9ZIJ6QTR, STM32U5F9ZIT6Q, STM32U5F9ZJJ6QTR, STM32U5F9ZJT6Q, STM32U5G7VJT6, STM32U5G7VJT6Q, STM32U5G9BJY6QTR, STM32U5G9J-DK1, STM32U5G9J-DK2, STM32U5G9NJH6Q, STM32U5G9VJT6Q, STM32U5G9ZJJ6QTR, STM32U5G9ZJT6Q, STM32WB05KZV6TR, STM32WB05KZV7TR, STM32WB05TZF6TR, STM32WB05TZF7TR, STM32WB06CCF6TR, STM32WB06CCF7TR, STM32WB06CCV6TR, STM32WB06CCV7TR, STM32WB06KCV6TR, STM32WB06KCV7TR, STM32WB07CCF6TR, STM32WB07CCF7TR, STM32WB07CCV6TR, STM32WB07CCV7TR, STM32WB07KCV6TR, STM32WB07KCV7TR, STM32WB09KEV6TR, STM32WB09KEV7TR, STM32WB09TEF6TR, STM32WB09TEF7TR, STM32WB1MMCH6, STM32WBA50KGU6, STM32WBA50KGU6TR, STM32WBA52CEU6, STM32WBA52CEU6TR, STM32WBA52CEU7, STM32WBA52CEU7TR, STM32WBA52CGU6, STM32WBA52CGU6TR, STM32WBA52CGU6U, STM32WBA52CGU7, STM32WBA52CGU7TR, STM32WBA52KEU6, STM32WBA52KEU6TR, STM32WBA52KGU6, STM32WBA52KGU6TR, STM32WBA54CEU6, STM32WBA54CEU6TR, STM32WBA54CEU7, STM32WBA54CEU7TR, STM32WBA54CGU6, STM32WBA54CGU6TR, STM32WBA54CGU7, STM32WBA54CGU7TR, STM32WBA54KEU6, STM32WBA54KEU6TR, STM32WBA54KEU7, STM32WBA54KEU7TR, STM32WBA54KGU6, STM32WBA54KGU6TR, STM32WBA54KGU7, STM32WBA54KGU7TR, STM32WBA55CEU6, STM32WBA55CEU6TR, STM32WBA55CEU7, STM32WBA55CEU7TR, STM32WBA55CGU6, STM32WBA55CGU6TR, STM32WBA55CGU6U, STM32WBA55CGU7, STM32WBA55CGU7TR, STM32WBA55G-DK1, STM32WBA55HEF6, STM32WBA55HEF7, STM32WBA55HGF6, STM32WBA55HGF7, STM32WBA55UEI6, STM32WBA55UEI6TR, STM32WBA55UEI7, STM32WBA55UEI7TR, STM32WBA55UGI6, STM32WBA55UGI6TR, STM32WBA55UGI7, STM32WBA55UGI7TR, STM32WBA5MJGH6TR, STM32WBA62CGU6, STM32WBA62CIU6, STM32WBA62MGF6, STM32WBA62MIF6, STM32WBA62PGI6, STM32WBA62PII6, STM32WBA63CGU6, STM32WBA63CGU7, STM32WBA63CIU6, STM32WBA63CIU7, STM32WBA64CGU6, STM32WBA64CGU7, STM32WBA64CIU6, STM32WBA64CIU7, STM32WBA65CGU6, STM32WBA65CGU7, STM32WBA65CIU6, STM32WBA65CIU7, STM32WBA65I-DK1, STM32WBA65MGF6, STM32WBA65MGF7, STM32WBA65MIF6, STM32WBA65MIF7, STM32WBA65PGI6, STM32WBA65PGI7, STM32WBA65PII6, STM32WBA65PII7, STM32WBA65RGV6, STM32WBA65RGV7, STM32WBA65RIV6, STM32WBA65RIV7, STM32WL30K8V6, STM32WL30KBV6, STM32WL31C8V6, STM32WL31CBV6, STM32WL31K8V6, STM32WL31KBV6, STM32WL33C8V6, STM32WL33C8V6TR, STM32WL33C8V7, STM32WL33C8V7TR, STM32WL33CBV6, STM32WL33CBV6TR, STM32WL33CBV7, STM32WL33CBV7TR, STM32WL33CCV6, STM32WL33CCV6TR, STM32WL33CCV7, STM32WL33CCV7A, STM32WL33CCV7ATR, STM32WL33CCV7TR, STM32WL33K8V6, STM32WL33K8V6TR, STM32WL33K8V7, STM32WL33K8V7TR, STM32WL33KBV6, STM32WL33KBV6TR, STM32WL33KBV7, STM32WL33KBV7TR, STM32WL33KCV6, STM32WL33KCV6TR, STM32WL33KCV7, STM32WL33KCV7TR, STM32WL5MOCH6, STM32WL5MOCH6TR]
2026-05-17 11:02:29,767 [INFO] DbMcus:218 - Found 5082 MCUs, 4964 are supported
2026-05-17 11:02:29,767 [INFO] ApiDb:423 - Load user favorites file C:\Users\moonc/.stm32cubeide/favorites.mcus.txt: 0 item(s)
2026-05-17 11:02:29,767 [INFO] ApiDb:427 - User favorites MCUs=[]
2026-05-17 11:02:29,767 [INFO] DbMcus:224 - Set 0 / 0 favorites MCUs
2026-05-17 11:02:30,188 [INFO] ApiDb:448 - Save user favorites file C:\Users\moonc/.stm32cubeide/favorites.boards.txt: 1 item(s)
2026-05-17 11:02:30,189 [INFO] ApiDb:452 - User favorites Boards=[NUCLEO-F446RE]
2026-05-17 11:02:30,190 [INFO] ApiDb:581 - Connected to CubeFinder SQLite database (C:\Users\moonc\.stmcufinder\plugins\mcufinder\mcu\cube-finder-db.db)
2026-05-17 11:02:30,264 [INFO] ApiDb:668 - CubeFinder database Data Model version=2.1
2026-05-17 11:02:30,264 [INFO] ApiDb:669 - CubeFinder database Configuration version=3.0.42
2026-05-17 11:02:30,264 [INFO] ApiDb:670 - CubeFinder database generation date=2026-05-06 (1778060171)
2026-05-17 11:02:30,265 [INFO] ApiDb:671 - CubeFinder database FW Pack versions=[FP-ATR-ASTRA1_V2.0.0, FP-SNS-FLIGHT1_V5.1.0, FP-SNS-MOTENV1_V5.1.0, FP-SNS-MOTENVWB1_V1.5.0, FP-SNS-SMARTAG2_V1.2.0, FP-SNS-STBOX1_V2.1.0, STM32Cube_FW_C0_V1.4.0, STM32Cube_FW_F4_V1.28.3, STM32Cube_FW_F7_V1.17.4, STM32Cube_FW_G0_V1.6.3, STM32Cube_FW_G4_V1.6.2, STM32Cube_FW_H5_V1.6.0, STM32Cube_FW_H7RS_V1.3.0, STM32Cube_FW_H7_V1.13.0, STM32Cube_FW_L0_V1.12.2, STM32Cube_FW_L4_V1.18.2, STM32Cube_FW_L5_V1.6.0, STM32Cube_FW_N6_V1.3.0, STM32Cube_FW_U0_V1.3.0, STM32Cube_FW_U3_V1.3.0, STM32Cube_FW_U5_V1.8.0, STM32Cube_FW_WB0_V1.4.0, STM32Cube_FW_WBA_V1.9.0, STM32Cube_FW_WB_V1.24.0, STM32Cube_FW_WL3_V1.4.0, STM32Cube_FW_WL_V1.5.0, X-CUBE-ALGOBUILD_V1.4.0, X-CUBE-ALS_V1.0.2, X-CUBE-AZRTOS-F4_V1.1.0, X-CUBE-AZRTOS-F7_V1.1.0, X-CUBE-AZRTOS-G0_V1.1.0, X-CUBE-AZRTOS-G4_V2.0.0, X-CUBE-AZRTOS-H7RS_V1.1.0, X-CUBE-AZRTOS-H7_V3.5.0, X-CUBE-AZRTOS-L4_V2.0.0, X-CUBE-AZRTOS-L5_V2.0.0, X-CUBE-AZRTOS-WB_V2.0.0, X-CUBE-AZRTOS-WL_V2.0.0, X-CUBE-BLE1_V7.1.0, X-CUBE-BLE2_V3.3.0, X-CUBE-BLEMGR_V4.1.0, X-CUBE-EEPRMA1_V5.2.0, X-CUBE-FREERTOS_V1.5.0, X-CUBE-GNSS1_V6.0.0, X-CUBE-MEMS1_V12.0.0, X-CUBE-NFC4_V3.0.0, X-CUBE-NFC7_V2.0.0, X-CUBE-SFXS2LP1_V4.0.0, X-CUBE-ST67W61_V1.2.0, X-CUBE-SUBG2_V5.0.0, X-CUBE-TOF1_V3.4.3]
2026-05-17 11:02:30,305 [INFO] DbBoardsSqlite:226 - include board P-NUCLEO-WB55-NUCLEO as a kit item of type 'Nucleo-64'
2026-05-17 11:02:30,305 [INFO] DbBoardsSqlite:226 - include board P-NUCLEO-WB55-USBDONGLE as a kit item of type 'Nucleo USB Dongle'
2026-05-17 11:02:30,305 [INFO] DbBoardsSqlite:226 - include board STEVAL-IDP005V1 as a kit item of type 'Evaluation Board'
2026-05-17 11:02:30,305 [INFO] DbBoardsSqlite:226 - include board STEVAL-IDP005V2 as a kit item of type 'Evaluation Board'
2026-05-17 11:02:30,368 [INFO] ApiDb:240 - Found 895 in-development CPN: [B-G473E-ZEST1S, B-WB1M-WPAN1, B-WBA5M-WPAN, B-WL5M-SUBG1, NUCLEO-C031C6, NUCLEO-C051C8, NUCLEO-C071RB, NUCLEO-C092RC, NUCLEO-H503RB, NUCLEO-H533RE, NUCLEO-H563ZI, NUCLEO-H7S3L8, NUCLEO-N657X0-Q, NUCLEO-U031R8, NUCLEO-U083RC, NUCLEO-U385RG-Q, NUCLEO-U545RE-Q, NUCLEO-U5A5ZJ-Q, NUCLEO-WB05KZ, NUCLEO-WB07CC, NUCLEO-WB09KE, NUCLEO-WBA52CG, NUCLEO-WBA55CG, NUCLEO-WBA65RI, NUCLEO-WL33CC1, NUCLEO-WL33CC2, STEVAL-PROTEUS1, STEVAL-SMARTAG2, STEVAL-STWINBX1, STM320518-EVAL, STM32C0116-DK, STM32C011D6Y3TR, STM32C011D6Y6TR, STM32C011F4P3, STM32C011F4P6, STM32C011F4U3, STM32C011F4U6TR, STM32C011F6P3, STM32C011F6P6, STM32C011F6U3, STM32C011F6U6TR, STM32C011J4M3, STM32C011J4M6, STM32C011J6M3, STM32C011J6M6, STM32C0316-DK, STM32C031C4T3, STM32C031C4T6, STM32C031C4U3, STM32C031C4U6, STM32C031C6T3, STM32C031C6T6, STM32C031C6U3, STM32C031C6U6, STM32C031F4P3, STM32C031F4P6, STM32C031F6P3, STM32C031F6P6, STM32C031G4U3, STM32C031G4U6, STM32C031G6U3, STM32C031G6U6, STM32C031K4T3, STM32C031K4T6, STM32C031K4U3, STM32C031K4U6, STM32C031K6T3, STM32C031K6T6, STM32C031K6U3, STM32C031K6U6, STM32C051C6T6, STM32C051C6U6, STM32C051C8T6, STM32C051C8U6, STM32C051D8Y6TR, STM32C051F6P6, STM32C051F8P6, STM32C051G6U6, STM32C051G8U6, STM32C051K6T6, STM32C051K6U6, STM32C051K8T6, STM32C071C8T6, STM32C071C8T6N, STM32C071C8U6, STM32C071C8U6N, STM32C071CBT6, STM32C071CBT6N, STM32C071CBU6, STM32C071CBU6N, STM32C071F8P6, STM32C071F8P6N, STM32C071FBP6, STM32C071FBP6N, STM32C071FBY6TR, STM32C071G8U6, STM32C071G8U6N, STM32C071GBU6, STM32C071GBU6N, STM32C071K8T6, STM32C071K8T6N, STM32C071K8U6, STM32C071K8U6N, STM32C071KBT6, STM32C071KBT6N, STM32C071KBU6, STM32C071KBU6N, STM32C071R8T6, STM32C071R8T6N, STM32C071RBI6N, STM32C071RBT6, STM32C071RBT6N, STM32C091CBT6, STM32C091CBU6, STM32C091CCT6, STM32C091CCU6, STM32C091ECY6TR, STM32C091FBP6, STM32C091FCP6, STM32C091GBU6, STM32C091GCU6, STM32C091KBT6, STM32C091KBU6, STM32C091KCT6, STM32C091KCU6, STM32C091RBT6, STM32C091RCI6, STM32C091RCT6, STM32C092CBT6, STM32C092CBU6, STM32C092CCT6, STM32C092CCU6, STM32C092ECY6TR, STM32C092FBP6, STM32C092FCP6, STM32C092GBU6, STM32C092GCU6, STM32C092KBT6, STM32C092KBU6, STM32C092KCT6, STM32C092KCU6, STM32C092RBT6, STM32C092RCI6, STM32C092RCT6, STM32G071K8TXN, STM32G071K8UXN, STM32G081GBU6N, STM32G081KBT6N, STM32G081KBUXN, STM32G0B1CCT6N, STM32G0B1KCT6, STM32G0B1NEY6TR, STM32G0B1RCT6N, STM32G0C1CCT6, STM32G0C1CCT6N, STM32G0C1CCU6N, STM32G0C1CET6N, STM32G0C1CEU6N, STM32G0C1KCT6, STM32G0C1NEY6TR, STM32G0C1RCI6N, STM32G0C1RCT6N, STM32G0C1REI6N, STM32G0C1RET6N, STM32G0C1VCI6, STM32G0C1VEI6, STM32G411C6T3, STM32G411C6T6, STM32G411C6U3, STM32G411C6U6, STM32G411C8T3, STM32G411C8T6, STM32G411C8U3, STM32G411C8U6, STM32G411CBT3, STM32G411CBT6, STM32G411CBU3, STM32G411CBU6, STM32G411CCT3, STM32G411CCT6, STM32G411CCU3, STM32G411CCU6, STM32G411K6T3, STM32G411K6T6, STM32G411K6U3, STM32G411K6U6, STM32G411K8T3, STM32G411K8T6, STM32G411K8U3, STM32G411K8U6, STM32G411KBT3, STM32G411KBT6, STM32G411KBU3, STM32G411KBU6, STM32G411M6T3, STM32G411M6T6, STM32G411M8T3, STM32G411M8T6, STM32G411MBT3, STM32G411MBT6, STM32G411MCT3, STM32G411MCT6, STM32G411R6T3, STM32G411R6T6, STM32G411R8T3, STM32G411R8T6, STM32G411RBT3, STM32G411RBT6, STM32G411RCT3, STM32G411RCT6, STM32G414CBT3, STM32G414CBT6, STM32G414CBU3, STM32G414CBU6, STM32G414CCT3, STM32G414CCT6, STM32G414CCU3, STM32G414CCU6, STM32G414MBT3, STM32G414MBT6, STM32G414MCT3, STM32G414MCT6, STM32G414RBT3, STM32G414RBT6, STM32G414RCT3, STM32G414RCT6, STM32G414VBT3, STM32G414VBT6, STM32G414VCT3, STM32G414VCT6, STM32G431CBT3Z, STM32G431RBT3Z, STM32G471CCT6, STM32G471CCU6, STM32G471CET3, STM32G471CET6, STM32G471CEU3, STM32G471CEU6, STM32G471MCT6, STM32G471MET3, STM32G471MET6, STM32G471MEY6TR, STM32G471QCT6, STM32G471QET3, STM32G471RCT6, STM32G471RET3, STM32G471RET6, STM32G471VCH6, STM32G471VCI6, STM32G471VCT6, STM32G471VEH3, STM32G471VEH6, STM32G471VEI3, STM32G471VEI6, STM32G471VET3, STM32G471VET6, STM32G473QET3Z, STM32G473RET3Z, STM32G474CCT6, STM32G491RET3Z, STM32H503CBT6, STM32H503CBU6, STM32H503EBY6TR, STM32H503KBU6, STM32H503RBT6, STM32H523CCT6, STM32H523CCU6, STM32H523CET6, STM32H523CEU6, STM32H523HEY6TR, STM32H523RCT6, STM32H523RET6, STM32H523VCI6, STM32H523VCT6, STM32H523VEI6, STM32H523VET6, STM32H523ZCJ6, STM32H523ZCT6, STM32H523ZEJ6, STM32H523ZET6, STM32H533CET6, STM32H533CEU6, STM32H533HEY6TR, STM32H533RET6, STM32H533VEI6, STM32H533VET6, STM32H533ZEJ6, STM32H533ZET6, STM32H562AGI6, STM32H562AII6, STM32H562IGK6, STM32H562IGT6, STM32H562IIK6, STM32H562IIT6, STM32H562RGT6, STM32H562RGV6, STM32H562RIT6, STM32H562RIV6, STM32H562VGT6, STM32H562VIT6, STM32H562ZGT6, STM32H562ZIT6, STM32H563AGI6, STM32H563AII3Q, STM32H563AII6, STM32H563IGK6, STM32H563IGT6, STM32H563IIK3Q, STM32H563IIK6, STM32H563IIT3Q, STM32H563IIT6, STM32H563MIY3QTR, STM32H563RGT6, STM32H563RGV6, STM32H563RIT6, STM32H563RIV6, STM32H563VGT6, STM32H563VIT3Q, STM32H563VIT6, STM32H563ZGT6, STM32H563ZIT3Q, STM32H563ZIT6, STM32H573AII3Q, STM32H573AII6, STM32H573I-DK, STM32H573IIK3Q, STM32H573IIK6, STM32H573IIT3Q, STM32H573IIT6, STM32H573MIY3QTR, STM32H573RIT6, STM32H573RIV6, STM32H573VIT3Q, STM32H573VIT6, STM32H573ZIT3Q, STM32H573ZIT6, STM32H7R3A8I6, STM32H7R3I8K6, STM32H7R3I8T6, STM32H7R3L8H6, STM32H7R3L8H6H, STM32H7R3R8V6, STM32H7R3V8H6, STM32H7R3V8T6, STM32H7R3V8Y6TR, STM32H7R3Z8J6, STM32H7R3Z8T6, STM32H7R7A8I6, STM32H7R7I8K6, STM32H7R7I8T6, STM32H7R7L8H6, STM32H7R7L8H6H, STM32H7R7Z8J6, STM32H7S3A8I6, STM32H7S3I8K6, STM32H7S3I8T6, STM32H7S3L8H6, STM32H7S3L8H6H, STM32H7S3R8V6, STM32H7S3V8H6, STM32H7S3V8T6, STM32H7S3V8Y6TR, STM32H7S3Z8J6, STM32H7S3Z8T6, STM32H7S78-DK, STM32H7S7A8I6, STM32H7S7I8K6, STM32H7S7I8T6, STM32H7S7L8H6, STM32H7S7L8H6H, STM32H7S7Z8J6, STM32L4R5QGI6STR, STM32MP131AAE3, STM32MP131AAF3, STM32MP131AAG3, STM32MP131CAE3, STM32MP131CAF3, STM32MP131CAG3, STM32MP131DAE7, STM32MP131DAF7, STM32MP131DAG7, STM32MP131FAE7, STM32MP131FAF7, STM32MP131FAG7, STM32MP133AAE3, STM32MP133AAF3, STM32MP133AAG3, STM32MP133CAE3, STM32MP133CAF3, STM32MP133CAG3, STM32MP133DAE7, STM32MP133DAF7, STM32MP133DAG7, STM32MP133FAE7, STM32MP133FAF7, STM32MP133FAG7, STM32MP135AAE3, STM32MP135AAF3, STM32MP135AAG3, STM32MP135CAE3, STM32MP135CAF3, STM32MP135CAG3, STM32MP135DAE7, STM32MP135DAF7, STM32MP135DAG7, STM32MP135F-DK, STM32MP135FAE7, STM32MP135FAF7, STM32MP135FAF7T, STM32MP135FAF7U, STM32MP135FAG7, STM32MP231AAJ3, STM32MP231AAK3, STM32MP231AAL3, STM32MP231CAJ3, STM32MP231CAK3, STM32MP231CAL3, STM32MP231DAJ3, STM32MP231DAK3, STM32MP231DAL3, STM32MP231FAJ3, STM32MP231FAK3, STM32MP231FAL3, STM32MP233AAJ3, STM32MP233AAK3, STM32MP233AAL3, STM32MP233CAJ3, STM32MP233CAK3, STM32MP233CAL3, STM32MP233DAJ3, STM32MP233DAK3, STM32MP233DAL3, STM32MP233FAJ3, STM32MP233FAK3, STM32MP233FAL3, STM32MP235AAJ3, STM32MP235AAK3, STM32MP235AAL3, STM32MP235CAJ3, STM32MP235CAK3, STM32MP235CAL3, STM32MP235DAJ3, STM32MP235DAK3, STM32MP235DAL3, STM32MP235FAJ3, STM32MP235FAK3, STM32MP235FAL3, STM32MP251AAI3, STM32MP251AAJ3, STM32MP251AAK3, STM32MP251AAL3, STM32MP251CAI3, STM32MP251CAJ3, STM32MP251CAK3, STM32MP251CAL3, STM32MP251DAI3, STM32MP251DAJ3, STM32MP251DAK3, STM32MP251DAL3, STM32MP251FAI3, STM32MP251FAJ3, STM32MP251FAK3, STM32MP251FAL3, STM32MP253AAI3, STM32MP253AAJ3, STM32MP253AAK3, STM32MP253AAL3, STM32MP253CAI3, STM32MP253CAJ3, STM32MP253CAK3, STM32MP253CAL3, STM32MP253DAI3, STM32MP253DAJ3, STM32MP253DAK3, STM32MP253DAL3, STM32MP253FAI3, STM32MP253FAJ3, STM32MP253FAK3, STM32MP253FAL3, STM32MP255AAI3, STM32MP255AAJ3, STM32MP255AAK3, STM32MP255AAL3, STM32MP255CAI3, STM32MP255CAJ3, STM32MP255CAK3, STM32MP255CAL3, STM32MP255DAI3, STM32MP255DAJ3, STM32MP255DAK3, STM32MP255DAL3, STM32MP255FAI3, STM32MP255FAJ3, STM32MP255FAK3, STM32MP255FAL3, STM32MP257AAI3, STM32MP257AAJ3, STM32MP257AAK3, STM32MP257AAL3, STM32MP257CAI3, STM32MP257CAJ3, STM32MP257CAK3, STM32MP257CAL3, STM32MP257DAI3, STM32MP257DAJ3, STM32MP257DAK3, STM32MP257DAL3, STM32MP257F-DK, STM32MP257F-EV1, STM32MP257FAI3, STM32MP257FAJ3, STM32MP257FAK3, STM32MP257FAL3, STM32N645A0H3Q, STM32N645B0H3Q, STM32N645I0H3Q, STM32N645L0H3Q, STM32N645X0H3Q, STM32N645Z0H3Q, STM32N647A0H3Q, STM32N647B0H3Q, STM32N647I0H3Q, STM32N647L0H3Q, STM32N647X0H3Q, STM32N647Z0H3Q, STM32N655A0H3Q, STM32N655B0H3Q, STM32N655I0H3Q, STM32N655L0H3Q, STM32N655X0H3Q, STM32N655Z0H3Q, STM32N6570-DK, STM32N657A0H3Q, STM32N657B0H3Q, STM32N657I0H3Q, STM32N657L0H3Q, STM32N657X0H3Q, STM32N657Z0H3Q, STM32U031C6T6, STM32U031C6U6, STM32U031C8T6, STM32U031C8U6, STM32U031F4P6, STM32U031F6P6, STM32U031F8P6, STM32U031G6Y6TR, STM32U031G8Y6TR, STM32U031K4U6, STM32U031K6U6, STM32U031K8U6, STM32U031R6I6, STM32U031R6T6, STM32U031R8I6, STM32U031R8T6, STM32U073C8T6, STM32U073C8U6, STM32U073CBT6, STM32U073CBU6, STM32U073CCT6, STM32U073CCU6, STM32U073H8Y6TR, STM32U073HBY6TR, STM32U073HCY6TR, STM32U073K8U6, STM32U073KBU6, STM32U073KCU6, STM32U073M8I6, STM32U073M8T6, STM32U073MBI6, STM32U073MBT6, STM32U073MCI6, STM32U073MCT6, STM32U073R8I6, STM32U073R8T6, STM32U073RBI6, STM32U073RBT6, STM32U073RCI6, STM32U073RCT6, STM32U083C-DK, STM32U083CCT6, STM32U083CCU6, STM32U083HCY6TR, STM32U083KCU6, STM32U083MCI6, STM32U083MCT6, STM32U083RCI6, STM32U083RCT6, STM32U375CET6, STM32U375CET6Q, STM32U375CEU6, STM32U375CEU6Q, STM32U375CEY6QTR, STM32U375CGT6, STM32U375CGT6Q, STM32U375CGU6, STM32U375CGU6Q, STM32U375CGY6QTR, STM32U375KEU6, STM32U375KGU6, STM32U375REI6, STM32U375REI6Q, STM32U375RET6, STM32U375RET6Q, STM32U375REY6GTR, STM32U375REY6QTR, STM32U375RGI6, STM32U375RGI6Q, STM32U375RGT6, STM32U375RGT6Q, STM32U375RGY6GTR, STM32U375RGY6QTR, STM32U375VEI6, STM32U375VEI6Q, STM32U375VET6, STM32U375VET6Q, STM32U375VGI6, STM32U375VGI6Q, STM32U375VGT6, STM32U375VGT6Q, STM32U385CGT6, STM32U385CGT6Q, STM32U385CGU6, STM32U385CGU6Q, STM32U385CGY6QTR, STM32U385KGU6, STM32U385RGI6, STM32U385RGI6Q, STM32U385RGT6, STM32U385RGT6Q, STM32U385RGY6GTR, STM32U385RGY6QTR, STM32U385VGI6, STM32U385VGI6Q, STM32U385VGT6, STM32U385VGT6Q, STM32U535CBT6, STM32U535CBT6Q, STM32U535CBU6, STM32U535CBU6Q, STM32U535CCT6, STM32U535CCT6Q, STM32U535CCU6, STM32U535CCU6Q, STM32U535CET6, STM32U535CET6Q, STM32U535CEU6, STM32U535CEU6Q, STM32U535JEY6QTR, STM32U535NCY6QTR, STM32U535NEY6QTR, STM32U535RBI6, STM32U535RBI6Q, STM32U535RBT6, STM32U535RBT6Q, STM32U535RCI6, STM32U535RCI6Q, STM32U535RCT6, STM32U535RCT6Q, STM32U535REI6, STM32U535REI6Q, STM32U535RET6, STM32U535RET6Q, STM32U535VCI6, STM32U535VCI6Q, STM32U535VCT6, STM32U535VCT6Q, STM32U535VEI6, STM32U535VEI6Q, STM32U535VET6, STM32U535VET6Q, STM32U545CET6, STM32U545CET6Q, STM32U545CEU6, STM32U545CEU6Q, STM32U545JEY6QTR, STM32U545NEY6QTR, STM32U545REI6, STM32U545REI6Q, STM32U545RET6, STM32U545RET6Q, STM32U545VEI6, STM32U545VEI6Q, STM32U545VET6, STM32U545VET6Q, STM32U595AIH6, STM32U595AIH6Q, STM32U595AJH6, STM32U595AJH6Q, STM32U595QII6, STM32U595QII6Q, STM32U595QJI6, STM32U595QJI6Q, STM32U595RIT6, STM32U595RIT6Q, STM32U595RJT6, STM32U595RJT6Q, STM32U595VIT6, STM32U595VIT6Q, STM32U595VJT6, STM32U595VJT6Q, STM32U595ZIT6, STM32U595ZIT6Q, STM32U595ZIY6QTR, STM32U595ZJT6, STM32U595ZJT6Q, STM32U595ZJY6QTR, STM32U599BJY6QTR, STM32U599NIH6Q, STM32U599NJH6Q, STM32U599VIT6Q, STM32U599VJT6, STM32U599VJT6Q, STM32U599ZIT6Q, STM32U599ZIY6QTR, STM32U599ZJT6Q, STM32U599ZJY6QTR, STM32U5A5AJH6, STM32U5A5AJH6Q, STM32U5A5QII3Q , STM32U5A5QJI6, STM32U5A5QJI6Q, STM32U5A5RJT6, STM32U5A5RJT6Q, STM32U5A5VJT6, STM32U5A5VJT6Q, STM32U5A5ZJT6, STM32U5A5ZJT6Q, STM32U5A5ZJY6QTR, STM32U5A9BJY6QTR, STM32U5A9J-DK, STM32U5A9NJH6Q, STM32U5A9VJT6Q, STM32U5A9ZJT6Q, STM32U5A9ZJY6QTR, STM32U5F7VIT6, STM32U5F7VIT6Q, STM32U5F7VJT6, STM32U5F7VJT6Q, STM32U5F9BJY6QTR, STM32U5F9NJH6Q, STM32U5F9VIT6Q, STM32U5F9VJT6Q, STM32U5F9ZIJ6QTR, STM32U5F9ZIT6Q, STM32U5F9ZJJ6QTR, STM32U5F9ZJT6Q, STM32U5G7VJT6, STM32U5G7VJT6Q, STM32U5G9BJY6QTR, STM32U5G9J-DK1, STM32U5G9J-DK2, STM32U5G9NJH6Q, STM32U5G9VJT6Q, STM32U5G9ZJJ6QTR, STM32U5G9ZJT6Q, STM32WB05KZV6TR, STM32WB05KZV7TR, STM32WB05TZF6TR, STM32WB05TZF7TR, STM32WB06CCF6TR, STM32WB06CCF7TR, STM32WB06CCV6TR, STM32WB06CCV7TR, STM32WB06KCV6TR, STM32WB06KCV7TR, STM32WB07CCF6TR, STM32WB07CCF7TR, STM32WB07CCV6TR, STM32WB07CCV7TR, STM32WB07KCV6TR, STM32WB07KCV7TR, STM32WB09KEV6TR, STM32WB09KEV7TR, STM32WB09TEF6TR, STM32WB09TEF7TR, STM32WB1MMCH6, STM32WBA50KGU6, STM32WBA50KGU6TR, STM32WBA52CEU6, STM32WBA52CEU6TR, STM32WBA52CEU7, STM32WBA52CEU7TR, STM32WBA52CGU6, STM32WBA52CGU6TR, STM32WBA52CGU6U, STM32WBA52CGU7, STM32WBA52CGU7TR, STM32WBA52KEU6, STM32WBA52KEU6TR, STM32WBA52KGU6, STM32WBA52KGU6TR, STM32WBA54CEU6, STM32WBA54CEU6TR, STM32WBA54CEU7, STM32WBA54CEU7TR, STM32WBA54CGU6, STM32WBA54CGU6TR, STM32WBA54CGU7, STM32WBA54CGU7TR, STM32WBA54KEU6, STM32WBA54KEU6TR, STM32WBA54KEU7, STM32WBA54KEU7TR, STM32WBA54KGU6, STM32WBA54KGU6TR, STM32WBA54KGU7, STM32WBA54KGU7TR, STM32WBA55CEU6, STM32WBA55CEU6TR, STM32WBA55CEU7, STM32WBA55CEU7TR, STM32WBA55CGU6, STM32WBA55CGU6TR, STM32WBA55CGU6U, STM32WBA55CGU7, STM32WBA55CGU7TR, STM32WBA55G-DK1, STM32WBA55HEF6, STM32WBA55HEF7, STM32WBA55HGF6, STM32WBA55HGF7, STM32WBA55UEI6, STM32WBA55UEI6TR, STM32WBA55UEI7, STM32WBA55UEI7TR, STM32WBA55UGI6, STM32WBA55UGI6TR, STM32WBA55UGI7, STM32WBA55UGI7TR, STM32WBA5MJGH6TR, STM32WBA62CGU6, STM32WBA62CIU6, STM32WBA62MGF6, STM32WBA62MIF6, STM32WBA62PGI6, STM32WBA62PII6, STM32WBA63CGU6, STM32WBA63CGU7, STM32WBA63CIU6, STM32WBA63CIU7, STM32WBA64CGU6, STM32WBA64CGU7, STM32WBA64CIU6, STM32WBA64CIU7, STM32WBA65CGU6, STM32WBA65CGU7, STM32WBA65CIU6, STM32WBA65CIU7, STM32WBA65I-DK1, STM32WBA65MGF6, STM32WBA65MGF7, STM32WBA65MIF6, STM32WBA65MIF7, STM32WBA65PGI6, STM32WBA65PGI7, STM32WBA65PII6, STM32WBA65PII7, STM32WBA65RGV6, STM32WBA65RGV7, STM32WBA65RIV6, STM32WBA65RIV7, STM32WL30K8V6, STM32WL30KBV6, STM32WL31C8V6, STM32WL31CBV6, STM32WL31K8V6, STM32WL31KBV6, STM32WL33C8V6, STM32WL33C8V6TR, STM32WL33C8V7, STM32WL33C8V7TR, STM32WL33CBV6, STM32WL33CBV6TR, STM32WL33CBV7, STM32WL33CBV7TR, STM32WL33CCV6, STM32WL33CCV6TR, STM32WL33CCV7, STM32WL33CCV7A, STM32WL33CCV7ATR, STM32WL33CCV7TR, STM32WL33K8V6, STM32WL33K8V6TR, STM32WL33K8V7, STM32WL33K8V7TR, STM32WL33KBV6, STM32WL33KBV6TR, STM32WL33KBV7, STM32WL33KBV7TR, STM32WL33KCV6, STM32WL33KCV6TR, STM32WL33KCV7, STM32WL33KCV7TR, STM32WL5MOCH6, STM32WL5MOCH6TR]
2026-05-17 11:02:30,411 [INFO] BoardInfo:889 - No configuration file found for board NUCLEO-H5E5ZJ
2026-05-17 11:02:30,411 [INFO] DbBoards:161 - Board is not supported: NUCLEO-H5E5ZJ
2026-05-17 11:02:30,435 [INFO] BoardInfo:889 - No configuration file found for board NUCLEO-U3C5ZI-Q
2026-05-17 11:02:30,436 [INFO] DbBoards:161 - Board is not supported: NUCLEO-U3C5ZI-Q
2026-05-17 11:02:30,442 [INFO] BoardInfo:889 - No configuration file found for board NUCLEO-WBA25CE1
2026-05-17 11:02:30,442 [INFO] DbBoards:161 - Board is not supported: NUCLEO-WBA25CE1
2026-05-17 11:02:30,446 [INFO] BoardInfo:889 - No configuration file found for board NUCLEO-WL3RKB1
2026-05-17 11:02:30,447 [INFO] DbBoards:161 - Board is not supported: NUCLEO-WL3RKB1
2026-05-17 11:02:30,447 [INFO] BoardInfo:889 - No configuration file found for board NUCLEO-WL3RKB2
2026-05-17 11:02:30,448 [INFO] DbBoards:161 - Board is not supported: NUCLEO-WL3RKB2
2026-05-17 11:02:30,451 [INFO] BoardInfo:889 - No configuration file found for board P-NUCLEO-WB55
2026-05-17 11:02:30,451 [INFO] DbBoards:161 - Kit is not supported: P-NUCLEO-WB55
2026-05-17 11:02:30,454 [INFO] BoardInfo:889 - No configuration file found for board STEVAL-BFA001V1B
2026-05-17 11:02:30,454 [INFO] DbBoards:161 - Kit is not supported: STEVAL-BFA001V1B
2026-05-17 11:02:30,455 [INFO] BoardInfo:889 - No configuration file found for board STEVAL-BFA001V2B
2026-05-17 11:02:30,455 [INFO] DbBoards:161 - Kit is not supported: STEVAL-BFA001V2B
2026-05-17 11:02:30,502 [INFO] BoardInfo:889 - No configuration file found for board STM32H5F5J-DK
2026-05-17 11:02:30,503 [INFO] DbBoards:161 - Board is not supported: STM32H5F5J-DK
2026-05-17 11:02:30,529 [INFO] BoardInfo:889 - No configuration file found for board STM32MP215F-DK
2026-05-17 11:02:30,529 [INFO] DbBoards:161 - Board is not supported: STM32MP215F-DK
2026-05-17 11:02:30,538 [INFO] DbBoards:168 - Found 218 boards, 208 are supported
2026-05-17 11:02:30,538 [INFO] DbBoards:169 - Found 218 boards, 43 of them is supported for  Bsp
2026-05-17 11:02:30,542 [INFO] ApiDb:423 - Load user favorites file C:\Users\moonc/.stm32cubeide/favorites.boards.txt: 1 item(s)
2026-05-17 11:02:30,543 [INFO] ApiDb:427 - User favorites Boards=[NUCLEO-F446RE]
2026-05-17 11:02:30,543 [INFO] DbBoards:198 - Set 1 / 1 favorites Boards
2026-05-17 11:02:30,565 [ERROR] TargetSelectorAdapter:267 - Unable to refresh data
2026-05-17 11:02:30,627 [INFO] McuFinderGlobals:76 - Set McuFinderConnectedMode to true
2026-05-17 11:02:30,628 [INFO] MultiScanPanel:200 - Auto-refresh data requested => check proxy status ongoing
2026-05-17 11:02:30,628 [INFO] FinderPluginLoader:95 - Searching for filters in installed packs
2026-05-17 11:02:32,341 [INFO] LoadUrlFilesThread:185 - End of LoadServerUrlFiles without Thread
2026-05-17 11:02:32,342 [INFO] DetailPanel:341 - Set advertising image to C:/Users/moonc/STM32Cube/Repository/\en.prom-stm32wba2-stm32-nucleo-board-0426.png
2026-05-17 11:02:43,431 [INFO] MultiScanPanel:200 - Auto-refresh data requested => check proxy status ongoing
2026-05-17 11:02:43,489 [INFO] LoadUrlFilesThread:185 - End of LoadServerUrlFiles without Thread
2026-05-17 11:02:43,490 [INFO] DetailPanel:341 - Set advertising image to C:/Users/moonc/STM32Cube/Repository/\en.prom-stm32wba2-stm32-nucleo-board-0426.png
2026-05-17 11:02:43,496 [INFO] DbBoards:642 - Loading board mini-images...
2026-05-17 11:02:45,088 [INFO] DbBoards:665 - Loaded 218 board mini-images
2026-05-17 11:03:09,687 [INFO] MainUpdater:2872 - connection check result : 10
2026-05-17 11:03:09,688 [INFO] MainUpdater:2872 - connection check result : 10
2026-05-17 11:03:09,759 [INFO] MicroXplorer:468 - Change Database Path : 
2026-05-17 11:03:09,759 [INFO] MicroXplorer:498 - Change Database Version : DB.6.0.141
2026-05-17 11:03:09,793 [ERROR] ProjectManagerView:395 - 
java.lang.NullPointerException: Cannot invoke "javax.swing.JTextField.getText()" because the return value of "java.util.List.get(int)" is null
	at com.st.microxplorer.plugins.projectmanager.gui.ProjectChoiceTab$9.caretUpdate(ProjectChoiceTab.java:2678) ~[filemanager.jar:?]
	at javax.swing.text.JTextComponent.fireCaretUpdate(JTextComponent.java:408) ~[?:?]
	at javax.swing.text.JTextComponent$MutableCaretEvent.fire(JTextComponent.java:4484) ~[?:?]
	at javax.swing.text.JTextComponent$MutableCaretEvent.stateChanged(JTextComponent.java:4506) ~[?:?]
	at javax.swing.text.DefaultCaret.fireStateChanged(DefaultCaret.java:857) ~[?:?]
	at javax.swing.text.DefaultCaret.changeCaretPosition(DefaultCaret.java:1343) ~[?:?]
	at javax.swing.text.DefaultCaret.handleSetDot(DefaultCaret.java:1242) ~[?:?]
	at javax.swing.text.DefaultCaret.setDot(DefaultCaret.java:1223) ~[?:?]
	at javax.swing.text.DefaultCaret$Handler.insertUpdate(DefaultCaret.java:1819) ~[?:?]
	at javax.swing.text.AbstractDocument.fireInsertUpdate(AbstractDocument.java:227) ~[?:?]
	at javax.swing.text.AbstractDocument.handleInsertString(AbstractDocument.java:781) ~[?:?]
	at javax.swing.text.AbstractDocument.insertString(AbstractDocument.java:740) ~[?:?]
	at javax.swing.text.PlainDocument.insertString(PlainDocument.java:131) ~[?:?]
	at javax.swing.text.AbstractDocument.replace(AbstractDocument.java:699) ~[?:?]
	at javax.swing.text.JTextComponent.setText(JTextComponent.java:1725) ~[?:?]
	at com.st.microxplorer.plugins.projectmanager.gui.ProjectChoiceTab.createHeapStackFields(ProjectChoiceTab.java:979) ~[filemanager.jar:?]
	at com.st.microxplorer.plugins.projectmanager.gui.ProjectChoiceTab.buildLinkSettingsPanel(ProjectChoiceTab.java:3766) ~[filemanager.jar:?]
	at com.st.microxplorer.plugins.projectmanager.gui.ProjectChoiceTab.defineWindowsFields(ProjectChoiceTab.java:1962) ~[filemanager.jar:?]
	at com.st.microxplorer.plugins.projectmanager.gui.ProjectChoiceTab.updateSettings(ProjectChoiceTab.java:555) ~[filemanager.jar:?]
	at com.st.microxplorer.plugins.projectmanager.gui.ProjectSettingsPanel.UpdateDialog(ProjectSettingsPanel.java:245) ~[filemanager.jar:?]
	at com.st.microxplorer.plugins.projectmanager.ProjectManagerView.propertyChange(ProjectManagerView.java:392) ~[filemanager.jar:?]
	at java.beans.PropertyChangeSupport.fire(PropertyChangeSupport.java:343) ~[?:?]
	at java.beans.PropertyChangeSupport.firePropertyChange(PropertyChangeSupport.java:335) ~[?:?]
	at java.beans.PropertyChangeSupport.firePropertyChange(PropertyChangeSupport.java:268) ~[?:?]
	at com.st.microxplorer.util.MXPropertyChangeSupport.firePropertyChange(MXPropertyChangeSupport.java:54) ~[STM32CubeMX.jar:?]
	at com.st.microxplorer.mxsystem.MxSystem.closeConfig(MxSystem.java:899) ~[STM32CubeMX.jar:?]
	at com.st.microxplorer.maingui.MainPanel.closeConfig(MainPanel.java:789) ~[STM32CubeMX.jar:?]
	at com.st.microxplorer.plugins.filemanager.engine.OpenFileManager.loadConfigurationFile(OpenFileManager.java:287) ~[filemanager.jar:?]
	at com.st.microxplorer.plugins.filemanager.engine.MainFileManager.userLoadConfig(MainFileManager.java:341) ~[filemanager.jar:?]
	at com.st.microxplorer.plugins.filemanager.FileManagerView.getSpecificTask(FileManagerView.java:250) ~[filemanager.jar:?]
	at com.st.stm32cube.common.mx.editor.CubeMxEditor.getMxTabbedPaneInstance(CubeMxEditor.java:1191) ~[com.st.stm32cube.common.mx_6.14.1.202504091515/:?]
	at com.st.stm32cube.common.mx.editor.CubeMxEditor$12$1.createSwingComponent(CubeMxEditor.java:1068) ~[com.st.stm32cube.common.mx_6.14.1.202504091515/:?]
	at com.st.stm32cube.common.mx.oss.core.awtswtbridge.EmbeddedSwingComposite.doComponentCreation(EmbeddedSwingComposite.java:492) ~[com.st.stm32cube.common.mx.oss_6.14.1.202504091515/:?]
	at com.st.stm32cube.common.mx.oss.core.awtswtbridge.EmbeddedSwingComposite$4.run(EmbeddedSwingComposite.java:291) ~[com.st.stm32cube.common.mx.oss_6.14.1.202504091515/:?]
	at com.st.stm32cube.common.mx.oss.core.awtswtbridge.AwtEnvironment$2.run(AwtEnvironment.java:166) ~[com.st.stm32cube.common.mx.oss_6.14.1.202504091515/:?]
	at java.awt.event.InvocationEvent.dispatch(InvocationEvent.java:318) ~[?:?]
	at java.awt.EventQueue.dispatchEventImpl(EventQueue.java:773) ~[?:?]
	at java.awt.EventQueue$4.run(EventQueue.java:720) ~[?:?]
	at java.awt.EventQueue$4.run(EventQueue.java:714) ~[?:?]
	at java.security.AccessController.doPrivileged(AccessController.java:400) ~[?:?]
	at java.security.ProtectionDomain$JavaSecurityAccessImpl.doIntersectionPrivilege(ProtectionDomain.java:87) ~[?:?]
	at java.awt.EventQueue.dispatchEvent(EventQueue.java:742) ~[?:?]
	at java.awt.EventDispatchThread.pumpOneEventForFilters(EventDispatchThread.java:203) ~[?:?]
	at java.awt.EventDispatchThread.pumpEventsForFilter(EventDispatchThread.java:124) ~[?:?]
	at java.awt.EventDispatchThread.pumpEventsForHierarchy(EventDispatchThread.java:113) ~[?:?]
	at java.awt.EventDispatchThread.pumpEvents(EventDispatchThread.java:109) ~[?:?]
	at java.awt.EventDispatchThread.pumpEvents(EventDispatchThread.java:101) ~[?:?]
	at java.awt.EventDispatchThread.run(EventDispatchThread.java:90) ~[?:?]
2026-05-17 11:03:09,795 [WARN] ThirdParty:871 - waiting for thirdparty lock release [close project]
2026-05-17 11:03:09,795 [INFO] ThirdParty:873 - entering critical section [close project]
2026-05-17 11:03:09,796 [INFO] ThirdParty:883 - exiting critical section [close project]
2026-05-17 11:03:09,798 [INFO] PinOutPanel:1589 - setPackage(No Configuration,No Configuration)
2026-05-17 11:03:09,812 [WARN] IpParametersView:155 - Warning: This peripheral hasn't parameters
2026-05-17 11:03:09,821 [WARN] MainPanel:289 - <html><b><center>Warning: This peripheral has no parameters to be configured<br></b></html>
2026-05-17 11:03:09,826 [INFO] UtilMem:75 - Begin LoadConfig() Used Memory: 1053640920 Bytes (1073741824)
2026-05-17 11:03:09,827 [INFO] OpenFileManager:354 - Change cursor
2026-05-17 11:03:09,861 [INFO] RulesReader:64 - Compatibility file has been processed (302 Rules)
2026-05-17 11:03:09,870 [INFO] ProjectFactory:442 - No CPN specified for board NUCLEO-F446RE => set CPN to STM32F446RET6
2026-05-17 11:03:09,870 [INFO] Mcu:2011 - Initializing MCU STM32F446R(C-E)Tx STM32F446RETx STM32F446RET6
2026-05-17 11:03:11,231 [INFO] Context:756 - Trying to add GPIOservice into a context  which must be forbidden
2026-05-17 11:03:11,642 [INFO] Rule:225 - rule 117617 - U5Cobra4M][GTZC] default value MPCBB3 and MPCBB5 - Not Secured memory - MPCBB1 is applicable
2026-05-17 11:03:11,643 [INFO] Rule:225 - rule 117617 - U5Cobra4M][GTZC] default value MPCBB3 and MPCBB5 - Not Secured memory - MPCBB1 is applicable
2026-05-17 11:03:11,643 [INFO] Rule:225 - rule 117617 - U5Cobra4M][GTZC] default value MPCBB3 and MPCBB5 - Not Secured memory - MPCBB2 is applicable
2026-05-17 11:03:11,643 [INFO] Rule:225 - rule 117617 - U5Cobra4M][GTZC] default value MPCBB3 and MPCBB5 - Not Secured memory - MPCBB2 is applicable
2026-05-17 11:03:11,643 [INFO] Rule:225 - rule 117617 - U5Cobra4M][GTZC] default value MPCBB3 and MPCBB5 - Not Secured memory - MPCBB3 is applicable
2026-05-17 11:03:11,643 [INFO] Rule:225 - rule 117617 - U5Cobra4M][GTZC] default value MPCBB3 and MPCBB5 - Not Secured memory - MPCBB3 is applicable
2026-05-17 11:03:11,643 [INFO] Rule:225 - rule 117617 - U5Cobra4M][GTZC] default value MPCBB3 and MPCBB5 - Not Secured memory - MPCBB4 is applicable
2026-05-17 11:03:11,643 [INFO] Rule:225 - rule 117617 - U5Cobra4M][GTZC] default value MPCBB3 and MPCBB5 - Not Secured memory - MPCBB4 is applicable
2026-05-17 11:03:11,643 [INFO] Rule:225 - rule 117617 - U5Cobra4M][GTZC] default value MPCBB3 and MPCBB5 - Secured memory - MPCBB1 is applicable
2026-05-17 11:03:11,643 [INFO] Rule:225 - rule 117617 - U5Cobra4M][GTZC] default value MPCBB3 and MPCBB5 - Secured memory - MPCBB2 is applicable
2026-05-17 11:03:11,643 [INFO] Rule:225 - rule 117617 - U5Cobra4M][GTZC] default value MPCBB3 and MPCBB5 - Secured memory - MPCBB3 is applicable
2026-05-17 11:03:11,643 [INFO] Rule:225 - rule 117617 - U5Cobra4M][GTZC] default value MPCBB3 and MPCBB5 - Secured memory - MPCBB4 is applicable
2026-05-17 11:03:11,643 [INFO] Rule:225 - rule 117617 - U5Cobra4M][GTZC] default value MPCBB3 and MPCBB5 - Privileged memory - MPCBB1 is applicable
2026-05-17 11:03:11,643 [INFO] Rule:225 - rule 117617 - U5Cobra4M][GTZC] default value MPCBB3 and MPCBB5 - Privileged memory - MPCBB2 is applicable
2026-05-17 11:03:11,643 [INFO] Rule:225 - rule 117617 - U5Cobra4M][GTZC] default value MPCBB3 and MPCBB5 - Privileged memory - MPCBB3 is applicable
2026-05-17 11:03:11,643 [INFO] Rule:225 - rule 117617 - U5Cobra4M][GTZC] default value MPCBB3 and MPCBB5 - Privileged memory - MPCBB4 is applicable
2026-05-17 11:03:11,644 [INFO] Rule:225 - rule 117617 - U5Cobra4M][GTZC] default value MPCBB3 and MPCBB5 - Not Privileged memory - MPCBB1 is applicable
2026-05-17 11:03:11,644 [INFO] Rule:225 - rule 117617 - U5Cobra4M][GTZC] default value MPCBB3 and MPCBB5 - Not Privileged memory - MPCBB2 is applicable
2026-05-17 11:03:11,644 [INFO] Rule:225 - rule 117617 - U5Cobra4M][GTZC] default value MPCBB3 and MPCBB5 - Not Privileged memory - MPCBB3 is applicable
2026-05-17 11:03:11,644 [INFO] Rule:225 - rule 117617 - U5Cobra4M][GTZC] default value MPCBB3 and MPCBB5 - Not Privileged memory - MPCBB4 is applicable
2026-05-17 11:03:11,644 [INFO] Rule:225 - rule 117617 - U5Cobra4M][GTZC] default value MPCBB3 and MPCBB5 - Privileged memory - MPCBB1 is applicable
2026-05-17 11:03:11,644 [INFO] Rule:225 - rule 117617 - U5Cobra4M][GTZC] default value MPCBB3 and MPCBB5 - Privileged memory - MPCBB2 is applicable
2026-05-17 11:03:11,644 [INFO] Rule:225 - rule 117617 - U5Cobra4M][GTZC] default value MPCBB3 and MPCBB5 - Privileged memory - MPCBB3 is applicable
2026-05-17 11:03:11,644 [INFO] Rule:225 - rule 117617 - U5Cobra4M][GTZC] default value MPCBB3 and MPCBB5 - Privileged memory - MPCBB4 is applicable
2026-05-17 11:03:11,644 [INFO] Rule:225 - rule 117617 - U5Cobra4M][GTZC] default value MPCBB3 and MPCBB5 - Privileged memory - MPCBB1 is applicable
2026-05-17 11:03:11,644 [INFO] Rule:225 - rule 117617 - U5Cobra4M][GTZC] default value MPCBB3 and MPCBB5 - Privileged memory - MPCBB2 is applicable
2026-05-17 11:03:11,644 [INFO] Rule:225 - rule 117617 - U5Cobra4M][GTZC] default value MPCBB3 and MPCBB5 - Privileged memory - MPCBB3 is applicable
2026-05-17 11:03:11,644 [INFO] Rule:225 - rule 117617 - U5Cobra4M][GTZC] default value MPCBB3 and MPCBB5 - Privileged memory - MPCBB4 is applicable
2026-05-17 11:03:11,644 [INFO] Rule:225 - rule 117617 - U5Cobra4M][GTZC] default value MPCBB3 and MPCBB5 - Not Privileged memory - MPCBB1 is applicable
2026-05-17 11:03:11,644 [INFO] Rule:225 - rule 117617 - U5Cobra4M][GTZC] default value MPCBB3 and MPCBB5 - Not Privileged memory - MPCBB2 is applicable
2026-05-17 11:03:11,644 [INFO] Rule:225 - rule 117617 - U5Cobra4M][GTZC] default value MPCBB3 and MPCBB5 - Not Privileged memory - MPCBB3 is applicable
2026-05-17 11:03:11,644 [INFO] Rule:225 - rule 117617 - U5Cobra4M][GTZC] default value MPCBB3 and MPCBB5 - Not Privileged memory - MPCBB4 is applicable
2026-05-17 11:03:11,644 [INFO] Rule:225 - rule 117617 - U5Cobra4M][GTZC] default value MPCBB3 and MPCBB5 - Privileged memory - MPCBB1 is applicable
2026-05-17 11:03:11,644 [INFO] Rule:225 - rule 117617 - U5Cobra4M][GTZC] default value MPCBB3 and MPCBB5 - Privileged memory - MPCBB2 is applicable
2026-05-17 11:03:11,644 [INFO] Rule:225 - rule 117617 - U5Cobra4M][GTZC] default value MPCBB3 and MPCBB5 - Privileged memory - MPCBB3 is applicable
2026-05-17 11:03:11,644 [INFO] Rule:225 - rule 117617 - U5Cobra4M][GTZC] default value MPCBB3 and MPCBB5 - Privileged memory - MPCBB4 is applicable
2026-05-17 11:03:11,644 [INFO] Rule:225 - rule Rename SubGHz_Phy SUBGHZ_APPLICATION SUBGHZ_PINGPONG to SUBGHZ_ADV_APPLICATION is applicable
2026-05-17 11:03:11,644 [INFO] Rule:225 - rule Rename Enabled to IBEACON is applicable
2026-05-17 11:03:11,644 [INFO] Rule:225 - rule GTZC_S instance for project manager is applicable
2026-05-17 11:03:11,644 [INFO] Rule:225 - rule GTZC_S instance for context M33S is applicable
2026-05-17 11:03:11,644 [INFO] Rule:225 - rule GTZC_S instance value for IP GTZC is applicable
2026-05-17 11:03:11,644 [INFO] Rule:225 - rule GTZC_S instance for mcu.IP is applicable
2026-05-17 11:03:11,645 [INFO] Rule:225 - rule GTZC_S instance for VP is applicable
2026-05-17 11:03:11,645 [INFO] Rule:225 - rule GTZC_S instance for signal is applicable
2026-05-17 11:03:11,645 [INFO] Rule:225 - rule GTZC_S instance for mcu.Pin is applicable
2026-05-17 11:03:11,645 [INFO] Rule:225 - rule GTZC_S instance for VP is applicable
2026-05-17 11:03:11,645 [INFO] Rule:225 - rule GTZC_S instance for signal is applicable
2026-05-17 11:03:11,645 [INFO] Rule:225 - rule GTZC_S instance for mcu is applicable
2026-05-17 11:03:11,645 [INFO] Rule:225 - rule GTZC_S instance for mcu.Pin is applicable
2026-05-17 11:03:11,645 [INFO] Rule:225 - rule GTZC_S instance value for IP GTZC is applicable
2026-05-17 11:03:11,645 [INFO] Rule:225 - rule GTZC_S instance for project manager is applicable
2026-05-17 11:03:11,645 [INFO] Rule:225 - rule GTZC_S instance for context M33S is applicable
2026-05-17 11:03:11,645 [INFO] Rule:225 - rule GTZC_S instance for VP is applicable
2026-05-17 11:03:11,645 [INFO] Rule:225 - rule GTZC_S instance for signal is applicable
2026-05-17 11:03:11,645 [INFO] Rule:225 - rule SPDIFRX instance for mcu is applicable
2026-05-17 11:03:11,645 [INFO] Rule:225 - rule Rename Tracer Mode is applicable
2026-05-17 11:03:11,645 [INFO] Rule:225 - rule SPDIFRX instance value for IP SPDIFRX is applicable
2026-05-17 11:03:11,645 [INFO] Rule:225 - rule SPDIFRX instance for signal is applicable
2026-05-17 11:03:11,645 [INFO] Rule:225 - rule SPDIFRX instance for project manager is applicable
2026-05-17 11:03:11,645 [INFO] Rule:225 - rule SPDIFRX instance for project manager is applicable
2026-05-17 11:03:11,645 [INFO] Rule:225 - rule ADC Scan  fix with FW F7 is applicable
2026-05-17 11:03:11,645 [INFO] Rule:225 - rule ADC Scan  fix with FW F7 is applicable
2026-05-17 11:03:11,645 [INFO] Rule:225 - rule WakeUp0 Mode is applicable
2026-05-17 11:03:11,645 [INFO] Rule:225 - rule WakeUp0 SIGNAL is applicable
2026-05-17 11:03:11,645 [INFO] Rule:225 - rule WakeUp1 Mode is applicable
2026-05-17 11:03:11,645 [INFO] Rule:225 - rule WakeUp1 SIGNAL is applicable
2026-05-17 11:03:11,645 [INFO] Rule:225 - rule WakeUp2 Mode is applicable
2026-05-17 11:03:11,645 [INFO] Rule:225 - rule WakeUp2 SIGNAL is applicable
2026-05-17 11:03:11,645 [INFO] Rule:225 - rule WakeUp4 Mode is applicable
2026-05-17 11:03:11,645 [INFO] Rule:225 - rule WakeUp4 SIGNAL is applicable
2026-05-17 11:03:11,645 [INFO] Rule:225 - rule WakeUp5 Mode is applicable
2026-05-17 11:03:11,645 [INFO] Rule:225 - rule WakeUp5 SIGNAL is applicable
2026-05-17 11:03:11,645 [INFO] Rule:225 - rule Add RTC Activate Clock Source is applicable
2026-05-17 11:03:11,646 [INFO] Rule:225 - rule Add RTC Activate Calendar 1 is applicable
2026-05-17 11:03:11,646 [INFO] Rule:225 - rule Add RTC Activate Calendar 2 is applicable
2026-05-17 11:03:11,646 [INFO] Rule:225 - rule Add RTC Activate Calendar 3 is applicable
2026-05-17 11:03:11,646 [INFO] Rule:225 - rule UART/USART TX Mode is applicable
2026-05-17 11:03:11,646 [INFO] Rule:225 - rule UART/USART RX Mode is applicable
2026-05-17 11:03:11,646 [INFO] Rule:225 - rule UART/USART RX TX Mode is applicable
2026-05-17 11:03:11,646 [INFO] Rule:225 - rule UART/USART PARITY NONE is applicable
2026-05-17 11:03:11,646 [INFO] Rule:225 - rule UART/USART PARITY EVEN is applicable
2026-05-17 11:03:11,646 [INFO] Rule:225 - rule UART/USART PARITY ODD is applicable
2026-05-17 11:03:11,646 [INFO] Rule:225 - rule USART StopBits 1 is applicable
2026-05-17 11:03:11,646 [INFO] Rule:225 - rule USART StopBits 2 is applicable
2026-05-17 11:03:11,646 [INFO] Rule:225 - rule USART StopBits 1.5 is applicable
2026-05-17 11:03:11,646 [INFO] Rule:225 - rule USART StopBits 0.5 is applicable
2026-05-17 11:03:11,646 [INFO] Rule:225 - rule UART/USART WORD LENGTH 7 is applicable
2026-05-17 11:03:11,646 [INFO] Rule:225 - rule UART/USART WORD LENGTH 8 is applicable
2026-05-17 11:03:11,646 [INFO] Rule:225 - rule UART/USART WORD LENGTH 9 is applicable
2026-05-17 11:03:11,646 [INFO] Rule:225 - rule Rename FMC NAND NCE signal is applicable
2026-05-17 11:03:11,646 [INFO] Rule:225 - rule Rename FMC NAND INT signal is applicable
2026-05-17 11:03:11,646 [INFO] Rule:225 - rule Change Default Value for LSE Drive Capability for WB family is applicable
2026-05-17 11:03:11,646 [INFO] Rule:225 - rule Change Default Value for ADC Clock Prescaler G0 family is applicable
2026-05-17 11:03:11,646 [INFO] Rule:225 - rule Change Default Value for ADC ExternalTrigConv L4 family is applicable
2026-05-17 11:03:11,646 [INFO] Rule:225 - rule Change Default Value for ADC ExternalTrigInjecConv L4 family is applicable
2026-05-17 11:03:11,646 [INFO] Rule:225 - rule Change Default Value for ADC ExternalTrigConv F3 family is applicable
2026-05-17 11:03:11,646 [INFO] Rule:225 - rule Change Default Value for ADC ExternalTrigInjecConv F3 family is applicable
2026-05-17 11:03:11,646 [INFO] Rule:225 - rule Change Default Value for ADC ExternalTrigConv Goldfish serie is applicable
2026-05-17 11:03:11,646 [INFO] Rule:225 - rule Change Default Value for ADC ExternalTrigInjecConv Goldfish serie is applicable
2026-05-17 11:03:11,646 [INFO] Rule:225 - rule Change Default Value for ADC ExternalTrigConv L0 family is applicable
2026-05-17 11:03:11,646 [INFO] Rule:225 - rule Change Default Value for ADC ExternalTrigConv F0 family is applicable
2026-05-17 11:03:11,646 [INFO] Rule:225 - rule Change Default Value for ADC ExternalTrigConvn L1 family is applicable
2026-05-17 11:03:11,646 [INFO] Rule:225 - rule Change Default Value for ADC ExternalTrigInjecConv L1 family is applicable
2026-05-17 11:03:11,646 [INFO] Rule:225 - rule Change Default Value for ADC ExternalTrigConv F1 family is applicable
2026-05-17 11:03:11,646 [INFO] Rule:225 - rule Change Default Value for ADC ExternalTrigInjecConv F1 family is applicable
2026-05-17 11:03:11,646 [INFO] Rule:225 - rule Change Default Value for ADC ExternalTrigConv F7 family is applicable
2026-05-17 11:03:11,646 [INFO] Rule:225 - rule Change Default Value for ADC ExternalTrigInjecConv F7 family is applicable
2026-05-17 11:03:11,646 [INFO] Rule:225 - rule Change Default Value for ADC ExternalTrigConv F4 and F2 family is applicable
2026-05-17 11:03:11,646 [INFO] Rule:225 - rule Change Default Value for ADC ExternalTrigInjecConv F4 and F2 family is applicable
2026-05-17 11:03:11,646 [INFO] Rule:225 - rule ADC SamplingTime fix with FW L0  is applicable
2026-05-17 11:03:11,647 [INFO] Rule:225 - rule ADC SamplingTime fix with FW L0  is applicable
2026-05-17 11:03:11,647 [INFO] Rule:225 - rule ADC SamplingTime fix with FW L0 is applicable
2026-05-17 11:03:11,647 [INFO] Rule:225 - rule ADC SamplingTime fix with FW L0 is applicable
2026-05-17 11:03:11,647 [INFO] Rule:225 - rule ADC SamplingTime fix with FW L0  is applicable
2026-05-17 11:03:11,647 [INFO] Rule:225 - rule ADC SamplingTime fix with FW L0 is applicable
2026-05-17 11:03:11,647 [INFO] Rule:225 - rule Rename USB_OE Signal is applicable
2026-05-17 11:03:11,647 [INFO] Rule:225 - rule Rename Activate_OE Mode is applicable
2026-05-17 11:03:11,647 [INFO] Rule:225 - rule Rename DIE462/DIE415 pin PC14/OSC32_IN -> PC14-OSC32_IN (PC14) is applicable
2026-05-17 11:03:11,647 [INFO] Rule:225 - rule Rename DIE462/DIE415 pin PC15/OSC32_OUT -> PC15-OSC32_OUT (PC15) is applicable
2026-05-17 11:03:11,647 [INFO] Rule:225 - rule Rename DIE462/DIE415 pin PH0/OSC_IN -> PH0-OSC_IN (PH0) is applicable
2026-05-17 11:03:11,647 [INFO] Rule:225 - rule Rename DIE462/DIE415 pin PH1/OSC_OUT -> PH1-OSC_OUT (PH1) is applicable
2026-05-17 11:03:11,647 [INFO] Rule:225 - rule Rename DIE462 pin PA13 -> PA13 (JTMS/SWDIO) is applicable
2026-05-17 11:03:11,647 [INFO] Rule:225 - rule Rename DIE415 pin PA13 -> PA13 (JTMS/SWDIO) is applicable
2026-05-17 11:03:11,647 [INFO] Rule:225 - rule Rename DIE462 pin PA14 -> PA14 (JTCK/SWCLK) is applicable
2026-05-17 11:03:11,647 [INFO] Rule:225 - rule Rename DIE415 pin PA14 -> PA14 (JTCK/SWCLK) is applicable
2026-05-17 11:03:11,647 [INFO] Rule:225 - rule Rename DIE462/DIE415 pin PA15 -> PA15 (JTDI) is applicable
2026-05-17 11:03:11,647 [INFO] Rule:225 - rule Rename DIE462 pin PB3 -> PB3 (JTD0/TRACESWO) is applicable
2026-05-17 11:03:11,647 [INFO] Rule:225 - rule Rename DIE415 pin PB3 -> PB3 (JTD0-TRACESWO) is applicable
2026-05-17 11:03:11,647 [INFO] Rule:225 - rule Rename DIE462/DIE415 pin PB4 -> PB4 (NJTRST) is applicable
2026-05-17 11:03:11,647 [INFO] Rule:225 - rule Rename DIE462 pin PH3/BOOT0 -> PH3-BOOT0 (BOOT0) is applicable
2026-05-17 11:03:11,648 [INFO] Rule:225 - rule Rename CRYP DataEncryptionTypesList to Algorithm is applicable
2026-05-17 11:03:11,648 [INFO] Rule:225 - rule Rename AES DataEncryptionTypesList to Algorithm is applicable
2026-05-17 11:03:11,648 [INFO] Rule:225 - rule Rename TDESECB to CRYP_TDES_ECB is applicable
2026-05-17 11:03:11,648 [INFO] Rule:225 - rule Rename TDESCBC to CRYP_TDES_CBC is applicable
2026-05-17 11:03:11,648 [INFO] Rule:225 - rule Rename DESECB to CRYP_DES_ECB is applicable
2026-05-17 11:03:11,648 [INFO] Rule:225 - rule Rename DESCBC to CRYP_DES_CBC is applicable
2026-05-17 11:03:11,648 [INFO] Rule:225 - rule Rename AESECB to CRYP_AES_ECB is applicable
2026-05-17 11:03:11,648 [INFO] Rule:225 - rule Rename AESCBC to CRYP_AES_CBC is applicable
2026-05-17 11:03:11,648 [INFO] Rule:225 - rule Rename AESCTR to CRYP_AES_CTR is applicable
2026-05-17 11:03:11,648 [INFO] Rule:225 - rule Rename AESGCM to CRYP_AES_GCM is applicable
2026-05-17 11:03:11,648 [INFO] Rule:225 - rule Rename AESCCM to CRYP_AES_CCM is applicable
2026-05-17 11:03:11,648 [INFO] Rule:225 - rule Rename CAN TimeSeg1 to BS1 is applicable
2026-05-17 11:03:11,648 [INFO] Rule:225 - rule Rename CAN TimeSeg2 to BS2 is applicable
2026-05-17 11:03:11,648 [INFO] Rule:225 - rule Rename CAN SyncJumpWidth to SJW is applicable
2026-05-17 11:03:11,648 [INFO] Rule:225 - rule TimeTriggeredMode to TTCM is applicable
2026-05-17 11:03:11,648 [INFO] Rule:225 - rule Rename CAN AutoBusOff to ABOM is applicable
2026-05-17 11:03:11,648 [INFO] Rule:225 - rule Rename CAN AutoWakeUp to AWUM is applicable
2026-05-17 11:03:11,648 [INFO] Rule:225 - rule Rename CAN AutoRetransmission to NART is applicable
2026-05-17 11:03:11,648 [INFO] Rule:225 - rule Rename CAN ReceiveFifoLocked to RFLM is applicable
2026-05-17 11:03:11,648 [INFO] Rule:225 - rule Rename CAN TransmitFifoPriority to TXFP is applicable
2026-05-17 11:03:11,648 [INFO] Rule:225 - rule Rename HRTIMER HRTIM_OUTPUTFAULTLEVEL_HIGH in HRTIMER HRTIM_OUTPUTFAULTLEVEL_HIGHZ is applicable
2026-05-17 11:03:11,648 [INFO] Rule:225 - rule Rename TIMER TIM_CLEARINPUTSOURCE_OCREFCLR in  TIMER TIM_CLEARINPUTSOURCE_NONE for F7 family is applicable
2026-05-17 11:03:11,648 [INFO] Rule:225 - rule FDCAN_R1 - Rename FDCAN mode Master into Classic is applicable
2026-05-17 11:03:11,648 [INFO] Rule:225 - rule FDCAN_R2 - Rename FDCAN mode Slave into Classic is applicable
2026-05-17 11:03:11,648 [INFO] Rule:225 - rule FDCAN1_R3 - if PA10.Mode=FullDuplex, add Pin PA12 is applicable
2026-05-17 11:03:11,648 [INFO] Rule:225 - rule FDCAN1_R3 - if PA9.Mode=FullDuplex, add Pin PA11 is applicable
2026-05-17 11:03:11,648 [INFO] Rule:225 - rule FDCAN1_R3 - Alternatepin_1 - if PE1.Mode=FullDuplex, add Pin PB9 is applicable
2026-05-17 11:03:11,648 [INFO] Rule:225 - rule FDCAN1_R3 - Alternatepin_1 - if PE0.Mode=FullDuplex, add Pin PB8 is applicable
2026-05-17 11:03:11,648 [INFO] Rule:225 - rule FDCAN1_R3 - Alternatepin_2 - if PD5.Mode=FullDuplex, add Pin PD1 is applicable
2026-05-17 11:03:11,648 [INFO] Rule:225 - rule FDCAN1_R3 - Alternatepin_2 - if PD4.Mode=FullDuplex, add Pin PD0 is applicable
2026-05-17 11:03:11,648 [INFO] Rule:225 - rule FDCAN1_R4 - Rename Mode FullDuplex into Enable FDCAN_TXFD for pin PA10 is applicable
2026-05-17 11:03:11,648 [INFO] Rule:225 - rule FDCAN1_R4 - Rename Mode FullDuplex into Enable FDCAN_TXFD for pin PA9 is applicable
2026-05-17 11:03:11,648 [INFO] Rule:225 - rule FDCAN1_R4 - Alternatepin_1 - Rename Mode FullDuplex into Enable FDCAN_TXFD for pin PE1 is applicable
2026-05-17 11:03:11,648 [INFO] Rule:225 - rule FDCAN1_R4 - Alternatepin_1 - Rename Mode FullDuplex into Enable FDCAN_TXFD for pin PE0 is applicable
2026-05-17 11:03:11,648 [INFO] Rule:225 - rule FDCAN1_R4 - Alternatepin_2 - Rename Mode FullDuplex into Enable FDCAN_TXFD for pin PD5 is applicable
2026-05-17 11:03:11,649 [INFO] Rule:225 - rule FDCAN1_R4 - Alternatepin_2 - Rename Mode FullDuplex into Enable FDCAN_TXFD for pin PD4 is applicable
2026-05-17 11:03:11,649 [INFO] Rule:225 - rule FDCAN2_R3 - if PD10.Mode=FullDuplex, add Pin PB13 is applicable
2026-05-17 11:03:11,649 [INFO] Rule:225 - rule FDCAN2_R3 - if PD9.Mode=FullDuplex, add Pin PB12 is applicable
2026-05-17 11:03:11,649 [INFO] Rule:225 - rule FDCAN2_R3 - Alternatepin_1 - if PB7.Mode=FullDuplex, add Pin PB6 is applicable
2026-05-17 11:03:11,649 [INFO] Rule:225 - rule FDCAN2_R3 - Alternatepin_1 - if PD9.Mode=FullDuplex, add Pin PB12 is applicable
2026-05-17 11:03:11,649 [INFO] Rule:225 - rule FDCAN2_R4 - Rename Mode FullDuplex into Enable FDCAN_TXFD for pin PD10 is applicable
2026-05-17 11:03:11,649 [INFO] Rule:225 - rule FDCAN2_R4 - Rename Mode FullDuplex into Enable FDCAN_TXFD for pin PD9 is applicable
2026-05-17 11:03:11,649 [INFO] Rule:225 - rule FDCAN2_R4 - Alternatepin_1 - Rename Mode FullDuplex into Enable FDCAN_TXFD for pin PB7 is applicable
2026-05-17 11:03:11,649 [INFO] Rule:225 - rule FDCAN2_R4 - Alternatepin_1 - Rename Mode FullDuplex into Enable FDCAN_TXFD for pin PD6 is applicable
2026-05-17 11:03:11,649 [INFO] Rule:225 - rule USART TxPinLevelInvertParam Mode is applicable
2026-05-17 11:03:11,649 [INFO] Rule:225 - rule USART RxPinLevelInvertParam Mode is applicable
2026-05-17 11:03:11,649 [INFO] Rule:225 - rule USART DataInvertParam Mode is applicable
2026-05-17 11:03:11,649 [INFO] Rule:225 - rule USART SwapParam Mode is applicable
2026-05-17 11:03:11,649 [INFO] Rule:225 - rule USART OverrunDisableParam Mode is applicable
2026-05-17 11:03:11,649 [INFO] Rule:225 - rule USART DMADisableonRxErrorParam Mode is applicable
2026-05-17 11:03:11,649 [INFO] Rule:225 - rule USART MSBFirstParam Mode is applicable
2026-05-17 11:03:11,649 [INFO] Rule:225 - rule Update MwName for USB_DEVICE is applicable
2026-05-17 11:03:11,649 [INFO] Rule:225 - rule Change PWR_Regulator_Voltage_Scale Default Value for RCC  H7 family is applicable
2026-05-17 11:03:11,649 [INFO] Rule:225 - rule UART/USART IPParameter rename Prescaler parameter to ClockPrescaler is applicable
2026-05-17 11:03:11,649 [INFO] Rule:225 - rule UART/USART Prescaler rename Prescaler parameter to ClockPrescaler is applicable
2026-05-17 11:03:11,649 [INFO] Rule:225 - rule TIM1CLockSelection is applicable
2026-05-17 11:03:11,649 [INFO] Rule:225 - rule TIM15CLockSelection is applicable
2026-05-17 11:03:11,649 [INFO] Rule:225 - rule align RCC SDMMC3CLockSelection default value on MP1 is applicable
2026-05-17 11:03:11,649 [INFO] Rule:225 - rule align RCC SDMMC12CLockSelection default value on MP1 is applicable
2026-05-17 11:03:11,649 [INFO] Rule:225 - rule align RCC QSPICLockSelection default value on MP1 is applicable
2026-05-17 11:03:11,649 [INFO] Rule:225 - rule align RCC QSPICLockSelection default value on MP1 is applicable
2026-05-17 11:03:11,649 [INFO] Rule:225 - rule align RCC SPI6CLockSelection default value on MP1 is applicable
2026-05-17 11:03:11,649 [INFO] Rule:225 - rule align RCC LPTIM23CLockSelection default value on MP1 is applicable
2026-05-17 11:03:11,649 [INFO] Rule:225 - rule align RCC LPTIM1CLockSelection default value on MP1 is applicable
2026-05-17 11:03:11,649 [INFO] Rule:225 - rule align RCC USART1CLockSelection default value on MP1 is applicable
2026-05-17 11:03:11,649 [INFO] Rule:225 - rule align RCC USART24CLockSelection default value on MP1 is applicable
2026-05-17 11:03:11,649 [INFO] Rule:225 - rule align RCC USART6CLockSelection default value on MP1 is applicable
2026-05-17 11:03:11,649 [INFO] Rule:225 - rule align RCC UART78CLockSelection default value on MP1 is applicable
2026-05-17 11:03:11,649 [INFO] Rule:225 - rule align RCC USART35CLockSelection default value on MP1 is applicable
2026-05-17 11:03:11,649 [INFO] Rule:225 - rule align RCC SPI45CLockSelection default value on MP1 is applicable
2026-05-17 11:03:11,649 [INFO] Rule:225 - rule align RCC I2C46CLockSelection BCLK value on MP1 is applicable
2026-05-17 11:03:11,649 [INFO] Rule:225 - rule align RCC SPI45CLockSelection default value on MP1 is applicable
2026-05-17 11:03:11,649 [INFO] Rule:225 - rule align RCC I2C12CLockSelection default value on MP1 is applicable
2026-05-17 11:03:11,649 [INFO] Rule:225 - rule align RCC I2C35CLockSelection default value on MP1 is applicable
2026-05-17 11:03:11,649 [INFO] Rule:225 - rule align RCC LPTIM45CLockSelection default value on MP1 is applicable
2026-05-17 11:03:11,650 [INFO] Rule:225 - rule Rename DCMI PIXCK signal is applicable
2026-05-17 11:03:11,650 [INFO] Rule:225 - rule Change Default Value for I2C46CLockSelection MP1 family is applicable
2026-05-17 11:03:11,650 [INFO] Rule:225 - rule Change Default Value for UART for G4, G0 and WB families is applicable
2026-05-17 11:03:11,650 [INFO] Rule:225 - rule Change Default Value for USART for G4, G0 and WB families is applicable
2026-05-17 11:03:11,650 [INFO] Rule:225 - rule Change Default Value for USART for G4 family is applicable
2026-05-17 11:03:11,650 [INFO] Rule:225 - rule Change USART1CLockSelection refparam name for MP1 is applicable
2026-05-17 11:03:11,650 [INFO] Rule:225 - rule Change USART2CLockSelection refparam name for MP1 is applicable
2026-05-17 11:03:11,650 [INFO] Rule:225 - rule Change USART3CLockSelection refparam name for MP1 is applicable
2026-05-17 11:03:11,650 [INFO] Rule:225 - rule Change UART4CLockSelection refparam name for MP1 is applicable
2026-05-17 11:03:11,650 [INFO] Rule:225 - rule Change UART5CLockSelection refparam name for MP1 is applicable
2026-05-17 11:03:11,650 [INFO] Rule:225 - rule Change LPUART1CLockSelection refparam name for MP1 is applicable
2026-05-17 11:03:11,650 [INFO] Rule:225 - rule Change LPTIM1CLockSelection refparam name for MP1 is applicable
2026-05-17 11:03:11,650 [INFO] Rule:225 - rule Change LPTIM2CLockSelection refparam name for MP1 is applicable
2026-05-17 11:03:11,650 [INFO] Rule:225 - rule Change RCC_MCO1Source refparam name for MP1 is applicable
2026-05-17 11:03:11,650 [INFO] Rule:225 - rule Change LSCOSource1 refparam name for MP1 is applicable
2026-05-17 11:03:11,650 [INFO] Rule:225 - rule Change SMPSCLockSelection refparam name for MP1 is applicable
2026-05-17 11:03:11,650 [INFO] Rule:225 - rule Change LPTIM3CLockSelection refparam name for MP1 is applicable
2026-05-17 11:03:11,650 [INFO] Rule:225 - rule Change MPCBB* Default Template Mode to Parameters is applicable
2026-05-17 11:03:11,650 [INFO] Rule:225 - rule Change MPCWM* or MPCBB* Secure Mode to Parameters is applicable
2026-05-17 11:03:11,650 [INFO] Rule:225 - rule Change MPCWM* or MPCBB* No Secure Mode to Parameters is applicable
2026-05-17 11:03:11,650 [INFO] Rule:225 - rule Change TZSC IP Secure Mode to Parameters is applicable
2026-05-17 11:03:11,650 [INFO] Rule:225 - rule Change TZSC IP No Secure Mode to Parameters is applicable
2026-05-17 11:03:11,650 [INFO] Rule:225 - rule Change TZSC IP Privilege Mode to Parameters is applicable
2026-05-17 11:03:11,650 [INFO] Rule:225 - rule Change TZSC IP No Privilege Mode to Parameters is applicable
2026-05-17 11:03:11,650 [INFO] Rule:225 - rule Change TZIC IT Secure Mode to Parameters is applicable
2026-05-17 11:03:11,650 [INFO] Rule:225 - rule Change TZIC IT No Secure Mode to Parameters is applicable
2026-05-17 11:03:11,650 [INFO] Rule:225 - rule Add MPCBB1_NonSecureArea_Start_Address value with referenced to MPCBB1_NonSecureArea_Start value is applicable
2026-05-17 11:03:11,650 [INFO] Rule:225 - rule Add MPCBB2_NonSecureArea_Start_Address value with referenced to MPCBB2_NonSecureArea_Start value is applicable
2026-05-17 11:03:11,650 [INFO] Rule:225 - rule Add MPCWM1_NonSecureArea*_Start_Address value with referenced to MPCWM1_NonSecureArea*_Start value is applicable
2026-05-17 11:03:11,650 [INFO] Rule:225 - rule Add MPCWM2_NonSecureArea*_Start_Address value with referenced to MPCWM2_NonSecureArea*_Start value is applicable
2026-05-17 11:03:11,650 [INFO] Rule:225 - rule Add MPCWM3_NonSecureArea_Start_Address value with referenced to MPCWM3_NonSecureArea_Start value is applicable
2026-05-17 11:03:11,650 [INFO] Rule:225 - rule Change Default Value for PLL1UserDefinedConfig is applicable
2026-05-17 11:03:11,650 [INFO] Rule:225 - rule Change GPIO_PuPd Default Value for USART in async mode is applicable
2026-05-17 11:03:11,650 [INFO] Rule:225 - rule Change SMPSDivider Default Value is applicable
2026-05-17 11:03:11,650 [INFO] Rule:225 - rule OPAMP is applicable
2026-05-17 11:03:11,650 [INFO] Rule:225 - rule LPUART IPParameter rename Prescaler parameter to ClockPrescaler for STM32H7 is applicable
2026-05-17 11:03:11,650 [INFO] Rule:225 - rule LPUART IPParameter rename Prescaler parameter to ClockPrescaler for STM32H7 is applicable
2026-05-17 11:03:11,650 [INFO] Rule:225 - rule LPUART IPParameter rename Prescaler parameter to ClockPrescaler for STM32WB is applicable
2026-05-17 11:03:11,650 [INFO] Rule:225 - rule LPUART IPParameter rename Prescaler parameter to ClockPrescaler for STM32WB is applicable
2026-05-17 11:03:11,651 [INFO] Rule:225 - rule LPUART IPParameter rename Prescaler parameter to ClockPrescaler for STM32G4 is applicable
2026-05-17 11:03:11,651 [INFO] Rule:225 - rule LPUART IPParameter rename Prescaler parameter to ClockPrescaler for STM32G4 is applicable
2026-05-17 11:03:11,651 [INFO] Rule:225 - rule LPUART IPParameter rename Prescaler parameter to ClockPrescaler for STM32L5 is applicable
2026-05-17 11:03:11,651 [INFO] Rule:225 - rule LPUART IPParameter rename Prescaler parameter to ClockPrescaler for STM32L5 is applicable
2026-05-17 11:03:11,651 [INFO] Rule:225 - rule LPUART IPParameter rename Prescaler parameter to ClockPrescaler for STM32G4 is applicable
2026-05-17 11:03:11,651 [INFO] Rule:225 - rule LPUART IPParameter rename Prescaler parameter to ClockPrescaler for STM32G4 is applicable
2026-05-17 11:03:11,651 [INFO] Rule:225 - rule USB device lib V2.5.3 for L0 rename USBD_SUPPORT_USER_STRING parameter to USBD_SUPPORT_USER_STRING_DESC4 is applicable
2026-05-17 11:03:11,651 [INFO] Rule:225 - rule I2SCLockSelection clock entry align is applicable
2026-05-17 11:03:11,651 [INFO] Rule:225 - rule Assign TIMx context if used as SYS timebase is applicable
2026-05-17 11:03:11,651 [INFO] Rule:225 - rule Change GPIO_Pu Default Value for I2C is applicable
2026-05-17 11:03:11,651 [INFO] Rule:225 - rule Change GPIO_Pu Default Value for SMBus is applicable
2026-05-17 11:03:11,651 [INFO] Rule:225 - rule change FDCAN default value is applicable
2026-05-17 11:03:11,651 [INFO] Rule:225 - rule Change mode sai is applicable
2026-05-17 11:03:11,651 [INFO] Rule:225 - rule **Change sai mode is applicable
2026-05-17 11:03:11,651 [INFO] Rule:225 - rule Rename STM32WPAN CFG_BLE_IRK to CFG_BLE_IR is applicable
2026-05-17 11:03:11,651 [INFO] Rule:225 - rule Rename STM32WPAN CFG_BLE_ERK to CFG_BLE_ER is applicable
2026-05-17 11:03:11,651 [INFO] Rule:225 - rule Rename STM32WPAN CFG_BLE_IRK_HEX to CFG_BLE_IR_HEX is applicable
2026-05-17 11:03:11,651 [INFO] Rule:225 - rule Rename STM32WPAN CFG_BLE_ERK_HEX to CFG_BLE_ER_HEX is applicable
2026-05-17 11:03:11,651 [INFO] Rule:225 - rule Adapt Old IOC before rework replace old CORTEX_M33/CORTEX_M55 attributes by the new one. is applicable
2026-05-17 11:03:11,651 [INFO] Rule:225 - rule Rename parametre of RCC RCC_APBDBG_DIV2 to RCC_TIMPRES_DIV2 is applicable
2026-05-17 11:03:11,651 [INFO] Rule:225 - rule Rename DIE493 pin PA10 [PA12] -> PA10 is applicable
2026-05-17 11:03:11,651 [INFO] Rule:225 - rule Rename DIE493 pin PA9 [PA11] -> PA9 is applicable
2026-05-17 11:03:11,651 [INFO] Rule:225 - rule Adapt Old IOC CSI. is applicable
2026-05-17 11:03:11,658 [INFO] DbConfProperties:307 - Apply Compatibility (49/267 Rules)
2026-05-17 11:03:11,669 [INFO] ImportTextPane:218 - (OptionalMessage_ERROR) Unable to find key (Mcu.ThirdPartyNb) in loaded IOC file
2026-05-17 11:03:11,670 [INFO] ImportTextPane:218 - (OptionalMessage_ERROR) Pin12 (VP_RIF_VS_RIF1) cannot be retrieved for this MCU
2026-05-17 11:03:11,706 [INFO] RtosManager:558 - Registered RTOS mode: class=CMSIS, group=RTOS, mode=CMSIS_V1, owner=FREERTOS
2026-05-17 11:03:11,706 [INFO] RtosManager:558 - Registered RTOS mode: class=CMSIS, group=RTOS2, mode=CMSIS_V2, owner=FREERTOS
2026-05-17 11:03:11,706 [INFO] RtosManager:558 - Registered RTOS mode: class=RTOS, group=Core, mode=CMSIS_V1, owner=FREERTOS
2026-05-17 11:03:11,706 [INFO] RtosManager:558 - Registered RTOS mode: class=RTOS, group=Core, mode=CMSIS_V2, owner=FREERTOS
2026-05-17 11:03:11,706 [WARN] ModelIntegratedComponent:184 - Missing modes for component STMicroelectronics:FreeRTOS:0.0.1:STMicroelectronics:RTOS:FreeRTOS:Core:::10.2.0:
2026-05-17 11:03:11,721 [WARN] ModelIntegratedComponent:63 - No mode defined for component null
2026-05-17 11:03:11,722 [WARN] ModelIntegratedComponent:63 - No mode defined for component null
2026-05-17 11:03:11,722 [WARN] ModelIntegratedComponent:63 - No mode defined for component null
2026-05-17 11:03:11,722 [WARN] ModelIntegratedComponent:63 - No mode defined for component null
2026-05-17 11:03:11,722 [WARN] ModelIntegratedComponent:63 - No mode defined for component null
2026-05-17 11:03:11,722 [WARN] ModelIntegratedComponent:63 - No mode defined for component null
2026-05-17 11:03:11,722 [WARN] ModelIntegratedComponent:63 - No mode defined for component null
2026-05-17 11:03:11,722 [WARN] ModelIntegratedComponent:63 - No mode defined for component null
2026-05-17 11:03:11,722 [WARN] ModelIntegratedComponent:63 - No mode defined for component null
2026-05-17 11:03:11,722 [WARN] ModelIntegratedComponent:63 - No mode defined for component null
2026-05-17 11:03:11,722 [WARN] ModelIntegratedComponent:63 - No mode defined for component null
2026-05-17 11:03:11,722 [WARN] ModelIntegratedComponent:63 - No mode defined for component null
2026-05-17 11:03:11,722 [WARN] ModelIntegratedComponent:63 - No mode defined for component null
2026-05-17 11:03:11,722 [WARN] ModelIntegratedComponent:63 - No mode defined for component null
2026-05-17 11:03:11,722 [WARN] ModelIntegratedComponent:63 - No mode defined for component null
2026-05-17 11:03:11,722 [WARN] ModelIntegratedComponent:63 - No mode defined for component null
2026-05-17 11:03:11,722 [WARN] ModelIntegratedComponent:63 - No mode defined for component null
2026-05-17 11:03:11,722 [WARN] ModelIntegratedComponent:63 - No mode defined for component null
2026-05-17 11:03:11,722 [WARN] ModelIntegratedComponent:63 - No mode defined for component null
2026-05-17 11:03:11,722 [WARN] ModelIntegratedComponent:63 - No mode defined for component null
2026-05-17 11:03:11,722 [WARN] ModelIntegratedComponent:63 - No mode defined for component null
2026-05-17 11:03:11,722 [WARN] ModelIntegratedComponent:63 - No mode defined for component null
2026-05-17 11:03:11,722 [WARN] ModelIntegratedComponent:63 - No mode defined for component null
2026-05-17 11:03:11,722 [WARN] ModelIntegratedComponent:63 - No mode defined for component null
2026-05-17 11:03:11,722 [WARN] ModelIntegratedComponent:63 - No mode defined for component null
2026-05-17 11:03:11,722 [WARN] ModelIntegratedComponent:63 - No mode defined for component null
2026-05-17 11:03:11,722 [WARN] ModelIntegratedComponent:63 - No mode defined for component null
2026-05-17 11:03:11,722 [WARN] ModelIntegratedComponent:63 - No mode defined for component null
2026-05-17 11:03:11,722 [WARN] ModelIntegratedComponent:63 - No mode defined for component null
2026-05-17 11:03:11,722 [WARN] ModelIntegratedComponent:63 - No mode defined for component null
2026-05-17 11:03:11,722 [WARN] ModelIntegratedComponent:63 - No mode defined for component null
2026-05-17 11:03:11,722 [WARN] ModelIntegratedComponent:63 - No mode defined for component null
2026-05-17 11:03:11,722 [WARN] ModelIntegratedComponent:63 - No mode defined for component null
2026-05-17 11:03:11,722 [WARN] ModelIntegratedComponent:63 - No mode defined for component null
2026-05-17 11:03:11,722 [WARN] ModelIntegratedComponent:63 - No mode defined for component null
2026-05-17 11:03:11,722 [WARN] ModelPack:524 - Component already loaded: STMicroelectronics:HAL Drivers:0.0.0:STMicroelectronics:Device:STMicro_Driver:XSPI:HAL::0.0.1:HAL_XSPI
2026-05-17 11:03:11,788 [INFO] ThirdPartyModel:298 - Start build external matchings
2026-05-17 11:03:12,044 [INFO] ThirdPartyModel:316 - End build external matchings
2026-05-17 11:03:12,056 [INFO] ImportTextPane:218 - (OptionalMessage_ERROR) IP (RCC) : Invalid parameter (48MHZClocksFreq_Value)
2026-05-17 11:03:12,056 [INFO] ImportTextPane:218 - (OptionalMessage_ERROR) IP (RCC) : Invalid parameter (EthernetFreq_Value)
2026-05-17 11:03:12,057 [INFO] ImportTextPane:218 - (OptionalMessage_ERROR) IP (RCC) : Parameter (FLatency) has Id (AdvancedSettings) currently not set
2026-05-17 11:03:12,057 [INFO] ImportTextPane:218 - (OptionalMessage_ERROR) IP (RCC) : Invalid parameter (FamilyName)
2026-05-17 11:03:12,057 [INFO] ImportTextPane:218 - (OptionalMessage_ERROR) IP (RCC) : Invalid parameter (I2SClocksFreq_Value)
2026-05-17 11:03:12,057 [INFO] ImportTextPane:218 - (OptionalMessage_ERROR) IP (RCC) : Parameter (SDIOFreq_Value) has invalid value (168000000)
2026-05-17 11:03:12,057 [INFO] ImportTextPane:218 - (OptionalMessage_ERROR) IP (RCC) : Parameter (USBFreq_Value) has invalid value (168000000)
2026-05-17 11:03:12,057 [INFO] ImportTextPane:218 - (OptionalMessage_ERROR) IP (RCC) : Invalid parameter (VCOInputMFreq_Value)
2026-05-17 11:03:12,058 [INFO] ImportTextPane:218 - (OptionalMessage_ERROR) IP (RCC) : Invalid parameter (VcooutputI2S)
2026-05-17 11:03:12,311 [INFO] UtilMem:75 - End LoadConfig() Used Memory: 892722344 Bytes (1073741824)
2026-05-17 11:03:12,406 [WARN] ThirdParty:833 - waiting for thirdparty lock release [change project]
2026-05-17 11:03:12,406 [INFO] ThirdParty:835 - entering critical section [change project]
2026-05-17 11:03:12,406 [INFO] ThirdParty:1030 - CMSIS Pack Vendor :STMicroelectronics X-CUBE-AZRTOS-H7 3.5.0
2026-05-17 11:03:12,406 [INFO] ThirdParty:1030 - CMSIS Pack Vendor :STMicroelectronics X-CUBE-PM33A1 1.0.0
2026-05-17 11:03:12,406 [INFO] ThirdParty:1030 - CMSIS Pack Vendor :STMicroelectronics USBPD 4.1
2026-05-17 11:03:12,406 [INFO] ThirdParty:1030 - CMSIS Pack Vendor :STMicroelectronics X-CUBE-NFC9 1.0.0
2026-05-17 11:03:12,406 [INFO] ThirdParty:1030 - CMSIS Pack Vendor :STMicroelectronics USB_HOST 2.0.0
2026-05-17 11:03:12,406 [INFO] ThirdParty:1030 - CMSIS Pack Vendor :STMicroelectronics X-CUBE-AZRTOS-F4 1.1.0
2026-05-17 11:03:12,406 [INFO] ThirdParty:1030 - CMSIS Pack Vendor :STMicroelectronics LIBJPEG 8.0.0
2026-05-17 11:03:12,406 [INFO] ThirdParty:1030 - CMSIS Pack Vendor :STMicroelectronics FP-ATR-ASTRA1 2.0.2
2026-05-17 11:03:12,406 [INFO] ThirdParty:1030 - CMSIS Pack Vendor :STMicroelectronics X-CUBE-BLE1 7.1.0
2026-05-17 11:03:12,406 [INFO] ThirdParty:1030 - CMSIS Pack Vendor :STMicroelectronics X-CUBE-SMBUS 2.1.0
2026-05-17 11:03:12,406 [INFO] ThirdParty:1030 - CMSIS Pack Vendor :wolfSSL I-CUBE-wolfMQTT 1.19.2
2026-05-17 11:03:12,406 [INFO] ThirdParty:1030 - CMSIS Pack Vendor :STMicroelectronics USB_DEVICE 3.0.0
2026-05-17 11:03:12,406 [INFO] ThirdParty:1030 - CMSIS Pack Vendor :STMicroelectronics X-CUBE-ISPU 2.1.0
2026-05-17 11:03:12,406 [INFO] ThirdParty:1030 - CMSIS Pack Vendor :STMicroelectronics X-CUBE-EEPRMA1 5.2.0
2026-05-17 11:03:12,406 [INFO] ThirdParty:1030 - CMSIS Pack Vendor :STMicroelectronics X-CUBE-BLEMGR 4.1.0
2026-05-17 11:03:12,406 [INFO] ThirdParty:1030 - CMSIS Pack Vendor :STMicroelectronics eDS-WB_DPC_TT-BIDIR 2.1.1
2026-05-17 11:03:12,406 [INFO] ThirdParty:1030 - CMSIS Pack Vendor :STMicroelectronics X-CUBE-AZRTOS-WB 2.0.0
2026-05-17 11:03:12,406 [INFO] ThirdParty:1030 - CMSIS Pack Vendor :STMicroelectronics X-CUBE-NFC12 1.0.0
2026-05-17 11:03:12,406 [INFO] ThirdParty:1030 - CMSIS Pack Vendor :STMicroelectronics X-CUBE-AZRTOS-F7 1.1.0
2026-05-17 11:03:12,406 [INFO] ThirdParty:1030 - CMSIS Pack Vendor :STMicroelectronics X-CUBE-AZRTOS-L5 2.0.0
2026-05-17 11:03:12,406 [INFO] ThirdParty:1030 - CMSIS Pack Vendor :STMicroelectronics USB_DEVICE 2.0.0
2026-05-17 11:03:12,406 [INFO] ThirdParty:1030 - CMSIS Pack Vendor :quantropi X-CUBE-qispace-sdk-base 2.1.0
2026-05-17 11:03:12,406 [INFO] ThirdParty:1030 - CMSIS Pack Vendor :STMicroelectronics X-CUBE-STSE01 2.0.0
2026-05-17 11:03:12,407 [INFO] ThirdParty:1030 - CMSIS Pack Vendor :STMicroelectronics FreeRTOS 0.0.1
2026-05-17 11:03:12,407 [INFO] ThirdParty:1030 - CMSIS Pack Vendor :STMicroelectronics X-CUBE-AZRTOS-G0 1.1.0
2026-05-17 11:03:12,407 [INFO] ThirdParty:1030 - CMSIS Pack Vendor :STMicroelectronics X-CUBE-NFC4 3.0.0
2026-05-17 11:03:12,407 [INFO] ThirdParty:1030 - CMSIS Pack Vendor :STMicroelectronics X-CUBE-SUBG2 5.0.0
2026-05-17 11:03:12,407 [INFO] ThirdParty:1030 - CMSIS Pack Vendor :STMicroelectronics STM32_WPAN 1.0.0
2026-05-17 11:03:12,407 [INFO] ThirdParty:1030 - CMSIS Pack Vendor :STMicroelectronics eDS-WB_DPC_VIENNA 1.2.0
2026-05-17 11:03:12,407 [INFO] ThirdParty:1030 - CMSIS Pack Vendor :EmbeddedOffice I-CUBE-FS-RTOS 1.0.1
2026-05-17 11:03:12,407 [INFO] ThirdParty:1030 - CMSIS Pack Vendor :STMicroelectronics lwIP 2.0.3
2026-05-17 11:03:12,407 [INFO] ThirdParty:1030 - CMSIS Pack Vendor :STMicroelectronics eDS-WB_DPC_3PH2L-BIDIR 1.1.1
2026-05-17 11:03:12,407 [INFO] ThirdParty:1030 - CMSIS Pack Vendor :STMicroelectronics USB_HOST 1.0.0
2026-05-17 11:03:12,407 [INFO] ThirdParty:1030 - CMSIS Pack Vendor :STMicroelectronics X-CUBE-AZRTOS-G4 2.0.0
2026-05-17 11:03:12,407 [INFO] ThirdParty:1030 - CMSIS Pack Vendor :STMicroelectronics PDM2PCM 3.1.0
2026-05-17 11:03:12,407 [INFO] ThirdParty:1030 - CMSIS Pack Vendor :STMicroelectronics PDM2PCM 3.3.0
2026-05-17 11:03:12,407 [INFO] ThirdParty:1030 - CMSIS Pack Vendor :wolfSSL I-CUBE-wolfTPM 3.8.0
2026-05-17 11:03:12,407 [INFO] ThirdParty:1030 - CMSIS Pack Vendor :STMicroelectronics X-CUBE-DISPLAY 3.0.0
2026-05-17 11:03:12,407 [INFO] ThirdParty:1030 - CMSIS Pack Vendor :wolfSSL I-CUBE-wolfSSH 1.4.20
2026-05-17 11:03:12,407 [INFO] ThirdParty:1030 - CMSIS Pack Vendor :STMicroelectronics X-CUBE-NFC7 2.0.0
2026-05-17 11:03:12,407 [INFO] ThirdParty:1030 - CMSIS Pack Vendor :STMicroelectronics X-CUBE-GNSS1 7.1.1
2026-05-17 11:03:12,407 [INFO] ThirdParty:1030 - CMSIS Pack Vendor :STMicroelectronics X-CUBE-TCPP 4.2.0
2026-05-17 11:03:12,407 [INFO] ThirdParty:1030 - CMSIS Pack Vendor :RealThread X-CUBE-RT-Thread_Nano 4.1.1
2026-05-17 11:03:12,407 [INFO] ThirdParty:1030 - CMSIS Pack Vendor :wolfSSL I-CUBE-wolfSSL 5.9.1
2026-05-17 11:03:12,407 [INFO] ThirdParty:1030 - CMSIS Pack Vendor :STMicroelectronics FP-ATR-SIGFOX1 3.2.0
2026-05-17 11:03:12,407 [INFO] ThirdParty:1030 - CMSIS Pack Vendor :STMicroelectronics X-CUBE-NFC10 1.0.0
2026-05-17 11:03:12,407 [INFO] ThirdParty:1030 - CMSIS Pack Vendor :STMicroelectronics HAL Drivers 0.0.0
2026-05-17 11:03:12,407 [INFO] ThirdParty:1030 - CMSIS Pack Vendor :STMicroelectronics MBEDTLS 2.16.2
2026-05-17 11:03:12,407 [INFO] ThirdParty:1030 - CMSIS Pack Vendor :STMicroelectronics X-CUBE-ST60 1.1.0
2026-05-17 11:03:12,407 [INFO] ThirdParty:1030 - CMSIS Pack Vendor :STMicroelectronics X-CUBE-ALS 1.0.2
2026-05-17 11:03:12,407 [INFO] ThirdParty:1030 - CMSIS Pack Vendor :emotas I-CUBE-CANOPEN 1.3.0
2026-05-17 11:03:12,407 [INFO] ThirdParty:1030 - CMSIS Pack Vendor :STMicroelectronics MBEDTLS 2.14.1
2026-05-17 11:03:12,407 [INFO] ThirdParty:1030 - CMSIS Pack Vendor :ITTIA_DB I-CUBE-ITTIADB 8.9.0
2026-05-17 11:03:12,407 [INFO] ThirdParty:1030 - CMSIS Pack Vendor :Cesanta I-CUBE-Mongoose 7.21.7
2026-05-17 11:03:12,407 [INFO] ThirdParty:1030 - CMSIS Pack Vendor :STMicroelectronics X-CUBE-TOUCHGFX 4.26.1
2026-05-17 11:03:12,407 [INFO] ThirdParty:1030 - CMSIS Pack Vendor :STMicroelectronics X-CUBE-NFC6 3.2.0
2026-05-17 11:03:12,407 [INFO] ThirdParty:1030 - CMSIS Pack Vendor :STMicroelectronics X-CUBE-AI 10.2.0
2026-05-17 11:03:12,407 [INFO] ThirdParty:1030 - CMSIS Pack Vendor :STMicroelectronics ThreadX 1.0.0
2026-05-17 11:03:12,407 [INFO] ThirdParty:1030 - CMSIS Pack Vendor :STMicroelectronics FP-SNS-SMARTAG2 1.2.0
2026-05-17 11:03:12,407 [INFO] ThirdParty:1030 - CMSIS Pack Vendor :STMicroelectronics X-CUBE-MEMS1 12.1.0
2026-05-17 11:03:12,407 [INFO] ThirdParty:1030 - CMSIS Pack Vendor :STMicroelectronics FP-SNS-FLIGHT1 5.1.0
2026-05-17 11:03:12,407 [INFO] ThirdParty:1030 - CMSIS Pack Vendor :STMicroelectronics X-CUBE-AZRTOS-WL 2.0.0
2026-05-17 11:03:12,407 [INFO] ThirdParty:1030 - CMSIS Pack Vendor :SEGGER I-CUBE-embOS 1.3.1
2026-05-17 11:03:12,407 [INFO] ThirdParty:1030 - CMSIS Pack Vendor :STMicroelectronics X-CUBE-ALGOBUILD 1.4.0
2026-05-17 11:03:12,407 [INFO] ThirdParty:1030 - CMSIS Pack Vendor :STMicroelectronics X-CUBE-DPower 1.3.0
2026-05-17 11:03:12,407 [INFO] ThirdParty:1030 - CMSIS Pack Vendor :STMicroelectronics USB_DEVICE 1.0.0
2026-05-17 11:03:12,407 [INFO] ThirdParty:1030 - CMSIS Pack Vendor :STMicroelectronics X-CUBE-AZRTOS-H7RS 1.2.0
2026-05-17 11:03:12,407 [INFO] ThirdParty:1030 - CMSIS Pack Vendor :STMicroelectronics X-CUBE-AZRTOS-L4 2.0.0
2026-05-17 11:03:12,407 [INFO] ThirdParty:1030 - CMSIS Pack Vendor :STMicroelectronics ThreadX 0.0.2
2026-05-17 11:03:12,408 [INFO] ThirdParty:1030 - CMSIS Pack Vendor :STMicroelectronics lwIP 2.1.2
2026-05-17 11:03:12,408 [INFO] ThirdParty:1030 - CMSIS Pack Vendor :STMicroelectronics X-CUBE-SFXS2LP1 4.0.0
2026-05-17 11:03:12,408 [INFO] ThirdParty:1030 - CMSIS Pack Vendor :STMicroelectronics X-CUBE-BLE2 3.3.0
2026-05-17 11:03:12,408 [INFO] ThirdParty:1030 - CMSIS Pack Vendor :Avnet-IOTCONNECT X-CUBE-iotc-st67-sdk 1.0.0
2026-05-17 11:03:12,408 [INFO] ThirdParty:1030 - CMSIS Pack Vendor :STMicroelectronics X-CUBE-TOF1 3.4.3
2026-05-17 11:03:12,408 [INFO] ThirdParty:1030 - CMSIS Pack Vendor :Infineon AIROC-Wi-Fi-Bluetooth-STM32 1.8.0
2026-05-17 11:03:12,408 [INFO] ThirdParty:1030 - CMSIS Pack Vendor :STMicroelectronics PDM2PCM 3.2.0
2026-05-17 11:03:12,408 [INFO] ThirdParty:1030 - CMSIS Pack Vendor :STMicroelectronics X-CUBE-WB05N 2.1.0
2026-05-17 11:03:12,408 [INFO] ThirdParty:841 - exiting critical section [change project]
2026-05-17 11:03:12,553 [INFO] PinOutPanel:1589 - setPackage(No Configuration,No Configuration)
2026-05-17 11:03:12,553 [INFO] PinOutPanel:1589 - setPackage(STM32F446RETx,LQFP64)
2026-05-17 11:03:12,875 [INFO] UtilMem:75 - Before build in PCC Used Memory: 791601432 Bytes (1073741824)
2026-05-17 11:03:13,089 [INFO] UtilMem:75 - After build in PCC Used Memory: 841933080 Bytes (1073741824)
2026-05-17 11:03:13,105 [INFO] IPUIPlugin:80 - create IPUIPlugin
2026-05-17 11:03:13,105 [INFO] IPUIPlugin:80 - create IPUIPlugin
2026-05-17 11:03:13,105 [INFO] IPUIPlugin:80 - create IPUIPlugin
2026-05-17 11:03:13,105 [INFO] IPUIPlugin:80 - create IPUIPlugin
2026-05-17 11:03:13,105 [INFO] IPUIPlugin:80 - create IPUIPlugin
2026-05-17 11:03:13,106 [INFO] IPUIPlugin:80 - create IPUIPlugin
2026-05-17 11:03:13,106 [INFO] IPUIPlugin:80 - create IPUIPlugin
2026-05-17 11:03:13,106 [INFO] IPUIPlugin:80 - create IPUIPlugin
2026-05-17 11:03:13,106 [INFO] IPUIPlugin:80 - create IPUIPlugin
2026-05-17 11:03:13,106 [INFO] IPUIPlugin:80 - create IPUIPlugin
2026-05-17 11:03:13,106 [INFO] IPUIPlugin:80 - create IPUIPlugin
2026-05-17 11:03:13,106 [INFO] IPUIPlugin:80 - create IPUIPlugin
2026-05-17 11:03:13,106 [INFO] IPUIPlugin:80 - create IPUIPlugin
2026-05-17 11:03:13,106 [INFO] IPUIPlugin:80 - create IPUIPlugin
2026-05-17 11:03:13,106 [INFO] IPUIPlugin:80 - create IPUIPlugin
2026-05-17 11:03:13,106 [INFO] IPUIPlugin:80 - create IPUIPlugin
2026-05-17 11:03:13,106 [INFO] IPUIPlugin:80 - create IPUIPlugin
2026-05-17 11:03:13,107 [INFO] IPUIPlugin:80 - create IPUIPlugin
2026-05-17 11:03:13,107 [INFO] IPUIPlugin:80 - create IPUIPlugin
2026-05-17 11:03:13,107 [INFO] IPUIPlugin:80 - create IPUIPlugin
2026-05-17 11:03:13,107 [INFO] IPUIPlugin:80 - create IPUIPlugin
2026-05-17 11:03:13,107 [INFO] IPUIPlugin:80 - create IPUIPlugin
2026-05-17 11:03:13,107 [INFO] IPUIPlugin:80 - create IPUIPlugin
2026-05-17 11:03:13,107 [INFO] IPUIPlugin:80 - create IPUIPlugin
2026-05-17 11:03:13,107 [INFO] IPUIPlugin:80 - create IPUIPlugin
2026-05-17 11:03:13,107 [INFO] IPUIPlugin:80 - create IPUIPlugin
2026-05-17 11:03:13,107 [INFO] IPUIPlugin:80 - create IPUIPlugin
2026-05-17 11:03:13,108 [INFO] IPUIPlugin:80 - create IPUIPlugin
2026-05-17 11:03:13,108 [INFO] IPUIPlugin:80 - create IPUIPlugin
2026-05-17 11:03:13,108 [INFO] IPUIPlugin:80 - create IPUIPlugin
2026-05-17 11:03:13,108 [INFO] IPUIPlugin:80 - create IPUIPlugin
2026-05-17 11:03:13,108 [INFO] IPUIPlugin:80 - create IPUIPlugin
2026-05-17 11:03:13,108 [INFO] IPUIPlugin:80 - create IPUIPlugin
2026-05-17 11:03:13,109 [INFO] IPUIPlugin:80 - create IPUIPlugin
2026-05-17 11:03:13,109 [INFO] IPUIPlugin:80 - create IPUIPlugin
2026-05-17 11:03:13,109 [INFO] IPUIPlugin:80 - create IPUIPlugin
2026-05-17 11:03:13,109 [INFO] IPUIPlugin:80 - create IPUIPlugin
2026-05-17 11:03:13,109 [INFO] IPUIPlugin:80 - create IPUIPlugin
2026-05-17 11:03:13,109 [INFO] IPUIPlugin:80 - create IPUIPlugin
2026-05-17 11:03:13,109 [INFO] IPUIPlugin:80 - create IPUIPlugin
2026-05-17 11:03:13,109 [INFO] IPUIPlugin:80 - create IPUIPlugin
2026-05-17 11:03:13,109 [INFO] IPUIPlugin:80 - create IPUIPlugin
2026-05-17 11:03:13,110 [INFO] IPUIPlugin:80 - create IPUIPlugin
2026-05-17 11:03:13,110 [INFO] IPUIPlugin:80 - create IPUIPlugin
2026-05-17 11:03:13,110 [INFO] IPUIPlugin:80 - create IPUIPlugin
2026-05-17 11:03:13,110 [INFO] IPUIPlugin:80 - create IPUIPlugin
2026-05-17 11:03:13,110 [INFO] IPUIPlugin:80 - create IPUIPlugin
2026-05-17 11:03:13,110 [INFO] IPUIPlugin:80 - create IPUIPlugin
2026-05-17 11:03:13,110 [INFO] IPUIPlugin:80 - create IPUIPlugin
2026-05-17 11:03:13,111 [INFO] IPUIPlugin:80 - create IPUIPlugin
2026-05-17 11:03:13,111 [INFO] IPUIPlugin:80 - create IPUIPlugin
2026-05-17 11:03:13,111 [INFO] IPUIPlugin:80 - create IPUIPlugin
2026-05-17 11:03:13,111 [INFO] IPUIPlugin:80 - create IPUIPlugin
2026-05-17 11:03:13,111 [INFO] IPUIPlugin:80 - create IPUIPlugin
2026-05-17 11:03:13,111 [INFO] IPUIPlugin:80 - create IPUIPlugin
2026-05-17 11:03:13,112 [INFO] IPUIPlugin:80 - create IPUIPlugin
2026-05-17 11:03:13,112 [INFO] IPUIPlugin:80 - create IPUIPlugin
2026-05-17 11:03:13,112 [INFO] IPUIPlugin:80 - create IPUIPlugin
2026-05-17 11:03:13,112 [INFO] IPUIPlugin:80 - create IPUIPlugin
2026-05-17 11:03:13,112 [INFO] IPUIPlugin:80 - create IPUIPlugin
2026-05-17 11:03:13,118 [INFO] ApiDbMcu:508 - Load IP Config File for PDM2PCM
2026-05-17 11:03:13,155 [INFO] CADModel:165 - CPN selected for project levelSTM32F446RET6
2026-05-17 11:03:13,155 [INFO] CADModel:114 - Register for checkConnection events
2026-05-17 11:03:13,202 [INFO] OpenFileManager:385 - Restore cursor
2026-05-17 11:03:13,682 [INFO] UtilMem:75 - End SaveConfig() Used Memory: 779435008 Bytes (1073741824)
2026-05-17 11:03:13,771 [INFO] UtilMem:75 - End SaveConfig() Used Memory: 800928768 Bytes (1073741824)
2026-05-17 11:03:14,101 [INFO] BlockDiagram:2775 - set Specific Code input for plugin: SYS
2026-05-17 11:03:14,101 [INFO] BlockDiagram:2775 - set Specific Code input for plugin: RCC
2026-05-17 11:03:14,101 [INFO] BlockDiagram:2775 - set Specific Code input for plugin: NVIC
2026-05-17 11:03:14,102 [INFO] BlockDiagram:2775 - set Specific Code input for plugin: USART
2026-05-17 11:03:14,102 [INFO] BlockDiagram:2775 - set Specific Code input for plugin: GPIO
2026-05-17 11:03:14,103 [INFO] CodeGenerator:882 - code generatio: config db path: B:\ST\STM32CubeIDE_1.18.1\STM32CubeIDE\plugins\com.st.stm32cube.common.mx_6.14.1.202504091515\\db\
2026-05-17 11:03:14,175 [INFO] CodeEngine:263 - oldGeneratedFile, B:\stm32\USART_rb\MXTmpFiles\license.tmp_save
2026-05-17 11:03:14,425 [INFO] CodeEngine:287 - Generated code: B:\stm32\USART_rb\MXTmpFiles\license.tmp
2026-05-17 11:03:14,446 [INFO] CodeEngine:263 - oldGeneratedFile, B:\stm32\USART_rb\MXTmpFiles\gpio.tmp_save
2026-05-17 11:03:14,574 [INFO] CodeEngine:287 - Generated code: B:\stm32\USART_rb\MXTmpFiles\gpio.tmp
2026-05-17 11:03:14,606 [INFO] CodeEngine:263 - oldGeneratedFile, B:\stm32\USART_rb\Core\Src\stm32f4xx_it.c_save
2026-05-17 11:03:14,772 [INFO] CodeEngine:287 - Generated code: B:\stm32\USART_rb\Core\Src\stm32f4xx_it.c
2026-05-17 11:03:14,776 [INFO] CodeEngine:263 - oldGeneratedFile, B:\stm32\USART_rb\Core\Inc\stm32f4xx_it.h_save
2026-05-17 11:03:14,832 [INFO] CodeEngine:287 - Generated code: B:\stm32\USART_rb\Core\Inc\stm32f4xx_it.h
2026-05-17 11:03:14,843 [INFO] CodeEngine:263 - oldGeneratedFile, B:\stm32\USART_rb\Core\Src\stm32f4xx_hal_msp.c_save
2026-05-17 11:03:14,933 [INFO] CodeEngine:287 - Generated code: B:\stm32\USART_rb\Core\Src\stm32f4xx_hal_msp.c
2026-05-17 11:03:14,937 [INFO] CodeEngine:263 - oldGeneratedFile, B:\stm32\USART_rb\MXTmpFiles\system.tmp_save
2026-05-17 11:03:14,982 [INFO] CodeEngine:287 - Generated code: B:\stm32\USART_rb\MXTmpFiles\system.tmp
2026-05-17 11:03:14,991 [INFO] CodeEngine:319 - oldGeneratedFile, B:\stm32\USART_rb\Core\Inc\stm32f4xx_hal_conf.h_save
2026-05-17 11:03:15,043 [INFO] CodeEngine:343 - Generated code: B:\stm32\USART_rb\Core\Inc\stm32f4xx_hal_conf.h
2026-05-17 11:03:15,080 [WARN] IPConfigManager:3217 - Warning: the RefConfig PLL2P_FOR_MCO is not available in your config.xml file
2026-05-17 11:03:15,083 [INFO] ApiDbMcu:508 - Load IP Config File for USART2
2026-05-17 11:03:15,086 [INFO] ApiDbMcu:508 - Load IP Config File for RCC
2026-05-17 11:03:15,093 [INFO] CodeEngine:263 - oldGeneratedFile, B:\stm32\USART_rb\Core\Inc\main.h_save
2026-05-17 11:03:15,160 [INFO] CodeEngine:287 - Generated code: B:\stm32\USART_rb\Core\Inc\main.h
2026-05-17 11:03:15,164 [INFO] CodeEngine:263 - oldGeneratedFile, B:\stm32\USART_rb\Core\Src\main.c_save
2026-05-17 11:03:15,234 [INFO] CodeEngine:287 - Generated code: B:\stm32\USART_rb\Core\Src\main.c
2026-05-17 11:03:15,547 [INFO] ProjectBuilder:3324 - Time for Copy HAL[1] : 172mS.
2026-05-17 11:03:15,551 [INFO] ProjectBuilder:4912 - Project Generator version: 4.6.0.1-B1
2026-05-17 11:03:15,609 [INFO] ConfigFileManager:1590 - The Die is : DIE421
2026-05-17 11:03:15,611 [INFO] ApiDbMcu:508 - Load IP Config File for FATFS
2026-05-17 11:03:15,614 [INFO] ApiDbMcu:508 - Load IP Config File for FREERTOS
2026-05-17 11:03:15,615 [INFO] ApiDbMcu:508 - Load IP Config File for LIBJPEG
2026-05-17 11:03:15,618 [INFO] ApiDbMcu:508 - Load IP Config File for MBEDTLS
2026-05-17 11:03:15,621 [INFO] ApiDbMcu:508 - Load IP Config File for USB_DEVICE
2026-05-17 11:03:15,623 [INFO] ApiDbMcu:508 - Load IP Config File for USB_HOST
2026-05-17 11:03:16,912 [INFO] ProjectBuilder:5191 - Time for Generating toolchain IDE Files: 1361mS.
2026-05-17 11:03:16,913 [INFO] ProjectBuilder:3181 - Time for Copy CMSIS : 0mS.
2026-05-17 11:03:16,915 [INFO] ProjectBuilder:3181 - Time for Copy CMSIS : 0mS.
2026-05-17 11:03:17,819 [INFO] McuFinderGlobals:76 - Set McuFinderConnectedMode to true
2026-05-17 11:03:17,822 [INFO] ApiDb:448 - Save user favorites file C:\Users\moonc/.stm32cubeide/favorites.mcus.txt: 0 item(s)
2026-05-17 11:03:17,822 [INFO] ApiDb:452 - User favorites MCUs=[]
2026-05-17 11:03:17,824 [INFO] ApiDb:448 - Save user favorites file C:\Users\moonc/.stm32cubeide/favorites.boards.txt: 1 item(s)
2026-05-17 11:03:17,825 [INFO] ApiDb:452 - User favorites Boards=[NUCLEO-F446RE]
2026-05-17 11:09:32,279 [ERROR] LogOutputStream:75 - [STDERR_REDIRECT] 
