2026-05-28 19:42:08,022 [INFO] Activator:176 - 


2026-05-28 19:42:08,026 [INFO] Activator:177 - !SESSION log4j initialized
2026-05-28 19:42:13,223 [INFO] LogOutputStream:77 - [STDOUT_REDIRECT] 
2026-05-28 19:42:14,638 [INFO] ApplicationProperties:184 - Using Application install path: B:\ST\STM32CubeIDE_1.18.1\STM32CubeIDE\plugins\com.st.stm32cube.common.mx_6.14.1.202504091515
2026-05-28 19:42:14,653 [INFO] DbMcusXml:78 - Set database path to: B:\ST\STM32CubeIDE_1.18.1\STM32CubeIDE\plugins\com.st.stm32cube.common.mx_6.14.1.202504091515\\db\/mcu/
2026-05-28 19:42:14,653 [INFO] ApiDb:274 - Set plugin database path to: B:\ST\STM32CubeIDE_1.18.1\STM32CubeIDE\plugins\com.st.stm32cube.common.mx_6.14.1.202504091515\\db\/plugins/boardmanager/
2026-05-28 19:42:14,653 [WARN] ApiDb:259 - Overriding images path with different value:  => B:\ST\STM32CubeIDE_1.18.1\STM32CubeIDE\plugins\com.st.stm32cube.common.mx_6.14.1.202504091515\\db\/plugins/mcufinder/images/
2026-05-28 19:42:14,660 [INFO] ApiDb:250 - Set database path to: C:\Users\moonc\.stmcufinder\plugins\mcufinder//mcu/
2026-05-28 19:42:14,673 [INFO] DbMcusAds:125 - Set database path to: C:\Users\moonc\.stmcufinder\plugins\mcufinder//mcu/
2026-05-28 19:42:14,674 [INFO] CrossReferenceDbSqlite:203 - Set database path to: C:\Users\moonc\.stmcufinder\plugins\mcufinder//mcu/cs/
2026-05-28 19:42:14,764 [INFO] RulesReader:64 - Compatibility file has been processed (302 Rules)
2026-05-28 19:42:14,851 [INFO] DbMcusXml:78 - Set database path to: B:\ST\STM32CubeIDE_1.18.1\STM32CubeIDE\plugins\com.st.stm32cube.common.mx_6.14.1.202504091515\\db\/mcu/
2026-05-28 19:42:14,851 [INFO] ApiDb:274 - Set plugin database path to: B:\ST\STM32CubeIDE_1.18.1\STM32CubeIDE\plugins\com.st.stm32cube.common.mx_6.14.1.202504091515\\db\/plugins/boardmanager/
2026-05-28 19:42:14,851 [INFO] ApiDb:261 - Set plugin images path to: B:\ST\STM32CubeIDE_1.18.1\STM32CubeIDE\plugins\com.st.stm32cube.common.mx_6.14.1.202504091515\\db\/plugins/mcufinder/images/
2026-05-28 19:42:14,852 [WARN] DbFile:41 - Overriding database path with different value: C:\Users\moonc\.stmcufinder\plugins\mcufinder/ => C:\Users\moonc\.stmcufinder\plugins\mcufinder
2026-05-28 19:42:14,852 [INFO] ApiDb:250 - Set database path to: C:\Users\moonc\.stmcufinder\plugins\mcufinder//mcu/
2026-05-28 19:42:14,852 [WARN] DbFile:41 - Overriding database path with different value: C:\Users\moonc\.stmcufinder\plugins\mcufinder/ => C:\Users\moonc\.stmcufinder\plugins\mcufinder
2026-05-28 19:42:14,852 [INFO] DbMcusAds:125 - Set database path to: C:\Users\moonc\.stmcufinder\plugins\mcufinder//mcu/
2026-05-28 19:42:14,852 [WARN] DbFile:41 - Overriding database path with different value: C:\Users\moonc\.stmcufinder\plugins\mcufinder/ => C:\Users\moonc\.stmcufinder\plugins\mcufinder
2026-05-28 19:42:14,852 [WARN] DbFile:41 - Overriding database path with different value: C:\Users\moonc\.stmcufinder\plugins\mcufinder/ => C:\Users\moonc\.stmcufinder\plugins\mcufinder
2026-05-28 19:42:14,852 [INFO] CrossReferenceDbSqlite:203 - Set database path to: C:\Users\moonc\.stmcufinder\plugins\mcufinder//mcu/cs/
2026-05-28 19:42:14,934 [INFO] MainPanel:272 - HeapMemory: 268435456
2026-05-28 19:42:15,032 [INFO] DbMcusXml:78 - Set database path to: B:\ST\STM32CubeIDE_1.18.1\STM32CubeIDE\plugins\com.st.stm32cube.common.mx_6.14.1.202504091515\\db\/mcu/
2026-05-28 19:42:15,032 [INFO] ApiDb:274 - Set plugin database path to: B:\ST\STM32CubeIDE_1.18.1\STM32CubeIDE\plugins\com.st.stm32cube.common.mx_6.14.1.202504091515\\db\/plugins/boardmanager/
2026-05-28 19:42:15,032 [INFO] ApiDb:261 - Set plugin images path to: B:\ST\STM32CubeIDE_1.18.1\STM32CubeIDE\plugins\com.st.stm32cube.common.mx_6.14.1.202504091515\\db\/plugins/mcufinder/images/
2026-05-28 19:42:15,032 [WARN] DbFile:41 - Overriding database path with different value: C:\Users\moonc\.stmcufinder\plugins\mcufinder/ => C:\Users\moonc\.stmcufinder\plugins\mcufinder
2026-05-28 19:42:15,033 [INFO] ApiDb:250 - Set database path to: C:\Users\moonc\.stmcufinder\plugins\mcufinder//mcu/
2026-05-28 19:42:15,033 [WARN] DbFile:41 - Overriding database path with different value: C:\Users\moonc\.stmcufinder\plugins\mcufinder/ => C:\Users\moonc\.stmcufinder\plugins\mcufinder
2026-05-28 19:42:15,033 [INFO] DbMcusAds:125 - Set database path to: C:\Users\moonc\.stmcufinder\plugins\mcufinder//mcu/
2026-05-28 19:42:15,033 [WARN] DbFile:41 - Overriding database path with different value: C:\Users\moonc\.stmcufinder\plugins\mcufinder/ => C:\Users\moonc\.stmcufinder\plugins\mcufinder
2026-05-28 19:42:15,033 [WARN] DbFile:41 - Overriding database path with different value: C:\Users\moonc\.stmcufinder\plugins\mcufinder/ => C:\Users\moonc\.stmcufinder\plugins\mcufinder
2026-05-28 19:42:15,033 [INFO] CrossReferenceDbSqlite:203 - Set database path to: C:\Users\moonc\.stmcufinder\plugins\mcufinder//mcu/cs/
2026-05-28 19:42:15,050 [INFO] ApplicationProperties:184 - Using Application install path: B:\ST\STM32CubeIDE_1.18.1\STM32CubeIDE\plugins\com.st.stm32cube.common.mx_6.14.1.202504091515
2026-05-28 19:42:15,051 [INFO] PluginManage:196 - Search for loadable plugins [exclusion list=, ]
2026-05-28 19:42:15,052 [INFO] PluginManage:310 - Check plugin analytics
2026-05-28 19:42:15,200 [INFO] AnalyticsPlugin:253 - Accepted Software Licenses: 
2026-05-28 19:42:15,200 [INFO] AnalyticsPlugin:255 - Accepted CMSIS Pack Licenses: 
2026-05-28 19:42:15,201 [INFO] AnalyticsPlugin:257 - Accepted Firmware Licenses: FW.F7.1.17.0,FW.F4.1.28.0
2026-05-28 19:42:15,203 [INFO] PluginManage:359 - Loaded plugin analytics (category:tool,tabindex:-1)
2026-05-28 19:42:15,204 [INFO] PluginManage:310 - Check plugin cadmodel
2026-05-28 19:42:15,209 [INFO] CADModel:105 - Init CAD model plugin
2026-05-28 19:42:15,209 [INFO] PluginManage:359 - Loaded plugin cadmodel (category:power,tabindex:5)
2026-05-28 19:42:15,209 [INFO] PluginManage:310 - Check plugin clock
2026-05-28 19:42:15,217 [INFO] PluginManage:359 - Loaded plugin clock (category:base,tabindex:2)
2026-05-28 19:42:15,218 [INFO] PluginManage:310 - Check plugin ddr
2026-05-28 19:42:15,219 [INFO] PluginManage:359 - Loaded plugin ddr (category:tool,tabindex:6)
2026-05-28 19:42:15,220 [INFO] PluginManage:310 - Check plugin filemanager
2026-05-28 19:42:15,344 [INFO] PluginManage:359 - Loaded plugin filemanager (category:base,tabindex:10)
2026-05-28 19:42:15,344 [INFO] PluginManage:310 - Check plugin ipmanager
2026-05-28 19:42:15,351 [INFO] PluginManage:359 - Loaded plugin ipmanager (category:base,tabindex:5)
2026-05-28 19:42:15,352 [INFO] PluginManage:310 - Check plugin lpbam
2026-05-28 19:42:15,358 [INFO] PluginManage:359 - Loaded plugin lpbam (category:base,tabindex:0)
2026-05-28 19:42:15,358 [INFO] PluginManage:310 - Check plugin memorymap
2026-05-28 19:42:15,372 [INFO] PluginManage:359 - Loaded plugin memorymap (category:base,tabindex:4)
2026-05-28 19:42:15,373 [INFO] PluginManage:310 - Check plugin pinoutandconfiguration
2026-05-28 19:42:15,380 [INFO] PluginManage:359 - Loaded plugin pinoutandconfiguration (category:base,tabindex:1)
2026-05-28 19:42:15,380 [INFO] PluginManage:310 - Check plugin pinoutconfig
2026-05-28 19:42:15,452 [WARN] SupportedApi:132 - Cannot load RTOS API schema: s4s-elt-must-match.1: The content of 'definitions' must match (annotation?, (simpleType | complexType)?, (unique | key | keyref)*)). A problem was found starting at: attribute.
2026-05-28 19:42:15,564 [INFO] PluginManage:359 - Loaded plugin pinoutconfig (category:base,tabindex:0)
2026-05-28 19:42:15,564 [INFO] PluginManage:310 - Check plugin power
2026-05-28 19:42:15,572 [INFO] PluginManage:359 - Loaded plugin power (category:power,tabindex:4)
2026-05-28 19:42:15,572 [INFO] PluginManage:310 - Check plugin projectmanager
2026-05-28 19:42:15,586 [INFO] PluginManage:359 - Loaded plugin projectmanager (category:projectmanager,tabindex:4)
2026-05-28 19:42:15,586 [INFO] PluginManage:310 - Check plugin rif
2026-05-28 19:42:15,595 [INFO] PluginManage:359 - Loaded plugin rif (category:base,tabindex:3)
2026-05-28 19:42:15,595 [INFO] PluginManage:310 - Check plugin thirdparty
2026-05-28 19:42:15,710 [INFO] PluginManage:359 - Loaded plugin thirdparty (category:base,tabindex:-1)
2026-05-28 19:42:15,710 [WARN] IntegrityCheckThread:84 - waiting for thirdparty lock release [integrity check]
2026-05-28 19:42:15,710 [INFO] PluginManage:310 - Check plugin tools
2026-05-28 19:42:15,710 [INFO] IntegrityCheckThread:86 - entering critical section [integrity check]
2026-05-28 19:42:15,711 [INFO] ThirdPartyUpdaterWithRetryManager:70 - Updater plugin not ready yet. [1/15]
2026-05-28 19:42:15,712 [INFO] PluginManage:359 - Loaded plugin tools (category:base,tabindex:7)
2026-05-28 19:42:15,712 [INFO] PluginManage:310 - Check plugin tutovideos
2026-05-28 19:42:15,851 [INFO] PluginManage:359 - Loaded plugin tutovideos (category:base,tabindex:-1)
2026-05-28 19:42:15,851 [INFO] PluginManage:310 - Check plugin updater
2026-05-28 19:42:15,869 [INFO] PluginManage:359 - Loaded plugin updater (category:base,tabindex:12)
2026-05-28 19:42:15,869 [INFO] PluginManage:310 - Check plugin userauth
2026-05-28 19:42:15,872 [INFO] UserAuth:118 - Init User Auth plugin
2026-05-28 19:42:15,873 [INFO] PluginManage:359 - Loaded plugin userauth (category:base,tabindex:14)
2026-05-28 19:42:15,873 [INFO] PluginManage:283 - PluginManage : Loaded plugins [18]
2026-05-28 19:42:16,055 [INFO] PinOutPanel:1589 - setPackage(No Configuration,No Configuration)
2026-05-28 19:42:16,147 [INFO] CADModel:165 - CPN selected for project level
2026-05-28 19:42:16,147 [INFO] CADModel:114 - Register for checkConnection events
2026-05-28 19:42:16,166 [INFO] IPUIPlugin:80 - create IPUIPlugin
2026-05-28 19:42:16,166 [INFO] PluginManager:220 - loadIPPluginJar : add adc
2026-05-28 19:42:16,169 [INFO] IPUIPlugin:80 - create IPUIPlugin
2026-05-28 19:42:16,169 [INFO] PluginManager:220 - loadIPPluginJar : add aes
2026-05-28 19:42:16,172 [INFO] IPUIPlugin:80 - create IPUIPlugin
2026-05-28 19:42:16,173 [INFO] PluginManager:220 - loadIPPluginJar : add can
2026-05-28 19:42:16,174 [INFO] IPUIPlugin:80 - create IPUIPlugin
2026-05-28 19:42:16,174 [INFO] PluginManager:220 - loadIPPluginJar : add comp
2026-05-28 19:42:16,177 [INFO] IPUIPlugin:80 - create IPUIPlugin
2026-05-28 19:42:16,177 [INFO] PluginManager:220 - loadIPPluginJar : add cryp
2026-05-28 19:42:16,181 [INFO] IPUIPlugin:80 - create IPUIPlugin
2026-05-28 19:42:16,181 [INFO] PluginManager:220 - loadIPPluginJar : add ddr_ctrl_phy
2026-05-28 19:42:16,184 [INFO] IPUIPlugin:80 - create IPUIPlugin
2026-05-28 19:42:16,184 [INFO] PluginManager:220 - loadIPPluginJar : add dfsdm
2026-05-28 19:42:16,190 [INFO] IPUIPlugin:80 - create IPUIPlugin
2026-05-28 19:42:16,191 [INFO] PluginManager:220 - loadIPPluginJar : add dma
2026-05-28 19:42:16,195 [INFO] IPUIPlugin:80 - create IPUIPlugin
2026-05-28 19:42:16,195 [INFO] PluginManager:220 - loadIPPluginJar : add dma3
2026-05-28 19:42:16,198 [INFO] IPUIPlugin:80 - create IPUIPlugin
2026-05-28 19:42:16,198 [INFO] PluginManager:220 - loadIPPluginJar : add extmemmanager
2026-05-28 19:42:16,200 [INFO] IPUIPlugin:80 - create IPUIPlugin
2026-05-28 19:42:16,200 [INFO] PluginManager:220 - loadIPPluginJar : add fatfs
2026-05-28 19:42:16,206 [INFO] IPUIPlugin:80 - create IPUIPlugin
2026-05-28 19:42:16,206 [INFO] PluginManager:220 - loadIPPluginJar : add fmc
2026-05-28 19:42:16,213 [INFO] IPUIPlugin:80 - create IPUIPlugin
2026-05-28 19:42:16,213 [INFO] PluginManager:220 - loadIPPluginJar : add freertos
2026-05-28 19:42:16,215 [INFO] IPUIPlugin:80 - create IPUIPlugin
2026-05-28 19:42:16,215 [INFO] PluginManager:220 - loadIPPluginJar : add genericplugin
2026-05-28 19:42:16,218 [INFO] IPUIPlugin:80 - create IPUIPlugin
2026-05-28 19:42:16,218 [INFO] PluginManager:220 - loadIPPluginJar : add gfxmmu
2026-05-28 19:42:16,225 [INFO] IPUIPlugin:80 - create IPUIPlugin
2026-05-28 19:42:16,225 [INFO] PluginManager:220 - loadIPPluginJar : add gic
2026-05-28 19:42:16,229 [INFO] IPUIPlugin:80 - create IPUIPlugin
2026-05-28 19:42:16,230 [INFO] PluginManager:220 - loadIPPluginJar : add gpio
2026-05-28 19:42:16,233 [INFO] IPUIPlugin:80 - create IPUIPlugin
2026-05-28 19:42:16,233 [INFO] PluginManager:220 - loadIPPluginJar : add gtzc
2026-05-28 19:42:16,236 [INFO] IPUIPlugin:80 - create IPUIPlugin
2026-05-28 19:42:16,236 [INFO] PluginManager:220 - loadIPPluginJar : add hash
2026-05-28 19:42:16,239 [INFO] IPUIPlugin:80 - create IPUIPlugin
2026-05-28 19:42:16,239 [INFO] PluginManager:220 - loadIPPluginJar : add i2c
2026-05-28 19:42:16,241 [INFO] IPUIPlugin:80 - create IPUIPlugin
2026-05-28 19:42:16,241 [INFO] PluginManager:220 - loadIPPluginJar : add i2s
2026-05-28 19:42:16,244 [INFO] IPUIPlugin:80 - create IPUIPlugin
2026-05-28 19:42:16,244 [INFO] PluginManager:220 - loadIPPluginJar : add i3c
2026-05-28 19:42:16,247 [INFO] IPUIPlugin:80 - create IPUIPlugin
2026-05-28 19:42:16,247 [INFO] PluginManager:220 - loadIPPluginJar : add ipddr
2026-05-28 19:42:16,253 [INFO] IPUIPlugin:80 - create IPUIPlugin
2026-05-28 19:42:16,254 [INFO] PluginManager:220 - loadIPPluginJar : add linkedlist
2026-05-28 19:42:16,257 [INFO] IPUIPlugin:80 - create IPUIPlugin
2026-05-28 19:42:16,257 [INFO] PluginManager:220 - loadIPPluginJar : add lorawan
2026-05-28 19:42:16,259 [INFO] IPUIPlugin:80 - create IPUIPlugin
2026-05-28 19:42:16,259 [INFO] PluginManager:220 - loadIPPluginJar : add ltdc
2026-05-28 19:42:16,263 [INFO] IPUIPlugin:80 - create IPUIPlugin
2026-05-28 19:42:16,263 [INFO] PluginManager:220 - loadIPPluginJar : add mdma
2026-05-28 19:42:16,266 [INFO] IPUIPlugin:80 - create IPUIPlugin
2026-05-28 19:42:16,266 [INFO] PluginManager:220 - loadIPPluginJar : add nvic
2026-05-28 19:42:16,268 [INFO] IPUIPlugin:80 - create IPUIPlugin
2026-05-28 19:42:16,268 [INFO] PluginManager:220 - loadIPPluginJar : add opamp
2026-05-28 19:42:16,271 [INFO] IPUIPlugin:80 - create IPUIPlugin
2026-05-28 19:42:16,271 [INFO] PluginManager:220 - loadIPPluginJar : add openamp
2026-05-28 19:42:16,273 [INFO] IPUIPlugin:80 - create IPUIPlugin
2026-05-28 19:42:16,273 [INFO] PluginManager:220 - loadIPPluginJar : add pdm2pcm
2026-05-28 19:42:16,278 [INFO] IPUIPlugin:80 - create IPUIPlugin
2026-05-28 19:42:16,280 [INFO] PluginManager:220 - loadIPPluginJar : add plateformsettings
2026-05-28 19:42:16,282 [INFO] IPUIPlugin:80 - create IPUIPlugin
2026-05-28 19:42:16,282 [INFO] PluginManager:220 - loadIPPluginJar : add quadspi
2026-05-28 19:42:16,284 [INFO] IPUIPlugin:80 - create IPUIPlugin
2026-05-28 19:42:16,284 [INFO] PluginManager:220 - loadIPPluginJar : add radio
2026-05-28 19:42:16,287 [INFO] IPUIPlugin:80 - create IPUIPlugin
2026-05-28 19:42:16,288 [INFO] PluginManager:220 - loadIPPluginJar : add resmgrutility
2026-05-28 19:42:16,290 [INFO] IPUIPlugin:80 - create IPUIPlugin
2026-05-28 19:42:16,290 [INFO] PluginManager:220 - loadIPPluginJar : add sai
2026-05-28 19:42:16,291 [INFO] IPUIPlugin:80 - create IPUIPlugin
2026-05-28 19:42:16,292 [INFO] PluginManager:220 - loadIPPluginJar : add spi
2026-05-28 19:42:16,296 [INFO] IPUIPlugin:80 - create IPUIPlugin
2026-05-28 19:42:16,296 [INFO] PluginManager:220 - loadIPPluginJar : add stm32_wpan
2026-05-28 19:42:16,298 [INFO] IPUIPlugin:80 - create IPUIPlugin
2026-05-28 19:42:16,298 [INFO] PluginManager:220 - loadIPPluginJar : add tim
2026-05-28 19:42:16,300 [INFO] IPUIPlugin:80 - create IPUIPlugin
2026-05-28 19:42:16,300 [INFO] PluginManager:220 - loadIPPluginJar : add touchsensing
2026-05-28 19:42:16,302 [INFO] IPUIPlugin:80 - create IPUIPlugin
2026-05-28 19:42:16,302 [INFO] PluginManager:220 - loadIPPluginJar : add tracer_emb
2026-05-28 19:42:16,304 [INFO] IPUIPlugin:80 - create IPUIPlugin
2026-05-28 19:42:16,304 [INFO] PluginManager:220 - loadIPPluginJar : add ts
2026-05-28 19:42:16,305 [INFO] IPUIPlugin:80 - create IPUIPlugin
2026-05-28 19:42:16,305 [INFO] PluginManager:220 - loadIPPluginJar : add tsc
2026-05-28 19:42:16,306 [INFO] IPUIPlugin:80 - create IPUIPlugin
2026-05-28 19:42:16,306 [INFO] PluginManager:220 - loadIPPluginJar : add ucpd
2026-05-28 19:42:16,308 [INFO] IPUIPlugin:80 - create IPUIPlugin
2026-05-28 19:42:16,308 [INFO] PluginManager:220 - loadIPPluginJar : add usart
2026-05-28 19:42:16,312 [INFO] IPUIPlugin:80 - create IPUIPlugin
2026-05-28 19:42:16,312 [INFO] PluginManager:220 - loadIPPluginJar : add usbx
2026-05-28 19:42:16,443 [FATAL] Updater:351 - Updater called before beeing initialized
2026-05-28 19:42:16,467 [INFO] RulesReader:64 - Compatibility file has been processed (302 Rules)
2026-05-28 19:42:16,474 [INFO] RulesReader:64 - Compatibility file has been processed (302 Rules)
2026-05-28 19:42:16,485 [INFO] CADModel:165 - CPN selected for project level
2026-05-28 19:42:16,485 [INFO] CADModel:114 - Register for checkConnection events
2026-05-28 19:42:16,485 [FATAL] Updater:351 - Updater called before beeing initialized
2026-05-28 19:42:16,485 [ERROR] CADModel:125 - Updater not yet initialized, retry later 
2026-05-28 19:42:16,654 [FATAL] Updater:351 - Updater called before beeing initialized
2026-05-28 19:42:16,655 [INFO] CADModel:165 - CPN selected for project level
2026-05-28 19:42:16,655 [INFO] CADModel:114 - Register for checkConnection events
2026-05-28 19:42:16,655 [FATAL] Updater:351 - Updater called before beeing initialized
2026-05-28 19:42:16,655 [ERROR] CADModel:125 - Updater not yet initialized, retry later 
2026-05-28 19:42:16,659 [FATAL] Updater:351 - Updater called before beeing initialized
2026-05-28 19:42:16,925 [FATAL] Updater:351 - Updater called before beeing initialized
2026-05-28 19:42:16,929 [INFO] DbMcusAds:53 - JSON generation date=Mon Apr 27 17:14:29 KST 2026 (1777277669577)
2026-05-28 19:42:16,930 [FATAL] Updater:351 - Updater called before beeing initialized
2026-05-28 19:42:16,960 [WARN] DetailPanel:346 - Failed to get advertising image, set to default
2026-05-28 19:42:17,204 [FATAL] Updater:351 - Updater called before beeing initialized
2026-05-28 19:42:17,206 [FATAL] Updater:351 - Updater called before beeing initialized
2026-05-28 19:42:17,206 [FATAL] Updater:351 - Updater called before beeing initialized
2026-05-28 19:42:17,206 [WARN] DetailPanel:346 - Failed to get advertising image, set to default
2026-05-28 19:42:17,207 [FATAL] Updater:351 - Updater called before beeing initialized
2026-05-28 19:42:17,249 [ERROR] Updater:1198 - MainUpdater not yet initialized. External WinMGr cannot be set.
2026-05-28 19:42:17,251 [INFO] Updater:1134 - Updater Version found : 6.14.1
2026-05-28 19:42:17,266 [INFO] ApplicationProperties:184 - Using Application install path: B:\ST\STM32CubeIDE_1.18.1\STM32CubeIDE\plugins\com.st.stm32cube.common.mx_6.14.1.202504091515
2026-05-28 19:42:17,640 [INFO] MainUpdater:2872 - connection check result : 10
2026-05-28 19:42:17,640 [INFO] MainUpdater:3566 - Updater definition file requires update
2026-05-28 19:42:17,641 [INFO] MainUpdater:289 - Updater Check For Update Now.
2026-05-28 19:42:17,642 [INFO] MicroXplorer:498 - Change Database Version : DB.6.0.141
2026-05-28 19:42:17,646 [INFO] McuFinderGlobals:63 - Set McuFinder mode to 2 (CubeIDE integrated)
2026-05-28 19:42:17,646 [INFO] UserAuth:171 - activating auth plugin
2026-05-28 19:42:17,648 [INFO] UserAuth:484 - Internet connection configuration mode: 1
2026-05-28 19:42:17,660 [INFO] JxBrowserEngine:152 - Initiate JxBrowser Engine with user profile folder
2026-05-28 19:42:17,700 [INFO] ServerAccessManage:473 - Download File updaters.zip
2026-05-28 19:42:17,890 [INFO] FileExtend:242 - Unzip File : updaters.zip
2026-05-28 19:42:17,890 [INFO] FileExtend:257 - Standard Zip Deflate
2026-05-28 19:42:18,565 [INFO] ServerAccessManage:473 - Download File PacksControlFlags.xml
2026-05-28 19:42:18,652 [INFO] ServerAccessManage:473 - Download File cubemx.pidx
2026-05-28 19:42:18,712 [WARN] MainUpdater:1193 - Updater busy. Cannot search thirdparties
2026-05-28 19:42:18,712 [INFO] ThirdPartyUpdaterWithRetryManager:96 - Updater plugin is busy. [1/15]
2026-05-28 19:42:19,002 [INFO] WebApp:169 - Instantiating new browser for Auth
2026-05-28 19:42:19,704 [INFO] ServerAccessManage:473 - Download File STMicroelectronics.X-CUBE-ALGOBUILD.pdsc
2026-05-28 19:42:19,961 [INFO] WebApp:463 - Apply proxy settings
2026-05-28 19:42:19,961 [INFO] WebApp:548 - Chromium requires no authentication
2026-05-28 19:42:19,969 [INFO] WebApp:491 - Direct internet connection detected
2026-05-28 19:42:19,986 [INFO] WebApp:894 - Register for checkConnection events
2026-05-28 19:42:19,986 [INFO] WebApp:463 - Apply proxy settings
2026-05-28 19:42:19,986 [INFO] WebApp:548 - Chromium requires no authentication
2026-05-28 19:42:19,986 [INFO] WebApp:491 - Direct internet connection detected
2026-05-28 19:42:20,107 [INFO] WebApp:225 - Starting web application
2026-05-28 19:42:20,107 [INFO] WebApp:593 - Web application path used B:\ST\STM32CubeIDE_1.18.1\STM32CubeIDE\plugins\com.st.stm32cube.common.mx_6.14.1.202504091515\db\plugins\mcufinder\reactClient1\index.html
2026-05-28 19:42:20,475 [INFO] WebApp:191 - Connection restablished
2026-05-28 19:42:20,865 [WARN] PackLoader:240 - Cannot read IP mode file for STMicroelectronics.X-CUBE-ALGOBUILD.1.5.0
2026-05-28 19:42:20,868 [INFO] PopulateThirdPartyThread:66 - Ending populate Thread
2026-05-28 19:42:20,870 [INFO] ThirdParty:1030 - CMSIS Pack Vendor :STMicroelectronics X-CUBE-ALGOBUILD 1.5.0
2026-05-28 19:42:20,870 [INFO] LoadServerUpdatesThread:375 - End of LoadServerUpdate Thread
2026-05-28 19:42:20,954 [INFO] CheckServerUpdateThread:120 - End of CheckServer Thread
2026-05-28 19:42:22,060 [WARN] PackLoader:240 - Cannot read IP mode file for STMicroelectronics.X-CUBE-AZRTOS-H7.3.5.0
2026-05-28 19:42:22,069 [WARN] PackLoader:240 - Cannot read IP mode file for STMicroelectronics.FP-ATR-ASTRA1.2.0.2
2026-05-28 19:42:22,078 [WARN] PackLoader:240 - Cannot read IP mode file for STMicroelectronics.X-CUBE-SMBUS.2.1.0
2026-05-28 19:42:22,091 [WARN] PackLoader:240 - Cannot read IP mode file for STMicroelectronics.X-CUBE-AZRTOS-F7.1.1.0
2026-05-28 19:42:22,096 [ERROR] Engine:466 - C:\Users\moonc\.stm32cubemx\thirdparties\pdsc\STMicroelectronics.FP-SNS-MOTENV1.5.1.0.pdsc: PDSC version is not supported
2026-05-28 19:42:22,098 [ERROR] Engine:466 - C:\Users\moonc\.stm32cubemx\thirdparties\pdsc\WES.I-CUBE-Cesium.1.4.0.pdsc: PDSC version is not supported
2026-05-28 19:42:22,104 [WARN] PackLoader:240 - Cannot read IP mode file for STMicroelectronics.X-CUBE-DISPLAY.3.0.0
2026-05-28 19:42:22,116 [WARN] PackLoader:240 - Cannot read IP mode file for STMicroelectronics.X-CUBE-GNSS1.7.1.1
2026-05-28 19:42:22,118 [ERROR] Engine:466 - C:\Users\moonc\.stm32cubemx\thirdparties\pdsc\STMicroelectronics.FP-SNS-MOTENVWB1.1.5.0.pdsc: PDSC version is not supported
2026-05-28 19:42:22,124 [WARN] PackLoader:240 - Cannot read IP mode file for wolfSSL.I-CUBE-wolfSSL.5.9.1
2026-05-28 19:42:22,130 [WARN] PackLoader:240 - Cannot read IP mode file for STMicroelectronics.X-CUBE-NFC10.1.0.0
2026-05-28 19:42:22,136 [WARN] PackLoader:240 - Cannot read IP mode file for STMicroelectronics.X-CUBE-ST60.1.1.0
2026-05-28 19:42:22,143 [WARN] PackLoader:240 - Cannot read IP mode file for emotas.I-CUBE-CANOPEN.1.3.0
2026-05-28 19:42:22,145 [ERROR] Engine:466 - C:\Users\moonc\.stm32cubemx\thirdparties\pdsc\STMicroelectronics.FP-SNS-STBOX1.2.1.0.pdsc: PDSC version is not supported
2026-05-28 19:42:22,150 [WARN] PackLoader:240 - Cannot read IP mode file for STMicroelectronics.FP-SNS-SMARTAG2.1.2.0
2026-05-28 19:42:22,155 [WARN] PackLoader:240 - Cannot read IP mode file for STMicroelectronics.FP-SNS-FLIGHT1.5.1.0
2026-05-28 19:42:22,164 [INFO] LogOutputStream:77 - [STDOUT_REDIRECT] 1 : Invalid condition id : UX_CORESTACK_Condition cause : null
2026-05-28 19:42:22,164 [INFO] LogOutputStream:77 - [STDOUT_REDIRECT] 1 : Invalid condition id : UX_CORESTACK_Condition cause : null
2026-05-28 19:42:22,165 [INFO] LogOutputStream:77 - [STDOUT_REDIRECT] 1 : Invalid condition id : UX_CORESTACK_Condition cause : null
2026-05-28 19:42:22,166 [INFO] LogOutputStream:77 - [STDOUT_REDIRECT] 1 : Invalid condition id : UX_CORESTACK_Condition cause : null
2026-05-28 19:42:22,166 [INFO] LogOutputStream:77 - [STDOUT_REDIRECT] 1 : Invalid condition id : UX_CORESTACK_Condition cause : null
2026-05-28 19:42:22,168 [WARN] PackLoader:240 - Cannot read IP mode file for STMicroelectronics.X-CUBE-AZRTOS-WL.2.0.0
2026-05-28 19:42:22,184 [WARN] PackLoader:240 - Cannot read IP mode file for STMicroelectronics.X-CUBE-AZRTOS-H7RS.1.2.0
2026-05-28 19:42:22,191 [WARN] PackLoader:240 - Cannot read IP mode file for STMicroelectronics.X-CUBE-BLE2.3.3.0
2026-05-28 19:42:22,223 [WARN] PackLoader:240 - Cannot read IP mode file for Infineon.AIROC-Wi-Fi-Bluetooth-STM32.1.8.0
2026-05-28 19:42:22,232 [WARN] PackLoader:240 - Cannot read IP mode file for STMicroelectronics.X-CUBE-NFC9.1.0.0
2026-05-28 19:42:22,238 [WARN] PackLoader:240 - Cannot read IP mode file for STMicroelectronics.X-CUBE-BLE1.7.1.0
2026-05-28 19:42:22,244 [WARN] PackLoader:240 - Cannot read IP mode file for wolfSSL.I-CUBE-wolfMQTT.1.19.2
2026-05-28 19:42:22,251 [WARN] PackLoader:240 - Cannot read IP mode file for STMicroelectronics.X-CUBE-EEPRMA1.5.2.0
2026-05-28 19:42:22,256 [ERROR] Engine:466 - C:\Users\moonc\.stm32cubemx\thirdparties\pdsc\STMicroelectronics.FP-SNS-STAIOTCFT.1.1.0.pdsc: PDSC version is not supported
2026-05-28 19:42:22,266 [WARN] PackLoader:240 - Cannot read IP mode file for STMicroelectronics.X-CUBE-AZRTOS-G0.1.1.0
2026-05-28 19:42:22,273 [WARN] PackLoader:240 - Cannot read IP mode file for STMicroelectronics.X-CUBE-NFC4.3.0.0
2026-05-28 19:42:22,281 [WARN] PackLoader:240 - Cannot read IP mode file for EmbeddedOffice.I-CUBE-FS-RTOS.1.0.1
2026-05-28 19:42:22,286 [WARN] PackLoader:240 - Cannot read IP mode file for wolfSSL.I-CUBE-wolfTPM.3.8.0
2026-05-28 19:42:22,292 [WARN] PackLoader:240 - Cannot read IP mode file for STMicroelectronics.X-CUBE-TCPP.4.2.0
2026-05-28 19:42:22,299 [WARN] PackLoader:240 - Cannot read IP mode file for RealThread.X-CUBE-RT-Thread_Nano.4.1.1
2026-05-28 19:42:22,304 [WARN] PackLoader:240 - Cannot read IP mode file for STMicroelectronics.FP-ATR-SIGFOX1.3.2.0
2026-05-28 19:42:22,306 [ERROR] Engine:466 - C:\Users\moonc\.stm32cubemx\thirdparties\pdsc\STMicroelectronics.X-CUBE-FREERTOS.1.5.0.pdsc: PDSC version is not supported
2026-05-28 19:42:22,315 [WARN] PackLoader:240 - Cannot read IP mode file for ITTIA_DB.I-CUBE-ITTIADB.8.9.0
2026-05-28 19:42:22,320 [WARN] PackLoader:240 - Cannot read IP mode file for Cesanta.I-CUBE-Mongoose.7.21.7
2026-05-28 19:42:22,325 [WARN] PackLoader:240 - Cannot read IP mode file for STMicroelectronics.X-CUBE-NFC6.3.2.0
2026-05-28 19:42:22,330 [WARN] PackLoader:240 - Cannot read IP mode file for STMicroelectronics.X-CUBE-AI.10.2.0
2026-05-28 19:42:22,360 [WARN] PackLoader:240 - Cannot read IP mode file for STMicroelectronics.X-CUBE-MEMS1.12.1.0
2026-05-28 19:42:22,440 [WARN] PackLoader:240 - Cannot read IP mode file for SEGGER.I-CUBE-embOS.1.3.1
2026-05-28 19:42:22,470 [WARN] PackLoader:240 - Cannot read IP mode file for STMicroelectronics.X-CUBE-ALGOBUILD.1.4.0
2026-05-28 19:42:22,522 [WARN] PackLoader:240 - Cannot read IP mode file for STMicroelectronics.X-CUBE-PM33A1.1.0.0
2026-05-28 19:42:22,656 [WARN] PackLoader:240 - Cannot read IP mode file for STMicroelectronics.X-CUBE-AZRTOS-F4.1.1.0
2026-05-28 19:42:22,740 [WARN] PackLoader:240 - Cannot read IP mode file for STMicroelectronics.X-CUBE-ISPU.2.1.0
2026-05-28 19:42:22,743 [ERROR] Engine:466 - C:\Users\moonc\.stm32cubemx\thirdparties\pdsc\STMicroelectronics.X-CUBE-IPS.3.2.0.pdsc: PDSC version is not supported
2026-05-28 19:42:22,746 [WARN] PackLoader:240 - Cannot read IP mode file for STMicroelectronics.eDS-WB_DPC_TT-BIDIR.2.1.1
2026-05-28 19:42:22,750 [WARN] PackLoader:240 - Cannot read IP mode file for STMicroelectronics.X-CUBE-NFC12.1.0.0
2026-05-28 19:42:22,762 [WARN] PackLoader:240 - Cannot read IP mode file for STMicroelectronics.X-CUBE-AZRTOS-L5.2.0.0
2026-05-28 19:42:22,766 [WARN] PackLoader:240 - Cannot read IP mode file for STMicroelectronics.X-CUBE-ALGOBUILD.1.5.0
2026-05-28 19:42:22,770 [WARN] PackLoader:240 - Cannot read IP mode file for STMicroelectronics.eDS-WB_DPC_VIENNA.1.2.0
2026-05-28 19:42:22,773 [WARN] PackLoader:240 - Cannot read IP mode file for STMicroelectronics.eDS-WB_DPC_3PH2L-BIDIR.1.1.1
2026-05-28 19:42:22,775 [ERROR] Engine:466 - C:\Users\moonc\.stm32cubemx\thirdparties\pdsc\STMicroelectronics.X-CUBE-ST67W61.1.3.0.pdsc: PDSC version is not supported
2026-05-28 19:42:22,778 [WARN] PackLoader:240 - Cannot read IP mode file for STMicroelectronics.X-CUBE-TOUCHGFX.4.26.1
2026-05-28 19:42:22,782 [WARN] PackLoader:240 - Cannot read IP mode file for STMicroelectronics.X-CUBE-DPower.1.3.0
2026-05-28 19:42:22,791 [WARN] ConditionMgr:438 - getConditionDescription Invalid condition id : LAN8742 Phy interface Condition cause : null
2026-05-28 19:42:22,791 [WARN] PackLoader:240 - Cannot read IP mode file for STMicroelectronics.X-CUBE-AZRTOS-L4.2.0.0
2026-05-28 19:42:22,792 [WARN] ConditionMgr:1044 - genDependencies : Invalid condition id : LAN8742 Phy interface Condition cause : null
2026-05-28 19:42:22,792 [WARN] ConditionMgr:1044 - genDependencies : Invalid condition id : LAN8742 Phy interface Condition cause : null
2026-05-28 19:42:22,792 [WARN] ConditionMgr:1044 - genDependencies : Invalid condition id : LAN8742 Phy interface Condition cause : null
2026-05-28 19:42:22,797 [WARN] PackLoader:240 - Cannot read IP mode file for STMicroelectronics.X-CUBE-SFXS2LP1.4.0.0
2026-05-28 19:42:22,801 [WARN] PackLoader:240 - Cannot read IP mode file for STMicroelectronics.X-CUBE-WB05N.2.1.0
2026-05-28 19:42:22,807 [WARN] PackLoader:240 - Cannot read IP mode file for STMicroelectronics.X-CUBE-BLEMGR.4.1.0
2026-05-28 19:42:22,820 [WARN] ConditionMgr:438 - getConditionDescription Invalid condition id : UX DEVICE CLASS RTOS Condition cause : null
2026-05-28 19:42:22,820 [WARN] ConditionMgr:438 - getConditionDescription Invalid condition id : UX DEVICE CLASS RTOS Condition cause : null
2026-05-28 19:42:22,821 [WARN] PackLoader:240 - Cannot read IP mode file for STMicroelectronics.X-CUBE-AZRTOS-WB.2.0.0
2026-05-28 19:42:22,821 [WARN] ConditionMgr:1044 - genDependencies : Invalid condition id : UX DEVICE CLASS RTOS Condition cause : null
2026-05-28 19:42:22,821 [WARN] ConditionMgr:1044 - genDependencies : Invalid condition id : UX DEVICE CLASS RTOS Condition cause : null
2026-05-28 19:42:22,822 [WARN] ConditionMgr:1044 - genDependencies : Invalid condition id : UX DEVICE CLASS RTOS Condition cause : null
2026-05-28 19:42:22,822 [WARN] ConditionMgr:1044 - genDependencies : Invalid condition id : UX DEVICE CLASS RTOS Condition cause : null
2026-05-28 19:42:22,822 [WARN] ConditionMgr:1044 - genDependencies : Invalid condition id : UX DEVICE CLASS RTOS Condition cause : null
2026-05-28 19:42:22,830 [WARN] ConditionMgr:438 - getConditionDescription Invalid condition id : Cortex-A Device cause : null
2026-05-28 19:42:22,835 [WARN] ConditionMgr:1044 - genDependencies : Invalid condition id : Cortex-A Device cause : null
2026-05-28 19:42:22,835 [WARN] ConditionMgr:1044 - genDependencies : Invalid condition id : Cortex-A Device cause : null
2026-05-28 19:42:22,835 [WARN] ConditionMgr:1044 - genDependencies : Invalid condition id : Cortex-A Device cause : null
2026-05-28 19:42:22,842 [WARN] PackLoader:240 - Cannot read IP mode file for STMicroelectronics.X-CUBE-STSE01.2.0.0
2026-05-28 19:42:22,855 [WARN] PackLoader:240 - Cannot read IP mode file for STMicroelectronics.X-CUBE-SUBG2.5.0.0
2026-05-28 19:42:22,866 [WARN] PackLoader:240 - Cannot read IP mode file for STMicroelectronics.X-CUBE-AZRTOS-G4.2.0.0
2026-05-28 19:42:22,909 [WARN] PackLoader:240 - Cannot read IP mode file for wolfSSL.I-CUBE-wolfSSH.1.4.20
2026-05-28 19:42:22,935 [WARN] PackLoader:240 - Cannot read IP mode file for STMicroelectronics.X-CUBE-NFC7.2.0.0
2026-05-28 19:42:22,940 [WARN] PackLoader:240 - Cannot read IP mode file for STMicroelectronics.X-CUBE-ALS.1.0.2
2026-05-28 19:42:22,947 [WARN] PackLoader:240 - Cannot read IP mode file for STMicroelectronics.X-CUBE-TOF1.3.4.3
2026-05-28 19:42:22,951 [INFO] ThirdParty:978 - Integrity check success = true
2026-05-28 19:42:22,951 [INFO] IntegrityCheckThread:100 - exiting critical section [integrity check]
2026-05-28 19:42:22,951 [INFO] IntegrityCheckThread:103 - End integrity checks thread
2026-05-28 19:42:29,638 [INFO] McuFinderGlobals:63 - Set McuFinder mode to 2 (CubeIDE integrated)
2026-05-28 19:42:29,642 [INFO] MainUpdater:2872 - connection check result : 10
2026-05-28 19:42:29,643 [INFO] MainUpdater:2872 - connection check result : 10
2026-05-28 19:42:29,674 [INFO] MicroXplorer:468 - Change Database Path : 
2026-05-28 19:42:29,675 [INFO] MicroXplorer:498 - Change Database Version : DB.6.0.141
2026-05-28 19:42:29,683 [WARN] ThirdParty:871 - waiting for thirdparty lock release [close project]
2026-05-28 19:42:29,684 [INFO] ThirdParty:873 - entering critical section [close project]
2026-05-28 19:42:29,684 [INFO] ThirdParty:883 - exiting critical section [close project]
2026-05-28 19:42:29,686 [INFO] PinOutPanel:1589 - setPackage(No Configuration,No Configuration)
2026-05-28 19:42:29,689 [INFO] UtilMem:75 - Begin LoadConfig() Used Memory: 365702120 Bytes (517996544)
2026-05-28 19:42:29,690 [INFO] MicroXplorer:468 - Change Database Path : 
2026-05-28 19:42:29,691 [INFO] MicroXplorer:498 - Change Database Version : DB.6.0.141
2026-05-28 19:42:29,691 [INFO] OpenFileManager:354 - Change cursor
2026-05-28 19:42:29,710 [INFO] Mcu:2011 - Initializing MCU STM32F446R(C-E)Tx STM32F446RETx STM32F446RET6
2026-05-28 19:42:30,821 [INFO] Context:756 - Trying to add GPIOservice into a context  which must be forbidden
2026-05-28 19:42:31,136 [INFO] ImportTextPane:218 - (OptionalMessage_ERROR) Pin12 (VP_RIF_VS_RIF1) cannot be retrieved for this MCU
2026-05-28 19:42:31,211 [INFO] RtosManager:558 - Registered RTOS mode: class=CMSIS, group=RTOS, mode=CMSIS_V1, owner=FREERTOS
2026-05-28 19:42:31,211 [INFO] RtosManager:558 - Registered RTOS mode: class=CMSIS, group=RTOS2, mode=CMSIS_V2, owner=FREERTOS
2026-05-28 19:42:31,211 [INFO] RtosManager:558 - Registered RTOS mode: class=RTOS, group=Core, mode=CMSIS_V1, owner=FREERTOS
2026-05-28 19:42:31,211 [INFO] RtosManager:558 - Registered RTOS mode: class=RTOS, group=Core, mode=CMSIS_V2, owner=FREERTOS
2026-05-28 19:42:31,211 [WARN] ModelIntegratedComponent:184 - Missing modes for component STMicroelectronics:FreeRTOS:0.0.1:STMicroelectronics:RTOS:FreeRTOS:Core:::10.2.0:
2026-05-28 19:42:31,224 [WARN] ModelIntegratedComponent:63 - No mode defined for component null
2026-05-28 19:42:31,224 [WARN] ModelIntegratedComponent:63 - No mode defined for component null
2026-05-28 19:42:31,224 [WARN] ModelIntegratedComponent:63 - No mode defined for component null
2026-05-28 19:42:31,224 [WARN] ModelIntegratedComponent:63 - No mode defined for component null
2026-05-28 19:42:31,224 [WARN] ModelIntegratedComponent:63 - No mode defined for component null
2026-05-28 19:42:31,224 [WARN] ModelIntegratedComponent:63 - No mode defined for component null
2026-05-28 19:42:31,224 [WARN] ModelIntegratedComponent:63 - No mode defined for component null
2026-05-28 19:42:31,224 [WARN] ModelIntegratedComponent:63 - No mode defined for component null
2026-05-28 19:42:31,224 [WARN] ModelIntegratedComponent:63 - No mode defined for component null
2026-05-28 19:42:31,224 [WARN] ModelIntegratedComponent:63 - No mode defined for component null
2026-05-28 19:42:31,224 [WARN] ModelIntegratedComponent:63 - No mode defined for component null
2026-05-28 19:42:31,224 [WARN] ModelIntegratedComponent:63 - No mode defined for component null
2026-05-28 19:42:31,224 [WARN] ModelIntegratedComponent:63 - No mode defined for component null
2026-05-28 19:42:31,224 [WARN] ModelIntegratedComponent:63 - No mode defined for component null
2026-05-28 19:42:31,225 [WARN] ModelIntegratedComponent:63 - No mode defined for component null
2026-05-28 19:42:31,225 [WARN] ModelIntegratedComponent:63 - No mode defined for component null
2026-05-28 19:42:31,225 [WARN] ModelIntegratedComponent:63 - No mode defined for component null
2026-05-28 19:42:31,225 [WARN] ModelIntegratedComponent:63 - No mode defined for component null
2026-05-28 19:42:31,225 [WARN] ModelIntegratedComponent:63 - No mode defined for component null
2026-05-28 19:42:31,225 [WARN] ModelIntegratedComponent:63 - No mode defined for component null
2026-05-28 19:42:31,225 [WARN] ModelIntegratedComponent:63 - No mode defined for component null
2026-05-28 19:42:31,225 [WARN] ModelIntegratedComponent:63 - No mode defined for component null
2026-05-28 19:42:31,225 [WARN] ModelIntegratedComponent:63 - No mode defined for component null
2026-05-28 19:42:31,225 [WARN] ModelIntegratedComponent:63 - No mode defined for component null
2026-05-28 19:42:31,225 [WARN] ModelIntegratedComponent:63 - No mode defined for component null
2026-05-28 19:42:31,225 [WARN] ModelIntegratedComponent:63 - No mode defined for component null
2026-05-28 19:42:31,225 [WARN] ModelIntegratedComponent:63 - No mode defined for component null
2026-05-28 19:42:31,225 [WARN] ModelIntegratedComponent:63 - No mode defined for component null
2026-05-28 19:42:31,225 [WARN] ModelIntegratedComponent:63 - No mode defined for component null
2026-05-28 19:42:31,225 [WARN] ModelIntegratedComponent:63 - No mode defined for component null
2026-05-28 19:42:31,225 [WARN] ModelIntegratedComponent:63 - No mode defined for component null
2026-05-28 19:42:31,225 [WARN] ModelIntegratedComponent:63 - No mode defined for component null
2026-05-28 19:42:31,225 [WARN] ModelIntegratedComponent:63 - No mode defined for component null
2026-05-28 19:42:31,225 [WARN] ModelIntegratedComponent:63 - No mode defined for component null
2026-05-28 19:42:31,225 [WARN] ModelIntegratedComponent:63 - No mode defined for component null
2026-05-28 19:42:31,226 [WARN] ModelPack:524 - Component already loaded: STMicroelectronics:HAL Drivers:0.0.0:STMicroelectronics:Device:STMicro_Driver:XSPI:HAL::0.0.1:HAL_XSPI
2026-05-28 19:42:31,277 [INFO] ThirdPartyModel:298 - Start build external matchings
2026-05-28 19:42:31,438 [INFO] ThirdPartyModel:316 - End build external matchings
2026-05-28 19:42:31,448 [INFO] ImportTextPane:218 - (OptionalMessage_ERROR) IP (RCC) : Invalid parameter (48MHZClocksFreq_Value)
2026-05-28 19:42:31,449 [INFO] ImportTextPane:218 - (OptionalMessage_ERROR) IP (RCC) : Invalid parameter (EthernetFreq_Value)
2026-05-28 19:42:31,449 [INFO] ImportTextPane:218 - (OptionalMessage_ERROR) IP (RCC) : Parameter (FLatency) has Id (AdvancedSettings) currently not set
2026-05-28 19:42:31,450 [INFO] ImportTextPane:218 - (OptionalMessage_ERROR) IP (RCC) : Invalid parameter (FamilyName)
2026-05-28 19:42:31,450 [INFO] ImportTextPane:218 - (OptionalMessage_ERROR) IP (RCC) : Invalid parameter (I2SClocksFreq_Value)
2026-05-28 19:42:31,450 [INFO] ImportTextPane:218 - (OptionalMessage_ERROR) IP (RCC) : Parameter (SDIOFreq_Value) has invalid value (168000000)
2026-05-28 19:42:31,450 [INFO] ImportTextPane:218 - (OptionalMessage_ERROR) IP (RCC) : Parameter (USBFreq_Value) has invalid value (168000000)
2026-05-28 19:42:31,451 [INFO] ImportTextPane:218 - (OptionalMessage_ERROR) IP (RCC) : Invalid parameter (VCOInputMFreq_Value)
2026-05-28 19:42:31,451 [INFO] ImportTextPane:218 - (OptionalMessage_ERROR) IP (RCC) : Invalid parameter (VcooutputI2S)
2026-05-28 19:42:31,772 [INFO] ApiDb:581 - Connected to CubeFinder SQLite database (C:\Users\moonc\.stmcufinder\plugins\mcufinder\mcu\cube-finder-db.db)
2026-05-28 19:42:31,883 [INFO] ApiDb:668 - CubeFinder database Data Model version=2.1
2026-05-28 19:42:31,884 [INFO] ApiDb:669 - CubeFinder database Configuration version=3.0.42
2026-05-28 19:42:31,884 [INFO] ApiDb:670 - CubeFinder database generation date=2026-05-06 (1778060171)
2026-05-28 19:42:31,884 [INFO] ApiDb:671 - CubeFinder database FW Pack versions=[FP-ATR-ASTRA1_V2.0.0, FP-SNS-FLIGHT1_V5.1.0, FP-SNS-MOTENV1_V5.1.0, FP-SNS-MOTENVWB1_V1.5.0, FP-SNS-SMARTAG2_V1.2.0, FP-SNS-STBOX1_V2.1.0, STM32Cube_FW_C0_V1.4.0, STM32Cube_FW_F4_V1.28.3, STM32Cube_FW_F7_V1.17.4, STM32Cube_FW_G0_V1.6.3, STM32Cube_FW_G4_V1.6.2, STM32Cube_FW_H5_V1.6.0, STM32Cube_FW_H7RS_V1.3.0, STM32Cube_FW_H7_V1.13.0, STM32Cube_FW_L0_V1.12.2, STM32Cube_FW_L4_V1.18.2, STM32Cube_FW_L5_V1.6.0, STM32Cube_FW_N6_V1.3.0, STM32Cube_FW_U0_V1.3.0, STM32Cube_FW_U3_V1.3.0, STM32Cube_FW_U5_V1.8.0, STM32Cube_FW_WB0_V1.4.0, STM32Cube_FW_WBA_V1.9.0, STM32Cube_FW_WB_V1.24.0, STM32Cube_FW_WL3_V1.4.0, STM32Cube_FW_WL_V1.5.0, X-CUBE-ALGOBUILD_V1.4.0, X-CUBE-ALS_V1.0.2, X-CUBE-AZRTOS-F4_V1.1.0, X-CUBE-AZRTOS-F7_V1.1.0, X-CUBE-AZRTOS-G0_V1.1.0, X-CUBE-AZRTOS-G4_V2.0.0, X-CUBE-AZRTOS-H7RS_V1.1.0, X-CUBE-AZRTOS-H7_V3.5.0, X-CUBE-AZRTOS-L4_V2.0.0, X-CUBE-AZRTOS-L5_V2.0.0, X-CUBE-AZRTOS-WB_V2.0.0, X-CUBE-AZRTOS-WL_V2.0.0, X-CUBE-BLE1_V7.1.0, X-CUBE-BLE2_V3.3.0, X-CUBE-BLEMGR_V4.1.0, X-CUBE-EEPRMA1_V5.2.0, X-CUBE-FREERTOS_V1.5.0, X-CUBE-GNSS1_V6.0.0, X-CUBE-MEMS1_V12.0.0, X-CUBE-NFC4_V3.0.0, X-CUBE-NFC7_V2.0.0, X-CUBE-SFXS2LP1_V4.0.0, X-CUBE-ST67W61_V1.2.0, X-CUBE-SUBG2_V5.0.0, X-CUBE-TOF1_V3.4.3]
2026-05-28 19:42:31,996 [INFO] DbBoardsSqlite:226 - include board P-NUCLEO-WB55-NUCLEO as a kit item of type 'Nucleo-64'
2026-05-28 19:42:31,996 [INFO] DbBoardsSqlite:226 - include board P-NUCLEO-WB55-USBDONGLE as a kit item of type 'Nucleo USB Dongle'
2026-05-28 19:42:31,997 [INFO] DbBoardsSqlite:226 - include board STEVAL-IDP005V1 as a kit item of type 'Evaluation Board'
2026-05-28 19:42:31,997 [INFO] DbBoardsSqlite:226 - include board STEVAL-IDP005V2 as a kit item of type 'Evaluation Board'
2026-05-28 19:42:32,384 [INFO] ApiDb:240 - Found 895 in-development CPN: [B-G473E-ZEST1S, B-WB1M-WPAN1, B-WBA5M-WPAN, B-WL5M-SUBG1, NUCLEO-C031C6, NUCLEO-C051C8, NUCLEO-C071RB, NUCLEO-C092RC, NUCLEO-H503RB, NUCLEO-H533RE, NUCLEO-H563ZI, NUCLEO-H7S3L8, NUCLEO-N657X0-Q, NUCLEO-U031R8, NUCLEO-U083RC, NUCLEO-U385RG-Q, NUCLEO-U545RE-Q, NUCLEO-U5A5ZJ-Q, NUCLEO-WB05KZ, NUCLEO-WB07CC, NUCLEO-WB09KE, NUCLEO-WBA52CG, NUCLEO-WBA55CG, NUCLEO-WBA65RI, NUCLEO-WL33CC1, NUCLEO-WL33CC2, STEVAL-PROTEUS1, STEVAL-SMARTAG2, STEVAL-STWINBX1, STM320518-EVAL, STM32C0116-DK, STM32C011D6Y3TR, STM32C011D6Y6TR, STM32C011F4P3, STM32C011F4P6, STM32C011F4U3, STM32C011F4U6TR, STM32C011F6P3, STM32C011F6P6, STM32C011F6U3, STM32C011F6U6TR, STM32C011J4M3, STM32C011J4M6, STM32C011J6M3, STM32C011J6M6, STM32C0316-DK, STM32C031C4T3, STM32C031C4T6, STM32C031C4U3, STM32C031C4U6, STM32C031C6T3, STM32C031C6T6, STM32C031C6U3, STM32C031C6U6, STM32C031F4P3, STM32C031F4P6, STM32C031F6P3, STM32C031F6P6, STM32C031G4U3, STM32C031G4U6, STM32C031G6U3, STM32C031G6U6, STM32C031K4T3, STM32C031K4T6, STM32C031K4U3, STM32C031K4U6, STM32C031K6T3, STM32C031K6T6, STM32C031K6U3, STM32C031K6U6, STM32C051C6T6, STM32C051C6U6, STM32C051C8T6, STM32C051C8U6, STM32C051D8Y6TR, STM32C051F6P6, STM32C051F8P6, STM32C051G6U6, STM32C051G8U6, STM32C051K6T6, STM32C051K6U6, STM32C051K8T6, STM32C071C8T6, STM32C071C8T6N, STM32C071C8U6, STM32C071C8U6N, STM32C071CBT6, STM32C071CBT6N, STM32C071CBU6, STM32C071CBU6N, STM32C071F8P6, STM32C071F8P6N, STM32C071FBP6, STM32C071FBP6N, STM32C071FBY6TR, STM32C071G8U6, STM32C071G8U6N, STM32C071GBU6, STM32C071GBU6N, STM32C071K8T6, STM32C071K8T6N, STM32C071K8U6, STM32C071K8U6N, STM32C071KBT6, STM32C071KBT6N, STM32C071KBU6, STM32C071KBU6N, STM32C071R8T6, STM32C071R8T6N, STM32C071RBI6N, STM32C071RBT6, STM32C071RBT6N, STM32C091CBT6, STM32C091CBU6, STM32C091CCT6, STM32C091CCU6, STM32C091ECY6TR, STM32C091FBP6, STM32C091FCP6, STM32C091GBU6, STM32C091GCU6, STM32C091KBT6, STM32C091KBU6, STM32C091KCT6, STM32C091KCU6, STM32C091RBT6, STM32C091RCI6, STM32C091RCT6, STM32C092CBT6, STM32C092CBU6, STM32C092CCT6, STM32C092CCU6, STM32C092ECY6TR, STM32C092FBP6, STM32C092FCP6, STM32C092GBU6, STM32C092GCU6, STM32C092KBT6, STM32C092KBU6, STM32C092KCT6, STM32C092KCU6, STM32C092RBT6, STM32C092RCI6, STM32C092RCT6, STM32G071K8TXN, STM32G071K8UXN, STM32G081GBU6N, STM32G081KBT6N, STM32G081KBUXN, STM32G0B1CCT6N, STM32G0B1KCT6, STM32G0B1NEY6TR, STM32G0B1RCT6N, STM32G0C1CCT6, STM32G0C1CCT6N, STM32G0C1CCU6N, STM32G0C1CET6N, STM32G0C1CEU6N, STM32G0C1KCT6, STM32G0C1NEY6TR, STM32G0C1RCI6N, STM32G0C1RCT6N, STM32G0C1REI6N, STM32G0C1RET6N, STM32G0C1VCI6, STM32G0C1VEI6, STM32G411C6T3, STM32G411C6T6, STM32G411C6U3, STM32G411C6U6, STM32G411C8T3, STM32G411C8T6, STM32G411C8U3, STM32G411C8U6, STM32G411CBT3, STM32G411CBT6, STM32G411CBU3, STM32G411CBU6, STM32G411CCT3, STM32G411CCT6, STM32G411CCU3, STM32G411CCU6, STM32G411K6T3, STM32G411K6T6, STM32G411K6U3, STM32G411K6U6, STM32G411K8T3, STM32G411K8T6, STM32G411K8U3, STM32G411K8U6, STM32G411KBT3, STM32G411KBT6, STM32G411KBU3, STM32G411KBU6, STM32G411M6T3, STM32G411M6T6, STM32G411M8T3, STM32G411M8T6, STM32G411MBT3, STM32G411MBT6, STM32G411MCT3, STM32G411MCT6, STM32G411R6T3, STM32G411R6T6, STM32G411R8T3, STM32G411R8T6, STM32G411RBT3, STM32G411RBT6, STM32G411RCT3, STM32G411RCT6, STM32G414CBT3, STM32G414CBT6, STM32G414CBU3, STM32G414CBU6, STM32G414CCT3, STM32G414CCT6, STM32G414CCU3, STM32G414CCU6, STM32G414MBT3, STM32G414MBT6, STM32G414MCT3, STM32G414MCT6, STM32G414RBT3, STM32G414RBT6, STM32G414RCT3, STM32G414RCT6, STM32G414VBT3, STM32G414VBT6, STM32G414VCT3, STM32G414VCT6, STM32G431CBT3Z, STM32G431RBT3Z, STM32G471CCT6, STM32G471CCU6, STM32G471CET3, STM32G471CET6, STM32G471CEU3, STM32G471CEU6, STM32G471MCT6, STM32G471MET3, STM32G471MET6, STM32G471MEY6TR, STM32G471QCT6, STM32G471QET3, STM32G471RCT6, STM32G471RET3, STM32G471RET6, STM32G471VCH6, STM32G471VCI6, STM32G471VCT6, STM32G471VEH3, STM32G471VEH6, STM32G471VEI3, STM32G471VEI6, STM32G471VET3, STM32G471VET6, STM32G473QET3Z, STM32G473RET3Z, STM32G474CCT6, STM32G491RET3Z, STM32H503CBT6, STM32H503CBU6, STM32H503EBY6TR, STM32H503KBU6, STM32H503RBT6, STM32H523CCT6, STM32H523CCU6, STM32H523CET6, STM32H523CEU6, STM32H523HEY6TR, STM32H523RCT6, STM32H523RET6, STM32H523VCI6, STM32H523VCT6, STM32H523VEI6, STM32H523VET6, STM32H523ZCJ6, STM32H523ZCT6, STM32H523ZEJ6, STM32H523ZET6, STM32H533CET6, STM32H533CEU6, STM32H533HEY6TR, STM32H533RET6, STM32H533VEI6, STM32H533VET6, STM32H533ZEJ6, STM32H533ZET6, STM32H562AGI6, STM32H562AII6, STM32H562IGK6, STM32H562IGT6, STM32H562IIK6, STM32H562IIT6, STM32H562RGT6, STM32H562RGV6, STM32H562RIT6, STM32H562RIV6, STM32H562VGT6, STM32H562VIT6, STM32H562ZGT6, STM32H562ZIT6, STM32H563AGI6, STM32H563AII3Q, STM32H563AII6, STM32H563IGK6, STM32H563IGT6, STM32H563IIK3Q, STM32H563IIK6, STM32H563IIT3Q, STM32H563IIT6, STM32H563MIY3QTR, STM32H563RGT6, STM32H563RGV6, STM32H563RIT6, STM32H563RIV6, STM32H563VGT6, STM32H563VIT3Q, STM32H563VIT6, STM32H563ZGT6, STM32H563ZIT3Q, STM32H563ZIT6, STM32H573AII3Q, STM32H573AII6, STM32H573I-DK, STM32H573IIK3Q, STM32H573IIK6, STM32H573IIT3Q, STM32H573IIT6, STM32H573MIY3QTR, STM32H573RIT6, STM32H573RIV6, STM32H573VIT3Q, STM32H573VIT6, STM32H573ZIT3Q, STM32H573ZIT6, STM32H7R3A8I6, STM32H7R3I8K6, STM32H7R3I8T6, STM32H7R3L8H6, STM32H7R3L8H6H, STM32H7R3R8V6, STM32H7R3V8H6, STM32H7R3V8T6, STM32H7R3V8Y6TR, STM32H7R3Z8J6, STM32H7R3Z8T6, STM32H7R7A8I6, STM32H7R7I8K6, STM32H7R7I8T6, STM32H7R7L8H6, STM32H7R7L8H6H, STM32H7R7Z8J6, STM32H7S3A8I6, STM32H7S3I8K6, STM32H7S3I8T6, STM32H7S3L8H6, STM32H7S3L8H6H, STM32H7S3R8V6, STM32H7S3V8H6, STM32H7S3V8T6, STM32H7S3V8Y6TR, STM32H7S3Z8J6, STM32H7S3Z8T6, STM32H7S78-DK, STM32H7S7A8I6, STM32H7S7I8K6, STM32H7S7I8T6, STM32H7S7L8H6, STM32H7S7L8H6H, STM32H7S7Z8J6, STM32L4R5QGI6STR, STM32MP131AAE3, STM32MP131AAF3, STM32MP131AAG3, STM32MP131CAE3, STM32MP131CAF3, STM32MP131CAG3, STM32MP131DAE7, STM32MP131DAF7, STM32MP131DAG7, STM32MP131FAE7, STM32MP131FAF7, STM32MP131FAG7, STM32MP133AAE3, STM32MP133AAF3, STM32MP133AAG3, STM32MP133CAE3, STM32MP133CAF3, STM32MP133CAG3, STM32MP133DAE7, STM32MP133DAF7, STM32MP133DAG7, STM32MP133FAE7, STM32MP133FAF7, STM32MP133FAG7, STM32MP135AAE3, STM32MP135AAF3, STM32MP135AAG3, STM32MP135CAE3, STM32MP135CAF3, STM32MP135CAG3, STM32MP135DAE7, STM32MP135DAF7, STM32MP135DAG7, STM32MP135F-DK, STM32MP135FAE7, STM32MP135FAF7, STM32MP135FAF7T, STM32MP135FAF7U, STM32MP135FAG7, STM32MP231AAJ3, STM32MP231AAK3, STM32MP231AAL3, STM32MP231CAJ3, STM32MP231CAK3, STM32MP231CAL3, STM32MP231DAJ3, STM32MP231DAK3, STM32MP231DAL3, STM32MP231FAJ3, STM32MP231FAK3, STM32MP231FAL3, STM32MP233AAJ3, STM32MP233AAK3, STM32MP233AAL3, STM32MP233CAJ3, STM32MP233CAK3, STM32MP233CAL3, STM32MP233DAJ3, STM32MP233DAK3, STM32MP233DAL3, STM32MP233FAJ3, STM32MP233FAK3, STM32MP233FAL3, STM32MP235AAJ3, STM32MP235AAK3, STM32MP235AAL3, STM32MP235CAJ3, STM32MP235CAK3, STM32MP235CAL3, STM32MP235DAJ3, STM32MP235DAK3, STM32MP235DAL3, STM32MP235FAJ3, STM32MP235FAK3, STM32MP235FAL3, STM32MP251AAI3, STM32MP251AAJ3, STM32MP251AAK3, STM32MP251AAL3, STM32MP251CAI3, STM32MP251CAJ3, STM32MP251CAK3, STM32MP251CAL3, STM32MP251DAI3, STM32MP251DAJ3, STM32MP251DAK3, STM32MP251DAL3, STM32MP251FAI3, STM32MP251FAJ3, STM32MP251FAK3, STM32MP251FAL3, STM32MP253AAI3, STM32MP253AAJ3, STM32MP253AAK3, STM32MP253AAL3, STM32MP253CAI3, STM32MP253CAJ3, STM32MP253CAK3, STM32MP253CAL3, STM32MP253DAI3, STM32MP253DAJ3, STM32MP253DAK3, STM32MP253DAL3, STM32MP253FAI3, STM32MP253FAJ3, STM32MP253FAK3, STM32MP253FAL3, STM32MP255AAI3, STM32MP255AAJ3, STM32MP255AAK3, STM32MP255AAL3, STM32MP255CAI3, STM32MP255CAJ3, STM32MP255CAK3, STM32MP255CAL3, STM32MP255DAI3, STM32MP255DAJ3, STM32MP255DAK3, STM32MP255DAL3, STM32MP255FAI3, STM32MP255FAJ3, STM32MP255FAK3, STM32MP255FAL3, STM32MP257AAI3, STM32MP257AAJ3, STM32MP257AAK3, STM32MP257AAL3, STM32MP257CAI3, STM32MP257CAJ3, STM32MP257CAK3, STM32MP257CAL3, STM32MP257DAI3, STM32MP257DAJ3, STM32MP257DAK3, STM32MP257DAL3, STM32MP257F-DK, STM32MP257F-EV1, STM32MP257FAI3, STM32MP257FAJ3, STM32MP257FAK3, STM32MP257FAL3, STM32N645A0H3Q, STM32N645B0H3Q, STM32N645I0H3Q, STM32N645L0H3Q, STM32N645X0H3Q, STM32N645Z0H3Q, STM32N647A0H3Q, STM32N647B0H3Q, STM32N647I0H3Q, STM32N647L0H3Q, STM32N647X0H3Q, STM32N647Z0H3Q, STM32N655A0H3Q, STM32N655B0H3Q, STM32N655I0H3Q, STM32N655L0H3Q, STM32N655X0H3Q, STM32N655Z0H3Q, STM32N6570-DK, STM32N657A0H3Q, STM32N657B0H3Q, STM32N657I0H3Q, STM32N657L0H3Q, STM32N657X0H3Q, STM32N657Z0H3Q, STM32U031C6T6, STM32U031C6U6, STM32U031C8T6, STM32U031C8U6, STM32U031F4P6, STM32U031F6P6, STM32U031F8P6, STM32U031G6Y6TR, STM32U031G8Y6TR, STM32U031K4U6, STM32U031K6U6, STM32U031K8U6, STM32U031R6I6, STM32U031R6T6, STM32U031R8I6, STM32U031R8T6, STM32U073C8T6, STM32U073C8U6, STM32U073CBT6, STM32U073CBU6, STM32U073CCT6, STM32U073CCU6, STM32U073H8Y6TR, STM32U073HBY6TR, STM32U073HCY6TR, STM32U073K8U6, STM32U073KBU6, STM32U073KCU6, STM32U073M8I6, STM32U073M8T6, STM32U073MBI6, STM32U073MBT6, STM32U073MCI6, STM32U073MCT6, STM32U073R8I6, STM32U073R8T6, STM32U073RBI6, STM32U073RBT6, STM32U073RCI6, STM32U073RCT6, STM32U083C-DK, STM32U083CCT6, STM32U083CCU6, STM32U083HCY6TR, STM32U083KCU6, STM32U083MCI6, STM32U083MCT6, STM32U083RCI6, STM32U083RCT6, STM32U375CET6, STM32U375CET6Q, STM32U375CEU6, STM32U375CEU6Q, STM32U375CEY6QTR, STM32U375CGT6, STM32U375CGT6Q, STM32U375CGU6, STM32U375CGU6Q, STM32U375CGY6QTR, STM32U375KEU6, STM32U375KGU6, STM32U375REI6, STM32U375REI6Q, STM32U375RET6, STM32U375RET6Q, STM32U375REY6GTR, STM32U375REY6QTR, STM32U375RGI6, STM32U375RGI6Q, STM32U375RGT6, STM32U375RGT6Q, STM32U375RGY6GTR, STM32U375RGY6QTR, STM32U375VEI6, STM32U375VEI6Q, STM32U375VET6, STM32U375VET6Q, STM32U375VGI6, STM32U375VGI6Q, STM32U375VGT6, STM32U375VGT6Q, STM32U385CGT6, STM32U385CGT6Q, STM32U385CGU6, STM32U385CGU6Q, STM32U385CGY6QTR, STM32U385KGU6, STM32U385RGI6, STM32U385RGI6Q, STM32U385RGT6, STM32U385RGT6Q, STM32U385RGY6GTR, STM32U385RGY6QTR, STM32U385VGI6, STM32U385VGI6Q, STM32U385VGT6, STM32U385VGT6Q, STM32U535CBT6, STM32U535CBT6Q, STM32U535CBU6, STM32U535CBU6Q, STM32U535CCT6, STM32U535CCT6Q, STM32U535CCU6, STM32U535CCU6Q, STM32U535CET6, STM32U535CET6Q, STM32U535CEU6, STM32U535CEU6Q, STM32U535JEY6QTR, STM32U535NCY6QTR, STM32U535NEY6QTR, STM32U535RBI6, STM32U535RBI6Q, STM32U535RBT6, STM32U535RBT6Q, STM32U535RCI6, STM32U535RCI6Q, STM32U535RCT6, STM32U535RCT6Q, STM32U535REI6, STM32U535REI6Q, STM32U535RET6, STM32U535RET6Q, STM32U535VCI6, STM32U535VCI6Q, STM32U535VCT6, STM32U535VCT6Q, STM32U535VEI6, STM32U535VEI6Q, STM32U535VET6, STM32U535VET6Q, STM32U545CET6, STM32U545CET6Q, STM32U545CEU6, STM32U545CEU6Q, STM32U545JEY6QTR, STM32U545NEY6QTR, STM32U545REI6, STM32U545REI6Q, STM32U545RET6, STM32U545RET6Q, STM32U545VEI6, STM32U545VEI6Q, STM32U545VET6, STM32U545VET6Q, STM32U595AIH6, STM32U595AIH6Q, STM32U595AJH6, STM32U595AJH6Q, STM32U595QII6, STM32U595QII6Q, STM32U595QJI6, STM32U595QJI6Q, STM32U595RIT6, STM32U595RIT6Q, STM32U595RJT6, STM32U595RJT6Q, STM32U595VIT6, STM32U595VIT6Q, STM32U595VJT6, STM32U595VJT6Q, STM32U595ZIT6, STM32U595ZIT6Q, STM32U595ZIY6QTR, STM32U595ZJT6, STM32U595ZJT6Q, STM32U595ZJY6QTR, STM32U599BJY6QTR, STM32U599NIH6Q, STM32U599NJH6Q, STM32U599VIT6Q, STM32U599VJT6, STM32U599VJT6Q, STM32U599ZIT6Q, STM32U599ZIY6QTR, STM32U599ZJT6Q, STM32U599ZJY6QTR, STM32U5A5AJH6, STM32U5A5AJH6Q, STM32U5A5QII3Q , STM32U5A5QJI6, STM32U5A5QJI6Q, STM32U5A5RJT6, STM32U5A5RJT6Q, STM32U5A5VJT6, STM32U5A5VJT6Q, STM32U5A5ZJT6, STM32U5A5ZJT6Q, STM32U5A5ZJY6QTR, STM32U5A9BJY6QTR, STM32U5A9J-DK, STM32U5A9NJH6Q, STM32U5A9VJT6Q, STM32U5A9ZJT6Q, STM32U5A9ZJY6QTR, STM32U5F7VIT6, STM32U5F7VIT6Q, STM32U5F7VJT6, STM32U5F7VJT6Q, STM32U5F9BJY6QTR, STM32U5F9NJH6Q, STM32U5F9VIT6Q, STM32U5F9VJT6Q, STM32U5F9ZIJ6QTR, STM32U5F9ZIT6Q, STM32U5F9ZJJ6QTR, STM32U5F9ZJT6Q, STM32U5G7VJT6, STM32U5G7VJT6Q, STM32U5G9BJY6QTR, STM32U5G9J-DK1, STM32U5G9J-DK2, STM32U5G9NJH6Q, STM32U5G9VJT6Q, STM32U5G9ZJJ6QTR, STM32U5G9ZJT6Q, STM32WB05KZV6TR, STM32WB05KZV7TR, STM32WB05TZF6TR, STM32WB05TZF7TR, STM32WB06CCF6TR, STM32WB06CCF7TR, STM32WB06CCV6TR, STM32WB06CCV7TR, STM32WB06KCV6TR, STM32WB06KCV7TR, STM32WB07CCF6TR, STM32WB07CCF7TR, STM32WB07CCV6TR, STM32WB07CCV7TR, STM32WB07KCV6TR, STM32WB07KCV7TR, STM32WB09KEV6TR, STM32WB09KEV7TR, STM32WB09TEF6TR, STM32WB09TEF7TR, STM32WB1MMCH6, STM32WBA50KGU6, STM32WBA50KGU6TR, STM32WBA52CEU6, STM32WBA52CEU6TR, STM32WBA52CEU7, STM32WBA52CEU7TR, STM32WBA52CGU6, STM32WBA52CGU6TR, STM32WBA52CGU6U, STM32WBA52CGU7, STM32WBA52CGU7TR, STM32WBA52KEU6, STM32WBA52KEU6TR, STM32WBA52KGU6, STM32WBA52KGU6TR, STM32WBA54CEU6, STM32WBA54CEU6TR, STM32WBA54CEU7, STM32WBA54CEU7TR, STM32WBA54CGU6, STM32WBA54CGU6TR, STM32WBA54CGU7, STM32WBA54CGU7TR, STM32WBA54KEU6, STM32WBA54KEU6TR, STM32WBA54KEU7, STM32WBA54KEU7TR, STM32WBA54KGU6, STM32WBA54KGU6TR, STM32WBA54KGU7, STM32WBA54KGU7TR, STM32WBA55CEU6, STM32WBA55CEU6TR, STM32WBA55CEU7, STM32WBA55CEU7TR, STM32WBA55CGU6, STM32WBA55CGU6TR, STM32WBA55CGU6U, STM32WBA55CGU7, STM32WBA55CGU7TR, STM32WBA55G-DK1, STM32WBA55HEF6, STM32WBA55HEF7, STM32WBA55HGF6, STM32WBA55HGF7, STM32WBA55UEI6, STM32WBA55UEI6TR, STM32WBA55UEI7, STM32WBA55UEI7TR, STM32WBA55UGI6, STM32WBA55UGI6TR, STM32WBA55UGI7, STM32WBA55UGI7TR, STM32WBA5MJGH6TR, STM32WBA62CGU6, STM32WBA62CIU6, STM32WBA62MGF6, STM32WBA62MIF6, STM32WBA62PGI6, STM32WBA62PII6, STM32WBA63CGU6, STM32WBA63CGU7, STM32WBA63CIU6, STM32WBA63CIU7, STM32WBA64CGU6, STM32WBA64CGU7, STM32WBA64CIU6, STM32WBA64CIU7, STM32WBA65CGU6, STM32WBA65CGU7, STM32WBA65CIU6, STM32WBA65CIU7, STM32WBA65I-DK1, STM32WBA65MGF6, STM32WBA65MGF7, STM32WBA65MIF6, STM32WBA65MIF7, STM32WBA65PGI6, STM32WBA65PGI7, STM32WBA65PII6, STM32WBA65PII7, STM32WBA65RGV6, STM32WBA65RGV7, STM32WBA65RIV6, STM32WBA65RIV7, STM32WL30K8V6, STM32WL30KBV6, STM32WL31C8V6, STM32WL31CBV6, STM32WL31K8V6, STM32WL31KBV6, STM32WL33C8V6, STM32WL33C8V6TR, STM32WL33C8V7, STM32WL33C8V7TR, STM32WL33CBV6, STM32WL33CBV6TR, STM32WL33CBV7, STM32WL33CBV7TR, STM32WL33CCV6, STM32WL33CCV6TR, STM32WL33CCV7, STM32WL33CCV7A, STM32WL33CCV7ATR, STM32WL33CCV7TR, STM32WL33K8V6, STM32WL33K8V6TR, STM32WL33K8V7, STM32WL33K8V7TR, STM32WL33KBV6, STM32WL33KBV6TR, STM32WL33KBV7, STM32WL33KBV7TR, STM32WL33KCV6, STM32WL33KCV6TR, STM32WL33KCV7, STM32WL33KCV7TR, STM32WL5MOCH6, STM32WL5MOCH6TR]
2026-05-28 19:42:32,388 [INFO] ApiDb:668 - CubeFinder database Data Model version=2.1
2026-05-28 19:42:32,388 [INFO] ApiDb:669 - CubeFinder database Configuration version=3.0.42
2026-05-28 19:42:32,388 [INFO] ApiDb:670 - CubeFinder database generation date=2026-05-06 (1778060171)
2026-05-28 19:42:32,388 [INFO] ApiDb:671 - CubeFinder database FW Pack versions=[FP-ATR-ASTRA1_V2.0.0, FP-SNS-FLIGHT1_V5.1.0, FP-SNS-MOTENV1_V5.1.0, FP-SNS-MOTENVWB1_V1.5.0, FP-SNS-SMARTAG2_V1.2.0, FP-SNS-STBOX1_V2.1.0, STM32Cube_FW_C0_V1.4.0, STM32Cube_FW_F4_V1.28.3, STM32Cube_FW_F7_V1.17.4, STM32Cube_FW_G0_V1.6.3, STM32Cube_FW_G4_V1.6.2, STM32Cube_FW_H5_V1.6.0, STM32Cube_FW_H7RS_V1.3.0, STM32Cube_FW_H7_V1.13.0, STM32Cube_FW_L0_V1.12.2, STM32Cube_FW_L4_V1.18.2, STM32Cube_FW_L5_V1.6.0, STM32Cube_FW_N6_V1.3.0, STM32Cube_FW_U0_V1.3.0, STM32Cube_FW_U3_V1.3.0, STM32Cube_FW_U5_V1.8.0, STM32Cube_FW_WB0_V1.4.0, STM32Cube_FW_WBA_V1.9.0, STM32Cube_FW_WB_V1.24.0, STM32Cube_FW_WL3_V1.4.0, STM32Cube_FW_WL_V1.5.0, X-CUBE-ALGOBUILD_V1.4.0, X-CUBE-ALS_V1.0.2, X-CUBE-AZRTOS-F4_V1.1.0, X-CUBE-AZRTOS-F7_V1.1.0, X-CUBE-AZRTOS-G0_V1.1.0, X-CUBE-AZRTOS-G4_V2.0.0, X-CUBE-AZRTOS-H7RS_V1.1.0, X-CUBE-AZRTOS-H7_V3.5.0, X-CUBE-AZRTOS-L4_V2.0.0, X-CUBE-AZRTOS-L5_V2.0.0, X-CUBE-AZRTOS-WB_V2.0.0, X-CUBE-AZRTOS-WL_V2.0.0, X-CUBE-BLE1_V7.1.0, X-CUBE-BLE2_V3.3.0, X-CUBE-BLEMGR_V4.1.0, X-CUBE-EEPRMA1_V5.2.0, X-CUBE-FREERTOS_V1.5.0, X-CUBE-GNSS1_V6.0.0, X-CUBE-MEMS1_V12.0.0, X-CUBE-NFC4_V3.0.0, X-CUBE-NFC7_V2.0.0, X-CUBE-SFXS2LP1_V4.0.0, X-CUBE-ST67W61_V1.2.0, X-CUBE-SUBG2_V5.0.0, X-CUBE-TOF1_V3.4.3]
2026-05-28 19:42:34,439 [INFO] ApiDb:240 - Found 895 in-development CPN: [B-G473E-ZEST1S, B-WB1M-WPAN1, B-WBA5M-WPAN, B-WL5M-SUBG1, NUCLEO-C031C6, NUCLEO-C051C8, NUCLEO-C071RB, NUCLEO-C092RC, NUCLEO-H503RB, NUCLEO-H533RE, NUCLEO-H563ZI, NUCLEO-H7S3L8, NUCLEO-N657X0-Q, NUCLEO-U031R8, NUCLEO-U083RC, NUCLEO-U385RG-Q, NUCLEO-U545RE-Q, NUCLEO-U5A5ZJ-Q, NUCLEO-WB05KZ, NUCLEO-WB07CC, NUCLEO-WB09KE, NUCLEO-WBA52CG, NUCLEO-WBA55CG, NUCLEO-WBA65RI, NUCLEO-WL33CC1, NUCLEO-WL33CC2, STEVAL-PROTEUS1, STEVAL-SMARTAG2, STEVAL-STWINBX1, STM320518-EVAL, STM32C0116-DK, STM32C011D6Y3TR, STM32C011D6Y6TR, STM32C011F4P3, STM32C011F4P6, STM32C011F4U3, STM32C011F4U6TR, STM32C011F6P3, STM32C011F6P6, STM32C011F6U3, STM32C011F6U6TR, STM32C011J4M3, STM32C011J4M6, STM32C011J6M3, STM32C011J6M6, STM32C0316-DK, STM32C031C4T3, STM32C031C4T6, STM32C031C4U3, STM32C031C4U6, STM32C031C6T3, STM32C031C6T6, STM32C031C6U3, STM32C031C6U6, STM32C031F4P3, STM32C031F4P6, STM32C031F6P3, STM32C031F6P6, STM32C031G4U3, STM32C031G4U6, STM32C031G6U3, STM32C031G6U6, STM32C031K4T3, STM32C031K4T6, STM32C031K4U3, STM32C031K4U6, STM32C031K6T3, STM32C031K6T6, STM32C031K6U3, STM32C031K6U6, STM32C051C6T6, STM32C051C6U6, STM32C051C8T6, STM32C051C8U6, STM32C051D8Y6TR, STM32C051F6P6, STM32C051F8P6, STM32C051G6U6, STM32C051G8U6, STM32C051K6T6, STM32C051K6U6, STM32C051K8T6, STM32C071C8T6, STM32C071C8T6N, STM32C071C8U6, STM32C071C8U6N, STM32C071CBT6, STM32C071CBT6N, STM32C071CBU6, STM32C071CBU6N, STM32C071F8P6, STM32C071F8P6N, STM32C071FBP6, STM32C071FBP6N, STM32C071FBY6TR, STM32C071G8U6, STM32C071G8U6N, STM32C071GBU6, STM32C071GBU6N, STM32C071K8T6, STM32C071K8T6N, STM32C071K8U6, STM32C071K8U6N, STM32C071KBT6, STM32C071KBT6N, STM32C071KBU6, STM32C071KBU6N, STM32C071R8T6, STM32C071R8T6N, STM32C071RBI6N, STM32C071RBT6, STM32C071RBT6N, STM32C091CBT6, STM32C091CBU6, STM32C091CCT6, STM32C091CCU6, STM32C091ECY6TR, STM32C091FBP6, STM32C091FCP6, STM32C091GBU6, STM32C091GCU6, STM32C091KBT6, STM32C091KBU6, STM32C091KCT6, STM32C091KCU6, STM32C091RBT6, STM32C091RCI6, STM32C091RCT6, STM32C092CBT6, STM32C092CBU6, STM32C092CCT6, STM32C092CCU6, STM32C092ECY6TR, STM32C092FBP6, STM32C092FCP6, STM32C092GBU6, STM32C092GCU6, STM32C092KBT6, STM32C092KBU6, STM32C092KCT6, STM32C092KCU6, STM32C092RBT6, STM32C092RCI6, STM32C092RCT6, STM32G071K8TXN, STM32G071K8UXN, STM32G081GBU6N, STM32G081KBT6N, STM32G081KBUXN, STM32G0B1CCT6N, STM32G0B1KCT6, STM32G0B1NEY6TR, STM32G0B1RCT6N, STM32G0C1CCT6, STM32G0C1CCT6N, STM32G0C1CCU6N, STM32G0C1CET6N, STM32G0C1CEU6N, STM32G0C1KCT6, STM32G0C1NEY6TR, STM32G0C1RCI6N, STM32G0C1RCT6N, STM32G0C1REI6N, STM32G0C1RET6N, STM32G0C1VCI6, STM32G0C1VEI6, STM32G411C6T3, STM32G411C6T6, STM32G411C6U3, STM32G411C6U6, STM32G411C8T3, STM32G411C8T6, STM32G411C8U3, STM32G411C8U6, STM32G411CBT3, STM32G411CBT6, STM32G411CBU3, STM32G411CBU6, STM32G411CCT3, STM32G411CCT6, STM32G411CCU3, STM32G411CCU6, STM32G411K6T3, STM32G411K6T6, STM32G411K6U3, STM32G411K6U6, STM32G411K8T3, STM32G411K8T6, STM32G411K8U3, STM32G411K8U6, STM32G411KBT3, STM32G411KBT6, STM32G411KBU3, STM32G411KBU6, STM32G411M6T3, STM32G411M6T6, STM32G411M8T3, STM32G411M8T6, STM32G411MBT3, STM32G411MBT6, STM32G411MCT3, STM32G411MCT6, STM32G411R6T3, STM32G411R6T6, STM32G411R8T3, STM32G411R8T6, STM32G411RBT3, STM32G411RBT6, STM32G411RCT3, STM32G411RCT6, STM32G414CBT3, STM32G414CBT6, STM32G414CBU3, STM32G414CBU6, STM32G414CCT3, STM32G414CCT6, STM32G414CCU3, STM32G414CCU6, STM32G414MBT3, STM32G414MBT6, STM32G414MCT3, STM32G414MCT6, STM32G414RBT3, STM32G414RBT6, STM32G414RCT3, STM32G414RCT6, STM32G414VBT3, STM32G414VBT6, STM32G414VCT3, STM32G414VCT6, STM32G431CBT3Z, STM32G431RBT3Z, STM32G471CCT6, STM32G471CCU6, STM32G471CET3, STM32G471CET6, STM32G471CEU3, STM32G471CEU6, STM32G471MCT6, STM32G471MET3, STM32G471MET6, STM32G471MEY6TR, STM32G471QCT6, STM32G471QET3, STM32G471RCT6, STM32G471RET3, STM32G471RET6, STM32G471VCH6, STM32G471VCI6, STM32G471VCT6, STM32G471VEH3, STM32G471VEH6, STM32G471VEI3, STM32G471VEI6, STM32G471VET3, STM32G471VET6, STM32G473QET3Z, STM32G473RET3Z, STM32G474CCT6, STM32G491RET3Z, STM32H503CBT6, STM32H503CBU6, STM32H503EBY6TR, STM32H503KBU6, STM32H503RBT6, STM32H523CCT6, STM32H523CCU6, STM32H523CET6, STM32H523CEU6, STM32H523HEY6TR, STM32H523RCT6, STM32H523RET6, STM32H523VCI6, STM32H523VCT6, STM32H523VEI6, STM32H523VET6, STM32H523ZCJ6, STM32H523ZCT6, STM32H523ZEJ6, STM32H523ZET6, STM32H533CET6, STM32H533CEU6, STM32H533HEY6TR, STM32H533RET6, STM32H533VEI6, STM32H533VET6, STM32H533ZEJ6, STM32H533ZET6, STM32H562AGI6, STM32H562AII6, STM32H562IGK6, STM32H562IGT6, STM32H562IIK6, STM32H562IIT6, STM32H562RGT6, STM32H562RGV6, STM32H562RIT6, STM32H562RIV6, STM32H562VGT6, STM32H562VIT6, STM32H562ZGT6, STM32H562ZIT6, STM32H563AGI6, STM32H563AII3Q, STM32H563AII6, STM32H563IGK6, STM32H563IGT6, STM32H563IIK3Q, STM32H563IIK6, STM32H563IIT3Q, STM32H563IIT6, STM32H563MIY3QTR, STM32H563RGT6, STM32H563RGV6, STM32H563RIT6, STM32H563RIV6, STM32H563VGT6, STM32H563VIT3Q, STM32H563VIT6, STM32H563ZGT6, STM32H563ZIT3Q, STM32H563ZIT6, STM32H573AII3Q, STM32H573AII6, STM32H573I-DK, STM32H573IIK3Q, STM32H573IIK6, STM32H573IIT3Q, STM32H573IIT6, STM32H573MIY3QTR, STM32H573RIT6, STM32H573RIV6, STM32H573VIT3Q, STM32H573VIT6, STM32H573ZIT3Q, STM32H573ZIT6, STM32H7R3A8I6, STM32H7R3I8K6, STM32H7R3I8T6, STM32H7R3L8H6, STM32H7R3L8H6H, STM32H7R3R8V6, STM32H7R3V8H6, STM32H7R3V8T6, STM32H7R3V8Y6TR, STM32H7R3Z8J6, STM32H7R3Z8T6, STM32H7R7A8I6, STM32H7R7I8K6, STM32H7R7I8T6, STM32H7R7L8H6, STM32H7R7L8H6H, STM32H7R7Z8J6, STM32H7S3A8I6, STM32H7S3I8K6, STM32H7S3I8T6, STM32H7S3L8H6, STM32H7S3L8H6H, STM32H7S3R8V6, STM32H7S3V8H6, STM32H7S3V8T6, STM32H7S3V8Y6TR, STM32H7S3Z8J6, STM32H7S3Z8T6, STM32H7S78-DK, STM32H7S7A8I6, STM32H7S7I8K6, STM32H7S7I8T6, STM32H7S7L8H6, STM32H7S7L8H6H, STM32H7S7Z8J6, STM32L4R5QGI6STR, STM32MP131AAE3, STM32MP131AAF3, STM32MP131AAG3, STM32MP131CAE3, STM32MP131CAF3, STM32MP131CAG3, STM32MP131DAE7, STM32MP131DAF7, STM32MP131DAG7, STM32MP131FAE7, STM32MP131FAF7, STM32MP131FAG7, STM32MP133AAE3, STM32MP133AAF3, STM32MP133AAG3, STM32MP133CAE3, STM32MP133CAF3, STM32MP133CAG3, STM32MP133DAE7, STM32MP133DAF7, STM32MP133DAG7, STM32MP133FAE7, STM32MP133FAF7, STM32MP133FAG7, STM32MP135AAE3, STM32MP135AAF3, STM32MP135AAG3, STM32MP135CAE3, STM32MP135CAF3, STM32MP135CAG3, STM32MP135DAE7, STM32MP135DAF7, STM32MP135DAG7, STM32MP135F-DK, STM32MP135FAE7, STM32MP135FAF7, STM32MP135FAF7T, STM32MP135FAF7U, STM32MP135FAG7, STM32MP231AAJ3, STM32MP231AAK3, STM32MP231AAL3, STM32MP231CAJ3, STM32MP231CAK3, STM32MP231CAL3, STM32MP231DAJ3, STM32MP231DAK3, STM32MP231DAL3, STM32MP231FAJ3, STM32MP231FAK3, STM32MP231FAL3, STM32MP233AAJ3, STM32MP233AAK3, STM32MP233AAL3, STM32MP233CAJ3, STM32MP233CAK3, STM32MP233CAL3, STM32MP233DAJ3, STM32MP233DAK3, STM32MP233DAL3, STM32MP233FAJ3, STM32MP233FAK3, STM32MP233FAL3, STM32MP235AAJ3, STM32MP235AAK3, STM32MP235AAL3, STM32MP235CAJ3, STM32MP235CAK3, STM32MP235CAL3, STM32MP235DAJ3, STM32MP235DAK3, STM32MP235DAL3, STM32MP235FAJ3, STM32MP235FAK3, STM32MP235FAL3, STM32MP251AAI3, STM32MP251AAJ3, STM32MP251AAK3, STM32MP251AAL3, STM32MP251CAI3, STM32MP251CAJ3, STM32MP251CAK3, STM32MP251CAL3, STM32MP251DAI3, STM32MP251DAJ3, STM32MP251DAK3, STM32MP251DAL3, STM32MP251FAI3, STM32MP251FAJ3, STM32MP251FAK3, STM32MP251FAL3, STM32MP253AAI3, STM32MP253AAJ3, STM32MP253AAK3, STM32MP253AAL3, STM32MP253CAI3, STM32MP253CAJ3, STM32MP253CAK3, STM32MP253CAL3, STM32MP253DAI3, STM32MP253DAJ3, STM32MP253DAK3, STM32MP253DAL3, STM32MP253FAI3, STM32MP253FAJ3, STM32MP253FAK3, STM32MP253FAL3, STM32MP255AAI3, STM32MP255AAJ3, STM32MP255AAK3, STM32MP255AAL3, STM32MP255CAI3, STM32MP255CAJ3, STM32MP255CAK3, STM32MP255CAL3, STM32MP255DAI3, STM32MP255DAJ3, STM32MP255DAK3, STM32MP255DAL3, STM32MP255FAI3, STM32MP255FAJ3, STM32MP255FAK3, STM32MP255FAL3, STM32MP257AAI3, STM32MP257AAJ3, STM32MP257AAK3, STM32MP257AAL3, STM32MP257CAI3, STM32MP257CAJ3, STM32MP257CAK3, STM32MP257CAL3, STM32MP257DAI3, STM32MP257DAJ3, STM32MP257DAK3, STM32MP257DAL3, STM32MP257F-DK, STM32MP257F-EV1, STM32MP257FAI3, STM32MP257FAJ3, STM32MP257FAK3, STM32MP257FAL3, STM32N645A0H3Q, STM32N645B0H3Q, STM32N645I0H3Q, STM32N645L0H3Q, STM32N645X0H3Q, STM32N645Z0H3Q, STM32N647A0H3Q, STM32N647B0H3Q, STM32N647I0H3Q, STM32N647L0H3Q, STM32N647X0H3Q, STM32N647Z0H3Q, STM32N655A0H3Q, STM32N655B0H3Q, STM32N655I0H3Q, STM32N655L0H3Q, STM32N655X0H3Q, STM32N655Z0H3Q, STM32N6570-DK, STM32N657A0H3Q, STM32N657B0H3Q, STM32N657I0H3Q, STM32N657L0H3Q, STM32N657X0H3Q, STM32N657Z0H3Q, STM32U031C6T6, STM32U031C6U6, STM32U031C8T6, STM32U031C8U6, STM32U031F4P6, STM32U031F6P6, STM32U031F8P6, STM32U031G6Y6TR, STM32U031G8Y6TR, STM32U031K4U6, STM32U031K6U6, STM32U031K8U6, STM32U031R6I6, STM32U031R6T6, STM32U031R8I6, STM32U031R8T6, STM32U073C8T6, STM32U073C8U6, STM32U073CBT6, STM32U073CBU6, STM32U073CCT6, STM32U073CCU6, STM32U073H8Y6TR, STM32U073HBY6TR, STM32U073HCY6TR, STM32U073K8U6, STM32U073KBU6, STM32U073KCU6, STM32U073M8I6, STM32U073M8T6, STM32U073MBI6, STM32U073MBT6, STM32U073MCI6, STM32U073MCT6, STM32U073R8I6, STM32U073R8T6, STM32U073RBI6, STM32U073RBT6, STM32U073RCI6, STM32U073RCT6, STM32U083C-DK, STM32U083CCT6, STM32U083CCU6, STM32U083HCY6TR, STM32U083KCU6, STM32U083MCI6, STM32U083MCT6, STM32U083RCI6, STM32U083RCT6, STM32U375CET6, STM32U375CET6Q, STM32U375CEU6, STM32U375CEU6Q, STM32U375CEY6QTR, STM32U375CGT6, STM32U375CGT6Q, STM32U375CGU6, STM32U375CGU6Q, STM32U375CGY6QTR, STM32U375KEU6, STM32U375KGU6, STM32U375REI6, STM32U375REI6Q, STM32U375RET6, STM32U375RET6Q, STM32U375REY6GTR, STM32U375REY6QTR, STM32U375RGI6, STM32U375RGI6Q, STM32U375RGT6, STM32U375RGT6Q, STM32U375RGY6GTR, STM32U375RGY6QTR, STM32U375VEI6, STM32U375VEI6Q, STM32U375VET6, STM32U375VET6Q, STM32U375VGI6, STM32U375VGI6Q, STM32U375VGT6, STM32U375VGT6Q, STM32U385CGT6, STM32U385CGT6Q, STM32U385CGU6, STM32U385CGU6Q, STM32U385CGY6QTR, STM32U385KGU6, STM32U385RGI6, STM32U385RGI6Q, STM32U385RGT6, STM32U385RGT6Q, STM32U385RGY6GTR, STM32U385RGY6QTR, STM32U385VGI6, STM32U385VGI6Q, STM32U385VGT6, STM32U385VGT6Q, STM32U535CBT6, STM32U535CBT6Q, STM32U535CBU6, STM32U535CBU6Q, STM32U535CCT6, STM32U535CCT6Q, STM32U535CCU6, STM32U535CCU6Q, STM32U535CET6, STM32U535CET6Q, STM32U535CEU6, STM32U535CEU6Q, STM32U535JEY6QTR, STM32U535NCY6QTR, STM32U535NEY6QTR, STM32U535RBI6, STM32U535RBI6Q, STM32U535RBT6, STM32U535RBT6Q, STM32U535RCI6, STM32U535RCI6Q, STM32U535RCT6, STM32U535RCT6Q, STM32U535REI6, STM32U535REI6Q, STM32U535RET6, STM32U535RET6Q, STM32U535VCI6, STM32U535VCI6Q, STM32U535VCT6, STM32U535VCT6Q, STM32U535VEI6, STM32U535VEI6Q, STM32U535VET6, STM32U535VET6Q, STM32U545CET6, STM32U545CET6Q, STM32U545CEU6, STM32U545CEU6Q, STM32U545JEY6QTR, STM32U545NEY6QTR, STM32U545REI6, STM32U545REI6Q, STM32U545RET6, STM32U545RET6Q, STM32U545VEI6, STM32U545VEI6Q, STM32U545VET6, STM32U545VET6Q, STM32U595AIH6, STM32U595AIH6Q, STM32U595AJH6, STM32U595AJH6Q, STM32U595QII6, STM32U595QII6Q, STM32U595QJI6, STM32U595QJI6Q, STM32U595RIT6, STM32U595RIT6Q, STM32U595RJT6, STM32U595RJT6Q, STM32U595VIT6, STM32U595VIT6Q, STM32U595VJT6, STM32U595VJT6Q, STM32U595ZIT6, STM32U595ZIT6Q, STM32U595ZIY6QTR, STM32U595ZJT6, STM32U595ZJT6Q, STM32U595ZJY6QTR, STM32U599BJY6QTR, STM32U599NIH6Q, STM32U599NJH6Q, STM32U599VIT6Q, STM32U599VJT6, STM32U599VJT6Q, STM32U599ZIT6Q, STM32U599ZIY6QTR, STM32U599ZJT6Q, STM32U599ZJY6QTR, STM32U5A5AJH6, STM32U5A5AJH6Q, STM32U5A5QII3Q , STM32U5A5QJI6, STM32U5A5QJI6Q, STM32U5A5RJT6, STM32U5A5RJT6Q, STM32U5A5VJT6, STM32U5A5VJT6Q, STM32U5A5ZJT6, STM32U5A5ZJT6Q, STM32U5A5ZJY6QTR, STM32U5A9BJY6QTR, STM32U5A9J-DK, STM32U5A9NJH6Q, STM32U5A9VJT6Q, STM32U5A9ZJT6Q, STM32U5A9ZJY6QTR, STM32U5F7VIT6, STM32U5F7VIT6Q, STM32U5F7VJT6, STM32U5F7VJT6Q, STM32U5F9BJY6QTR, STM32U5F9NJH6Q, STM32U5F9VIT6Q, STM32U5F9VJT6Q, STM32U5F9ZIJ6QTR, STM32U5F9ZIT6Q, STM32U5F9ZJJ6QTR, STM32U5F9ZJT6Q, STM32U5G7VJT6, STM32U5G7VJT6Q, STM32U5G9BJY6QTR, STM32U5G9J-DK1, STM32U5G9J-DK2, STM32U5G9NJH6Q, STM32U5G9VJT6Q, STM32U5G9ZJJ6QTR, STM32U5G9ZJT6Q, STM32WB05KZV6TR, STM32WB05KZV7TR, STM32WB05TZF6TR, STM32WB05TZF7TR, STM32WB06CCF6TR, STM32WB06CCF7TR, STM32WB06CCV6TR, STM32WB06CCV7TR, STM32WB06KCV6TR, STM32WB06KCV7TR, STM32WB07CCF6TR, STM32WB07CCF7TR, STM32WB07CCV6TR, STM32WB07CCV7TR, STM32WB07KCV6TR, STM32WB07KCV7TR, STM32WB09KEV6TR, STM32WB09KEV7TR, STM32WB09TEF6TR, STM32WB09TEF7TR, STM32WB1MMCH6, STM32WBA50KGU6, STM32WBA50KGU6TR, STM32WBA52CEU6, STM32WBA52CEU6TR, STM32WBA52CEU7, STM32WBA52CEU7TR, STM32WBA52CGU6, STM32WBA52CGU6TR, STM32WBA52CGU6U, STM32WBA52CGU7, STM32WBA52CGU7TR, STM32WBA52KEU6, STM32WBA52KEU6TR, STM32WBA52KGU6, STM32WBA52KGU6TR, STM32WBA54CEU6, STM32WBA54CEU6TR, STM32WBA54CEU7, STM32WBA54CEU7TR, STM32WBA54CGU6, STM32WBA54CGU6TR, STM32WBA54CGU7, STM32WBA54CGU7TR, STM32WBA54KEU6, STM32WBA54KEU6TR, STM32WBA54KEU7, STM32WBA54KEU7TR, STM32WBA54KGU6, STM32WBA54KGU6TR, STM32WBA54KGU7, STM32WBA54KGU7TR, STM32WBA55CEU6, STM32WBA55CEU6TR, STM32WBA55CEU7, STM32WBA55CEU7TR, STM32WBA55CGU6, STM32WBA55CGU6TR, STM32WBA55CGU6U, STM32WBA55CGU7, STM32WBA55CGU7TR, STM32WBA55G-DK1, STM32WBA55HEF6, STM32WBA55HEF7, STM32WBA55HGF6, STM32WBA55HGF7, STM32WBA55UEI6, STM32WBA55UEI6TR, STM32WBA55UEI7, STM32WBA55UEI7TR, STM32WBA55UGI6, STM32WBA55UGI6TR, STM32WBA55UGI7, STM32WBA55UGI7TR, STM32WBA5MJGH6TR, STM32WBA62CGU6, STM32WBA62CIU6, STM32WBA62MGF6, STM32WBA62MIF6, STM32WBA62PGI6, STM32WBA62PII6, STM32WBA63CGU6, STM32WBA63CGU7, STM32WBA63CIU6, STM32WBA63CIU7, STM32WBA64CGU6, STM32WBA64CGU7, STM32WBA64CIU6, STM32WBA64CIU7, STM32WBA65CGU6, STM32WBA65CGU7, STM32WBA65CIU6, STM32WBA65CIU7, STM32WBA65I-DK1, STM32WBA65MGF6, STM32WBA65MGF7, STM32WBA65MIF6, STM32WBA65MIF7, STM32WBA65PGI6, STM32WBA65PGI7, STM32WBA65PII6, STM32WBA65PII7, STM32WBA65RGV6, STM32WBA65RGV7, STM32WBA65RIV6, STM32WBA65RIV7, STM32WL30K8V6, STM32WL30KBV6, STM32WL31C8V6, STM32WL31CBV6, STM32WL31K8V6, STM32WL31KBV6, STM32WL33C8V6, STM32WL33C8V6TR, STM32WL33C8V7, STM32WL33C8V7TR, STM32WL33CBV6, STM32WL33CBV6TR, STM32WL33CBV7, STM32WL33CBV7TR, STM32WL33CCV6, STM32WL33CCV6TR, STM32WL33CCV7, STM32WL33CCV7A, STM32WL33CCV7ATR, STM32WL33CCV7TR, STM32WL33K8V6, STM32WL33K8V6TR, STM32WL33K8V7, STM32WL33K8V7TR, STM32WL33KBV6, STM32WL33KBV6TR, STM32WL33KBV7, STM32WL33KBV7TR, STM32WL33KCV6, STM32WL33KCV6TR, STM32WL33KCV7, STM32WL33KCV7TR, STM32WL5MOCH6, STM32WL5MOCH6TR]
2026-05-28 19:42:34,445 [INFO] DbMcus:218 - Found 5082 MCUs, 4964 are supported
2026-05-28 19:42:34,447 [INFO] ApiDb:423 - Load user favorites file C:\Users\moonc/.stm32cubeide/favorites.mcus.txt: 0 item(s)
2026-05-28 19:42:34,447 [INFO] ApiDb:427 - User favorites MCUs=[]
2026-05-28 19:42:34,448 [INFO] DbMcus:224 - Set 0 / 0 favorites MCUs
2026-05-28 19:42:34,825 [INFO] BoardInfo:889 - No configuration file found for board NUCLEO-H5E5ZJ
2026-05-28 19:42:34,825 [INFO] DbBoards:161 - Board is not supported: NUCLEO-H5E5ZJ
2026-05-28 19:42:34,849 [INFO] BoardInfo:889 - No configuration file found for board NUCLEO-U3C5ZI-Q
2026-05-28 19:42:34,850 [INFO] DbBoards:161 - Board is not supported: NUCLEO-U3C5ZI-Q
2026-05-28 19:42:34,856 [INFO] BoardInfo:889 - No configuration file found for board NUCLEO-WBA25CE1
2026-05-28 19:42:34,857 [INFO] DbBoards:161 - Board is not supported: NUCLEO-WBA25CE1
2026-05-28 19:42:34,860 [INFO] BoardInfo:889 - No configuration file found for board NUCLEO-WL3RKB1
2026-05-28 19:42:34,861 [INFO] DbBoards:161 - Board is not supported: NUCLEO-WL3RKB1
2026-05-28 19:42:34,861 [INFO] BoardInfo:889 - No configuration file found for board NUCLEO-WL3RKB2
2026-05-28 19:42:34,862 [INFO] DbBoards:161 - Board is not supported: NUCLEO-WL3RKB2
2026-05-28 19:42:34,865 [INFO] BoardInfo:889 - No configuration file found for board P-NUCLEO-WB55
2026-05-28 19:42:34,865 [INFO] DbBoards:161 - Kit is not supported: P-NUCLEO-WB55
2026-05-28 19:42:34,869 [INFO] BoardInfo:889 - No configuration file found for board STEVAL-BFA001V1B
2026-05-28 19:42:34,869 [INFO] DbBoards:161 - Kit is not supported: STEVAL-BFA001V1B
2026-05-28 19:42:34,869 [INFO] BoardInfo:889 - No configuration file found for board STEVAL-BFA001V2B
2026-05-28 19:42:34,869 [INFO] DbBoards:161 - Kit is not supported: STEVAL-BFA001V2B
2026-05-28 19:42:34,917 [INFO] BoardInfo:889 - No configuration file found for board STM32H5F5J-DK
2026-05-28 19:42:34,917 [INFO] DbBoards:161 - Board is not supported: STM32H5F5J-DK
2026-05-28 19:42:34,942 [INFO] BoardInfo:889 - No configuration file found for board STM32MP215F-DK
2026-05-28 19:42:34,943 [INFO] DbBoards:161 - Board is not supported: STM32MP215F-DK
2026-05-28 19:42:34,963 [INFO] DbBoards:168 - Found 218 boards, 208 are supported
2026-05-28 19:42:34,963 [INFO] DbBoards:169 - Found 218 boards, 43 of them is supported for  Bsp
2026-05-28 19:42:34,970 [INFO] ApiDb:423 - Load user favorites file C:\Users\moonc/.stm32cubeide/favorites.boards.txt: 1 item(s)
2026-05-28 19:42:34,971 [INFO] ApiDb:427 - User favorites Boards=[NUCLEO-F446RE]
2026-05-28 19:42:34,971 [INFO] DbBoards:198 - Set 1 / 1 favorites Boards
2026-05-28 19:42:35,014 [INFO] UtilMem:75 - End LoadConfig() Used Memory: 201659840 Bytes (517996544)
2026-05-28 19:42:35,137 [WARN] ThirdParty:833 - waiting for thirdparty lock release [change project]
2026-05-28 19:42:35,137 [INFO] ThirdParty:835 - entering critical section [change project]
2026-05-28 19:42:35,137 [INFO] ThirdParty:1030 - CMSIS Pack Vendor :STMicroelectronics X-CUBE-AZRTOS-H7 3.5.0
2026-05-28 19:42:35,137 [INFO] ThirdParty:1030 - CMSIS Pack Vendor :STMicroelectronics X-CUBE-PM33A1 1.0.0
2026-05-28 19:42:35,137 [INFO] ThirdParty:1030 - CMSIS Pack Vendor :STMicroelectronics USBPD 4.1
2026-05-28 19:42:35,137 [INFO] ThirdParty:1030 - CMSIS Pack Vendor :STMicroelectronics X-CUBE-NFC9 1.0.0
2026-05-28 19:42:35,137 [INFO] ThirdParty:1030 - CMSIS Pack Vendor :STMicroelectronics USB_HOST 2.0.0
2026-05-28 19:42:35,137 [INFO] ThirdParty:1030 - CMSIS Pack Vendor :STMicroelectronics X-CUBE-AZRTOS-F4 1.1.0
2026-05-28 19:42:35,137 [INFO] ThirdParty:1030 - CMSIS Pack Vendor :STMicroelectronics LIBJPEG 8.0.0
2026-05-28 19:42:35,137 [INFO] ThirdParty:1030 - CMSIS Pack Vendor :STMicroelectronics FP-ATR-ASTRA1 2.0.2
2026-05-28 19:42:35,137 [INFO] ThirdParty:1030 - CMSIS Pack Vendor :STMicroelectronics X-CUBE-BLE1 7.1.0
2026-05-28 19:42:35,137 [INFO] ThirdParty:1030 - CMSIS Pack Vendor :STMicroelectronics X-CUBE-SMBUS 2.1.0
2026-05-28 19:42:35,138 [INFO] ThirdParty:1030 - CMSIS Pack Vendor :wolfSSL I-CUBE-wolfMQTT 1.19.2
2026-05-28 19:42:35,138 [INFO] ThirdParty:1030 - CMSIS Pack Vendor :STMicroelectronics USB_DEVICE 3.0.0
2026-05-28 19:42:35,138 [INFO] ThirdParty:1030 - CMSIS Pack Vendor :STMicroelectronics X-CUBE-ISPU 2.1.0
2026-05-28 19:42:35,138 [INFO] ThirdParty:1030 - CMSIS Pack Vendor :STMicroelectronics X-CUBE-EEPRMA1 5.2.0
2026-05-28 19:42:35,138 [INFO] ThirdParty:1030 - CMSIS Pack Vendor :STMicroelectronics X-CUBE-BLEMGR 4.1.0
2026-05-28 19:42:35,138 [INFO] ThirdParty:1030 - CMSIS Pack Vendor :STMicroelectronics eDS-WB_DPC_TT-BIDIR 2.1.1
2026-05-28 19:42:35,138 [INFO] ThirdParty:1030 - CMSIS Pack Vendor :STMicroelectronics X-CUBE-AZRTOS-WB 2.0.0
2026-05-28 19:42:35,138 [INFO] ThirdParty:1030 - CMSIS Pack Vendor :STMicroelectronics X-CUBE-NFC12 1.0.0
2026-05-28 19:42:35,138 [INFO] ThirdParty:1030 - CMSIS Pack Vendor :STMicroelectronics X-CUBE-AZRTOS-F7 1.1.0
2026-05-28 19:42:35,138 [INFO] ThirdParty:1030 - CMSIS Pack Vendor :STMicroelectronics X-CUBE-AZRTOS-L5 2.0.0
2026-05-28 19:42:35,138 [INFO] ThirdParty:1030 - CMSIS Pack Vendor :STMicroelectronics USB_DEVICE 2.0.0
2026-05-28 19:42:35,138 [INFO] ThirdParty:1030 - CMSIS Pack Vendor :quantropi X-CUBE-qispace-sdk-base 2.1.0
2026-05-28 19:42:35,138 [INFO] ThirdParty:1030 - CMSIS Pack Vendor :STMicroelectronics X-CUBE-STSE01 2.0.0
2026-05-28 19:42:35,138 [INFO] ThirdParty:1030 - CMSIS Pack Vendor :STMicroelectronics X-CUBE-ALGOBUILD 1.5.0
2026-05-28 19:42:35,138 [INFO] ThirdParty:1030 - CMSIS Pack Vendor :STMicroelectronics FreeRTOS 0.0.1
2026-05-28 19:42:35,138 [INFO] ThirdParty:1030 - CMSIS Pack Vendor :STMicroelectronics X-CUBE-AZRTOS-G0 1.1.0
2026-05-28 19:42:35,138 [INFO] ThirdParty:1030 - CMSIS Pack Vendor :STMicroelectronics X-CUBE-NFC4 3.0.0
2026-05-28 19:42:35,138 [INFO] ThirdParty:1030 - CMSIS Pack Vendor :STMicroelectronics X-CUBE-SUBG2 5.0.0
2026-05-28 19:42:35,138 [INFO] ThirdParty:1030 - CMSIS Pack Vendor :STMicroelectronics STM32_WPAN 1.0.0
2026-05-28 19:42:35,138 [INFO] ThirdParty:1030 - CMSIS Pack Vendor :STMicroelectronics eDS-WB_DPC_VIENNA 1.2.0
2026-05-28 19:42:35,138 [INFO] ThirdParty:1030 - CMSIS Pack Vendor :EmbeddedOffice I-CUBE-FS-RTOS 1.0.1
2026-05-28 19:42:35,138 [INFO] ThirdParty:1030 - CMSIS Pack Vendor :STMicroelectronics lwIP 2.0.3
2026-05-28 19:42:35,138 [INFO] ThirdParty:1030 - CMSIS Pack Vendor :STMicroelectronics eDS-WB_DPC_3PH2L-BIDIR 1.1.1
2026-05-28 19:42:35,138 [INFO] ThirdParty:1030 - CMSIS Pack Vendor :STMicroelectronics USB_HOST 1.0.0
2026-05-28 19:42:35,138 [INFO] ThirdParty:1030 - CMSIS Pack Vendor :STMicroelectronics X-CUBE-AZRTOS-G4 2.0.0
2026-05-28 19:42:35,138 [INFO] ThirdParty:1030 - CMSIS Pack Vendor :STMicroelectronics PDM2PCM 3.1.0
2026-05-28 19:42:35,138 [INFO] ThirdParty:1030 - CMSIS Pack Vendor :STMicroelectronics PDM2PCM 3.3.0
2026-05-28 19:42:35,138 [INFO] ThirdParty:1030 - CMSIS Pack Vendor :wolfSSL I-CUBE-wolfTPM 3.8.0
2026-05-28 19:42:35,138 [INFO] ThirdParty:1030 - CMSIS Pack Vendor :STMicroelectronics X-CUBE-DISPLAY 3.0.0
2026-05-28 19:42:35,138 [INFO] ThirdParty:1030 - CMSIS Pack Vendor :wolfSSL I-CUBE-wolfSSH 1.4.20
2026-05-28 19:42:35,138 [INFO] ThirdParty:1030 - CMSIS Pack Vendor :STMicroelectronics X-CUBE-NFC7 2.0.0
2026-05-28 19:42:35,138 [INFO] ThirdParty:1030 - CMSIS Pack Vendor :STMicroelectronics X-CUBE-GNSS1 7.1.1
2026-05-28 19:42:35,138 [INFO] ThirdParty:1030 - CMSIS Pack Vendor :STMicroelectronics X-CUBE-TCPP 4.2.0
2026-05-28 19:42:35,139 [INFO] ThirdParty:1030 - CMSIS Pack Vendor :RealThread X-CUBE-RT-Thread_Nano 4.1.1
2026-05-28 19:42:35,139 [INFO] ThirdParty:1030 - CMSIS Pack Vendor :wolfSSL I-CUBE-wolfSSL 5.9.1
2026-05-28 19:42:35,139 [INFO] ThirdParty:1030 - CMSIS Pack Vendor :STMicroelectronics FP-ATR-SIGFOX1 3.2.0
2026-05-28 19:42:35,139 [INFO] ThirdParty:1030 - CMSIS Pack Vendor :STMicroelectronics X-CUBE-NFC10 1.0.0
2026-05-28 19:42:35,139 [INFO] ThirdParty:1030 - CMSIS Pack Vendor :STMicroelectronics HAL Drivers 0.0.0
2026-05-28 19:42:35,139 [INFO] ThirdParty:1030 - CMSIS Pack Vendor :STMicroelectronics MBEDTLS 2.16.2
2026-05-28 19:42:35,139 [INFO] ThirdParty:1030 - CMSIS Pack Vendor :STMicroelectronics X-CUBE-ST60 1.1.0
2026-05-28 19:42:35,139 [INFO] ThirdParty:1030 - CMSIS Pack Vendor :STMicroelectronics X-CUBE-ALS 1.0.2
2026-05-28 19:42:35,139 [INFO] ThirdParty:1030 - CMSIS Pack Vendor :emotas I-CUBE-CANOPEN 1.3.0
2026-05-28 19:42:35,139 [INFO] ThirdParty:1030 - CMSIS Pack Vendor :STMicroelectronics MBEDTLS 2.14.1
2026-05-28 19:42:35,139 [INFO] ThirdParty:1030 - CMSIS Pack Vendor :ITTIA_DB I-CUBE-ITTIADB 8.9.0
2026-05-28 19:42:35,139 [INFO] ThirdParty:1030 - CMSIS Pack Vendor :Cesanta I-CUBE-Mongoose 7.21.7
2026-05-28 19:42:35,139 [INFO] ThirdParty:1030 - CMSIS Pack Vendor :STMicroelectronics X-CUBE-TOUCHGFX 4.26.1
2026-05-28 19:42:35,139 [INFO] ThirdParty:1030 - CMSIS Pack Vendor :STMicroelectronics X-CUBE-NFC6 3.2.0
2026-05-28 19:42:35,139 [INFO] ThirdParty:1030 - CMSIS Pack Vendor :STMicroelectronics X-CUBE-AI 10.2.0
2026-05-28 19:42:35,139 [INFO] ThirdParty:1030 - CMSIS Pack Vendor :STMicroelectronics ThreadX 1.0.0
2026-05-28 19:42:35,139 [INFO] ThirdParty:1030 - CMSIS Pack Vendor :STMicroelectronics FP-SNS-SMARTAG2 1.2.0
2026-05-28 19:42:35,139 [INFO] ThirdParty:1030 - CMSIS Pack Vendor :STMicroelectronics X-CUBE-MEMS1 12.1.0
2026-05-28 19:42:35,139 [INFO] ThirdParty:1030 - CMSIS Pack Vendor :STMicroelectronics FP-SNS-FLIGHT1 5.1.0
2026-05-28 19:42:35,139 [INFO] ThirdParty:1030 - CMSIS Pack Vendor :STMicroelectronics X-CUBE-AZRTOS-WL 2.0.0
2026-05-28 19:42:35,139 [INFO] ThirdParty:1030 - CMSIS Pack Vendor :SEGGER I-CUBE-embOS 1.3.1
2026-05-28 19:42:35,139 [INFO] ThirdParty:1030 - CMSIS Pack Vendor :STMicroelectronics X-CUBE-ALGOBUILD 1.4.0
2026-05-28 19:42:35,139 [INFO] ThirdParty:1030 - CMSIS Pack Vendor :STMicroelectronics X-CUBE-DPower 1.3.0
2026-05-28 19:42:35,139 [INFO] ThirdParty:1030 - CMSIS Pack Vendor :STMicroelectronics USB_DEVICE 1.0.0
2026-05-28 19:42:35,139 [INFO] ThirdParty:1030 - CMSIS Pack Vendor :STMicroelectronics X-CUBE-AZRTOS-H7RS 1.2.0
2026-05-28 19:42:35,140 [INFO] ThirdParty:1030 - CMSIS Pack Vendor :STMicroelectronics X-CUBE-AZRTOS-L4 2.0.0
2026-05-28 19:42:35,140 [INFO] ThirdParty:1030 - CMSIS Pack Vendor :STMicroelectronics ThreadX 0.0.2
2026-05-28 19:42:35,140 [INFO] ThirdParty:1030 - CMSIS Pack Vendor :STMicroelectronics lwIP 2.1.2
2026-05-28 19:42:35,140 [INFO] ThirdParty:1030 - CMSIS Pack Vendor :STMicroelectronics X-CUBE-SFXS2LP1 4.0.0
2026-05-28 19:42:35,140 [INFO] ThirdParty:1030 - CMSIS Pack Vendor :STMicroelectronics X-CUBE-BLE2 3.3.0
2026-05-28 19:42:35,140 [INFO] ThirdParty:1030 - CMSIS Pack Vendor :Avnet-IOTCONNECT X-CUBE-iotc-st67-sdk 1.0.0
2026-05-28 19:42:35,140 [INFO] ThirdParty:1030 - CMSIS Pack Vendor :STMicroelectronics X-CUBE-TOF1 3.4.3
2026-05-28 19:42:35,140 [INFO] ThirdParty:1030 - CMSIS Pack Vendor :Infineon AIROC-Wi-Fi-Bluetooth-STM32 1.8.0
2026-05-28 19:42:35,140 [INFO] ThirdParty:1030 - CMSIS Pack Vendor :STMicroelectronics PDM2PCM 3.2.0
2026-05-28 19:42:35,140 [INFO] ThirdParty:1030 - CMSIS Pack Vendor :STMicroelectronics X-CUBE-WB05N 2.1.0
2026-05-28 19:42:35,140 [INFO] ThirdParty:841 - exiting critical section [change project]
2026-05-28 19:42:35,449 [INFO] PinOutPanel:1589 - setPackage(No Configuration,No Configuration)
2026-05-28 19:42:35,450 [INFO] PinOutPanel:1589 - setPackage(STM32F446RETx,LQFP64)
2026-05-28 19:42:35,772 [INFO] UtilMem:75 - Before build in PCC Used Memory: 427249616 Bytes (517996544)
2026-05-28 19:42:36,542 [INFO] UtilMem:75 - After build in PCC Used Memory: 222668416 Bytes (517996544)
2026-05-28 19:42:36,576 [INFO] IPUIPlugin:80 - create IPUIPlugin
2026-05-28 19:42:36,576 [INFO] IPUIPlugin:80 - create IPUIPlugin
2026-05-28 19:42:36,577 [INFO] IPUIPlugin:80 - create IPUIPlugin
2026-05-28 19:42:36,577 [INFO] IPUIPlugin:80 - create IPUIPlugin
2026-05-28 19:42:36,577 [INFO] IPUIPlugin:80 - create IPUIPlugin
2026-05-28 19:42:36,577 [INFO] IPUIPlugin:80 - create IPUIPlugin
2026-05-28 19:42:36,577 [INFO] IPUIPlugin:80 - create IPUIPlugin
2026-05-28 19:42:36,577 [INFO] IPUIPlugin:80 - create IPUIPlugin
2026-05-28 19:42:36,577 [INFO] IPUIPlugin:80 - create IPUIPlugin
2026-05-28 19:42:36,577 [INFO] IPUIPlugin:80 - create IPUIPlugin
2026-05-28 19:42:36,577 [INFO] IPUIPlugin:80 - create IPUIPlugin
2026-05-28 19:42:36,578 [INFO] IPUIPlugin:80 - create IPUIPlugin
2026-05-28 19:42:36,578 [INFO] IPUIPlugin:80 - create IPUIPlugin
2026-05-28 19:42:36,578 [INFO] IPUIPlugin:80 - create IPUIPlugin
2026-05-28 19:42:36,578 [INFO] IPUIPlugin:80 - create IPUIPlugin
2026-05-28 19:42:36,578 [INFO] IPUIPlugin:80 - create IPUIPlugin
2026-05-28 19:42:36,578 [INFO] IPUIPlugin:80 - create IPUIPlugin
2026-05-28 19:42:36,579 [INFO] IPUIPlugin:80 - create IPUIPlugin
2026-05-28 19:42:36,579 [INFO] IPUIPlugin:80 - create IPUIPlugin
2026-05-28 19:42:36,579 [INFO] IPUIPlugin:80 - create IPUIPlugin
2026-05-28 19:42:36,579 [INFO] IPUIPlugin:80 - create IPUIPlugin
2026-05-28 19:42:36,579 [INFO] IPUIPlugin:80 - create IPUIPlugin
2026-05-28 19:42:36,580 [INFO] IPUIPlugin:80 - create IPUIPlugin
2026-05-28 19:42:36,580 [INFO] IPUIPlugin:80 - create IPUIPlugin
2026-05-28 19:42:36,580 [INFO] IPUIPlugin:80 - create IPUIPlugin
2026-05-28 19:42:36,580 [INFO] IPUIPlugin:80 - create IPUIPlugin
2026-05-28 19:42:36,580 [INFO] IPUIPlugin:80 - create IPUIPlugin
2026-05-28 19:42:36,580 [INFO] IPUIPlugin:80 - create IPUIPlugin
2026-05-28 19:42:36,581 [INFO] IPUIPlugin:80 - create IPUIPlugin
2026-05-28 19:42:36,581 [INFO] IPUIPlugin:80 - create IPUIPlugin
2026-05-28 19:42:36,581 [INFO] IPUIPlugin:80 - create IPUIPlugin
2026-05-28 19:42:36,581 [INFO] IPUIPlugin:80 - create IPUIPlugin
2026-05-28 19:42:36,581 [INFO] IPUIPlugin:80 - create IPUIPlugin
2026-05-28 19:42:36,581 [INFO] IPUIPlugin:80 - create IPUIPlugin
2026-05-28 19:42:36,582 [INFO] IPUIPlugin:80 - create IPUIPlugin
2026-05-28 19:42:36,582 [INFO] IPUIPlugin:80 - create IPUIPlugin
2026-05-28 19:42:36,582 [INFO] IPUIPlugin:80 - create IPUIPlugin
2026-05-28 19:42:36,582 [INFO] IPUIPlugin:80 - create IPUIPlugin
2026-05-28 19:42:36,582 [INFO] IPUIPlugin:80 - create IPUIPlugin
2026-05-28 19:42:36,583 [INFO] IPUIPlugin:80 - create IPUIPlugin
2026-05-28 19:42:36,583 [INFO] IPUIPlugin:80 - create IPUIPlugin
2026-05-28 19:42:36,583 [INFO] IPUIPlugin:80 - create IPUIPlugin
2026-05-28 19:42:36,583 [INFO] IPUIPlugin:80 - create IPUIPlugin
2026-05-28 19:42:36,584 [INFO] IPUIPlugin:80 - create IPUIPlugin
2026-05-28 19:42:36,584 [INFO] IPUIPlugin:80 - create IPUIPlugin
2026-05-28 19:42:36,584 [INFO] IPUIPlugin:80 - create IPUIPlugin
2026-05-28 19:42:36,584 [INFO] IPUIPlugin:80 - create IPUIPlugin
2026-05-28 19:42:36,584 [INFO] IPUIPlugin:80 - create IPUIPlugin
2026-05-28 19:42:36,584 [INFO] IPUIPlugin:80 - create IPUIPlugin
2026-05-28 19:42:36,585 [INFO] IPUIPlugin:80 - create IPUIPlugin
2026-05-28 19:42:36,585 [INFO] IPUIPlugin:80 - create IPUIPlugin
2026-05-28 19:42:36,585 [INFO] IPUIPlugin:80 - create IPUIPlugin
2026-05-28 19:42:36,585 [INFO] IPUIPlugin:80 - create IPUIPlugin
2026-05-28 19:42:36,585 [INFO] IPUIPlugin:80 - create IPUIPlugin
2026-05-28 19:42:36,587 [INFO] IPUIPlugin:80 - create IPUIPlugin
2026-05-28 19:42:36,587 [INFO] IPUIPlugin:80 - create IPUIPlugin
2026-05-28 19:42:36,587 [INFO] IPUIPlugin:80 - create IPUIPlugin
2026-05-28 19:42:36,587 [INFO] IPUIPlugin:80 - create IPUIPlugin
2026-05-28 19:42:36,588 [INFO] IPUIPlugin:80 - create IPUIPlugin
2026-05-28 19:42:36,588 [INFO] IPUIPlugin:80 - create IPUIPlugin
2026-05-28 19:42:36,660 [INFO] ApiDbMcu:508 - Load IP Config File for PDM2PCM
2026-05-28 19:42:36,841 [INFO] CADModel:165 - CPN selected for project levelSTM32F446RET6
2026-05-28 19:42:36,841 [INFO] CADModel:114 - Register for checkConnection events
2026-05-28 19:42:36,879 [INFO] OpenFileManager:385 - Restore cursor
2026-05-28 19:52:51,915 [INFO] NvicIntPanel:101 - NVIC parent = com.st.microxplorer.plugins.ip.nvic.MultiNvicIntPanel[,0,0,1047x470,layout=javax.swing.BoxLayout,alignmentX=0.0,alignmentY=0.0,border=,flags=9,maximumSize=,minimumSize=,preferredSize=]
2026-05-28 19:52:53,063 [INFO] NvicIntPanel:101 - NVIC parent = com.st.microxplorer.plugins.ip.nvic.MultiNvicIntPanel[,0,0,0x0,invalid,layout=javax.swing.BoxLayout,alignmentX=0.0,alignmentY=0.0,border=,flags=9,maximumSize=,minimumSize=,preferredSize=]
2026-05-28 19:53:41,540 [INFO] UtilMem:75 - End SaveConfig() Used Memory: 1023608664 Bytes (1073741824)
2026-05-28 19:53:42,110 [INFO] UtilMem:75 - End SaveConfig() Used Memory: 1059797544 Bytes (1073741824)
2026-05-28 19:53:42,464 [INFO] BlockDiagram:2775 - set Specific Code input for plugin: SYS
2026-05-28 19:53:42,464 [INFO] BlockDiagram:2775 - set Specific Code input for plugin: RCC
2026-05-28 19:53:42,465 [INFO] BlockDiagram:2775 - set Specific Code input for plugin: NVIC
2026-05-28 19:53:42,465 [INFO] BlockDiagram:2775 - set Specific Code input for plugin: USART
2026-05-28 19:53:42,465 [INFO] BlockDiagram:2775 - set Specific Code input for plugin: GPIO
2026-05-28 19:53:42,466 [INFO] CodeGenerator:882 - code generatio: config db path: B:\ST\STM32CubeIDE_1.18.1\STM32CubeIDE\plugins\com.st.stm32cube.common.mx_6.14.1.202504091515\\db\
2026-05-28 19:53:42,548 [INFO] CodeEngine:263 - oldGeneratedFile, B:\stm32\USART_rb\MXTmpFiles\license.tmp_save
2026-05-28 19:53:42,793 [INFO] CodeEngine:287 - Generated code: B:\stm32\USART_rb\MXTmpFiles\license.tmp
2026-05-28 19:53:42,842 [INFO] CodeEngine:263 - oldGeneratedFile, B:\stm32\USART_rb\MXTmpFiles\gpio.tmp_save
2026-05-28 19:53:42,949 [INFO] CodeEngine:287 - Generated code: B:\stm32\USART_rb\MXTmpFiles\gpio.tmp
2026-05-28 19:53:43,034 [INFO] CodeEngine:263 - oldGeneratedFile, B:\stm32\USART_rb\Core\Src\stm32f4xx_it.c_save
2026-05-28 19:53:43,148 [INFO] CodeEngine:287 - Generated code: B:\stm32\USART_rb\Core\Src\stm32f4xx_it.c
2026-05-28 19:53:43,154 [INFO] CodeEngine:263 - oldGeneratedFile, B:\stm32\USART_rb\Core\Inc\stm32f4xx_it.h_save
2026-05-28 19:53:43,211 [INFO] CodeEngine:287 - Generated code: B:\stm32\USART_rb\Core\Inc\stm32f4xx_it.h
2026-05-28 19:53:43,225 [INFO] CodeEngine:263 - oldGeneratedFile, B:\stm32\USART_rb\Core\Src\stm32f4xx_hal_msp.c_save
2026-05-28 19:53:43,326 [INFO] CodeEngine:287 - Generated code: B:\stm32\USART_rb\Core\Src\stm32f4xx_hal_msp.c
2026-05-28 19:53:43,331 [INFO] CodeEngine:263 - oldGeneratedFile, B:\stm32\USART_rb\MXTmpFiles\system.tmp_save
2026-05-28 19:53:43,380 [INFO] CodeEngine:287 - Generated code: B:\stm32\USART_rb\MXTmpFiles\system.tmp
2026-05-28 19:53:43,392 [INFO] CodeEngine:319 - oldGeneratedFile, B:\stm32\USART_rb\Core\Inc\stm32f4xx_hal_conf.h_save
2026-05-28 19:53:43,449 [INFO] CodeEngine:343 - Generated code: B:\stm32\USART_rb\Core\Inc\stm32f4xx_hal_conf.h
2026-05-28 19:53:43,473 [WARN] IPConfigManager:3217 - Warning: the RefConfig PLL2P_FOR_MCO is not available in your config.xml file
2026-05-28 19:53:43,479 [INFO] ApiDbMcu:508 - Load IP Config File for USART2
2026-05-28 19:53:43,482 [INFO] ApiDbMcu:508 - Load IP Config File for RCC
2026-05-28 19:53:43,492 [INFO] CodeEngine:263 - oldGeneratedFile, B:\stm32\USART_rb\Core\Inc\main.h_save
2026-05-28 19:53:43,554 [INFO] CodeEngine:287 - Generated code: B:\stm32\USART_rb\Core\Inc\main.h
2026-05-28 19:53:43,559 [INFO] CodeEngine:263 - oldGeneratedFile, B:\stm32\USART_rb\Core\Src\main.c_save
2026-05-28 19:53:43,668 [INFO] CodeEngine:287 - Generated code: B:\stm32\USART_rb\Core\Src\main.c
2026-05-28 19:53:44,115 [INFO] ProjectBuilder:3324 - Time for Copy HAL[1] : 306mS.
2026-05-28 19:53:44,120 [INFO] ProjectBuilder:4912 - Project Generator version: 4.6.0.1-B1
2026-05-28 19:53:44,185 [INFO] ConfigFileManager:1590 - The Die is : DIE421
2026-05-28 19:53:44,192 [INFO] ApiDbMcu:508 - Load IP Config File for FATFS
2026-05-28 19:53:44,196 [INFO] ApiDbMcu:508 - Load IP Config File for FREERTOS
2026-05-28 19:53:44,198 [INFO] ApiDbMcu:508 - Load IP Config File for LIBJPEG
2026-05-28 19:53:44,203 [INFO] ApiDbMcu:508 - Load IP Config File for MBEDTLS
2026-05-28 19:53:44,208 [INFO] ApiDbMcu:508 - Load IP Config File for USB_DEVICE
2026-05-28 19:53:44,211 [INFO] ApiDbMcu:508 - Load IP Config File for USB_HOST
2026-05-28 19:53:44,497 [INFO] LogOutputStream:77 - [STDOUT_REDIRECT] 
2026-05-28 19:53:45,220 [INFO] ProjectBuilder:5191 - Time for Generating toolchain IDE Files: 1100mS.
2026-05-28 19:53:45,221 [INFO] ProjectBuilder:3181 - Time for Copy CMSIS : 0mS.
2026-05-28 19:53:45,223 [INFO] ProjectBuilder:3181 - Time for Copy CMSIS : 0mS.
2026-05-28 20:44:13,711 [INFO] MainUpdater:2872 - connection check result : 10
2026-05-28 20:44:13,713 [INFO] McuFinderGlobals:76 - Set McuFinderConnectedMode to true
2026-05-28 20:44:13,929 [INFO] ServerAccessManage:473 - Download File mcusAds.json._tmp_
2026-05-28 20:44:14,060 [INFO] LoadUrlFilesThread:156 - End of LoadUrlFiles Thread
2026-05-28 20:44:14,317 [INFO] ServerAccessManage:473 - Download File cube-finder-db.zip
2026-05-28 20:44:16,378 [INFO] FileExtend:242 - Unzip File : cube-finder-db.zip
2026-05-28 20:44:16,378 [INFO] FileExtend:257 - Standard Zip Deflate
2026-05-28 20:44:17,040 [INFO] LoadUrlFilesThread:156 - End of LoadUrlFiles Thread
2026-05-28 20:44:18,172 [INFO] ServerAccessManage:473 - Download File crdb.zip
2026-05-28 20:44:19,671 [INFO] FileExtend:242 - Unzip File : crdb.zip
2026-05-28 20:44:19,671 [INFO] FileExtend:257 - Standard Zip Deflate
2026-05-28 20:44:19,793 [INFO] LoadUrlFilesThread:156 - End of LoadUrlFiles Thread
2026-05-28 20:44:19,852 [INFO] ServerAccessManage:473 - Download File tutoVideoDB.zip
2026-05-28 20:44:19,858 [INFO] FileExtend:242 - Unzip File : tutoVideoDB.zip
2026-05-28 20:44:19,858 [INFO] FileExtend:257 - Standard Zip Deflate
2026-05-28 20:44:19,964 [INFO] LoadUrlFilesThread:156 - End of LoadUrlFiles Thread
2026-05-28 20:44:19,965 [WARN] DbFile:41 - Overriding database path with different value: C:\Users\moonc\.stmcufinder\plugins\mcufinder/ => C:\Users\moonc\.stmcufinder\plugins\mcufinder
2026-05-28 20:44:20,651 [ERROR] ServerAccessManage:1089 - Problem, file not found on Server
2026-05-28 20:44:20,652 [ERROR] ServerAccessManage:651 - Problem, file not found on Server : api_config.json.
2026-05-28 20:44:22,344 [INFO] LoadUrlFilesThread:156 - End of LoadUrlFiles Thread
2026-05-28 20:44:23,645 [INFO] DbMcusAds:53 - JSON generation date=Mon Apr 27 17:14:29 KST 2026 (1777277669924)
2026-05-28 20:44:23,649 [INFO] ApiDb:448 - Save user favorites file C:\Users\moonc/.stm32cubeide/favorites.mcus.txt: 0 item(s)
2026-05-28 20:44:23,650 [INFO] ApiDb:452 - User favorites MCUs=[]
2026-05-28 20:44:23,652 [INFO] ApiDb:581 - Connected to CubeFinder SQLite database (C:\Users\moonc\.stmcufinder\plugins\mcufinder\mcu\cube-finder-db.db)
2026-05-28 20:44:23,730 [INFO] ApiDb:668 - CubeFinder database Data Model version=2.1
2026-05-28 20:44:23,730 [INFO] ApiDb:669 - CubeFinder database Configuration version=3.0.42
2026-05-28 20:44:23,730 [INFO] ApiDb:670 - CubeFinder database generation date=2026-05-06 (1778060171)
2026-05-28 20:44:23,730 [INFO] ApiDb:671 - CubeFinder database FW Pack versions=[FP-ATR-ASTRA1_V2.0.0, FP-SNS-FLIGHT1_V5.1.0, FP-SNS-MOTENV1_V5.1.0, FP-SNS-MOTENVWB1_V1.5.0, FP-SNS-SMARTAG2_V1.2.0, FP-SNS-STBOX1_V2.1.0, STM32Cube_FW_C0_V1.4.0, STM32Cube_FW_F4_V1.28.3, STM32Cube_FW_F7_V1.17.4, STM32Cube_FW_G0_V1.6.3, STM32Cube_FW_G4_V1.6.2, STM32Cube_FW_H5_V1.6.0, STM32Cube_FW_H7RS_V1.3.0, STM32Cube_FW_H7_V1.13.0, STM32Cube_FW_L0_V1.12.2, STM32Cube_FW_L4_V1.18.2, STM32Cube_FW_L5_V1.6.0, STM32Cube_FW_N6_V1.3.0, STM32Cube_FW_U0_V1.3.0, STM32Cube_FW_U3_V1.3.0, STM32Cube_FW_U5_V1.8.0, STM32Cube_FW_WB0_V1.4.0, STM32Cube_FW_WBA_V1.9.0, STM32Cube_FW_WB_V1.24.0, STM32Cube_FW_WL3_V1.4.0, STM32Cube_FW_WL_V1.5.0, X-CUBE-ALGOBUILD_V1.4.0, X-CUBE-ALS_V1.0.2, X-CUBE-AZRTOS-F4_V1.1.0, X-CUBE-AZRTOS-F7_V1.1.0, X-CUBE-AZRTOS-G0_V1.1.0, X-CUBE-AZRTOS-G4_V2.0.0, X-CUBE-AZRTOS-H7RS_V1.1.0, X-CUBE-AZRTOS-H7_V3.5.0, X-CUBE-AZRTOS-L4_V2.0.0, X-CUBE-AZRTOS-L5_V2.0.0, X-CUBE-AZRTOS-WB_V2.0.0, X-CUBE-AZRTOS-WL_V2.0.0, X-CUBE-BLE1_V7.1.0, X-CUBE-BLE2_V3.3.0, X-CUBE-BLEMGR_V4.1.0, X-CUBE-EEPRMA1_V5.2.0, X-CUBE-FREERTOS_V1.5.0, X-CUBE-GNSS1_V6.0.0, X-CUBE-MEMS1_V12.0.0, X-CUBE-NFC4_V3.0.0, X-CUBE-NFC7_V2.0.0, X-CUBE-SFXS2LP1_V4.0.0, X-CUBE-ST67W61_V1.2.0, X-CUBE-SUBG2_V5.0.0, X-CUBE-TOF1_V3.4.3]
2026-05-28 20:44:25,597 [INFO] ApiDb:240 - Found 895 in-development CPN: [B-G473E-ZEST1S, B-WB1M-WPAN1, B-WBA5M-WPAN, B-WL5M-SUBG1, NUCLEO-C031C6, NUCLEO-C051C8, NUCLEO-C071RB, NUCLEO-C092RC, NUCLEO-H503RB, NUCLEO-H533RE, NUCLEO-H563ZI, NUCLEO-H7S3L8, NUCLEO-N657X0-Q, NUCLEO-U031R8, NUCLEO-U083RC, NUCLEO-U385RG-Q, NUCLEO-U545RE-Q, NUCLEO-U5A5ZJ-Q, NUCLEO-WB05KZ, NUCLEO-WB07CC, NUCLEO-WB09KE, NUCLEO-WBA52CG, NUCLEO-WBA55CG, NUCLEO-WBA65RI, NUCLEO-WL33CC1, NUCLEO-WL33CC2, STEVAL-PROTEUS1, STEVAL-SMARTAG2, STEVAL-STWINBX1, STM320518-EVAL, STM32C0116-DK, STM32C011D6Y3TR, STM32C011D6Y6TR, STM32C011F4P3, STM32C011F4P6, STM32C011F4U3, STM32C011F4U6TR, STM32C011F6P3, STM32C011F6P6, STM32C011F6U3, STM32C011F6U6TR, STM32C011J4M3, STM32C011J4M6, STM32C011J6M3, STM32C011J6M6, STM32C0316-DK, STM32C031C4T3, STM32C031C4T6, STM32C031C4U3, STM32C031C4U6, STM32C031C6T3, STM32C031C6T6, STM32C031C6U3, STM32C031C6U6, STM32C031F4P3, STM32C031F4P6, STM32C031F6P3, STM32C031F6P6, STM32C031G4U3, STM32C031G4U6, STM32C031G6U3, STM32C031G6U6, STM32C031K4T3, STM32C031K4T6, STM32C031K4U3, STM32C031K4U6, STM32C031K6T3, STM32C031K6T6, STM32C031K6U3, STM32C031K6U6, STM32C051C6T6, STM32C051C6U6, STM32C051C8T6, STM32C051C8U6, STM32C051D8Y6TR, STM32C051F6P6, STM32C051F8P6, STM32C051G6U6, STM32C051G8U6, STM32C051K6T6, STM32C051K6U6, STM32C051K8T6, STM32C071C8T6, STM32C071C8T6N, STM32C071C8U6, STM32C071C8U6N, STM32C071CBT6, STM32C071CBT6N, STM32C071CBU6, STM32C071CBU6N, STM32C071F8P6, STM32C071F8P6N, STM32C071FBP6, STM32C071FBP6N, STM32C071FBY6TR, STM32C071G8U6, STM32C071G8U6N, STM32C071GBU6, STM32C071GBU6N, STM32C071K8T6, STM32C071K8T6N, STM32C071K8U6, STM32C071K8U6N, STM32C071KBT6, STM32C071KBT6N, STM32C071KBU6, STM32C071KBU6N, STM32C071R8T6, STM32C071R8T6N, STM32C071RBI6N, STM32C071RBT6, STM32C071RBT6N, STM32C091CBT6, STM32C091CBU6, STM32C091CCT6, STM32C091CCU6, STM32C091ECY6TR, STM32C091FBP6, STM32C091FCP6, STM32C091GBU6, STM32C091GCU6, STM32C091KBT6, STM32C091KBU6, STM32C091KCT6, STM32C091KCU6, STM32C091RBT6, STM32C091RCI6, STM32C091RCT6, STM32C092CBT6, STM32C092CBU6, STM32C092CCT6, STM32C092CCU6, STM32C092ECY6TR, STM32C092FBP6, STM32C092FCP6, STM32C092GBU6, STM32C092GCU6, STM32C092KBT6, STM32C092KBU6, STM32C092KCT6, STM32C092KCU6, STM32C092RBT6, STM32C092RCI6, STM32C092RCT6, STM32G071K8TXN, STM32G071K8UXN, STM32G081GBU6N, STM32G081KBT6N, STM32G081KBUXN, STM32G0B1CCT6N, STM32G0B1KCT6, STM32G0B1NEY6TR, STM32G0B1RCT6N, STM32G0C1CCT6, STM32G0C1CCT6N, STM32G0C1CCU6N, STM32G0C1CET6N, STM32G0C1CEU6N, STM32G0C1KCT6, STM32G0C1NEY6TR, STM32G0C1RCI6N, STM32G0C1RCT6N, STM32G0C1REI6N, STM32G0C1RET6N, STM32G0C1VCI6, STM32G0C1VEI6, STM32G411C6T3, STM32G411C6T6, STM32G411C6U3, STM32G411C6U6, STM32G411C8T3, STM32G411C8T6, STM32G411C8U3, STM32G411C8U6, STM32G411CBT3, STM32G411CBT6, STM32G411CBU3, STM32G411CBU6, STM32G411CCT3, STM32G411CCT6, STM32G411CCU3, STM32G411CCU6, STM32G411K6T3, STM32G411K6T6, STM32G411K6U3, STM32G411K6U6, STM32G411K8T3, STM32G411K8T6, STM32G411K8U3, STM32G411K8U6, STM32G411KBT3, STM32G411KBT6, STM32G411KBU3, STM32G411KBU6, STM32G411M6T3, STM32G411M6T6, STM32G411M8T3, STM32G411M8T6, STM32G411MBT3, STM32G411MBT6, STM32G411MCT3, STM32G411MCT6, STM32G411R6T3, STM32G411R6T6, STM32G411R8T3, STM32G411R8T6, STM32G411RBT3, STM32G411RBT6, STM32G411RCT3, STM32G411RCT6, STM32G414CBT3, STM32G414CBT6, STM32G414CBU3, STM32G414CBU6, STM32G414CCT3, STM32G414CCT6, STM32G414CCU3, STM32G414CCU6, STM32G414MBT3, STM32G414MBT6, STM32G414MCT3, STM32G414MCT6, STM32G414RBT3, STM32G414RBT6, STM32G414RCT3, STM32G414RCT6, STM32G414VBT3, STM32G414VBT6, STM32G414VCT3, STM32G414VCT6, STM32G431CBT3Z, STM32G431RBT3Z, STM32G471CCT6, STM32G471CCU6, STM32G471CET3, STM32G471CET6, STM32G471CEU3, STM32G471CEU6, STM32G471MCT6, STM32G471MET3, STM32G471MET6, STM32G471MEY6TR, STM32G471QCT6, STM32G471QET3, STM32G471RCT6, STM32G471RET3, STM32G471RET6, STM32G471VCH6, STM32G471VCI6, STM32G471VCT6, STM32G471VEH3, STM32G471VEH6, STM32G471VEI3, STM32G471VEI6, STM32G471VET3, STM32G471VET6, STM32G473QET3Z, STM32G473RET3Z, STM32G474CCT6, STM32G491RET3Z, STM32H503CBT6, STM32H503CBU6, STM32H503EBY6TR, STM32H503KBU6, STM32H503RBT6, STM32H523CCT6, STM32H523CCU6, STM32H523CET6, STM32H523CEU6, STM32H523HEY6TR, STM32H523RCT6, STM32H523RET6, STM32H523VCI6, STM32H523VCT6, STM32H523VEI6, STM32H523VET6, STM32H523ZCJ6, STM32H523ZCT6, STM32H523ZEJ6, STM32H523ZET6, STM32H533CET6, STM32H533CEU6, STM32H533HEY6TR, STM32H533RET6, STM32H533VEI6, STM32H533VET6, STM32H533ZEJ6, STM32H533ZET6, STM32H562AGI6, STM32H562AII6, STM32H562IGK6, STM32H562IGT6, STM32H562IIK6, STM32H562IIT6, STM32H562RGT6, STM32H562RGV6, STM32H562RIT6, STM32H562RIV6, STM32H562VGT6, STM32H562VIT6, STM32H562ZGT6, STM32H562ZIT6, STM32H563AGI6, STM32H563AII3Q, STM32H563AII6, STM32H563IGK6, STM32H563IGT6, STM32H563IIK3Q, STM32H563IIK6, STM32H563IIT3Q, STM32H563IIT6, STM32H563MIY3QTR, STM32H563RGT6, STM32H563RGV6, STM32H563RIT6, STM32H563RIV6, STM32H563VGT6, STM32H563VIT3Q, STM32H563VIT6, STM32H563ZGT6, STM32H563ZIT3Q, STM32H563ZIT6, STM32H573AII3Q, STM32H573AII6, STM32H573I-DK, STM32H573IIK3Q, STM32H573IIK6, STM32H573IIT3Q, STM32H573IIT6, STM32H573MIY3QTR, STM32H573RIT6, STM32H573RIV6, STM32H573VIT3Q, STM32H573VIT6, STM32H573ZIT3Q, STM32H573ZIT6, STM32H7R3A8I6, STM32H7R3I8K6, STM32H7R3I8T6, STM32H7R3L8H6, STM32H7R3L8H6H, STM32H7R3R8V6, STM32H7R3V8H6, STM32H7R3V8T6, STM32H7R3V8Y6TR, STM32H7R3Z8J6, STM32H7R3Z8T6, STM32H7R7A8I6, STM32H7R7I8K6, STM32H7R7I8T6, STM32H7R7L8H6, STM32H7R7L8H6H, STM32H7R7Z8J6, STM32H7S3A8I6, STM32H7S3I8K6, STM32H7S3I8T6, STM32H7S3L8H6, STM32H7S3L8H6H, STM32H7S3R8V6, STM32H7S3V8H6, STM32H7S3V8T6, STM32H7S3V8Y6TR, STM32H7S3Z8J6, STM32H7S3Z8T6, STM32H7S78-DK, STM32H7S7A8I6, STM32H7S7I8K6, STM32H7S7I8T6, STM32H7S7L8H6, STM32H7S7L8H6H, STM32H7S7Z8J6, STM32L4R5QGI6STR, STM32MP131AAE3, STM32MP131AAF3, STM32MP131AAG3, STM32MP131CAE3, STM32MP131CAF3, STM32MP131CAG3, STM32MP131DAE7, STM32MP131DAF7, STM32MP131DAG7, STM32MP131FAE7, STM32MP131FAF7, STM32MP131FAG7, STM32MP133AAE3, STM32MP133AAF3, STM32MP133AAG3, STM32MP133CAE3, STM32MP133CAF3, STM32MP133CAG3, STM32MP133DAE7, STM32MP133DAF7, STM32MP133DAG7, STM32MP133FAE7, STM32MP133FAF7, STM32MP133FAG7, STM32MP135AAE3, STM32MP135AAF3, STM32MP135AAG3, STM32MP135CAE3, STM32MP135CAF3, STM32MP135CAG3, STM32MP135DAE7, STM32MP135DAF7, STM32MP135DAG7, STM32MP135F-DK, STM32MP135FAE7, STM32MP135FAF7, STM32MP135FAF7T, STM32MP135FAF7U, STM32MP135FAG7, STM32MP231AAJ3, STM32MP231AAK3, STM32MP231AAL3, STM32MP231CAJ3, STM32MP231CAK3, STM32MP231CAL3, STM32MP231DAJ3, STM32MP231DAK3, STM32MP231DAL3, STM32MP231FAJ3, STM32MP231FAK3, STM32MP231FAL3, STM32MP233AAJ3, STM32MP233AAK3, STM32MP233AAL3, STM32MP233CAJ3, STM32MP233CAK3, STM32MP233CAL3, STM32MP233DAJ3, STM32MP233DAK3, STM32MP233DAL3, STM32MP233FAJ3, STM32MP233FAK3, STM32MP233FAL3, STM32MP235AAJ3, STM32MP235AAK3, STM32MP235AAL3, STM32MP235CAJ3, STM32MP235CAK3, STM32MP235CAL3, STM32MP235DAJ3, STM32MP235DAK3, STM32MP235DAL3, STM32MP235FAJ3, STM32MP235FAK3, STM32MP235FAL3, STM32MP251AAI3, STM32MP251AAJ3, STM32MP251AAK3, STM32MP251AAL3, STM32MP251CAI3, STM32MP251CAJ3, STM32MP251CAK3, STM32MP251CAL3, STM32MP251DAI3, STM32MP251DAJ3, STM32MP251DAK3, STM32MP251DAL3, STM32MP251FAI3, STM32MP251FAJ3, STM32MP251FAK3, STM32MP251FAL3, STM32MP253AAI3, STM32MP253AAJ3, STM32MP253AAK3, STM32MP253AAL3, STM32MP253CAI3, STM32MP253CAJ3, STM32MP253CAK3, STM32MP253CAL3, STM32MP253DAI3, STM32MP253DAJ3, STM32MP253DAK3, STM32MP253DAL3, STM32MP253FAI3, STM32MP253FAJ3, STM32MP253FAK3, STM32MP253FAL3, STM32MP255AAI3, STM32MP255AAJ3, STM32MP255AAK3, STM32MP255AAL3, STM32MP255CAI3, STM32MP255CAJ3, STM32MP255CAK3, STM32MP255CAL3, STM32MP255DAI3, STM32MP255DAJ3, STM32MP255DAK3, STM32MP255DAL3, STM32MP255FAI3, STM32MP255FAJ3, STM32MP255FAK3, STM32MP255FAL3, STM32MP257AAI3, STM32MP257AAJ3, STM32MP257AAK3, STM32MP257AAL3, STM32MP257CAI3, STM32MP257CAJ3, STM32MP257CAK3, STM32MP257CAL3, STM32MP257DAI3, STM32MP257DAJ3, STM32MP257DAK3, STM32MP257DAL3, STM32MP257F-DK, STM32MP257F-EV1, STM32MP257FAI3, STM32MP257FAJ3, STM32MP257FAK3, STM32MP257FAL3, STM32N645A0H3Q, STM32N645B0H3Q, STM32N645I0H3Q, STM32N645L0H3Q, STM32N645X0H3Q, STM32N645Z0H3Q, STM32N647A0H3Q, STM32N647B0H3Q, STM32N647I0H3Q, STM32N647L0H3Q, STM32N647X0H3Q, STM32N647Z0H3Q, STM32N655A0H3Q, STM32N655B0H3Q, STM32N655I0H3Q, STM32N655L0H3Q, STM32N655X0H3Q, STM32N655Z0H3Q, STM32N6570-DK, STM32N657A0H3Q, STM32N657B0H3Q, STM32N657I0H3Q, STM32N657L0H3Q, STM32N657X0H3Q, STM32N657Z0H3Q, STM32U031C6T6, STM32U031C6U6, STM32U031C8T6, STM32U031C8U6, STM32U031F4P6, STM32U031F6P6, STM32U031F8P6, STM32U031G6Y6TR, STM32U031G8Y6TR, STM32U031K4U6, STM32U031K6U6, STM32U031K8U6, STM32U031R6I6, STM32U031R6T6, STM32U031R8I6, STM32U031R8T6, STM32U073C8T6, STM32U073C8U6, STM32U073CBT6, STM32U073CBU6, STM32U073CCT6, STM32U073CCU6, STM32U073H8Y6TR, STM32U073HBY6TR, STM32U073HCY6TR, STM32U073K8U6, STM32U073KBU6, STM32U073KCU6, STM32U073M8I6, STM32U073M8T6, STM32U073MBI6, STM32U073MBT6, STM32U073MCI6, STM32U073MCT6, STM32U073R8I6, STM32U073R8T6, STM32U073RBI6, STM32U073RBT6, STM32U073RCI6, STM32U073RCT6, STM32U083C-DK, STM32U083CCT6, STM32U083CCU6, STM32U083HCY6TR, STM32U083KCU6, STM32U083MCI6, STM32U083MCT6, STM32U083RCI6, STM32U083RCT6, STM32U375CET6, STM32U375CET6Q, STM32U375CEU6, STM32U375CEU6Q, STM32U375CEY6QTR, STM32U375CGT6, STM32U375CGT6Q, STM32U375CGU6, STM32U375CGU6Q, STM32U375CGY6QTR, STM32U375KEU6, STM32U375KGU6, STM32U375REI6, STM32U375REI6Q, STM32U375RET6, STM32U375RET6Q, STM32U375REY6GTR, STM32U375REY6QTR, STM32U375RGI6, STM32U375RGI6Q, STM32U375RGT6, STM32U375RGT6Q, STM32U375RGY6GTR, STM32U375RGY6QTR, STM32U375VEI6, STM32U375VEI6Q, STM32U375VET6, STM32U375VET6Q, STM32U375VGI6, STM32U375VGI6Q, STM32U375VGT6, STM32U375VGT6Q, STM32U385CGT6, STM32U385CGT6Q, STM32U385CGU6, STM32U385CGU6Q, STM32U385CGY6QTR, STM32U385KGU6, STM32U385RGI6, STM32U385RGI6Q, STM32U385RGT6, STM32U385RGT6Q, STM32U385RGY6GTR, STM32U385RGY6QTR, STM32U385VGI6, STM32U385VGI6Q, STM32U385VGT6, STM32U385VGT6Q, STM32U535CBT6, STM32U535CBT6Q, STM32U535CBU6, STM32U535CBU6Q, STM32U535CCT6, STM32U535CCT6Q, STM32U535CCU6, STM32U535CCU6Q, STM32U535CET6, STM32U535CET6Q, STM32U535CEU6, STM32U535CEU6Q, STM32U535JEY6QTR, STM32U535NCY6QTR, STM32U535NEY6QTR, STM32U535RBI6, STM32U535RBI6Q, STM32U535RBT6, STM32U535RBT6Q, STM32U535RCI6, STM32U535RCI6Q, STM32U535RCT6, STM32U535RCT6Q, STM32U535REI6, STM32U535REI6Q, STM32U535RET6, STM32U535RET6Q, STM32U535VCI6, STM32U535VCI6Q, STM32U535VCT6, STM32U535VCT6Q, STM32U535VEI6, STM32U535VEI6Q, STM32U535VET6, STM32U535VET6Q, STM32U545CET6, STM32U545CET6Q, STM32U545CEU6, STM32U545CEU6Q, STM32U545JEY6QTR, STM32U545NEY6QTR, STM32U545REI6, STM32U545REI6Q, STM32U545RET6, STM32U545RET6Q, STM32U545VEI6, STM32U545VEI6Q, STM32U545VET6, STM32U545VET6Q, STM32U595AIH6, STM32U595AIH6Q, STM32U595AJH6, STM32U595AJH6Q, STM32U595QII6, STM32U595QII6Q, STM32U595QJI6, STM32U595QJI6Q, STM32U595RIT6, STM32U595RIT6Q, STM32U595RJT6, STM32U595RJT6Q, STM32U595VIT6, STM32U595VIT6Q, STM32U595VJT6, STM32U595VJT6Q, STM32U595ZIT6, STM32U595ZIT6Q, STM32U595ZIY6QTR, STM32U595ZJT6, STM32U595ZJT6Q, STM32U595ZJY6QTR, STM32U599BJY6QTR, STM32U599NIH6Q, STM32U599NJH6Q, STM32U599VIT6Q, STM32U599VJT6, STM32U599VJT6Q, STM32U599ZIT6Q, STM32U599ZIY6QTR, STM32U599ZJT6Q, STM32U599ZJY6QTR, STM32U5A5AJH6, STM32U5A5AJH6Q, STM32U5A5QII3Q , STM32U5A5QJI6, STM32U5A5QJI6Q, STM32U5A5RJT6, STM32U5A5RJT6Q, STM32U5A5VJT6, STM32U5A5VJT6Q, STM32U5A5ZJT6, STM32U5A5ZJT6Q, STM32U5A5ZJY6QTR, STM32U5A9BJY6QTR, STM32U5A9J-DK, STM32U5A9NJH6Q, STM32U5A9VJT6Q, STM32U5A9ZJT6Q, STM32U5A9ZJY6QTR, STM32U5F7VIT6, STM32U5F7VIT6Q, STM32U5F7VJT6, STM32U5F7VJT6Q, STM32U5F9BJY6QTR, STM32U5F9NJH6Q, STM32U5F9VIT6Q, STM32U5F9VJT6Q, STM32U5F9ZIJ6QTR, STM32U5F9ZIT6Q, STM32U5F9ZJJ6QTR, STM32U5F9ZJT6Q, STM32U5G7VJT6, STM32U5G7VJT6Q, STM32U5G9BJY6QTR, STM32U5G9J-DK1, STM32U5G9J-DK2, STM32U5G9NJH6Q, STM32U5G9VJT6Q, STM32U5G9ZJJ6QTR, STM32U5G9ZJT6Q, STM32WB05KZV6TR, STM32WB05KZV7TR, STM32WB05TZF6TR, STM32WB05TZF7TR, STM32WB06CCF6TR, STM32WB06CCF7TR, STM32WB06CCV6TR, STM32WB06CCV7TR, STM32WB06KCV6TR, STM32WB06KCV7TR, STM32WB07CCF6TR, STM32WB07CCF7TR, STM32WB07CCV6TR, STM32WB07CCV7TR, STM32WB07KCV6TR, STM32WB07KCV7TR, STM32WB09KEV6TR, STM32WB09KEV7TR, STM32WB09TEF6TR, STM32WB09TEF7TR, STM32WB1MMCH6, STM32WBA50KGU6, STM32WBA50KGU6TR, STM32WBA52CEU6, STM32WBA52CEU6TR, STM32WBA52CEU7, STM32WBA52CEU7TR, STM32WBA52CGU6, STM32WBA52CGU6TR, STM32WBA52CGU6U, STM32WBA52CGU7, STM32WBA52CGU7TR, STM32WBA52KEU6, STM32WBA52KEU6TR, STM32WBA52KGU6, STM32WBA52KGU6TR, STM32WBA54CEU6, STM32WBA54CEU6TR, STM32WBA54CEU7, STM32WBA54CEU7TR, STM32WBA54CGU6, STM32WBA54CGU6TR, STM32WBA54CGU7, STM32WBA54CGU7TR, STM32WBA54KEU6, STM32WBA54KEU6TR, STM32WBA54KEU7, STM32WBA54KEU7TR, STM32WBA54KGU6, STM32WBA54KGU6TR, STM32WBA54KGU7, STM32WBA54KGU7TR, STM32WBA55CEU6, STM32WBA55CEU6TR, STM32WBA55CEU7, STM32WBA55CEU7TR, STM32WBA55CGU6, STM32WBA55CGU6TR, STM32WBA55CGU6U, STM32WBA55CGU7, STM32WBA55CGU7TR, STM32WBA55G-DK1, STM32WBA55HEF6, STM32WBA55HEF7, STM32WBA55HGF6, STM32WBA55HGF7, STM32WBA55UEI6, STM32WBA55UEI6TR, STM32WBA55UEI7, STM32WBA55UEI7TR, STM32WBA55UGI6, STM32WBA55UGI6TR, STM32WBA55UGI7, STM32WBA55UGI7TR, STM32WBA5MJGH6TR, STM32WBA62CGU6, STM32WBA62CIU6, STM32WBA62MGF6, STM32WBA62MIF6, STM32WBA62PGI6, STM32WBA62PII6, STM32WBA63CGU6, STM32WBA63CGU7, STM32WBA63CIU6, STM32WBA63CIU7, STM32WBA64CGU6, STM32WBA64CGU7, STM32WBA64CIU6, STM32WBA64CIU7, STM32WBA65CGU6, STM32WBA65CGU7, STM32WBA65CIU6, STM32WBA65CIU7, STM32WBA65I-DK1, STM32WBA65MGF6, STM32WBA65MGF7, STM32WBA65MIF6, STM32WBA65MIF7, STM32WBA65PGI6, STM32WBA65PGI7, STM32WBA65PII6, STM32WBA65PII7, STM32WBA65RGV6, STM32WBA65RGV7, STM32WBA65RIV6, STM32WBA65RIV7, STM32WL30K8V6, STM32WL30KBV6, STM32WL31C8V6, STM32WL31CBV6, STM32WL31K8V6, STM32WL31KBV6, STM32WL33C8V6, STM32WL33C8V6TR, STM32WL33C8V7, STM32WL33C8V7TR, STM32WL33CBV6, STM32WL33CBV6TR, STM32WL33CBV7, STM32WL33CBV7TR, STM32WL33CCV6, STM32WL33CCV6TR, STM32WL33CCV7, STM32WL33CCV7A, STM32WL33CCV7ATR, STM32WL33CCV7TR, STM32WL33K8V6, STM32WL33K8V6TR, STM32WL33K8V7, STM32WL33K8V7TR, STM32WL33KBV6, STM32WL33KBV6TR, STM32WL33KBV7, STM32WL33KBV7TR, STM32WL33KCV6, STM32WL33KCV6TR, STM32WL33KCV7, STM32WL33KCV7TR, STM32WL5MOCH6, STM32WL5MOCH6TR]
2026-05-28 20:44:25,600 [INFO] DbMcus:218 - Found 5082 MCUs, 4964 are supported
2026-05-28 20:44:25,600 [INFO] ApiDb:423 - Load user favorites file C:\Users\moonc/.stm32cubeide/favorites.mcus.txt: 0 item(s)
2026-05-28 20:44:25,600 [INFO] ApiDb:427 - User favorites MCUs=[]
2026-05-28 20:44:25,601 [INFO] DbMcus:224 - Set 0 / 0 favorites MCUs
2026-05-28 20:44:25,992 [INFO] ApiDb:448 - Save user favorites file C:\Users\moonc/.stm32cubeide/favorites.boards.txt: 1 item(s)
2026-05-28 20:44:25,992 [INFO] ApiDb:452 - User favorites Boards=[NUCLEO-F446RE]
2026-05-28 20:44:25,994 [INFO] ApiDb:581 - Connected to CubeFinder SQLite database (C:\Users\moonc\.stmcufinder\plugins\mcufinder\mcu\cube-finder-db.db)
2026-05-28 20:44:26,070 [INFO] ApiDb:668 - CubeFinder database Data Model version=2.1
2026-05-28 20:44:26,070 [INFO] ApiDb:669 - CubeFinder database Configuration version=3.0.42
2026-05-28 20:44:26,070 [INFO] ApiDb:670 - CubeFinder database generation date=2026-05-06 (1778060171)
2026-05-28 20:44:26,070 [INFO] ApiDb:671 - CubeFinder database FW Pack versions=[FP-ATR-ASTRA1_V2.0.0, FP-SNS-FLIGHT1_V5.1.0, FP-SNS-MOTENV1_V5.1.0, FP-SNS-MOTENVWB1_V1.5.0, FP-SNS-SMARTAG2_V1.2.0, FP-SNS-STBOX1_V2.1.0, STM32Cube_FW_C0_V1.4.0, STM32Cube_FW_F4_V1.28.3, STM32Cube_FW_F7_V1.17.4, STM32Cube_FW_G0_V1.6.3, STM32Cube_FW_G4_V1.6.2, STM32Cube_FW_H5_V1.6.0, STM32Cube_FW_H7RS_V1.3.0, STM32Cube_FW_H7_V1.13.0, STM32Cube_FW_L0_V1.12.2, STM32Cube_FW_L4_V1.18.2, STM32Cube_FW_L5_V1.6.0, STM32Cube_FW_N6_V1.3.0, STM32Cube_FW_U0_V1.3.0, STM32Cube_FW_U3_V1.3.0, STM32Cube_FW_U5_V1.8.0, STM32Cube_FW_WB0_V1.4.0, STM32Cube_FW_WBA_V1.9.0, STM32Cube_FW_WB_V1.24.0, STM32Cube_FW_WL3_V1.4.0, STM32Cube_FW_WL_V1.5.0, X-CUBE-ALGOBUILD_V1.4.0, X-CUBE-ALS_V1.0.2, X-CUBE-AZRTOS-F4_V1.1.0, X-CUBE-AZRTOS-F7_V1.1.0, X-CUBE-AZRTOS-G0_V1.1.0, X-CUBE-AZRTOS-G4_V2.0.0, X-CUBE-AZRTOS-H7RS_V1.1.0, X-CUBE-AZRTOS-H7_V3.5.0, X-CUBE-AZRTOS-L4_V2.0.0, X-CUBE-AZRTOS-L5_V2.0.0, X-CUBE-AZRTOS-WB_V2.0.0, X-CUBE-AZRTOS-WL_V2.0.0, X-CUBE-BLE1_V7.1.0, X-CUBE-BLE2_V3.3.0, X-CUBE-BLEMGR_V4.1.0, X-CUBE-EEPRMA1_V5.2.0, X-CUBE-FREERTOS_V1.5.0, X-CUBE-GNSS1_V6.0.0, X-CUBE-MEMS1_V12.0.0, X-CUBE-NFC4_V3.0.0, X-CUBE-NFC7_V2.0.0, X-CUBE-SFXS2LP1_V4.0.0, X-CUBE-ST67W61_V1.2.0, X-CUBE-SUBG2_V5.0.0, X-CUBE-TOF1_V3.4.3]
2026-05-28 20:44:26,110 [INFO] DbBoardsSqlite:226 - include board P-NUCLEO-WB55-NUCLEO as a kit item of type 'Nucleo-64'
2026-05-28 20:44:26,110 [INFO] DbBoardsSqlite:226 - include board P-NUCLEO-WB55-USBDONGLE as a kit item of type 'Nucleo USB Dongle'
2026-05-28 20:44:26,110 [INFO] DbBoardsSqlite:226 - include board STEVAL-IDP005V1 as a kit item of type 'Evaluation Board'
2026-05-28 20:44:26,110 [INFO] DbBoardsSqlite:226 - include board STEVAL-IDP005V2 as a kit item of type 'Evaluation Board'
2026-05-28 20:44:26,175 [INFO] ApiDb:240 - Found 895 in-development CPN: [B-G473E-ZEST1S, B-WB1M-WPAN1, B-WBA5M-WPAN, B-WL5M-SUBG1, NUCLEO-C031C6, NUCLEO-C051C8, NUCLEO-C071RB, NUCLEO-C092RC, NUCLEO-H503RB, NUCLEO-H533RE, NUCLEO-H563ZI, NUCLEO-H7S3L8, NUCLEO-N657X0-Q, NUCLEO-U031R8, NUCLEO-U083RC, NUCLEO-U385RG-Q, NUCLEO-U545RE-Q, NUCLEO-U5A5ZJ-Q, NUCLEO-WB05KZ, NUCLEO-WB07CC, NUCLEO-WB09KE, NUCLEO-WBA52CG, NUCLEO-WBA55CG, NUCLEO-WBA65RI, NUCLEO-WL33CC1, NUCLEO-WL33CC2, STEVAL-PROTEUS1, STEVAL-SMARTAG2, STEVAL-STWINBX1, STM320518-EVAL, STM32C0116-DK, STM32C011D6Y3TR, STM32C011D6Y6TR, STM32C011F4P3, STM32C011F4P6, STM32C011F4U3, STM32C011F4U6TR, STM32C011F6P3, STM32C011F6P6, STM32C011F6U3, STM32C011F6U6TR, STM32C011J4M3, STM32C011J4M6, STM32C011J6M3, STM32C011J6M6, STM32C0316-DK, STM32C031C4T3, STM32C031C4T6, STM32C031C4U3, STM32C031C4U6, STM32C031C6T3, STM32C031C6T6, STM32C031C6U3, STM32C031C6U6, STM32C031F4P3, STM32C031F4P6, STM32C031F6P3, STM32C031F6P6, STM32C031G4U3, STM32C031G4U6, STM32C031G6U3, STM32C031G6U6, STM32C031K4T3, STM32C031K4T6, STM32C031K4U3, STM32C031K4U6, STM32C031K6T3, STM32C031K6T6, STM32C031K6U3, STM32C031K6U6, STM32C051C6T6, STM32C051C6U6, STM32C051C8T6, STM32C051C8U6, STM32C051D8Y6TR, STM32C051F6P6, STM32C051F8P6, STM32C051G6U6, STM32C051G8U6, STM32C051K6T6, STM32C051K6U6, STM32C051K8T6, STM32C071C8T6, STM32C071C8T6N, STM32C071C8U6, STM32C071C8U6N, STM32C071CBT6, STM32C071CBT6N, STM32C071CBU6, STM32C071CBU6N, STM32C071F8P6, STM32C071F8P6N, STM32C071FBP6, STM32C071FBP6N, STM32C071FBY6TR, STM32C071G8U6, STM32C071G8U6N, STM32C071GBU6, STM32C071GBU6N, STM32C071K8T6, STM32C071K8T6N, STM32C071K8U6, STM32C071K8U6N, STM32C071KBT6, STM32C071KBT6N, STM32C071KBU6, STM32C071KBU6N, STM32C071R8T6, STM32C071R8T6N, STM32C071RBI6N, STM32C071RBT6, STM32C071RBT6N, STM32C091CBT6, STM32C091CBU6, STM32C091CCT6, STM32C091CCU6, STM32C091ECY6TR, STM32C091FBP6, STM32C091FCP6, STM32C091GBU6, STM32C091GCU6, STM32C091KBT6, STM32C091KBU6, STM32C091KCT6, STM32C091KCU6, STM32C091RBT6, STM32C091RCI6, STM32C091RCT6, STM32C092CBT6, STM32C092CBU6, STM32C092CCT6, STM32C092CCU6, STM32C092ECY6TR, STM32C092FBP6, STM32C092FCP6, STM32C092GBU6, STM32C092GCU6, STM32C092KBT6, STM32C092KBU6, STM32C092KCT6, STM32C092KCU6, STM32C092RBT6, STM32C092RCI6, STM32C092RCT6, STM32G071K8TXN, STM32G071K8UXN, STM32G081GBU6N, STM32G081KBT6N, STM32G081KBUXN, STM32G0B1CCT6N, STM32G0B1KCT6, STM32G0B1NEY6TR, STM32G0B1RCT6N, STM32G0C1CCT6, STM32G0C1CCT6N, STM32G0C1CCU6N, STM32G0C1CET6N, STM32G0C1CEU6N, STM32G0C1KCT6, STM32G0C1NEY6TR, STM32G0C1RCI6N, STM32G0C1RCT6N, STM32G0C1REI6N, STM32G0C1RET6N, STM32G0C1VCI6, STM32G0C1VEI6, STM32G411C6T3, STM32G411C6T6, STM32G411C6U3, STM32G411C6U6, STM32G411C8T3, STM32G411C8T6, STM32G411C8U3, STM32G411C8U6, STM32G411CBT3, STM32G411CBT6, STM32G411CBU3, STM32G411CBU6, STM32G411CCT3, STM32G411CCT6, STM32G411CCU3, STM32G411CCU6, STM32G411K6T3, STM32G411K6T6, STM32G411K6U3, STM32G411K6U6, STM32G411K8T3, STM32G411K8T6, STM32G411K8U3, STM32G411K8U6, STM32G411KBT3, STM32G411KBT6, STM32G411KBU3, STM32G411KBU6, STM32G411M6T3, STM32G411M6T6, STM32G411M8T3, STM32G411M8T6, STM32G411MBT3, STM32G411MBT6, STM32G411MCT3, STM32G411MCT6, STM32G411R6T3, STM32G411R6T6, STM32G411R8T3, STM32G411R8T6, STM32G411RBT3, STM32G411RBT6, STM32G411RCT3, STM32G411RCT6, STM32G414CBT3, STM32G414CBT6, STM32G414CBU3, STM32G414CBU6, STM32G414CCT3, STM32G414CCT6, STM32G414CCU3, STM32G414CCU6, STM32G414MBT3, STM32G414MBT6, STM32G414MCT3, STM32G414MCT6, STM32G414RBT3, STM32G414RBT6, STM32G414RCT3, STM32G414RCT6, STM32G414VBT3, STM32G414VBT6, STM32G414VCT3, STM32G414VCT6, STM32G431CBT3Z, STM32G431RBT3Z, STM32G471CCT6, STM32G471CCU6, STM32G471CET3, STM32G471CET6, STM32G471CEU3, STM32G471CEU6, STM32G471MCT6, STM32G471MET3, STM32G471MET6, STM32G471MEY6TR, STM32G471QCT6, STM32G471QET3, STM32G471RCT6, STM32G471RET3, STM32G471RET6, STM32G471VCH6, STM32G471VCI6, STM32G471VCT6, STM32G471VEH3, STM32G471VEH6, STM32G471VEI3, STM32G471VEI6, STM32G471VET3, STM32G471VET6, STM32G473QET3Z, STM32G473RET3Z, STM32G474CCT6, STM32G491RET3Z, STM32H503CBT6, STM32H503CBU6, STM32H503EBY6TR, STM32H503KBU6, STM32H503RBT6, STM32H523CCT6, STM32H523CCU6, STM32H523CET6, STM32H523CEU6, STM32H523HEY6TR, STM32H523RCT6, STM32H523RET6, STM32H523VCI6, STM32H523VCT6, STM32H523VEI6, STM32H523VET6, STM32H523ZCJ6, STM32H523ZCT6, STM32H523ZEJ6, STM32H523ZET6, STM32H533CET6, STM32H533CEU6, STM32H533HEY6TR, STM32H533RET6, STM32H533VEI6, STM32H533VET6, STM32H533ZEJ6, STM32H533ZET6, STM32H562AGI6, STM32H562AII6, STM32H562IGK6, STM32H562IGT6, STM32H562IIK6, STM32H562IIT6, STM32H562RGT6, STM32H562RGV6, STM32H562RIT6, STM32H562RIV6, STM32H562VGT6, STM32H562VIT6, STM32H562ZGT6, STM32H562ZIT6, STM32H563AGI6, STM32H563AII3Q, STM32H563AII6, STM32H563IGK6, STM32H563IGT6, STM32H563IIK3Q, STM32H563IIK6, STM32H563IIT3Q, STM32H563IIT6, STM32H563MIY3QTR, STM32H563RGT6, STM32H563RGV6, STM32H563RIT6, STM32H563RIV6, STM32H563VGT6, STM32H563VIT3Q, STM32H563VIT6, STM32H563ZGT6, STM32H563ZIT3Q, STM32H563ZIT6, STM32H573AII3Q, STM32H573AII6, STM32H573I-DK, STM32H573IIK3Q, STM32H573IIK6, STM32H573IIT3Q, STM32H573IIT6, STM32H573MIY3QTR, STM32H573RIT6, STM32H573RIV6, STM32H573VIT3Q, STM32H573VIT6, STM32H573ZIT3Q, STM32H573ZIT6, STM32H7R3A8I6, STM32H7R3I8K6, STM32H7R3I8T6, STM32H7R3L8H6, STM32H7R3L8H6H, STM32H7R3R8V6, STM32H7R3V8H6, STM32H7R3V8T6, STM32H7R3V8Y6TR, STM32H7R3Z8J6, STM32H7R3Z8T6, STM32H7R7A8I6, STM32H7R7I8K6, STM32H7R7I8T6, STM32H7R7L8H6, STM32H7R7L8H6H, STM32H7R7Z8J6, STM32H7S3A8I6, STM32H7S3I8K6, STM32H7S3I8T6, STM32H7S3L8H6, STM32H7S3L8H6H, STM32H7S3R8V6, STM32H7S3V8H6, STM32H7S3V8T6, STM32H7S3V8Y6TR, STM32H7S3Z8J6, STM32H7S3Z8T6, STM32H7S78-DK, STM32H7S7A8I6, STM32H7S7I8K6, STM32H7S7I8T6, STM32H7S7L8H6, STM32H7S7L8H6H, STM32H7S7Z8J6, STM32L4R5QGI6STR, STM32MP131AAE3, STM32MP131AAF3, STM32MP131AAG3, STM32MP131CAE3, STM32MP131CAF3, STM32MP131CAG3, STM32MP131DAE7, STM32MP131DAF7, STM32MP131DAG7, STM32MP131FAE7, STM32MP131FAF7, STM32MP131FAG7, STM32MP133AAE3, STM32MP133AAF3, STM32MP133AAG3, STM32MP133CAE3, STM32MP133CAF3, STM32MP133CAG3, STM32MP133DAE7, STM32MP133DAF7, STM32MP133DAG7, STM32MP133FAE7, STM32MP133FAF7, STM32MP133FAG7, STM32MP135AAE3, STM32MP135AAF3, STM32MP135AAG3, STM32MP135CAE3, STM32MP135CAF3, STM32MP135CAG3, STM32MP135DAE7, STM32MP135DAF7, STM32MP135DAG7, STM32MP135F-DK, STM32MP135FAE7, STM32MP135FAF7, STM32MP135FAF7T, STM32MP135FAF7U, STM32MP135FAG7, STM32MP231AAJ3, STM32MP231AAK3, STM32MP231AAL3, STM32MP231CAJ3, STM32MP231CAK3, STM32MP231CAL3, STM32MP231DAJ3, STM32MP231DAK3, STM32MP231DAL3, STM32MP231FAJ3, STM32MP231FAK3, STM32MP231FAL3, STM32MP233AAJ3, STM32MP233AAK3, STM32MP233AAL3, STM32MP233CAJ3, STM32MP233CAK3, STM32MP233CAL3, STM32MP233DAJ3, STM32MP233DAK3, STM32MP233DAL3, STM32MP233FAJ3, STM32MP233FAK3, STM32MP233FAL3, STM32MP235AAJ3, STM32MP235AAK3, STM32MP235AAL3, STM32MP235CAJ3, STM32MP235CAK3, STM32MP235CAL3, STM32MP235DAJ3, STM32MP235DAK3, STM32MP235DAL3, STM32MP235FAJ3, STM32MP235FAK3, STM32MP235FAL3, STM32MP251AAI3, STM32MP251AAJ3, STM32MP251AAK3, STM32MP251AAL3, STM32MP251CAI3, STM32MP251CAJ3, STM32MP251CAK3, STM32MP251CAL3, STM32MP251DAI3, STM32MP251DAJ3, STM32MP251DAK3, STM32MP251DAL3, STM32MP251FAI3, STM32MP251FAJ3, STM32MP251FAK3, STM32MP251FAL3, STM32MP253AAI3, STM32MP253AAJ3, STM32MP253AAK3, STM32MP253AAL3, STM32MP253CAI3, STM32MP253CAJ3, STM32MP253CAK3, STM32MP253CAL3, STM32MP253DAI3, STM32MP253DAJ3, STM32MP253DAK3, STM32MP253DAL3, STM32MP253FAI3, STM32MP253FAJ3, STM32MP253FAK3, STM32MP253FAL3, STM32MP255AAI3, STM32MP255AAJ3, STM32MP255AAK3, STM32MP255AAL3, STM32MP255CAI3, STM32MP255CAJ3, STM32MP255CAK3, STM32MP255CAL3, STM32MP255DAI3, STM32MP255DAJ3, STM32MP255DAK3, STM32MP255DAL3, STM32MP255FAI3, STM32MP255FAJ3, STM32MP255FAK3, STM32MP255FAL3, STM32MP257AAI3, STM32MP257AAJ3, STM32MP257AAK3, STM32MP257AAL3, STM32MP257CAI3, STM32MP257CAJ3, STM32MP257CAK3, STM32MP257CAL3, STM32MP257DAI3, STM32MP257DAJ3, STM32MP257DAK3, STM32MP257DAL3, STM32MP257F-DK, STM32MP257F-EV1, STM32MP257FAI3, STM32MP257FAJ3, STM32MP257FAK3, STM32MP257FAL3, STM32N645A0H3Q, STM32N645B0H3Q, STM32N645I0H3Q, STM32N645L0H3Q, STM32N645X0H3Q, STM32N645Z0H3Q, STM32N647A0H3Q, STM32N647B0H3Q, STM32N647I0H3Q, STM32N647L0H3Q, STM32N647X0H3Q, STM32N647Z0H3Q, STM32N655A0H3Q, STM32N655B0H3Q, STM32N655I0H3Q, STM32N655L0H3Q, STM32N655X0H3Q, STM32N655Z0H3Q, STM32N6570-DK, STM32N657A0H3Q, STM32N657B0H3Q, STM32N657I0H3Q, STM32N657L0H3Q, STM32N657X0H3Q, STM32N657Z0H3Q, STM32U031C6T6, STM32U031C6U6, STM32U031C8T6, STM32U031C8U6, STM32U031F4P6, STM32U031F6P6, STM32U031F8P6, STM32U031G6Y6TR, STM32U031G8Y6TR, STM32U031K4U6, STM32U031K6U6, STM32U031K8U6, STM32U031R6I6, STM32U031R6T6, STM32U031R8I6, STM32U031R8T6, STM32U073C8T6, STM32U073C8U6, STM32U073CBT6, STM32U073CBU6, STM32U073CCT6, STM32U073CCU6, STM32U073H8Y6TR, STM32U073HBY6TR, STM32U073HCY6TR, STM32U073K8U6, STM32U073KBU6, STM32U073KCU6, STM32U073M8I6, STM32U073M8T6, STM32U073MBI6, STM32U073MBT6, STM32U073MCI6, STM32U073MCT6, STM32U073R8I6, STM32U073R8T6, STM32U073RBI6, STM32U073RBT6, STM32U073RCI6, STM32U073RCT6, STM32U083C-DK, STM32U083CCT6, STM32U083CCU6, STM32U083HCY6TR, STM32U083KCU6, STM32U083MCI6, STM32U083MCT6, STM32U083RCI6, STM32U083RCT6, STM32U375CET6, STM32U375CET6Q, STM32U375CEU6, STM32U375CEU6Q, STM32U375CEY6QTR, STM32U375CGT6, STM32U375CGT6Q, STM32U375CGU6, STM32U375CGU6Q, STM32U375CGY6QTR, STM32U375KEU6, STM32U375KGU6, STM32U375REI6, STM32U375REI6Q, STM32U375RET6, STM32U375RET6Q, STM32U375REY6GTR, STM32U375REY6QTR, STM32U375RGI6, STM32U375RGI6Q, STM32U375RGT6, STM32U375RGT6Q, STM32U375RGY6GTR, STM32U375RGY6QTR, STM32U375VEI6, STM32U375VEI6Q, STM32U375VET6, STM32U375VET6Q, STM32U375VGI6, STM32U375VGI6Q, STM32U375VGT6, STM32U375VGT6Q, STM32U385CGT6, STM32U385CGT6Q, STM32U385CGU6, STM32U385CGU6Q, STM32U385CGY6QTR, STM32U385KGU6, STM32U385RGI6, STM32U385RGI6Q, STM32U385RGT6, STM32U385RGT6Q, STM32U385RGY6GTR, STM32U385RGY6QTR, STM32U385VGI6, STM32U385VGI6Q, STM32U385VGT6, STM32U385VGT6Q, STM32U535CBT6, STM32U535CBT6Q, STM32U535CBU6, STM32U535CBU6Q, STM32U535CCT6, STM32U535CCT6Q, STM32U535CCU6, STM32U535CCU6Q, STM32U535CET6, STM32U535CET6Q, STM32U535CEU6, STM32U535CEU6Q, STM32U535JEY6QTR, STM32U535NCY6QTR, STM32U535NEY6QTR, STM32U535RBI6, STM32U535RBI6Q, STM32U535RBT6, STM32U535RBT6Q, STM32U535RCI6, STM32U535RCI6Q, STM32U535RCT6, STM32U535RCT6Q, STM32U535REI6, STM32U535REI6Q, STM32U535RET6, STM32U535RET6Q, STM32U535VCI6, STM32U535VCI6Q, STM32U535VCT6, STM32U535VCT6Q, STM32U535VEI6, STM32U535VEI6Q, STM32U535VET6, STM32U535VET6Q, STM32U545CET6, STM32U545CET6Q, STM32U545CEU6, STM32U545CEU6Q, STM32U545JEY6QTR, STM32U545NEY6QTR, STM32U545REI6, STM32U545REI6Q, STM32U545RET6, STM32U545RET6Q, STM32U545VEI6, STM32U545VEI6Q, STM32U545VET6, STM32U545VET6Q, STM32U595AIH6, STM32U595AIH6Q, STM32U595AJH6, STM32U595AJH6Q, STM32U595QII6, STM32U595QII6Q, STM32U595QJI6, STM32U595QJI6Q, STM32U595RIT6, STM32U595RIT6Q, STM32U595RJT6, STM32U595RJT6Q, STM32U595VIT6, STM32U595VIT6Q, STM32U595VJT6, STM32U595VJT6Q, STM32U595ZIT6, STM32U595ZIT6Q, STM32U595ZIY6QTR, STM32U595ZJT6, STM32U595ZJT6Q, STM32U595ZJY6QTR, STM32U599BJY6QTR, STM32U599NIH6Q, STM32U599NJH6Q, STM32U599VIT6Q, STM32U599VJT6, STM32U599VJT6Q, STM32U599ZIT6Q, STM32U599ZIY6QTR, STM32U599ZJT6Q, STM32U599ZJY6QTR, STM32U5A5AJH6, STM32U5A5AJH6Q, STM32U5A5QII3Q , STM32U5A5QJI6, STM32U5A5QJI6Q, STM32U5A5RJT6, STM32U5A5RJT6Q, STM32U5A5VJT6, STM32U5A5VJT6Q, STM32U5A5ZJT6, STM32U5A5ZJT6Q, STM32U5A5ZJY6QTR, STM32U5A9BJY6QTR, STM32U5A9J-DK, STM32U5A9NJH6Q, STM32U5A9VJT6Q, STM32U5A9ZJT6Q, STM32U5A9ZJY6QTR, STM32U5F7VIT6, STM32U5F7VIT6Q, STM32U5F7VJT6, STM32U5F7VJT6Q, STM32U5F9BJY6QTR, STM32U5F9NJH6Q, STM32U5F9VIT6Q, STM32U5F9VJT6Q, STM32U5F9ZIJ6QTR, STM32U5F9ZIT6Q, STM32U5F9ZJJ6QTR, STM32U5F9ZJT6Q, STM32U5G7VJT6, STM32U5G7VJT6Q, STM32U5G9BJY6QTR, STM32U5G9J-DK1, STM32U5G9J-DK2, STM32U5G9NJH6Q, STM32U5G9VJT6Q, STM32U5G9ZJJ6QTR, STM32U5G9ZJT6Q, STM32WB05KZV6TR, STM32WB05KZV7TR, STM32WB05TZF6TR, STM32WB05TZF7TR, STM32WB06CCF6TR, STM32WB06CCF7TR, STM32WB06CCV6TR, STM32WB06CCV7TR, STM32WB06KCV6TR, STM32WB06KCV7TR, STM32WB07CCF6TR, STM32WB07CCF7TR, STM32WB07CCV6TR, STM32WB07CCV7TR, STM32WB07KCV6TR, STM32WB07KCV7TR, STM32WB09KEV6TR, STM32WB09KEV7TR, STM32WB09TEF6TR, STM32WB09TEF7TR, STM32WB1MMCH6, STM32WBA50KGU6, STM32WBA50KGU6TR, STM32WBA52CEU6, STM32WBA52CEU6TR, STM32WBA52CEU7, STM32WBA52CEU7TR, STM32WBA52CGU6, STM32WBA52CGU6TR, STM32WBA52CGU6U, STM32WBA52CGU7, STM32WBA52CGU7TR, STM32WBA52KEU6, STM32WBA52KEU6TR, STM32WBA52KGU6, STM32WBA52KGU6TR, STM32WBA54CEU6, STM32WBA54CEU6TR, STM32WBA54CEU7, STM32WBA54CEU7TR, STM32WBA54CGU6, STM32WBA54CGU6TR, STM32WBA54CGU7, STM32WBA54CGU7TR, STM32WBA54KEU6, STM32WBA54KEU6TR, STM32WBA54KEU7, STM32WBA54KEU7TR, STM32WBA54KGU6, STM32WBA54KGU6TR, STM32WBA54KGU7, STM32WBA54KGU7TR, STM32WBA55CEU6, STM32WBA55CEU6TR, STM32WBA55CEU7, STM32WBA55CEU7TR, STM32WBA55CGU6, STM32WBA55CGU6TR, STM32WBA55CGU6U, STM32WBA55CGU7, STM32WBA55CGU7TR, STM32WBA55G-DK1, STM32WBA55HEF6, STM32WBA55HEF7, STM32WBA55HGF6, STM32WBA55HGF7, STM32WBA55UEI6, STM32WBA55UEI6TR, STM32WBA55UEI7, STM32WBA55UEI7TR, STM32WBA55UGI6, STM32WBA55UGI6TR, STM32WBA55UGI7, STM32WBA55UGI7TR, STM32WBA5MJGH6TR, STM32WBA62CGU6, STM32WBA62CIU6, STM32WBA62MGF6, STM32WBA62MIF6, STM32WBA62PGI6, STM32WBA62PII6, STM32WBA63CGU6, STM32WBA63CGU7, STM32WBA63CIU6, STM32WBA63CIU7, STM32WBA64CGU6, STM32WBA64CGU7, STM32WBA64CIU6, STM32WBA64CIU7, STM32WBA65CGU6, STM32WBA65CGU7, STM32WBA65CIU6, STM32WBA65CIU7, STM32WBA65I-DK1, STM32WBA65MGF6, STM32WBA65MGF7, STM32WBA65MIF6, STM32WBA65MIF7, STM32WBA65PGI6, STM32WBA65PGI7, STM32WBA65PII6, STM32WBA65PII7, STM32WBA65RGV6, STM32WBA65RGV7, STM32WBA65RIV6, STM32WBA65RIV7, STM32WL30K8V6, STM32WL30KBV6, STM32WL31C8V6, STM32WL31CBV6, STM32WL31K8V6, STM32WL31KBV6, STM32WL33C8V6, STM32WL33C8V6TR, STM32WL33C8V7, STM32WL33C8V7TR, STM32WL33CBV6, STM32WL33CBV6TR, STM32WL33CBV7, STM32WL33CBV7TR, STM32WL33CCV6, STM32WL33CCV6TR, STM32WL33CCV7, STM32WL33CCV7A, STM32WL33CCV7ATR, STM32WL33CCV7TR, STM32WL33K8V6, STM32WL33K8V6TR, STM32WL33K8V7, STM32WL33K8V7TR, STM32WL33KBV6, STM32WL33KBV6TR, STM32WL33KBV7, STM32WL33KBV7TR, STM32WL33KCV6, STM32WL33KCV6TR, STM32WL33KCV7, STM32WL33KCV7TR, STM32WL5MOCH6, STM32WL5MOCH6TR]
2026-05-28 20:44:26,220 [INFO] BoardInfo:889 - No configuration file found for board NUCLEO-H5E5ZJ
2026-05-28 20:44:26,221 [INFO] DbBoards:161 - Board is not supported: NUCLEO-H5E5ZJ
2026-05-28 20:44:26,246 [INFO] BoardInfo:889 - No configuration file found for board NUCLEO-U3C5ZI-Q
2026-05-28 20:44:26,246 [INFO] DbBoards:161 - Board is not supported: NUCLEO-U3C5ZI-Q
2026-05-28 20:44:26,253 [INFO] BoardInfo:889 - No configuration file found for board NUCLEO-WBA25CE1
2026-05-28 20:44:26,253 [INFO] DbBoards:161 - Board is not supported: NUCLEO-WBA25CE1
2026-05-28 20:44:26,258 [INFO] BoardInfo:889 - No configuration file found for board NUCLEO-WL3RKB1
2026-05-28 20:44:26,258 [INFO] DbBoards:161 - Board is not supported: NUCLEO-WL3RKB1
2026-05-28 20:44:26,259 [INFO] BoardInfo:889 - No configuration file found for board NUCLEO-WL3RKB2
2026-05-28 20:44:26,259 [INFO] DbBoards:161 - Board is not supported: NUCLEO-WL3RKB2
2026-05-28 20:44:26,263 [INFO] BoardInfo:889 - No configuration file found for board P-NUCLEO-WB55
2026-05-28 20:44:26,263 [INFO] DbBoards:161 - Kit is not supported: P-NUCLEO-WB55
2026-05-28 20:44:26,266 [INFO] BoardInfo:889 - No configuration file found for board STEVAL-BFA001V1B
2026-05-28 20:44:26,266 [INFO] DbBoards:161 - Kit is not supported: STEVAL-BFA001V1B
2026-05-28 20:44:26,267 [INFO] BoardInfo:889 - No configuration file found for board STEVAL-BFA001V2B
2026-05-28 20:44:26,267 [INFO] DbBoards:161 - Kit is not supported: STEVAL-BFA001V2B
2026-05-28 20:44:26,319 [INFO] BoardInfo:889 - No configuration file found for board STM32H5F5J-DK
2026-05-28 20:44:26,319 [INFO] DbBoards:161 - Board is not supported: STM32H5F5J-DK
2026-05-28 20:44:26,347 [INFO] BoardInfo:889 - No configuration file found for board STM32MP215F-DK
2026-05-28 20:44:26,347 [INFO] DbBoards:161 - Board is not supported: STM32MP215F-DK
2026-05-28 20:44:26,357 [INFO] DbBoards:168 - Found 218 boards, 208 are supported
2026-05-28 20:44:26,357 [INFO] DbBoards:169 - Found 218 boards, 43 of them is supported for  Bsp
2026-05-28 20:44:26,362 [INFO] ApiDb:423 - Load user favorites file C:\Users\moonc/.stm32cubeide/favorites.boards.txt: 1 item(s)
2026-05-28 20:44:26,362 [INFO] ApiDb:427 - User favorites Boards=[NUCLEO-F446RE]
2026-05-28 20:44:26,362 [INFO] DbBoards:198 - Set 1 / 1 favorites Boards
2026-05-28 20:44:26,379 [ERROR] TargetSelectorAdapter:267 - Unable to refresh data
2026-05-28 20:44:26,487 [INFO] McuFinderGlobals:76 - Set McuFinderConnectedMode to true
2026-05-28 20:44:26,492 [INFO] MultiScanPanel:200 - Auto-refresh data requested => check proxy status ongoing
2026-05-28 20:44:26,493 [INFO] FinderPluginLoader:95 - Searching for filters in installed packs
2026-05-28 20:44:27,433 [INFO] LoadUrlFilesThread:185 - End of LoadServerUrlFiles without Thread
2026-05-28 20:44:27,442 [INFO] DetailPanel:341 - Set advertising image to C:/Users/moonc/STM32Cube/Repository/\en.prom-stm32wba2-stm32-nucleo-board-0426.png
2026-05-28 20:44:37,538 [INFO] MultiScanPanel:200 - Auto-refresh data requested => check proxy status ongoing
2026-05-28 20:44:37,600 [INFO] LoadUrlFilesThread:185 - End of LoadServerUrlFiles without Thread
2026-05-28 20:44:37,600 [INFO] DetailPanel:341 - Set advertising image to C:/Users/moonc/STM32Cube/Repository/\en.prom-stm32wba2-stm32-nucleo-board-0426.png
2026-05-28 20:44:37,608 [INFO] DbBoards:642 - Loading board mini-images...
2026-05-28 20:44:39,318 [INFO] DbBoards:665 - Loaded 218 board mini-images
2026-05-28 20:45:05,925 [INFO] MainUpdater:2872 - connection check result : 10
2026-05-28 20:45:05,925 [INFO] MainUpdater:2872 - connection check result : 10
2026-05-28 20:45:05,977 [INFO] MicroXplorer:468 - Change Database Path : 
2026-05-28 20:45:05,977 [INFO] MicroXplorer:498 - Change Database Version : DB.6.0.141
2026-05-28 20:45:06,009 [ERROR] ProjectManagerView:395 - 
java.lang.NullPointerException: Cannot invoke "javax.swing.JTextField.getText()" because the return value of "java.util.List.get(int)" is null
	at com.st.microxplorer.plugins.projectmanager.gui.ProjectChoiceTab$9.caretUpdate(ProjectChoiceTab.java:2678) ~[filemanager.jar:?]
	at javax.swing.text.JTextComponent.fireCaretUpdate(JTextComponent.java:408) ~[?:?]
	at javax.swing.text.JTextComponent$MutableCaretEvent.fire(JTextComponent.java:4484) ~[?:?]
	at javax.swing.text.JTextComponent$MutableCaretEvent.stateChanged(JTextComponent.java:4506) ~[?:?]
	at javax.swing.text.DefaultCaret.fireStateChanged(DefaultCaret.java:857) ~[?:?]
	at javax.swing.text.DefaultCaret.changeCaretPosition(DefaultCaret.java:1343) ~[?:?]
	at javax.swing.text.DefaultCaret.handleSetDot(DefaultCaret.java:1242) ~[?:?]
	at javax.swing.text.DefaultCaret.setDot(DefaultCaret.java:1223) ~[?:?]
	at javax.swing.text.DefaultCaret$Handler.insertUpdate(DefaultCaret.java:1819) ~[?:?]
	at javax.swing.text.AbstractDocument.fireInsertUpdate(AbstractDocument.java:227) ~[?:?]
	at javax.swing.text.AbstractDocument.handleInsertString(AbstractDocument.java:781) ~[?:?]
	at javax.swing.text.AbstractDocument.insertString(AbstractDocument.java:740) ~[?:?]
	at javax.swing.text.PlainDocument.insertString(PlainDocument.java:131) ~[?:?]
	at javax.swing.text.AbstractDocument.replace(AbstractDocument.java:699) ~[?:?]
	at javax.swing.text.JTextComponent.setText(JTextComponent.java:1725) ~[?:?]
	at com.st.microxplorer.plugins.projectmanager.gui.ProjectChoiceTab.createHeapStackFields(ProjectChoiceTab.java:979) ~[filemanager.jar:?]
	at com.st.microxplorer.plugins.projectmanager.gui.ProjectChoiceTab.buildLinkSettingsPanel(ProjectChoiceTab.java:3766) ~[filemanager.jar:?]
	at com.st.microxplorer.plugins.projectmanager.gui.ProjectChoiceTab.defineWindowsFields(ProjectChoiceTab.java:1962) ~[filemanager.jar:?]
	at com.st.microxplorer.plugins.projectmanager.gui.ProjectChoiceTab.updateSettings(ProjectChoiceTab.java:555) ~[filemanager.jar:?]
	at com.st.microxplorer.plugins.projectmanager.gui.ProjectSettingsPanel.UpdateDialog(ProjectSettingsPanel.java:245) ~[filemanager.jar:?]
	at com.st.microxplorer.plugins.projectmanager.ProjectManagerView.propertyChange(ProjectManagerView.java:392) ~[filemanager.jar:?]
	at java.beans.PropertyChangeSupport.fire(PropertyChangeSupport.java:343) ~[?:?]
	at java.beans.PropertyChangeSupport.firePropertyChange(PropertyChangeSupport.java:335) ~[?:?]
	at java.beans.PropertyChangeSupport.firePropertyChange(PropertyChangeSupport.java:268) ~[?:?]
	at com.st.microxplorer.util.MXPropertyChangeSupport.firePropertyChange(MXPropertyChangeSupport.java:54) ~[STM32CubeMX.jar:?]
	at com.st.microxplorer.mxsystem.MxSystem.closeConfig(MxSystem.java:899) ~[STM32CubeMX.jar:?]
	at com.st.microxplorer.maingui.MainPanel.closeConfig(MainPanel.java:789) ~[STM32CubeMX.jar:?]
	at com.st.microxplorer.plugins.filemanager.engine.OpenFileManager.loadConfigurationFile(OpenFileManager.java:287) ~[filemanager.jar:?]
	at com.st.microxplorer.plugins.filemanager.engine.MainFileManager.userLoadConfig(MainFileManager.java:341) ~[filemanager.jar:?]
	at com.st.microxplorer.plugins.filemanager.FileManagerView.getSpecificTask(FileManagerView.java:250) ~[filemanager.jar:?]
	at com.st.stm32cube.common.mx.editor.CubeMxEditor.getMxTabbedPaneInstance(CubeMxEditor.java:1191) ~[com.st.stm32cube.common.mx_6.14.1.202504091515/:?]
	at com.st.stm32cube.common.mx.editor.CubeMxEditor$12$1.createSwingComponent(CubeMxEditor.java:1068) ~[com.st.stm32cube.common.mx_6.14.1.202504091515/:?]
	at com.st.stm32cube.common.mx.oss.core.awtswtbridge.EmbeddedSwingComposite.doComponentCreation(EmbeddedSwingComposite.java:492) ~[com.st.stm32cube.common.mx.oss_6.14.1.202504091515/:?]
	at com.st.stm32cube.common.mx.oss.core.awtswtbridge.EmbeddedSwingComposite$4.run(EmbeddedSwingComposite.java:291) ~[com.st.stm32cube.common.mx.oss_6.14.1.202504091515/:?]
	at com.st.stm32cube.common.mx.oss.core.awtswtbridge.AwtEnvironment$2.run(AwtEnvironment.java:166) ~[com.st.stm32cube.common.mx.oss_6.14.1.202504091515/:?]
	at java.awt.event.InvocationEvent.dispatch(InvocationEvent.java:318) ~[?:?]
	at java.awt.EventQueue.dispatchEventImpl(EventQueue.java:773) ~[?:?]
	at java.awt.EventQueue$4.run(EventQueue.java:720) ~[?:?]
	at java.awt.EventQueue$4.run(EventQueue.java:714) ~[?:?]
	at java.security.AccessController.doPrivileged(AccessController.java:400) ~[?:?]
	at java.security.ProtectionDomain$JavaSecurityAccessImpl.doIntersectionPrivilege(ProtectionDomain.java:87) ~[?:?]
	at java.awt.EventQueue.dispatchEvent(EventQueue.java:742) ~[?:?]
	at java.awt.EventDispatchThread.pumpOneEventForFilters(EventDispatchThread.java:203) ~[?:?]
	at java.awt.EventDispatchThread.pumpEventsForFilter(EventDispatchThread.java:124) ~[?:?]
	at java.awt.EventDispatchThread.pumpEventsForHierarchy(EventDispatchThread.java:113) ~[?:?]
	at java.awt.EventDispatchThread.pumpEvents(EventDispatchThread.java:109) ~[?:?]
	at java.awt.EventDispatchThread.pumpEvents(EventDispatchThread.java:101) ~[?:?]
	at java.awt.EventDispatchThread.run(EventDispatchThread.java:90) ~[?:?]
2026-05-28 20:45:06,021 [WARN] ThirdParty:871 - waiting for thirdparty lock release [close project]
2026-05-28 20:45:06,022 [INFO] ThirdParty:873 - entering critical section [close project]
2026-05-28 20:45:06,022 [INFO] ThirdParty:883 - exiting critical section [close project]
2026-05-28 20:45:06,024 [INFO] PinOutPanel:1589 - setPackage(No Configuration,No Configuration)
2026-05-28 20:45:06,043 [WARN] IpParametersView:155 - Warning: This peripheral hasn't parameters
2026-05-28 20:45:06,053 [WARN] MainPanel:289 - <html><b><center>Warning: This peripheral has no parameters to be configured<br></b></html>
2026-05-28 20:45:06,058 [INFO] UtilMem:75 - Begin LoadConfig() Used Memory: 931738904 Bytes (1073741824)
2026-05-28 20:45:06,060 [INFO] OpenFileManager:354 - Change cursor
2026-05-28 20:45:06,091 [INFO] RulesReader:64 - Compatibility file has been processed (302 Rules)
2026-05-28 20:45:06,097 [INFO] ProjectFactory:442 - No CPN specified for board NUCLEO-F446RE => set CPN to STM32F446RET6
2026-05-28 20:45:06,097 [INFO] Mcu:2011 - Initializing MCU STM32F446R(C-E)Tx STM32F446RETx STM32F446RET6
2026-05-28 20:45:07,254 [INFO] Context:756 - Trying to add GPIOservice into a context  which must be forbidden
2026-05-28 20:45:07,717 [INFO] Rule:225 - rule 117617 - U5Cobra4M][GTZC] default value MPCBB3 and MPCBB5 - Not Secured memory - MPCBB1 is applicable
2026-05-28 20:45:07,717 [INFO] Rule:225 - rule 117617 - U5Cobra4M][GTZC] default value MPCBB3 and MPCBB5 - Not Secured memory - MPCBB1 is applicable
2026-05-28 20:45:07,717 [INFO] Rule:225 - rule 117617 - U5Cobra4M][GTZC] default value MPCBB3 and MPCBB5 - Not Secured memory - MPCBB2 is applicable
2026-05-28 20:45:07,717 [INFO] Rule:225 - rule 117617 - U5Cobra4M][GTZC] default value MPCBB3 and MPCBB5 - Not Secured memory - MPCBB2 is applicable
2026-05-28 20:45:07,718 [INFO] Rule:225 - rule 117617 - U5Cobra4M][GTZC] default value MPCBB3 and MPCBB5 - Not Secured memory - MPCBB3 is applicable
2026-05-28 20:45:07,718 [INFO] Rule:225 - rule 117617 - U5Cobra4M][GTZC] default value MPCBB3 and MPCBB5 - Not Secured memory - MPCBB3 is applicable
2026-05-28 20:45:07,718 [INFO] Rule:225 - rule 117617 - U5Cobra4M][GTZC] default value MPCBB3 and MPCBB5 - Not Secured memory - MPCBB4 is applicable
2026-05-28 20:45:07,718 [INFO] Rule:225 - rule 117617 - U5Cobra4M][GTZC] default value MPCBB3 and MPCBB5 - Not Secured memory - MPCBB4 is applicable
2026-05-28 20:45:07,718 [INFO] Rule:225 - rule 117617 - U5Cobra4M][GTZC] default value MPCBB3 and MPCBB5 - Secured memory - MPCBB1 is applicable
2026-05-28 20:45:07,718 [INFO] Rule:225 - rule 117617 - U5Cobra4M][GTZC] default value MPCBB3 and MPCBB5 - Secured memory - MPCBB2 is applicable
2026-05-28 20:45:07,718 [INFO] Rule:225 - rule 117617 - U5Cobra4M][GTZC] default value MPCBB3 and MPCBB5 - Secured memory - MPCBB3 is applicable
2026-05-28 20:45:07,718 [INFO] Rule:225 - rule 117617 - U5Cobra4M][GTZC] default value MPCBB3 and MPCBB5 - Secured memory - MPCBB4 is applicable
2026-05-28 20:45:07,718 [INFO] Rule:225 - rule 117617 - U5Cobra4M][GTZC] default value MPCBB3 and MPCBB5 - Privileged memory - MPCBB1 is applicable
2026-05-28 20:45:07,718 [INFO] Rule:225 - rule 117617 - U5Cobra4M][GTZC] default value MPCBB3 and MPCBB5 - Privileged memory - MPCBB2 is applicable
2026-05-28 20:45:07,718 [INFO] Rule:225 - rule 117617 - U5Cobra4M][GTZC] default value MPCBB3 and MPCBB5 - Privileged memory - MPCBB3 is applicable
2026-05-28 20:45:07,718 [INFO] Rule:225 - rule 117617 - U5Cobra4M][GTZC] default value MPCBB3 and MPCBB5 - Privileged memory - MPCBB4 is applicable
2026-05-28 20:45:07,718 [INFO] Rule:225 - rule 117617 - U5Cobra4M][GTZC] default value MPCBB3 and MPCBB5 - Not Privileged memory - MPCBB1 is applicable
2026-05-28 20:45:07,718 [INFO] Rule:225 - rule 117617 - U5Cobra4M][GTZC] default value MPCBB3 and MPCBB5 - Not Privileged memory - MPCBB2 is applicable
2026-05-28 20:45:07,718 [INFO] Rule:225 - rule 117617 - U5Cobra4M][GTZC] default value MPCBB3 and MPCBB5 - Not Privileged memory - MPCBB3 is applicable
2026-05-28 20:45:07,718 [INFO] Rule:225 - rule 117617 - U5Cobra4M][GTZC] default value MPCBB3 and MPCBB5 - Not Privileged memory - MPCBB4 is applicable
2026-05-28 20:45:07,718 [INFO] Rule:225 - rule 117617 - U5Cobra4M][GTZC] default value MPCBB3 and MPCBB5 - Privileged memory - MPCBB1 is applicable
2026-05-28 20:45:07,718 [INFO] Rule:225 - rule 117617 - U5Cobra4M][GTZC] default value MPCBB3 and MPCBB5 - Privileged memory - MPCBB2 is applicable
2026-05-28 20:45:07,718 [INFO] Rule:225 - rule 117617 - U5Cobra4M][GTZC] default value MPCBB3 and MPCBB5 - Privileged memory - MPCBB3 is applicable
2026-05-28 20:45:07,718 [INFO] Rule:225 - rule 117617 - U5Cobra4M][GTZC] default value MPCBB3 and MPCBB5 - Privileged memory - MPCBB4 is applicable
2026-05-28 20:45:07,718 [INFO] Rule:225 - rule 117617 - U5Cobra4M][GTZC] default value MPCBB3 and MPCBB5 - Privileged memory - MPCBB1 is applicable
2026-05-28 20:45:07,718 [INFO] Rule:225 - rule 117617 - U5Cobra4M][GTZC] default value MPCBB3 and MPCBB5 - Privileged memory - MPCBB2 is applicable
2026-05-28 20:45:07,718 [INFO] Rule:225 - rule 117617 - U5Cobra4M][GTZC] default value MPCBB3 and MPCBB5 - Privileged memory - MPCBB3 is applicable
2026-05-28 20:45:07,718 [INFO] Rule:225 - rule 117617 - U5Cobra4M][GTZC] default value MPCBB3 and MPCBB5 - Privileged memory - MPCBB4 is applicable
2026-05-28 20:45:07,718 [INFO] Rule:225 - rule 117617 - U5Cobra4M][GTZC] default value MPCBB3 and MPCBB5 - Not Privileged memory - MPCBB1 is applicable
2026-05-28 20:45:07,718 [INFO] Rule:225 - rule 117617 - U5Cobra4M][GTZC] default value MPCBB3 and MPCBB5 - Not Privileged memory - MPCBB2 is applicable
2026-05-28 20:45:07,718 [INFO] Rule:225 - rule 117617 - U5Cobra4M][GTZC] default value MPCBB3 and MPCBB5 - Not Privileged memory - MPCBB3 is applicable
2026-05-28 20:45:07,718 [INFO] Rule:225 - rule 117617 - U5Cobra4M][GTZC] default value MPCBB3 and MPCBB5 - Not Privileged memory - MPCBB4 is applicable
2026-05-28 20:45:07,718 [INFO] Rule:225 - rule 117617 - U5Cobra4M][GTZC] default value MPCBB3 and MPCBB5 - Privileged memory - MPCBB1 is applicable
2026-05-28 20:45:07,718 [INFO] Rule:225 - rule 117617 - U5Cobra4M][GTZC] default value MPCBB3 and MPCBB5 - Privileged memory - MPCBB2 is applicable
2026-05-28 20:45:07,718 [INFO] Rule:225 - rule 117617 - U5Cobra4M][GTZC] default value MPCBB3 and MPCBB5 - Privileged memory - MPCBB3 is applicable
2026-05-28 20:45:07,718 [INFO] Rule:225 - rule 117617 - U5Cobra4M][GTZC] default value MPCBB3 and MPCBB5 - Privileged memory - MPCBB4 is applicable
2026-05-28 20:45:07,718 [INFO] Rule:225 - rule Rename SubGHz_Phy SUBGHZ_APPLICATION SUBGHZ_PINGPONG to SUBGHZ_ADV_APPLICATION is applicable
2026-05-28 20:45:07,718 [INFO] Rule:225 - rule Rename Enabled to IBEACON is applicable
2026-05-28 20:45:07,719 [INFO] Rule:225 - rule GTZC_S instance for project manager is applicable
2026-05-28 20:45:07,719 [INFO] Rule:225 - rule GTZC_S instance for context M33S is applicable
2026-05-28 20:45:07,719 [INFO] Rule:225 - rule GTZC_S instance value for IP GTZC is applicable
2026-05-28 20:45:07,719 [INFO] Rule:225 - rule GTZC_S instance for mcu.IP is applicable
2026-05-28 20:45:07,719 [INFO] Rule:225 - rule GTZC_S instance for VP is applicable
2026-05-28 20:45:07,719 [INFO] Rule:225 - rule GTZC_S instance for signal is applicable
2026-05-28 20:45:07,719 [INFO] Rule:225 - rule GTZC_S instance for mcu.Pin is applicable
2026-05-28 20:45:07,719 [INFO] Rule:225 - rule GTZC_S instance for VP is applicable
2026-05-28 20:45:07,719 [INFO] Rule:225 - rule GTZC_S instance for signal is applicable
2026-05-28 20:45:07,719 [INFO] Rule:225 - rule GTZC_S instance for mcu is applicable
2026-05-28 20:45:07,719 [INFO] Rule:225 - rule GTZC_S instance for mcu.Pin is applicable
2026-05-28 20:45:07,719 [INFO] Rule:225 - rule GTZC_S instance value for IP GTZC is applicable
2026-05-28 20:45:07,719 [INFO] Rule:225 - rule GTZC_S instance for project manager is applicable
2026-05-28 20:45:07,719 [INFO] Rule:225 - rule GTZC_S instance for context M33S is applicable
2026-05-28 20:45:07,719 [INFO] Rule:225 - rule GTZC_S instance for VP is applicable
2026-05-28 20:45:07,719 [INFO] Rule:225 - rule GTZC_S instance for signal is applicable
2026-05-28 20:45:07,719 [INFO] Rule:225 - rule SPDIFRX instance for mcu is applicable
2026-05-28 20:45:07,719 [INFO] Rule:225 - rule Rename Tracer Mode is applicable
2026-05-28 20:45:07,719 [INFO] Rule:225 - rule SPDIFRX instance value for IP SPDIFRX is applicable
2026-05-28 20:45:07,719 [INFO] Rule:225 - rule SPDIFRX instance for signal is applicable
2026-05-28 20:45:07,719 [INFO] Rule:225 - rule SPDIFRX instance for project manager is applicable
2026-05-28 20:45:07,719 [INFO] Rule:225 - rule SPDIFRX instance for project manager is applicable
2026-05-28 20:45:07,719 [INFO] Rule:225 - rule ADC Scan  fix with FW F7 is applicable
2026-05-28 20:45:07,719 [INFO] Rule:225 - rule ADC Scan  fix with FW F7 is applicable
2026-05-28 20:45:07,719 [INFO] Rule:225 - rule WakeUp0 Mode is applicable
2026-05-28 20:45:07,720 [INFO] Rule:225 - rule WakeUp0 SIGNAL is applicable
2026-05-28 20:45:07,720 [INFO] Rule:225 - rule WakeUp1 Mode is applicable
2026-05-28 20:45:07,720 [INFO] Rule:225 - rule WakeUp1 SIGNAL is applicable
2026-05-28 20:45:07,720 [INFO] Rule:225 - rule WakeUp2 Mode is applicable
2026-05-28 20:45:07,720 [INFO] Rule:225 - rule WakeUp2 SIGNAL is applicable
2026-05-28 20:45:07,720 [INFO] Rule:225 - rule WakeUp4 Mode is applicable
2026-05-28 20:45:07,720 [INFO] Rule:225 - rule WakeUp4 SIGNAL is applicable
2026-05-28 20:45:07,720 [INFO] Rule:225 - rule WakeUp5 Mode is applicable
2026-05-28 20:45:07,720 [INFO] Rule:225 - rule WakeUp5 SIGNAL is applicable
2026-05-28 20:45:07,720 [INFO] Rule:225 - rule Add RTC Activate Clock Source is applicable
2026-05-28 20:45:07,720 [INFO] Rule:225 - rule Add RTC Activate Calendar 1 is applicable
2026-05-28 20:45:07,720 [INFO] Rule:225 - rule Add RTC Activate Calendar 2 is applicable
2026-05-28 20:45:07,720 [INFO] Rule:225 - rule Add RTC Activate Calendar 3 is applicable
2026-05-28 20:45:07,720 [INFO] Rule:225 - rule UART/USART TX Mode is applicable
2026-05-28 20:45:07,720 [INFO] Rule:225 - rule UART/USART RX Mode is applicable
2026-05-28 20:45:07,720 [INFO] Rule:225 - rule UART/USART RX TX Mode is applicable
2026-05-28 20:45:07,720 [INFO] Rule:225 - rule UART/USART PARITY NONE is applicable
2026-05-28 20:45:07,720 [INFO] Rule:225 - rule UART/USART PARITY EVEN is applicable
2026-05-28 20:45:07,720 [INFO] Rule:225 - rule UART/USART PARITY ODD is applicable
2026-05-28 20:45:07,720 [INFO] Rule:225 - rule USART StopBits 1 is applicable
2026-05-28 20:45:07,720 [INFO] Rule:225 - rule USART StopBits 2 is applicable
2026-05-28 20:45:07,720 [INFO] Rule:225 - rule USART StopBits 1.5 is applicable
2026-05-28 20:45:07,720 [INFO] Rule:225 - rule USART StopBits 0.5 is applicable
2026-05-28 20:45:07,720 [INFO] Rule:225 - rule UART/USART WORD LENGTH 7 is applicable
2026-05-28 20:45:07,720 [INFO] Rule:225 - rule UART/USART WORD LENGTH 8 is applicable
2026-05-28 20:45:07,720 [INFO] Rule:225 - rule UART/USART WORD LENGTH 9 is applicable
2026-05-28 20:45:07,720 [INFO] Rule:225 - rule Rename FMC NAND NCE signal is applicable
2026-05-28 20:45:07,720 [INFO] Rule:225 - rule Rename FMC NAND INT signal is applicable
2026-05-28 20:45:07,720 [INFO] Rule:225 - rule Change Default Value for LSE Drive Capability for WB family is applicable
2026-05-28 20:45:07,720 [INFO] Rule:225 - rule Change Default Value for ADC Clock Prescaler G0 family is applicable
2026-05-28 20:45:07,720 [INFO] Rule:225 - rule Change Default Value for ADC ExternalTrigConv L4 family is applicable
2026-05-28 20:45:07,720 [INFO] Rule:225 - rule Change Default Value for ADC ExternalTrigInjecConv L4 family is applicable
2026-05-28 20:45:07,721 [INFO] Rule:225 - rule Change Default Value for ADC ExternalTrigConv F3 family is applicable
2026-05-28 20:45:07,721 [INFO] Rule:225 - rule Change Default Value for ADC ExternalTrigInjecConv F3 family is applicable
2026-05-28 20:45:07,721 [INFO] Rule:225 - rule Change Default Value for ADC ExternalTrigConv Goldfish serie is applicable
2026-05-28 20:45:07,721 [INFO] Rule:225 - rule Change Default Value for ADC ExternalTrigInjecConv Goldfish serie is applicable
2026-05-28 20:45:07,721 [INFO] Rule:225 - rule Change Default Value for ADC ExternalTrigConv L0 family is applicable
2026-05-28 20:45:07,721 [INFO] Rule:225 - rule Change Default Value for ADC ExternalTrigConv F0 family is applicable
2026-05-28 20:45:07,721 [INFO] Rule:225 - rule Change Default Value for ADC ExternalTrigConvn L1 family is applicable
2026-05-28 20:45:07,721 [INFO] Rule:225 - rule Change Default Value for ADC ExternalTrigInjecConv L1 family is applicable
2026-05-28 20:45:07,721 [INFO] Rule:225 - rule Change Default Value for ADC ExternalTrigConv F1 family is applicable
2026-05-28 20:45:07,721 [INFO] Rule:225 - rule Change Default Value for ADC ExternalTrigInjecConv F1 family is applicable
2026-05-28 20:45:07,721 [INFO] Rule:225 - rule Change Default Value for ADC ExternalTrigConv F7 family is applicable
2026-05-28 20:45:07,721 [INFO] Rule:225 - rule Change Default Value for ADC ExternalTrigInjecConv F7 family is applicable
2026-05-28 20:45:07,721 [INFO] Rule:225 - rule Change Default Value for ADC ExternalTrigConv F4 and F2 family is applicable
2026-05-28 20:45:07,721 [INFO] Rule:225 - rule Change Default Value for ADC ExternalTrigInjecConv F4 and F2 family is applicable
2026-05-28 20:45:07,721 [INFO] Rule:225 - rule ADC SamplingTime fix with FW L0  is applicable
2026-05-28 20:45:07,721 [INFO] Rule:225 - rule ADC SamplingTime fix with FW L0  is applicable
2026-05-28 20:45:07,721 [INFO] Rule:225 - rule ADC SamplingTime fix with FW L0 is applicable
2026-05-28 20:45:07,721 [INFO] Rule:225 - rule ADC SamplingTime fix with FW L0 is applicable
2026-05-28 20:45:07,721 [INFO] Rule:225 - rule ADC SamplingTime fix with FW L0  is applicable
2026-05-28 20:45:07,721 [INFO] Rule:225 - rule ADC SamplingTime fix with FW L0 is applicable
2026-05-28 20:45:07,721 [INFO] Rule:225 - rule Rename USB_OE Signal is applicable
2026-05-28 20:45:07,721 [INFO] Rule:225 - rule Rename Activate_OE Mode is applicable
2026-05-28 20:45:07,721 [INFO] Rule:225 - rule Rename DIE462/DIE415 pin PC14/OSC32_IN -> PC14-OSC32_IN (PC14) is applicable
2026-05-28 20:45:07,721 [INFO] Rule:225 - rule Rename DIE462/DIE415 pin PC15/OSC32_OUT -> PC15-OSC32_OUT (PC15) is applicable
2026-05-28 20:45:07,721 [INFO] Rule:225 - rule Rename DIE462/DIE415 pin PH0/OSC_IN -> PH0-OSC_IN (PH0) is applicable
2026-05-28 20:45:07,721 [INFO] Rule:225 - rule Rename DIE462/DIE415 pin PH1/OSC_OUT -> PH1-OSC_OUT (PH1) is applicable
2026-05-28 20:45:07,721 [INFO] Rule:225 - rule Rename DIE462 pin PA13 -> PA13 (JTMS/SWDIO) is applicable
2026-05-28 20:45:07,721 [INFO] Rule:225 - rule Rename DIE415 pin PA13 -> PA13 (JTMS/SWDIO) is applicable
2026-05-28 20:45:07,721 [INFO] Rule:225 - rule Rename DIE462 pin PA14 -> PA14 (JTCK/SWCLK) is applicable
2026-05-28 20:45:07,721 [INFO] Rule:225 - rule Rename DIE415 pin PA14 -> PA14 (JTCK/SWCLK) is applicable
2026-05-28 20:45:07,721 [INFO] Rule:225 - rule Rename DIE462/DIE415 pin PA15 -> PA15 (JTDI) is applicable
2026-05-28 20:45:07,721 [INFO] Rule:225 - rule Rename DIE462 pin PB3 -> PB3 (JTD0/TRACESWO) is applicable
2026-05-28 20:45:07,721 [INFO] Rule:225 - rule Rename DIE415 pin PB3 -> PB3 (JTD0-TRACESWO) is applicable
2026-05-28 20:45:07,722 [INFO] Rule:225 - rule Rename DIE462/DIE415 pin PB4 -> PB4 (NJTRST) is applicable
2026-05-28 20:45:07,722 [INFO] Rule:225 - rule Rename DIE462 pin PH3/BOOT0 -> PH3-BOOT0 (BOOT0) is applicable
2026-05-28 20:45:07,722 [INFO] Rule:225 - rule Rename CRYP DataEncryptionTypesList to Algorithm is applicable
2026-05-28 20:45:07,722 [INFO] Rule:225 - rule Rename AES DataEncryptionTypesList to Algorithm is applicable
2026-05-28 20:45:07,722 [INFO] Rule:225 - rule Rename TDESECB to CRYP_TDES_ECB is applicable
2026-05-28 20:45:07,722 [INFO] Rule:225 - rule Rename TDESCBC to CRYP_TDES_CBC is applicable
2026-05-28 20:45:07,722 [INFO] Rule:225 - rule Rename DESECB to CRYP_DES_ECB is applicable
2026-05-28 20:45:07,722 [INFO] Rule:225 - rule Rename DESCBC to CRYP_DES_CBC is applicable
2026-05-28 20:45:07,722 [INFO] Rule:225 - rule Rename AESECB to CRYP_AES_ECB is applicable
2026-05-28 20:45:07,722 [INFO] Rule:225 - rule Rename AESCBC to CRYP_AES_CBC is applicable
2026-05-28 20:45:07,722 [INFO] Rule:225 - rule Rename AESCTR to CRYP_AES_CTR is applicable
2026-05-28 20:45:07,722 [INFO] Rule:225 - rule Rename AESGCM to CRYP_AES_GCM is applicable
2026-05-28 20:45:07,722 [INFO] Rule:225 - rule Rename AESCCM to CRYP_AES_CCM is applicable
2026-05-28 20:45:07,722 [INFO] Rule:225 - rule Rename CAN TimeSeg1 to BS1 is applicable
2026-05-28 20:45:07,722 [INFO] Rule:225 - rule Rename CAN TimeSeg2 to BS2 is applicable
2026-05-28 20:45:07,722 [INFO] Rule:225 - rule Rename CAN SyncJumpWidth to SJW is applicable
2026-05-28 20:45:07,722 [INFO] Rule:225 - rule TimeTriggeredMode to TTCM is applicable
2026-05-28 20:45:07,722 [INFO] Rule:225 - rule Rename CAN AutoBusOff to ABOM is applicable
2026-05-28 20:45:07,722 [INFO] Rule:225 - rule Rename CAN AutoWakeUp to AWUM is applicable
2026-05-28 20:45:07,722 [INFO] Rule:225 - rule Rename CAN AutoRetransmission to NART is applicable
2026-05-28 20:45:07,722 [INFO] Rule:225 - rule Rename CAN ReceiveFifoLocked to RFLM is applicable
2026-05-28 20:45:07,722 [INFO] Rule:225 - rule Rename CAN TransmitFifoPriority to TXFP is applicable
2026-05-28 20:45:07,722 [INFO] Rule:225 - rule Rename HRTIMER HRTIM_OUTPUTFAULTLEVEL_HIGH in HRTIMER HRTIM_OUTPUTFAULTLEVEL_HIGHZ is applicable
2026-05-28 20:45:07,722 [INFO] Rule:225 - rule Rename TIMER TIM_CLEARINPUTSOURCE_OCREFCLR in  TIMER TIM_CLEARINPUTSOURCE_NONE for F7 family is applicable
2026-05-28 20:45:07,722 [INFO] Rule:225 - rule FDCAN_R1 - Rename FDCAN mode Master into Classic is applicable
2026-05-28 20:45:07,722 [INFO] Rule:225 - rule FDCAN_R2 - Rename FDCAN mode Slave into Classic is applicable
2026-05-28 20:45:07,722 [INFO] Rule:225 - rule FDCAN1_R3 - if PA10.Mode=FullDuplex, add Pin PA12 is applicable
2026-05-28 20:45:07,722 [INFO] Rule:225 - rule FDCAN1_R3 - if PA9.Mode=FullDuplex, add Pin PA11 is applicable
2026-05-28 20:45:07,722 [INFO] Rule:225 - rule FDCAN1_R3 - Alternatepin_1 - if PE1.Mode=FullDuplex, add Pin PB9 is applicable
2026-05-28 20:45:07,722 [INFO] Rule:225 - rule FDCAN1_R3 - Alternatepin_1 - if PE0.Mode=FullDuplex, add Pin PB8 is applicable
2026-05-28 20:45:07,722 [INFO] Rule:225 - rule FDCAN1_R3 - Alternatepin_2 - if PD5.Mode=FullDuplex, add Pin PD1 is applicable
2026-05-28 20:45:07,722 [INFO] Rule:225 - rule FDCAN1_R3 - Alternatepin_2 - if PD4.Mode=FullDuplex, add Pin PD0 is applicable
2026-05-28 20:45:07,722 [INFO] Rule:225 - rule FDCAN1_R4 - Rename Mode FullDuplex into Enable FDCAN_TXFD for pin PA10 is applicable
2026-05-28 20:45:07,722 [INFO] Rule:225 - rule FDCAN1_R4 - Rename Mode FullDuplex into Enable FDCAN_TXFD for pin PA9 is applicable
2026-05-28 20:45:07,722 [INFO] Rule:225 - rule FDCAN1_R4 - Alternatepin_1 - Rename Mode FullDuplex into Enable FDCAN_TXFD for pin PE1 is applicable
2026-05-28 20:45:07,722 [INFO] Rule:225 - rule FDCAN1_R4 - Alternatepin_1 - Rename Mode FullDuplex into Enable FDCAN_TXFD for pin PE0 is applicable
2026-05-28 20:45:07,722 [INFO] Rule:225 - rule FDCAN1_R4 - Alternatepin_2 - Rename Mode FullDuplex into Enable FDCAN_TXFD for pin PD5 is applicable
2026-05-28 20:45:07,723 [INFO] Rule:225 - rule FDCAN1_R4 - Alternatepin_2 - Rename Mode FullDuplex into Enable FDCAN_TXFD for pin PD4 is applicable
2026-05-28 20:45:07,723 [INFO] Rule:225 - rule FDCAN2_R3 - if PD10.Mode=FullDuplex, add Pin PB13 is applicable
2026-05-28 20:45:07,723 [INFO] Rule:225 - rule FDCAN2_R3 - if PD9.Mode=FullDuplex, add Pin PB12 is applicable
2026-05-28 20:45:07,723 [INFO] Rule:225 - rule FDCAN2_R3 - Alternatepin_1 - if PB7.Mode=FullDuplex, add Pin PB6 is applicable
2026-05-28 20:45:07,723 [INFO] Rule:225 - rule FDCAN2_R3 - Alternatepin_1 - if PD9.Mode=FullDuplex, add Pin PB12 is applicable
2026-05-28 20:45:07,723 [INFO] Rule:225 - rule FDCAN2_R4 - Rename Mode FullDuplex into Enable FDCAN_TXFD for pin PD10 is applicable
2026-05-28 20:45:07,723 [INFO] Rule:225 - rule FDCAN2_R4 - Rename Mode FullDuplex into Enable FDCAN_TXFD for pin PD9 is applicable
2026-05-28 20:45:07,723 [INFO] Rule:225 - rule FDCAN2_R4 - Alternatepin_1 - Rename Mode FullDuplex into Enable FDCAN_TXFD for pin PB7 is applicable
2026-05-28 20:45:07,723 [INFO] Rule:225 - rule FDCAN2_R4 - Alternatepin_1 - Rename Mode FullDuplex into Enable FDCAN_TXFD for pin PD6 is applicable
2026-05-28 20:45:07,723 [INFO] Rule:225 - rule USART TxPinLevelInvertParam Mode is applicable
2026-05-28 20:45:07,723 [INFO] Rule:225 - rule USART RxPinLevelInvertParam Mode is applicable
2026-05-28 20:45:07,723 [INFO] Rule:225 - rule USART DataInvertParam Mode is applicable
2026-05-28 20:45:07,723 [INFO] Rule:225 - rule USART SwapParam Mode is applicable
2026-05-28 20:45:07,723 [INFO] Rule:225 - rule USART OverrunDisableParam Mode is applicable
2026-05-28 20:45:07,723 [INFO] Rule:225 - rule USART DMADisableonRxErrorParam Mode is applicable
2026-05-28 20:45:07,723 [INFO] Rule:225 - rule USART MSBFirstParam Mode is applicable
2026-05-28 20:45:07,723 [INFO] Rule:225 - rule Update MwName for USB_DEVICE is applicable
2026-05-28 20:45:07,723 [INFO] Rule:225 - rule Change PWR_Regulator_Voltage_Scale Default Value for RCC  H7 family is applicable
2026-05-28 20:45:07,723 [INFO] Rule:225 - rule UART/USART IPParameter rename Prescaler parameter to ClockPrescaler is applicable
2026-05-28 20:45:07,723 [INFO] Rule:225 - rule UART/USART Prescaler rename Prescaler parameter to ClockPrescaler is applicable
2026-05-28 20:45:07,723 [INFO] Rule:225 - rule TIM1CLockSelection is applicable
2026-05-28 20:45:07,723 [INFO] Rule:225 - rule TIM15CLockSelection is applicable
2026-05-28 20:45:07,723 [INFO] Rule:225 - rule align RCC SDMMC3CLockSelection default value on MP1 is applicable
2026-05-28 20:45:07,723 [INFO] Rule:225 - rule align RCC SDMMC12CLockSelection default value on MP1 is applicable
2026-05-28 20:45:07,723 [INFO] Rule:225 - rule align RCC QSPICLockSelection default value on MP1 is applicable
2026-05-28 20:45:07,723 [INFO] Rule:225 - rule align RCC QSPICLockSelection default value on MP1 is applicable
2026-05-28 20:45:07,723 [INFO] Rule:225 - rule align RCC SPI6CLockSelection default value on MP1 is applicable
2026-05-28 20:45:07,723 [INFO] Rule:225 - rule align RCC LPTIM23CLockSelection default value on MP1 is applicable
2026-05-28 20:45:07,723 [INFO] Rule:225 - rule align RCC LPTIM1CLockSelection default value on MP1 is applicable
2026-05-28 20:45:07,723 [INFO] Rule:225 - rule align RCC USART1CLockSelection default value on MP1 is applicable
2026-05-28 20:45:07,723 [INFO] Rule:225 - rule align RCC USART24CLockSelection default value on MP1 is applicable
2026-05-28 20:45:07,723 [INFO] Rule:225 - rule align RCC USART6CLockSelection default value on MP1 is applicable
2026-05-28 20:45:07,723 [INFO] Rule:225 - rule align RCC UART78CLockSelection default value on MP1 is applicable
2026-05-28 20:45:07,723 [INFO] Rule:225 - rule align RCC USART35CLockSelection default value on MP1 is applicable
2026-05-28 20:45:07,723 [INFO] Rule:225 - rule align RCC SPI45CLockSelection default value on MP1 is applicable
2026-05-28 20:45:07,723 [INFO] Rule:225 - rule align RCC I2C46CLockSelection BCLK value on MP1 is applicable
2026-05-28 20:45:07,723 [INFO] Rule:225 - rule align RCC SPI45CLockSelection default value on MP1 is applicable
2026-05-28 20:45:07,723 [INFO] Rule:225 - rule align RCC I2C12CLockSelection default value on MP1 is applicable
2026-05-28 20:45:07,723 [INFO] Rule:225 - rule align RCC I2C35CLockSelection default value on MP1 is applicable
2026-05-28 20:45:07,723 [INFO] Rule:225 - rule align RCC LPTIM45CLockSelection default value on MP1 is applicable
2026-05-28 20:45:07,723 [INFO] Rule:225 - rule Rename DCMI PIXCK signal is applicable
2026-05-28 20:45:07,724 [INFO] Rule:225 - rule Change Default Value for I2C46CLockSelection MP1 family is applicable
2026-05-28 20:45:07,724 [INFO] Rule:225 - rule Change Default Value for UART for G4, G0 and WB families is applicable
2026-05-28 20:45:07,724 [INFO] Rule:225 - rule Change Default Value for USART for G4, G0 and WB families is applicable
2026-05-28 20:45:07,724 [INFO] Rule:225 - rule Change Default Value for USART for G4 family is applicable
2026-05-28 20:45:07,724 [INFO] Rule:225 - rule Change USART1CLockSelection refparam name for MP1 is applicable
2026-05-28 20:45:07,724 [INFO] Rule:225 - rule Change USART2CLockSelection refparam name for MP1 is applicable
2026-05-28 20:45:07,724 [INFO] Rule:225 - rule Change USART3CLockSelection refparam name for MP1 is applicable
2026-05-28 20:45:07,724 [INFO] Rule:225 - rule Change UART4CLockSelection refparam name for MP1 is applicable
2026-05-28 20:45:07,724 [INFO] Rule:225 - rule Change UART5CLockSelection refparam name for MP1 is applicable
2026-05-28 20:45:07,724 [INFO] Rule:225 - rule Change LPUART1CLockSelection refparam name for MP1 is applicable
2026-05-28 20:45:07,724 [INFO] Rule:225 - rule Change LPTIM1CLockSelection refparam name for MP1 is applicable
2026-05-28 20:45:07,724 [INFO] Rule:225 - rule Change LPTIM2CLockSelection refparam name for MP1 is applicable
2026-05-28 20:45:07,724 [INFO] Rule:225 - rule Change RCC_MCO1Source refparam name for MP1 is applicable
2026-05-28 20:45:07,724 [INFO] Rule:225 - rule Change LSCOSource1 refparam name for MP1 is applicable
2026-05-28 20:45:07,724 [INFO] Rule:225 - rule Change SMPSCLockSelection refparam name for MP1 is applicable
2026-05-28 20:45:07,724 [INFO] Rule:225 - rule Change LPTIM3CLockSelection refparam name for MP1 is applicable
2026-05-28 20:45:07,724 [INFO] Rule:225 - rule Change MPCBB* Default Template Mode to Parameters is applicable
2026-05-28 20:45:07,724 [INFO] Rule:225 - rule Change MPCWM* or MPCBB* Secure Mode to Parameters is applicable
2026-05-28 20:45:07,724 [INFO] Rule:225 - rule Change MPCWM* or MPCBB* No Secure Mode to Parameters is applicable
2026-05-28 20:45:07,724 [INFO] Rule:225 - rule Change TZSC IP Secure Mode to Parameters is applicable
2026-05-28 20:45:07,724 [INFO] Rule:225 - rule Change TZSC IP No Secure Mode to Parameters is applicable
2026-05-28 20:45:07,724 [INFO] Rule:225 - rule Change TZSC IP Privilege Mode to Parameters is applicable
2026-05-28 20:45:07,724 [INFO] Rule:225 - rule Change TZSC IP No Privilege Mode to Parameters is applicable
2026-05-28 20:45:07,724 [INFO] Rule:225 - rule Change TZIC IT Secure Mode to Parameters is applicable
2026-05-28 20:45:07,724 [INFO] Rule:225 - rule Change TZIC IT No Secure Mode to Parameters is applicable
2026-05-28 20:45:07,724 [INFO] Rule:225 - rule Add MPCBB1_NonSecureArea_Start_Address value with referenced to MPCBB1_NonSecureArea_Start value is applicable
2026-05-28 20:45:07,724 [INFO] Rule:225 - rule Add MPCBB2_NonSecureArea_Start_Address value with referenced to MPCBB2_NonSecureArea_Start value is applicable
2026-05-28 20:45:07,724 [INFO] Rule:225 - rule Add MPCWM1_NonSecureArea*_Start_Address value with referenced to MPCWM1_NonSecureArea*_Start value is applicable
2026-05-28 20:45:07,724 [INFO] Rule:225 - rule Add MPCWM2_NonSecureArea*_Start_Address value with referenced to MPCWM2_NonSecureArea*_Start value is applicable
2026-05-28 20:45:07,724 [INFO] Rule:225 - rule Add MPCWM3_NonSecureArea_Start_Address value with referenced to MPCWM3_NonSecureArea_Start value is applicable
2026-05-28 20:45:07,724 [INFO] Rule:225 - rule Change Default Value for PLL1UserDefinedConfig is applicable
2026-05-28 20:45:07,724 [INFO] Rule:225 - rule Change GPIO_PuPd Default Value for USART in async mode is applicable
2026-05-28 20:45:07,724 [INFO] Rule:225 - rule Change SMPSDivider Default Value is applicable
2026-05-28 20:45:07,724 [INFO] Rule:225 - rule OPAMP is applicable
2026-05-28 20:45:07,724 [INFO] Rule:225 - rule LPUART IPParameter rename Prescaler parameter to ClockPrescaler for STM32H7 is applicable
2026-05-28 20:45:07,724 [INFO] Rule:225 - rule LPUART IPParameter rename Prescaler parameter to ClockPrescaler for STM32H7 is applicable
2026-05-28 20:45:07,724 [INFO] Rule:225 - rule LPUART IPParameter rename Prescaler parameter to ClockPrescaler for STM32WB is applicable
2026-05-28 20:45:07,724 [INFO] Rule:225 - rule LPUART IPParameter rename Prescaler parameter to ClockPrescaler for STM32WB is applicable
2026-05-28 20:45:07,724 [INFO] Rule:225 - rule LPUART IPParameter rename Prescaler parameter to ClockPrescaler for STM32G4 is applicable
2026-05-28 20:45:07,725 [INFO] Rule:225 - rule LPUART IPParameter rename Prescaler parameter to ClockPrescaler for STM32G4 is applicable
2026-05-28 20:45:07,725 [INFO] Rule:225 - rule LPUART IPParameter rename Prescaler parameter to ClockPrescaler for STM32L5 is applicable
2026-05-28 20:45:07,725 [INFO] Rule:225 - rule LPUART IPParameter rename Prescaler parameter to ClockPrescaler for STM32L5 is applicable
2026-05-28 20:45:07,725 [INFO] Rule:225 - rule LPUART IPParameter rename Prescaler parameter to ClockPrescaler for STM32G4 is applicable
2026-05-28 20:45:07,725 [INFO] Rule:225 - rule LPUART IPParameter rename Prescaler parameter to ClockPrescaler for STM32G4 is applicable
2026-05-28 20:45:07,725 [INFO] Rule:225 - rule USB device lib V2.5.3 for L0 rename USBD_SUPPORT_USER_STRING parameter to USBD_SUPPORT_USER_STRING_DESC4 is applicable
2026-05-28 20:45:07,725 [INFO] Rule:225 - rule I2SCLockSelection clock entry align is applicable
2026-05-28 20:45:07,725 [INFO] Rule:225 - rule Assign TIMx context if used as SYS timebase is applicable
2026-05-28 20:45:07,725 [INFO] Rule:225 - rule Change GPIO_Pu Default Value for I2C is applicable
2026-05-28 20:45:07,725 [INFO] Rule:225 - rule Change GPIO_Pu Default Value for SMBus is applicable
2026-05-28 20:45:07,725 [INFO] Rule:225 - rule change FDCAN default value is applicable
2026-05-28 20:45:07,725 [INFO] Rule:225 - rule Change mode sai is applicable
2026-05-28 20:45:07,725 [INFO] Rule:225 - rule **Change sai mode is applicable
2026-05-28 20:45:07,725 [INFO] Rule:225 - rule Rename STM32WPAN CFG_BLE_IRK to CFG_BLE_IR is applicable
2026-05-28 20:45:07,725 [INFO] Rule:225 - rule Rename STM32WPAN CFG_BLE_ERK to CFG_BLE_ER is applicable
2026-05-28 20:45:07,725 [INFO] Rule:225 - rule Rename STM32WPAN CFG_BLE_IRK_HEX to CFG_BLE_IR_HEX is applicable
2026-05-28 20:45:07,725 [INFO] Rule:225 - rule Rename STM32WPAN CFG_BLE_ERK_HEX to CFG_BLE_ER_HEX is applicable
2026-05-28 20:45:07,725 [INFO] Rule:225 - rule Adapt Old IOC before rework replace old CORTEX_M33/CORTEX_M55 attributes by the new one. is applicable
2026-05-28 20:45:07,725 [INFO] Rule:225 - rule Rename parametre of RCC RCC_APBDBG_DIV2 to RCC_TIMPRES_DIV2 is applicable
2026-05-28 20:45:07,725 [INFO] Rule:225 - rule Rename DIE493 pin PA10 [PA12] -> PA10 is applicable
2026-05-28 20:45:07,725 [INFO] Rule:225 - rule Rename DIE493 pin PA9 [PA11] -> PA9 is applicable
2026-05-28 20:45:07,725 [INFO] Rule:225 - rule Adapt Old IOC CSI. is applicable
2026-05-28 20:45:07,735 [INFO] DbConfProperties:307 - Apply Compatibility (49/267 Rules)
2026-05-28 20:45:07,745 [INFO] ImportTextPane:218 - (OptionalMessage_ERROR) Unable to find key (Mcu.ThirdPartyNb) in loaded IOC file
2026-05-28 20:45:07,746 [INFO] ImportTextPane:218 - (OptionalMessage_ERROR) Pin12 (VP_RIF_VS_RIF1) cannot be retrieved for this MCU
2026-05-28 20:45:07,778 [INFO] RtosManager:558 - Registered RTOS mode: class=CMSIS, group=RTOS, mode=CMSIS_V1, owner=FREERTOS
2026-05-28 20:45:07,778 [INFO] RtosManager:558 - Registered RTOS mode: class=CMSIS, group=RTOS2, mode=CMSIS_V2, owner=FREERTOS
2026-05-28 20:45:07,778 [INFO] RtosManager:558 - Registered RTOS mode: class=RTOS, group=Core, mode=CMSIS_V1, owner=FREERTOS
2026-05-28 20:45:07,779 [INFO] RtosManager:558 - Registered RTOS mode: class=RTOS, group=Core, mode=CMSIS_V2, owner=FREERTOS
2026-05-28 20:45:07,779 [WARN] ModelIntegratedComponent:184 - Missing modes for component STMicroelectronics:FreeRTOS:0.0.1:STMicroelectronics:RTOS:FreeRTOS:Core:::10.2.0:
2026-05-28 20:45:07,792 [WARN] ModelIntegratedComponent:63 - No mode defined for component null
2026-05-28 20:45:07,792 [WARN] ModelIntegratedComponent:63 - No mode defined for component null
2026-05-28 20:45:07,793 [WARN] ModelIntegratedComponent:63 - No mode defined for component null
2026-05-28 20:45:07,793 [WARN] ModelIntegratedComponent:63 - No mode defined for component null
2026-05-28 20:45:07,793 [WARN] ModelIntegratedComponent:63 - No mode defined for component null
2026-05-28 20:45:07,793 [WARN] ModelIntegratedComponent:63 - No mode defined for component null
2026-05-28 20:45:07,793 [WARN] ModelIntegratedComponent:63 - No mode defined for component null
2026-05-28 20:45:07,793 [WARN] ModelIntegratedComponent:63 - No mode defined for component null
2026-05-28 20:45:07,793 [WARN] ModelIntegratedComponent:63 - No mode defined for component null
2026-05-28 20:45:07,793 [WARN] ModelIntegratedComponent:63 - No mode defined for component null
2026-05-28 20:45:07,793 [WARN] ModelIntegratedComponent:63 - No mode defined for component null
2026-05-28 20:45:07,793 [WARN] ModelIntegratedComponent:63 - No mode defined for component null
2026-05-28 20:45:07,793 [WARN] ModelIntegratedComponent:63 - No mode defined for component null
2026-05-28 20:45:07,793 [WARN] ModelIntegratedComponent:63 - No mode defined for component null
2026-05-28 20:45:07,793 [WARN] ModelIntegratedComponent:63 - No mode defined for component null
2026-05-28 20:45:07,793 [WARN] ModelIntegratedComponent:63 - No mode defined for component null
2026-05-28 20:45:07,793 [WARN] ModelIntegratedComponent:63 - No mode defined for component null
2026-05-28 20:45:07,793 [WARN] ModelIntegratedComponent:63 - No mode defined for component null
2026-05-28 20:45:07,793 [WARN] ModelIntegratedComponent:63 - No mode defined for component null
2026-05-28 20:45:07,793 [WARN] ModelIntegratedComponent:63 - No mode defined for component null
2026-05-28 20:45:07,793 [WARN] ModelIntegratedComponent:63 - No mode defined for component null
2026-05-28 20:45:07,793 [WARN] ModelIntegratedComponent:63 - No mode defined for component null
2026-05-28 20:45:07,793 [WARN] ModelIntegratedComponent:63 - No mode defined for component null
2026-05-28 20:45:07,793 [WARN] ModelIntegratedComponent:63 - No mode defined for component null
2026-05-28 20:45:07,793 [WARN] ModelIntegratedComponent:63 - No mode defined for component null
2026-05-28 20:45:07,793 [WARN] ModelIntegratedComponent:63 - No mode defined for component null
2026-05-28 20:45:07,793 [WARN] ModelIntegratedComponent:63 - No mode defined for component null
2026-05-28 20:45:07,793 [WARN] ModelIntegratedComponent:63 - No mode defined for component null
2026-05-28 20:45:07,793 [WARN] ModelIntegratedComponent:63 - No mode defined for component null
2026-05-28 20:45:07,793 [WARN] ModelIntegratedComponent:63 - No mode defined for component null
2026-05-28 20:45:07,793 [WARN] ModelIntegratedComponent:63 - No mode defined for component null
2026-05-28 20:45:07,793 [WARN] ModelIntegratedComponent:63 - No mode defined for component null
2026-05-28 20:45:07,793 [WARN] ModelIntegratedComponent:63 - No mode defined for component null
2026-05-28 20:45:07,793 [WARN] ModelIntegratedComponent:63 - No mode defined for component null
2026-05-28 20:45:07,793 [WARN] ModelIntegratedComponent:63 - No mode defined for component null
2026-05-28 20:45:07,793 [WARN] ModelPack:524 - Component already loaded: STMicroelectronics:HAL Drivers:0.0.0:STMicroelectronics:Device:STMicro_Driver:XSPI:HAL::0.0.1:HAL_XSPI
2026-05-28 20:45:07,851 [INFO] ThirdPartyModel:298 - Start build external matchings
2026-05-28 20:45:08,074 [INFO] ThirdPartyModel:316 - End build external matchings
2026-05-28 20:45:08,084 [INFO] ImportTextPane:218 - (OptionalMessage_ERROR) IP (RCC) : Invalid parameter (48MHZClocksFreq_Value)
2026-05-28 20:45:08,085 [INFO] ImportTextPane:218 - (OptionalMessage_ERROR) IP (RCC) : Invalid parameter (EthernetFreq_Value)
2026-05-28 20:45:08,086 [INFO] ImportTextPane:218 - (OptionalMessage_ERROR) IP (RCC) : Parameter (FLatency) has Id (AdvancedSettings) currently not set
2026-05-28 20:45:08,086 [INFO] ImportTextPane:218 - (OptionalMessage_ERROR) IP (RCC) : Invalid parameter (FamilyName)
2026-05-28 20:45:08,086 [INFO] ImportTextPane:218 - (OptionalMessage_ERROR) IP (RCC) : Invalid parameter (I2SClocksFreq_Value)
2026-05-28 20:45:08,086 [INFO] ImportTextPane:218 - (OptionalMessage_ERROR) IP (RCC) : Parameter (SDIOFreq_Value) has invalid value (168000000)
2026-05-28 20:45:08,086 [INFO] ImportTextPane:218 - (OptionalMessage_ERROR) IP (RCC) : Parameter (USBFreq_Value) has invalid value (168000000)
2026-05-28 20:45:08,087 [INFO] ImportTextPane:218 - (OptionalMessage_ERROR) IP (RCC) : Invalid parameter (VCOInputMFreq_Value)
2026-05-28 20:45:08,087 [INFO] ImportTextPane:218 - (OptionalMessage_ERROR) IP (RCC) : Invalid parameter (VcooutputI2S)
2026-05-28 20:45:08,364 [INFO] UtilMem:75 - End LoadConfig() Used Memory: 888253176 Bytes (1073741824)
2026-05-28 20:45:08,470 [WARN] ThirdParty:833 - waiting for thirdparty lock release [change project]
2026-05-28 20:45:08,470 [INFO] ThirdParty:835 - entering critical section [change project]
2026-05-28 20:45:08,470 [INFO] ThirdParty:1030 - CMSIS Pack Vendor :STMicroelectronics X-CUBE-AZRTOS-H7 3.5.0
2026-05-28 20:45:08,470 [INFO] ThirdParty:1030 - CMSIS Pack Vendor :STMicroelectronics X-CUBE-PM33A1 1.0.0
2026-05-28 20:45:08,470 [INFO] ThirdParty:1030 - CMSIS Pack Vendor :STMicroelectronics USBPD 4.1
2026-05-28 20:45:08,470 [INFO] ThirdParty:1030 - CMSIS Pack Vendor :STMicroelectronics X-CUBE-NFC9 1.0.0
2026-05-28 20:45:08,470 [INFO] ThirdParty:1030 - CMSIS Pack Vendor :STMicroelectronics USB_HOST 2.0.0
2026-05-28 20:45:08,470 [INFO] ThirdParty:1030 - CMSIS Pack Vendor :STMicroelectronics X-CUBE-AZRTOS-F4 1.1.0
2026-05-28 20:45:08,470 [INFO] ThirdParty:1030 - CMSIS Pack Vendor :STMicroelectronics LIBJPEG 8.0.0
2026-05-28 20:45:08,470 [INFO] ThirdParty:1030 - CMSIS Pack Vendor :STMicroelectronics FP-ATR-ASTRA1 2.0.2
2026-05-28 20:45:08,470 [INFO] ThirdParty:1030 - CMSIS Pack Vendor :STMicroelectronics X-CUBE-BLE1 7.1.0
2026-05-28 20:45:08,470 [INFO] ThirdParty:1030 - CMSIS Pack Vendor :STMicroelectronics X-CUBE-SMBUS 2.1.0
2026-05-28 20:45:08,470 [INFO] ThirdParty:1030 - CMSIS Pack Vendor :wolfSSL I-CUBE-wolfMQTT 1.19.2
2026-05-28 20:45:08,470 [INFO] ThirdParty:1030 - CMSIS Pack Vendor :STMicroelectronics USB_DEVICE 3.0.0
2026-05-28 20:45:08,470 [INFO] ThirdParty:1030 - CMSIS Pack Vendor :STMicroelectronics X-CUBE-ISPU 2.1.0
2026-05-28 20:45:08,470 [INFO] ThirdParty:1030 - CMSIS Pack Vendor :STMicroelectronics X-CUBE-EEPRMA1 5.2.0
2026-05-28 20:45:08,470 [INFO] ThirdParty:1030 - CMSIS Pack Vendor :STMicroelectronics X-CUBE-BLEMGR 4.1.0
2026-05-28 20:45:08,470 [INFO] ThirdParty:1030 - CMSIS Pack Vendor :STMicroelectronics eDS-WB_DPC_TT-BIDIR 2.1.1
2026-05-28 20:45:08,470 [INFO] ThirdParty:1030 - CMSIS Pack Vendor :STMicroelectronics X-CUBE-AZRTOS-WB 2.0.0
2026-05-28 20:45:08,470 [INFO] ThirdParty:1030 - CMSIS Pack Vendor :STMicroelectronics X-CUBE-NFC12 1.0.0
2026-05-28 20:45:08,470 [INFO] ThirdParty:1030 - CMSIS Pack Vendor :STMicroelectronics X-CUBE-AZRTOS-F7 1.1.0
2026-05-28 20:45:08,470 [INFO] ThirdParty:1030 - CMSIS Pack Vendor :STMicroelectronics X-CUBE-AZRTOS-L5 2.0.0
2026-05-28 20:45:08,470 [INFO] ThirdParty:1030 - CMSIS Pack Vendor :STMicroelectronics USB_DEVICE 2.0.0
2026-05-28 20:45:08,470 [INFO] ThirdParty:1030 - CMSIS Pack Vendor :quantropi X-CUBE-qispace-sdk-base 2.1.0
2026-05-28 20:45:08,470 [INFO] ThirdParty:1030 - CMSIS Pack Vendor :STMicroelectronics X-CUBE-STSE01 2.0.0
2026-05-28 20:45:08,470 [INFO] ThirdParty:1030 - CMSIS Pack Vendor :STMicroelectronics X-CUBE-ALGOBUILD 1.5.0
2026-05-28 20:45:08,470 [INFO] ThirdParty:1030 - CMSIS Pack Vendor :STMicroelectronics FreeRTOS 0.0.1
2026-05-28 20:45:08,470 [INFO] ThirdParty:1030 - CMSIS Pack Vendor :STMicroelectronics X-CUBE-AZRTOS-G0 1.1.0
2026-05-28 20:45:08,470 [INFO] ThirdParty:1030 - CMSIS Pack Vendor :STMicroelectronics X-CUBE-NFC4 3.0.0
2026-05-28 20:45:08,470 [INFO] ThirdParty:1030 - CMSIS Pack Vendor :STMicroelectronics X-CUBE-SUBG2 5.0.0
2026-05-28 20:45:08,471 [INFO] ThirdParty:1030 - CMSIS Pack Vendor :STMicroelectronics STM32_WPAN 1.0.0
2026-05-28 20:45:08,471 [INFO] ThirdParty:1030 - CMSIS Pack Vendor :STMicroelectronics eDS-WB_DPC_VIENNA 1.2.0
2026-05-28 20:45:08,471 [INFO] ThirdParty:1030 - CMSIS Pack Vendor :EmbeddedOffice I-CUBE-FS-RTOS 1.0.1
2026-05-28 20:45:08,471 [INFO] ThirdParty:1030 - CMSIS Pack Vendor :STMicroelectronics lwIP 2.0.3
2026-05-28 20:45:08,471 [INFO] ThirdParty:1030 - CMSIS Pack Vendor :STMicroelectronics eDS-WB_DPC_3PH2L-BIDIR 1.1.1
2026-05-28 20:45:08,471 [INFO] ThirdParty:1030 - CMSIS Pack Vendor :STMicroelectronics USB_HOST 1.0.0
2026-05-28 20:45:08,471 [INFO] ThirdParty:1030 - CMSIS Pack Vendor :STMicroelectronics X-CUBE-AZRTOS-G4 2.0.0
2026-05-28 20:45:08,471 [INFO] ThirdParty:1030 - CMSIS Pack Vendor :STMicroelectronics PDM2PCM 3.1.0
2026-05-28 20:45:08,471 [INFO] ThirdParty:1030 - CMSIS Pack Vendor :STMicroelectronics PDM2PCM 3.3.0
2026-05-28 20:45:08,471 [INFO] ThirdParty:1030 - CMSIS Pack Vendor :wolfSSL I-CUBE-wolfTPM 3.8.0
2026-05-28 20:45:08,471 [INFO] ThirdParty:1030 - CMSIS Pack Vendor :STMicroelectronics X-CUBE-DISPLAY 3.0.0
2026-05-28 20:45:08,471 [INFO] ThirdParty:1030 - CMSIS Pack Vendor :wolfSSL I-CUBE-wolfSSH 1.4.20
2026-05-28 20:45:08,471 [INFO] ThirdParty:1030 - CMSIS Pack Vendor :STMicroelectronics X-CUBE-NFC7 2.0.0
2026-05-28 20:45:08,471 [INFO] ThirdParty:1030 - CMSIS Pack Vendor :STMicroelectronics X-CUBE-GNSS1 7.1.1
2026-05-28 20:45:08,471 [INFO] ThirdParty:1030 - CMSIS Pack Vendor :STMicroelectronics X-CUBE-TCPP 4.2.0
2026-05-28 20:45:08,471 [INFO] ThirdParty:1030 - CMSIS Pack Vendor :RealThread X-CUBE-RT-Thread_Nano 4.1.1
2026-05-28 20:45:08,471 [INFO] ThirdParty:1030 - CMSIS Pack Vendor :wolfSSL I-CUBE-wolfSSL 5.9.1
2026-05-28 20:45:08,471 [INFO] ThirdParty:1030 - CMSIS Pack Vendor :STMicroelectronics FP-ATR-SIGFOX1 3.2.0
2026-05-28 20:45:08,471 [INFO] ThirdParty:1030 - CMSIS Pack Vendor :STMicroelectronics X-CUBE-NFC10 1.0.0
2026-05-28 20:45:08,471 [INFO] ThirdParty:1030 - CMSIS Pack Vendor :STMicroelectronics HAL Drivers 0.0.0
2026-05-28 20:45:08,471 [INFO] ThirdParty:1030 - CMSIS Pack Vendor :STMicroelectronics MBEDTLS 2.16.2
2026-05-28 20:45:08,471 [INFO] ThirdParty:1030 - CMSIS Pack Vendor :STMicroelectronics X-CUBE-ST60 1.1.0
2026-05-28 20:45:08,471 [INFO] ThirdParty:1030 - CMSIS Pack Vendor :STMicroelectronics X-CUBE-ALS 1.0.2
2026-05-28 20:45:08,471 [INFO] ThirdParty:1030 - CMSIS Pack Vendor :emotas I-CUBE-CANOPEN 1.3.0
2026-05-28 20:45:08,471 [INFO] ThirdParty:1030 - CMSIS Pack Vendor :STMicroelectronics MBEDTLS 2.14.1
2026-05-28 20:45:08,471 [INFO] ThirdParty:1030 - CMSIS Pack Vendor :ITTIA_DB I-CUBE-ITTIADB 8.9.0
2026-05-28 20:45:08,471 [INFO] ThirdParty:1030 - CMSIS Pack Vendor :Cesanta I-CUBE-Mongoose 7.21.7
2026-05-28 20:45:08,471 [INFO] ThirdParty:1030 - CMSIS Pack Vendor :STMicroelectronics X-CUBE-TOUCHGFX 4.26.1
2026-05-28 20:45:08,471 [INFO] ThirdParty:1030 - CMSIS Pack Vendor :STMicroelectronics X-CUBE-NFC6 3.2.0
2026-05-28 20:45:08,471 [INFO] ThirdParty:1030 - CMSIS Pack Vendor :STMicroelectronics X-CUBE-AI 10.2.0
2026-05-28 20:45:08,471 [INFO] ThirdParty:1030 - CMSIS Pack Vendor :STMicroelectronics ThreadX 1.0.0
2026-05-28 20:45:08,471 [INFO] ThirdParty:1030 - CMSIS Pack Vendor :STMicroelectronics FP-SNS-SMARTAG2 1.2.0
2026-05-28 20:45:08,471 [INFO] ThirdParty:1030 - CMSIS Pack Vendor :STMicroelectronics X-CUBE-MEMS1 12.1.0
2026-05-28 20:45:08,471 [INFO] ThirdParty:1030 - CMSIS Pack Vendor :STMicroelectronics FP-SNS-FLIGHT1 5.1.0
2026-05-28 20:45:08,471 [INFO] ThirdParty:1030 - CMSIS Pack Vendor :STMicroelectronics X-CUBE-AZRTOS-WL 2.0.0
2026-05-28 20:45:08,471 [INFO] ThirdParty:1030 - CMSIS Pack Vendor :SEGGER I-CUBE-embOS 1.3.1
2026-05-28 20:45:08,471 [INFO] ThirdParty:1030 - CMSIS Pack Vendor :STMicroelectronics X-CUBE-ALGOBUILD 1.4.0
2026-05-28 20:45:08,471 [INFO] ThirdParty:1030 - CMSIS Pack Vendor :STMicroelectronics X-CUBE-DPower 1.3.0
2026-05-28 20:45:08,471 [INFO] ThirdParty:1030 - CMSIS Pack Vendor :STMicroelectronics USB_DEVICE 1.0.0
2026-05-28 20:45:08,471 [INFO] ThirdParty:1030 - CMSIS Pack Vendor :STMicroelectronics X-CUBE-AZRTOS-H7RS 1.2.0
2026-05-28 20:45:08,471 [INFO] ThirdParty:1030 - CMSIS Pack Vendor :STMicroelectronics X-CUBE-AZRTOS-L4 2.0.0
2026-05-28 20:45:08,471 [INFO] ThirdParty:1030 - CMSIS Pack Vendor :STMicroelectronics ThreadX 0.0.2
2026-05-28 20:45:08,471 [INFO] ThirdParty:1030 - CMSIS Pack Vendor :STMicroelectronics lwIP 2.1.2
2026-05-28 20:45:08,471 [INFO] ThirdParty:1030 - CMSIS Pack Vendor :STMicroelectronics X-CUBE-SFXS2LP1 4.0.0
2026-05-28 20:45:08,471 [INFO] ThirdParty:1030 - CMSIS Pack Vendor :STMicroelectronics X-CUBE-BLE2 3.3.0
2026-05-28 20:45:08,471 [INFO] ThirdParty:1030 - CMSIS Pack Vendor :Avnet-IOTCONNECT X-CUBE-iotc-st67-sdk 1.0.0
2026-05-28 20:45:08,472 [INFO] ThirdParty:1030 - CMSIS Pack Vendor :STMicroelectronics X-CUBE-TOF1 3.4.3
2026-05-28 20:45:08,472 [INFO] ThirdParty:1030 - CMSIS Pack Vendor :Infineon AIROC-Wi-Fi-Bluetooth-STM32 1.8.0
2026-05-28 20:45:08,472 [INFO] ThirdParty:1030 - CMSIS Pack Vendor :STMicroelectronics PDM2PCM 3.2.0
2026-05-28 20:45:08,472 [INFO] ThirdParty:1030 - CMSIS Pack Vendor :STMicroelectronics X-CUBE-WB05N 2.1.0
2026-05-28 20:45:08,472 [INFO] ThirdParty:841 - exiting critical section [change project]
2026-05-28 20:45:08,623 [INFO] PinOutPanel:1589 - setPackage(No Configuration,No Configuration)
2026-05-28 20:45:08,624 [INFO] PinOutPanel:1589 - setPackage(STM32F446RETx,LQFP64)
2026-05-28 20:45:08,892 [INFO] UtilMem:75 - Before build in PCC Used Memory: 941219080 Bytes (1073741824)
2026-05-28 20:45:09,081 [INFO] UtilMem:75 - After build in PCC Used Memory: 991028488 Bytes (1073741824)
2026-05-28 20:45:09,102 [INFO] IPUIPlugin:80 - create IPUIPlugin
2026-05-28 20:45:09,102 [INFO] IPUIPlugin:80 - create IPUIPlugin
2026-05-28 20:45:09,102 [INFO] IPUIPlugin:80 - create IPUIPlugin
2026-05-28 20:45:09,102 [INFO] IPUIPlugin:80 - create IPUIPlugin
2026-05-28 20:45:09,102 [INFO] IPUIPlugin:80 - create IPUIPlugin
2026-05-28 20:45:09,102 [INFO] IPUIPlugin:80 - create IPUIPlugin
2026-05-28 20:45:09,102 [INFO] IPUIPlugin:80 - create IPUIPlugin
2026-05-28 20:45:09,102 [INFO] IPUIPlugin:80 - create IPUIPlugin
2026-05-28 20:45:09,102 [INFO] IPUIPlugin:80 - create IPUIPlugin
2026-05-28 20:45:09,102 [INFO] IPUIPlugin:80 - create IPUIPlugin
2026-05-28 20:45:09,102 [INFO] IPUIPlugin:80 - create IPUIPlugin
2026-05-28 20:45:09,103 [INFO] IPUIPlugin:80 - create IPUIPlugin
2026-05-28 20:45:09,103 [INFO] IPUIPlugin:80 - create IPUIPlugin
2026-05-28 20:45:09,103 [INFO] IPUIPlugin:80 - create IPUIPlugin
2026-05-28 20:45:09,103 [INFO] IPUIPlugin:80 - create IPUIPlugin
2026-05-28 20:45:09,103 [INFO] IPUIPlugin:80 - create IPUIPlugin
2026-05-28 20:45:09,103 [INFO] IPUIPlugin:80 - create IPUIPlugin
2026-05-28 20:45:09,103 [INFO] IPUIPlugin:80 - create IPUIPlugin
2026-05-28 20:45:09,103 [INFO] IPUIPlugin:80 - create IPUIPlugin
2026-05-28 20:45:09,103 [INFO] IPUIPlugin:80 - create IPUIPlugin
2026-05-28 20:45:09,103 [INFO] IPUIPlugin:80 - create IPUIPlugin
2026-05-28 20:45:09,103 [INFO] IPUIPlugin:80 - create IPUIPlugin
2026-05-28 20:45:09,104 [INFO] IPUIPlugin:80 - create IPUIPlugin
2026-05-28 20:45:09,104 [INFO] IPUIPlugin:80 - create IPUIPlugin
2026-05-28 20:45:09,104 [INFO] IPUIPlugin:80 - create IPUIPlugin
2026-05-28 20:45:09,104 [INFO] IPUIPlugin:80 - create IPUIPlugin
2026-05-28 20:45:09,104 [INFO] IPUIPlugin:80 - create IPUIPlugin
2026-05-28 20:45:09,104 [INFO] IPUIPlugin:80 - create IPUIPlugin
2026-05-28 20:45:09,104 [INFO] IPUIPlugin:80 - create IPUIPlugin
2026-05-28 20:45:09,104 [INFO] IPUIPlugin:80 - create IPUIPlugin
2026-05-28 20:45:09,105 [INFO] IPUIPlugin:80 - create IPUIPlugin
2026-05-28 20:45:09,105 [INFO] IPUIPlugin:80 - create IPUIPlugin
2026-05-28 20:45:09,105 [INFO] IPUIPlugin:80 - create IPUIPlugin
2026-05-28 20:45:09,105 [INFO] IPUIPlugin:80 - create IPUIPlugin
2026-05-28 20:45:09,105 [INFO] IPUIPlugin:80 - create IPUIPlugin
2026-05-28 20:45:09,105 [INFO] IPUIPlugin:80 - create IPUIPlugin
2026-05-28 20:45:09,105 [INFO] IPUIPlugin:80 - create IPUIPlugin
2026-05-28 20:45:09,105 [INFO] IPUIPlugin:80 - create IPUIPlugin
2026-05-28 20:45:09,106 [INFO] IPUIPlugin:80 - create IPUIPlugin
2026-05-28 20:45:09,106 [INFO] IPUIPlugin:80 - create IPUIPlugin
2026-05-28 20:45:09,106 [INFO] IPUIPlugin:80 - create IPUIPlugin
2026-05-28 20:45:09,106 [INFO] IPUIPlugin:80 - create IPUIPlugin
2026-05-28 20:45:09,106 [INFO] IPUIPlugin:80 - create IPUIPlugin
2026-05-28 20:45:09,106 [INFO] IPUIPlugin:80 - create IPUIPlugin
2026-05-28 20:45:09,106 [INFO] IPUIPlugin:80 - create IPUIPlugin
2026-05-28 20:45:09,106 [INFO] IPUIPlugin:80 - create IPUIPlugin
2026-05-28 20:45:09,107 [INFO] IPUIPlugin:80 - create IPUIPlugin
2026-05-28 20:45:09,107 [INFO] IPUIPlugin:80 - create IPUIPlugin
2026-05-28 20:45:09,107 [INFO] IPUIPlugin:80 - create IPUIPlugin
2026-05-28 20:45:09,107 [INFO] IPUIPlugin:80 - create IPUIPlugin
2026-05-28 20:45:09,107 [INFO] IPUIPlugin:80 - create IPUIPlugin
2026-05-28 20:45:09,108 [INFO] IPUIPlugin:80 - create IPUIPlugin
2026-05-28 20:45:09,108 [INFO] IPUIPlugin:80 - create IPUIPlugin
2026-05-28 20:45:09,108 [INFO] IPUIPlugin:80 - create IPUIPlugin
2026-05-28 20:45:09,108 [INFO] IPUIPlugin:80 - create IPUIPlugin
2026-05-28 20:45:09,108 [INFO] IPUIPlugin:80 - create IPUIPlugin
2026-05-28 20:45:09,108 [INFO] IPUIPlugin:80 - create IPUIPlugin
2026-05-28 20:45:09,109 [INFO] IPUIPlugin:80 - create IPUIPlugin
2026-05-28 20:45:09,109 [INFO] IPUIPlugin:80 - create IPUIPlugin
2026-05-28 20:45:09,109 [INFO] IPUIPlugin:80 - create IPUIPlugin
2026-05-28 20:45:09,114 [INFO] ApiDbMcu:508 - Load IP Config File for PDM2PCM
2026-05-28 20:45:09,152 [INFO] CADModel:165 - CPN selected for project levelSTM32F446RET6
2026-05-28 20:45:09,152 [INFO] CADModel:114 - Register for checkConnection events
2026-05-28 20:45:09,200 [INFO] OpenFileManager:385 - Restore cursor
2026-05-28 20:45:09,592 [INFO] UtilMem:75 - End SaveConfig() Used Memory: 842076208 Bytes (1073741824)
2026-05-28 20:45:09,667 [INFO] UtilMem:75 - End SaveConfig() Used Memory: 864225872 Bytes (1073741824)
2026-05-28 20:45:09,951 [INFO] BlockDiagram:2775 - set Specific Code input for plugin: SYS
2026-05-28 20:45:09,951 [INFO] BlockDiagram:2775 - set Specific Code input for plugin: RCC
2026-05-28 20:45:09,951 [INFO] BlockDiagram:2775 - set Specific Code input for plugin: NVIC
2026-05-28 20:45:09,951 [INFO] BlockDiagram:2775 - set Specific Code input for plugin: USART
2026-05-28 20:45:09,951 [INFO] BlockDiagram:2775 - set Specific Code input for plugin: GPIO
2026-05-28 20:45:09,953 [INFO] CodeGenerator:882 - code generatio: config db path: B:\ST\STM32CubeIDE_1.18.1\STM32CubeIDE\plugins\com.st.stm32cube.common.mx_6.14.1.202504091515\\db\
2026-05-28 20:45:10,028 [INFO] CodeEngine:263 - oldGeneratedFile, B:\stm32\TIM_PWM\MXTmpFiles\license.tmp_save
2026-05-28 20:45:10,203 [INFO] CodeEngine:287 - Generated code: B:\stm32\TIM_PWM\MXTmpFiles\license.tmp
2026-05-28 20:45:10,230 [INFO] CodeEngine:263 - oldGeneratedFile, B:\stm32\TIM_PWM\MXTmpFiles\gpio.tmp_save
2026-05-28 20:45:10,324 [INFO] CodeEngine:287 - Generated code: B:\stm32\TIM_PWM\MXTmpFiles\gpio.tmp
2026-05-28 20:45:10,358 [INFO] CodeEngine:263 - oldGeneratedFile, B:\stm32\TIM_PWM\Core\Src\stm32f4xx_it.c_save
2026-05-28 20:45:10,498 [INFO] CodeEngine:287 - Generated code: B:\stm32\TIM_PWM\Core\Src\stm32f4xx_it.c
2026-05-28 20:45:10,501 [INFO] CodeEngine:263 - oldGeneratedFile, B:\stm32\TIM_PWM\Core\Inc\stm32f4xx_it.h_save
2026-05-28 20:45:10,556 [INFO] CodeEngine:287 - Generated code: B:\stm32\TIM_PWM\Core\Inc\stm32f4xx_it.h
2026-05-28 20:45:10,565 [INFO] CodeEngine:263 - oldGeneratedFile, B:\stm32\TIM_PWM\Core\Src\stm32f4xx_hal_msp.c_save
2026-05-28 20:45:10,649 [INFO] CodeEngine:287 - Generated code: B:\stm32\TIM_PWM\Core\Src\stm32f4xx_hal_msp.c
2026-05-28 20:45:10,653 [INFO] CodeEngine:263 - oldGeneratedFile, B:\stm32\TIM_PWM\MXTmpFiles\system.tmp_save
2026-05-28 20:45:10,701 [INFO] CodeEngine:287 - Generated code: B:\stm32\TIM_PWM\MXTmpFiles\system.tmp
2026-05-28 20:45:10,708 [INFO] CodeEngine:319 - oldGeneratedFile, B:\stm32\TIM_PWM\Core\Inc\stm32f4xx_hal_conf.h_save
2026-05-28 20:45:10,759 [INFO] CodeEngine:343 - Generated code: B:\stm32\TIM_PWM\Core\Inc\stm32f4xx_hal_conf.h
2026-05-28 20:45:10,776 [WARN] IPConfigManager:3217 - Warning: the RefConfig PLL2P_FOR_MCO is not available in your config.xml file
2026-05-28 20:45:10,780 [INFO] ApiDbMcu:508 - Load IP Config File for USART2
2026-05-28 20:45:10,781 [INFO] ApiDbMcu:508 - Load IP Config File for RCC
2026-05-28 20:45:10,788 [INFO] CodeEngine:263 - oldGeneratedFile, B:\stm32\TIM_PWM\Core\Inc\main.h_save
2026-05-28 20:45:10,851 [INFO] CodeEngine:287 - Generated code: B:\stm32\TIM_PWM\Core\Inc\main.h
2026-05-28 20:45:10,855 [INFO] CodeEngine:263 - oldGeneratedFile, B:\stm32\TIM_PWM\Core\Src\main.c_save
2026-05-28 20:45:10,922 [INFO] CodeEngine:287 - Generated code: B:\stm32\TIM_PWM\Core\Src\main.c
2026-05-28 20:45:11,273 [INFO] ProjectBuilder:3324 - Time for Copy HAL[1] : 212mS.
2026-05-28 20:45:11,277 [INFO] ProjectBuilder:4912 - Project Generator version: 4.6.0.1-B1
2026-05-28 20:45:11,332 [INFO] ConfigFileManager:1590 - The Die is : DIE421
2026-05-28 20:45:11,334 [INFO] ApiDbMcu:508 - Load IP Config File for FATFS
2026-05-28 20:45:11,336 [INFO] ApiDbMcu:508 - Load IP Config File for FREERTOS
2026-05-28 20:45:11,337 [INFO] ApiDbMcu:508 - Load IP Config File for LIBJPEG
2026-05-28 20:45:11,340 [INFO] ApiDbMcu:508 - Load IP Config File for MBEDTLS
2026-05-28 20:45:11,344 [INFO] ApiDbMcu:508 - Load IP Config File for USB_DEVICE
2026-05-28 20:45:11,346 [INFO] ApiDbMcu:508 - Load IP Config File for USB_HOST
2026-05-28 20:45:13,157 [INFO] ProjectBuilder:5191 - Time for Generating toolchain IDE Files: 1880mS.
2026-05-28 20:45:13,158 [INFO] ProjectBuilder:3181 - Time for Copy CMSIS : 1mS.
2026-05-28 20:45:13,160 [INFO] ProjectBuilder:3181 - Time for Copy CMSIS : 0mS.
2026-05-28 20:45:14,246 [INFO] McuFinderGlobals:76 - Set McuFinderConnectedMode to true
2026-05-28 20:45:14,249 [INFO] ApiDb:448 - Save user favorites file C:\Users\moonc/.stm32cubeide/favorites.mcus.txt: 0 item(s)
2026-05-28 20:45:14,250 [INFO] ApiDb:452 - User favorites MCUs=[]
2026-05-28 20:45:14,252 [INFO] ApiDb:448 - Save user favorites file C:\Users\moonc/.stm32cubeide/favorites.boards.txt: 1 item(s)
2026-05-28 20:45:14,252 [INFO] ApiDb:452 - User favorites Boards=[NUCLEO-F446RE]
2026-05-28 20:46:12,222 [INFO] NvicIntPanel:101 - NVIC parent = com.st.microxplorer.plugins.ip.nvic.MultiNvicIntPanel[,0,0,0x0,invalid,layout=javax.swing.BoxLayout,alignmentX=0.0,alignmentY=0.0,border=,flags=9,maximumSize=,minimumSize=,preferredSize=]
2026-05-28 20:46:26,668 [INFO] NvicIntPanel:101 - NVIC parent = com.st.microxplorer.plugins.ip.nvic.MultiNvicIntPanel[,0,0,0x0,invalid,layout=javax.swing.BoxLayout,alignmentX=0.0,alignmentY=0.0,border=,flags=9,maximumSize=,minimumSize=,preferredSize=]
2026-05-28 20:47:07,311 [INFO] NvicIntPanel:101 - NVIC parent = com.st.microxplorer.plugins.ip.nvic.MultiNvicIntPanel[,0,0,0x0,invalid,layout=javax.swing.BoxLayout,alignmentX=0.0,alignmentY=0.0,border=,flags=9,maximumSize=,minimumSize=,preferredSize=]
2026-05-28 20:47:28,614 [INFO] NvicIntPanel:101 - NVIC parent = com.st.microxplorer.plugins.ip.nvic.MultiNvicIntPanel[,0,0,0x0,invalid,layout=javax.swing.BoxLayout,alignmentX=0.0,alignmentY=0.0,border=,flags=9,maximumSize=,minimumSize=,preferredSize=]
2026-05-28 20:47:33,537 [INFO] UtilMem:75 - End SaveConfig() Used Memory: 872814672 Bytes (1073741824)
2026-05-28 20:47:34,418 [INFO] UtilMem:75 - End SaveConfig() Used Memory: 957752192 Bytes (1073741824)
2026-05-28 20:47:34,875 [INFO] BlockDiagram:2775 - set Specific Code input for plugin: TIM1_8
2026-05-28 20:47:34,875 [INFO] BlockDiagram:2775 - set Specific Code input for plugin: SYS
2026-05-28 20:47:34,875 [INFO] BlockDiagram:2775 - set Specific Code input for plugin: RCC
2026-05-28 20:47:34,875 [INFO] BlockDiagram:2775 - set Specific Code input for plugin: NVIC
2026-05-28 20:47:34,875 [INFO] BlockDiagram:2775 - set Specific Code input for plugin: USART
2026-05-28 20:47:34,875 [INFO] BlockDiagram:2775 - set Specific Code input for plugin: GPIO
2026-05-28 20:47:34,877 [INFO] CodeGenerator:882 - code generatio: config db path: B:\ST\STM32CubeIDE_1.18.1\STM32CubeIDE\plugins\com.st.stm32cube.common.mx_6.14.1.202504091515\\db\
2026-05-28 20:47:34,957 [INFO] CodeEngine:263 - oldGeneratedFile, B:\stm32\TIM_PWM\MXTmpFiles\license.tmp_save
2026-05-28 20:47:35,107 [INFO] CodeEngine:287 - Generated code: B:\stm32\TIM_PWM\MXTmpFiles\license.tmp
2026-05-28 20:47:35,130 [INFO] CodeEngine:263 - oldGeneratedFile, B:\stm32\TIM_PWM\MXTmpFiles\gpio.tmp_save
2026-05-28 20:47:35,222 [INFO] CodeEngine:287 - Generated code: B:\stm32\TIM_PWM\MXTmpFiles\gpio.tmp
2026-05-28 20:47:35,368 [INFO] CodeEngine:263 - oldGeneratedFile, B:\stm32\TIM_PWM\Core\Src\stm32f4xx_it.c_save
2026-05-28 20:47:35,460 [INFO] CodeEngine:287 - Generated code: B:\stm32\TIM_PWM\Core\Src\stm32f4xx_it.c
2026-05-28 20:47:35,466 [INFO] CodeEngine:263 - oldGeneratedFile, B:\stm32\TIM_PWM\Core\Inc\stm32f4xx_it.h_save
2026-05-28 20:47:35,542 [INFO] CodeEngine:287 - Generated code: B:\stm32\TIM_PWM\Core\Inc\stm32f4xx_it.h
2026-05-28 20:47:35,553 [INFO] CodeEngine:263 - oldGeneratedFile, B:\stm32\TIM_PWM\Core\Src\stm32f4xx_hal_msp.c_save
2026-05-28 20:47:35,645 [INFO] CodeEngine:287 - Generated code: B:\stm32\TIM_PWM\Core\Src\stm32f4xx_hal_msp.c
2026-05-28 20:47:35,649 [INFO] CodeEngine:263 - oldGeneratedFile, B:\stm32\TIM_PWM\MXTmpFiles\system.tmp_save
2026-05-28 20:47:35,700 [INFO] CodeEngine:287 - Generated code: B:\stm32\TIM_PWM\MXTmpFiles\system.tmp
2026-05-28 20:47:35,710 [INFO] CodeEngine:319 - oldGeneratedFile, B:\stm32\TIM_PWM\Core\Inc\stm32f4xx_hal_conf.h_save
2026-05-28 20:47:35,770 [INFO] CodeEngine:343 - Generated code: B:\stm32\TIM_PWM\Core\Inc\stm32f4xx_hal_conf.h
2026-05-28 20:47:35,791 [WARN] IPConfigManager:3217 - Warning: the RefConfig PLL2P_FOR_MCO is not available in your config.xml file
2026-05-28 20:47:35,808 [INFO] ApiDbMcu:508 - Load IP Config File for TIM1
2026-05-28 20:47:35,810 [WARN] IPConfigManager:3790 - IP not found : TIM
2026-05-28 20:47:35,811 [WARN] CodeGenerator:4198 - IP not found : null
2026-05-28 20:47:35,818 [INFO] CodeEngine:263 - oldGeneratedFile, B:\stm32\TIM_PWM\Core\Inc\main.h_save
2026-05-28 20:47:35,881 [INFO] CodeEngine:287 - Generated code: B:\stm32\TIM_PWM\Core\Inc\main.h
2026-05-28 20:47:35,887 [INFO] CodeEngine:263 - oldGeneratedFile, B:\stm32\TIM_PWM\Core\Src\main.c_save
2026-05-28 20:47:35,980 [INFO] CodeEngine:287 - Generated code: B:\stm32\TIM_PWM\Core\Src\main.c
2026-05-28 20:47:36,324 [INFO] ProjectBuilder:3324 - Time for Copy HAL[1] : 216mS.
2026-05-28 20:47:36,327 [INFO] ProjectBuilder:4912 - Project Generator version: 4.6.0.1-B1
2026-05-28 20:47:36,388 [INFO] ConfigFileManager:1590 - The Die is : DIE421
2026-05-28 20:47:37,105 [INFO] ProjectBuilder:5191 - Time for Generating toolchain IDE Files: 777mS.
2026-05-28 20:47:37,105 [INFO] ProjectBuilder:3181 - Time for Copy CMSIS : 0mS.
2026-05-28 20:47:37,107 [INFO] ProjectBuilder:3181 - Time for Copy CMSIS : 0mS.
2026-05-28 21:00:01,643 [ERROR] LogOutputStream:75 - [STDERR_REDIRECT] 
